File Name,fc_depth,width
rand_TQV49N3A2S_render_front.jpg,1.0483011397241624,0.03920627642664598
rand_ZOEVWMH5O2_render_front.jpg,0.7886029318969043,0.2
rand_GD110XB5LT_render_front.jpg,1.029650869988041,-0.12931440073244954
rand_PMCAPOL0OB_render_front.jpg,0.9119259327831994,-0.3401369573135366
rand_EVBKR452HC_render_front.jpg,1.1071472617955087,0.2
rand_0AYSPSNK8T_render_front.jpg,1.9635071872415986,-0.45733370622328334
rand_BKHK8VIJR7_render_front.jpg,1.6165402049464883,-0.061376314077871696
rand_52EP4QJLGQ_render_front.jpg,0.4,0.47914244497167746
rand_TQKR1C74JM_render_front.jpg,0.4,0.5855000398334316
rand_1206DKC5IN_render_front.jpg,1.9899363090496356,0.3987920356080803
rand_69DBMTU8C2_render_front.jpg,1.1645325724806335,0.2
rand_R835GNJQCI_render_front.jpg,0.8365724377563963,0.3304998455255529
rand_6B7B88YGRX_render_front.jpg,0.4,0.2
rand_EZCSCXZ0SH_render_front.jpg,0.4,0.6420114094094025
rand_XJYIZ4X244_render_front.jpg,1.160527249200647,0.2
rand_JKZ7E2MJVP_render_front.jpg,0.4,0.12738255530523712
rand_9T8699GGWW_render_front.jpg,0.4,-0.19419057448432142
rand_F9NVBTGP4F_render_front.jpg,0.5639435539702122,-0.29157209024764374
rand_PIFGVDZ8B5_render_front.jpg,0.4,0.6205437168653343
rand_1SG75OZCBS_render_front.jpg,0.995028814942194,-0.07924608880000533
rand_IV1C25S7XT_render_front.jpg,0.4,0.3462294732441735
rand_0AV43GAPCD_render_front.jpg,1.6485054276112179,0.4439688823448107
rand_CHJCPD4KLC_render_front.jpg,0.9491544646717505,0.2
rand_ZM0AKQ9CAS_render_front.jpg,0.4,0.2
rand_3UVF2GI9GN_render_front.jpg,1.4837812795313532,0.2
rand_S70N0AXSLK_render_front.jpg,0.6596644665882103,0.8411896217474863
rand_K0CD0E88BV_render_front.jpg,1.2271165466034837,0.19655078963428174
rand_JYEZHFD29I_render_front.jpg,0.4,0.2
rand_UYECJ7L8GA_render_front.jpg,0.4,-0.49309973588576744
rand_3RCC8J24C4_render_front.jpg,0.8955476356795551,-0.4154695557156648
rand_UZI5FRD92J_render_front.jpg,1.943235913191246,0.2
rand_ZOWCGZ9ZPK_render_front.jpg,0.8448236328658456,-0.3856717874846157
rand_58WJSRF401_render_front.jpg,0.6024729316732094,0.5525889867355793
rand_KLMRNCWKVN_render_front.jpg,1.4679178810219349,0.41849486631486343
rand_CK7OZH7OOQ_render_front.jpg,0.4942682146019543,0.2
rand_9I94R1G06F_render_front.jpg,0.4,0.2
rand_IECJGJPB4D_render_front.jpg,0.9745856497053154,0.2
rand_WFHOTMJGET_render_front.jpg,1.7705327693262545,0.2
rand_73NKBD3N21_render_front.jpg,1.9644830685516415,-0.0885884968592664
rand_YVYNW00CPQ_render_front.jpg,0.35291004606829207,0.7155429447004067
rand_AH13F12A88_render_front.jpg,0.6835431600978873,0.2
rand_MB9637EVHA_render_front.jpg,1.7300258284134515,-0.24355055759440025
rand_HGU8B48VE7_render_front.jpg,1.3475706884549565,0.2
rand_2UKDX2V39O_render_front.jpg,0.47513271089694964,0.2
rand_ISB9WP8J25_render_front.jpg,1.220824315406684,0.2
rand_YQV0N3PWI6_render_front.jpg,1.4313416043654186,0.19888737327097528
rand_OW5XOLKCVK_render_front.jpg,0.4,0.9243023066897467
rand_ISC4I0W5VP_render_front.jpg,0.6893873062329736,0.2
rand_85XMLD2RVG_render_front.jpg,0.7124824973227284,0.2
rand_ZM8OPWXNM2_render_front.jpg,0.49492103226818573,0.2
rand_KN6A3O334C_render_front.jpg,0.5530877931732813,0.2
rand_6VC5BGX4V6_render_front.jpg,0.4,0.8067860105439124
rand_QRHGBRAYQR_render_front.jpg,0.4,0.5475614751058644
rand_I4WP3RT43T_render_front.jpg,0.4,0.6443478600273416
rand_1HVSYIRHH1_render_front.jpg,0.42560536738376303,-0.4423905411711978
rand_1THSQU7ABL_render_front.jpg,0.4,0.8519719877099026
rand_V6JHCV5XCV_render_front.jpg,0.4,0.2
rand_XQK7QLIBGI_render_front.jpg,1.223167630910967,-0.33584212643892064
rand_O5XVBRCKUI_render_front.jpg,0.9208944497498053,0.44718265147432
rand_KB10IUVVJH_render_front.jpg,0.7907401695161662,-0.26770670536353836
rand_ZBIGVLPRC4_render_front.jpg,0.531434097960939,0.2
rand_E4MQ6P9HPF_render_front.jpg,0.7266423758486695,-0.4616500353175123
rand_D4WTYT0XBE_render_front.jpg,1.5166087858870299,0.2
rand_T5VM4IBI2M_render_front.jpg,0.4,0.8222612885369034
rand_W7OC13S2S5_render_front.jpg,0.4,0.39780663133904604
rand_ZLDNCUM0GY_render_front.jpg,0.4438394519788832,0.10959677219242325
rand_ECV0CWKJEM_render_front.jpg,0.5615300004396695,0.2
rand_41BMOKRYWT_render_front.jpg,0.4,0.2
rand_JFN0LLNEY3_render_front.jpg,0.4,0.09325009570887544
rand_PEFC71PQDF_render_front.jpg,1.1911538694779387,-0.33371570839910863
rand_O346LZEE0E_render_front.jpg,0.9321938557060017,0.5246194062375265
rand_JB0REFB0DE_render_front.jpg,0.42686172304323666,0.44083198555588243
rand_OXHN46VBPB_render_front.jpg,0.606667505361534,-0.22013664651829296
rand_NLUVW49PUQ_render_front.jpg,1.2366672046131968,-0.22498699012662887
rand_ISPSSLNNRD_render_front.jpg,0.4,0.2
rand_VJYFGMTH33_render_front.jpg,0.41854215919465104,0.2
rand_B3FZYO072Y_render_front.jpg,1.9482761583608474,0.2
rand_BYI64LYPS0_render_front.jpg,0.8142886629521175,0.2
rand_5Z55YC0I6V_render_front.jpg,0.4,0.2
rand_ITZUYYI7QG_render_front.jpg,0.6860909745512999,0.6707945556883732
rand_JQIDNGB1E9_render_front.jpg,0.4,-0.35827167724941544
rand_3YKPGXYGVG_render_front.jpg,0.4,0.8973375817997313
rand_SV9YG8BNWC_render_front.jpg,1.4816208529678303,0.2
rand_6JE5ISBRWU_render_front.jpg,1.1301536356815234,0.5704778951163532
rand_4ZYTUG9L1M_render_front.jpg,0.4813091235964647,0.2
rand_GYDI06DK68_render_front.jpg,1.341137629217044,0.2
rand_2OPP4EQLWG_render_front.jpg,0.4,-0.4617793411520159
rand_DHE808JYSE_render_front.jpg,0.46910811565650135,0.058370712288162374
rand_79WUAI4ZIH_render_front.jpg,0.4,0.43871805317372514
rand_X982HMOMGH_render_front.jpg,0.4886194601810575,-0.40711049098324836
rand_5OZD6JHWXW_render_front.jpg,1.9376619322429893,-0.4665888761542195
rand_2HW0KFJ49O_render_front.jpg,0.4,0.566458579258516
rand_2U6DO0WOU4_render_front.jpg,0.4,0.2
rand_8ZGJS8A5UB_render_front.jpg,0.4,0.2
rand_QXK06MNX02_render_front.jpg,1.550556228152428,0.2
rand_EDN7RB0B4J_render_front.jpg,0.4,-0.08581622260394084
rand_ZJ77Z136KR_render_front.jpg,0.31171127654063396,0.16545251217795398
rand_2MUE6Q5UAI_render_front.jpg,0.8353595449159719,0.34600536148746075
rand_E9JRUFGYEV_render_front.jpg,0.4,-0.06437839546758845
rand_GHGGX2L06M_render_front.jpg,1.0480764625230374,-0.38042063301930645
rand_6B1DRJ8GPA_render_front.jpg,0.4,0.2
rand_VUXR400V92_render_front.jpg,1.2505118087386966,0.2
rand_CV94M47O2P_render_front.jpg,0.4139789784440592,0.4706515608449535
rand_O94M4HJ817_render_front.jpg,0.6068763385857916,0.2871879046269248
rand_ZX53FLK6UQ_render_front.jpg,1.4145127800402593,0.3357030612705574
rand_96MW02R7UU_render_front.jpg,0.969436304060479,0.2
rand_LZQWL0ML9U_render_front.jpg,0.9684768216409774,-0.1874145068879955
rand_WY85MNRE9X_render_front.jpg,1.6398189724640806,0.2
rand_2OJGLLAH3H_render_front.jpg,0.4,0.2
rand_EAGYAI6YAL_render_front.jpg,0.8427555016642738,-0.1721774971263933
rand_KQEE02PCEL_render_front.jpg,1.1552321137345145,-0.47550555590699933
rand_L36RWH3QCG_render_front.jpg,0.4,0.8522597907503915
rand_AB5C9KLAQ6_render_front.jpg,0.37994768571745074,-0.31346101406366117
rand_7NRL54NIF6_render_front.jpg,0.4,0.2
rand_8GF50XO1HM_render_front.jpg,0.4,0.2
rand_TJN8R2VV4X_render_front.jpg,0.8253720940987523,0.2
rand_JOGMETM9OK_render_front.jpg,0.4,-0.05413734930270442
rand_36BCSWBUBV_render_front.jpg,1.1208342518679484,0.2
rand_SZ6QMGEKYV_render_front.jpg,0.7194756390681709,-0.1883260243229633
rand_HVXRS34MT6_render_front.jpg,0.4,-0.21839583806989732
rand_GMR8CRPOEC_render_front.jpg,0.4,-0.003337167033173216
rand_WJ11B5PGXW_render_front.jpg,1.6278420326144638,-0.41010419049414193
rand_1CC1X5R0NR_render_front.jpg,0.4,-0.036385908672962375
rand_J9N7CAB5DM_render_front.jpg,1.0106689076707769,-0.1679377456444075
rand_OPO3GD1JN3_render_front.jpg,0.948366488818353,-0.25008808439598806
rand_3NO822RZCD_render_front.jpg,1.2070651399477093,0.2
rand_FNMC07NAFS_render_front.jpg,1.9183810998605344,0.2
rand_LW4RSATXG0_render_front.jpg,0.4,0.047062239129705086
rand_ZY50R49CHY_render_front.jpg,0.5413892853673816,0.2
rand_M3ZBRIU5L8_render_front.jpg,1.7343913623922005,0.2
rand_RNH0PRUZNE_render_front.jpg,0.4,0.026427514529057783
rand_T8J0G40LAY_render_front.jpg,0.4,0.5254872150953314
rand_FJJ044I4UG_render_front.jpg,1.4850408749102648,0.0259338314758093
rand_N69W4VNO4G_render_front.jpg,0.4,-0.31436554668964045
rand_4AFVVES4KY_render_front.jpg,1.2340009519537212,0.2
rand_I2MHT3U1PS_render_front.jpg,0.5788948174614308,0.2
rand_TV95FERTAT_render_front.jpg,0.4,0.2
rand_3KT4Q4TMFH_render_front.jpg,1.0915387383850206,0.2
rand_HAI9QZNN6U_render_front.jpg,0.4,-0.26526095322947113
rand_1COM1DGIXJ_render_front.jpg,1.2797874010814392,0.9981896915210868
rand_1P50VW8VUD_render_front.jpg,0.4,0.2
rand_902U5GMH91_render_front.jpg,0.4,-0.18988135894075697
rand_E2Q3XT7NM9_render_front.jpg,1.859942613071892,0.759967963818116
rand_MZT95V5W7F_render_front.jpg,0.4200086379560704,-0.10752394723599962
rand_U9K3DM8V2W_render_front.jpg,1.878254607497292,-0.3245495550573794
rand_X6GP51F55H_render_front.jpg,0.4,0.2
rand_1E7A3XJTG2_render_front.jpg,0.9405270094967635,0.2
rand_SMCPA4NGOY_render_front.jpg,0.576980380637836,0.2
rand_K1U8097PK7_render_front.jpg,0.4,0.2
rand_AFY7VVV2PR_render_front.jpg,0.4,0.2
rand_846JM2H1HP_render_front.jpg,1.9852415014500455,-0.08883710464376149
rand_LUPK8LEMYF_render_front.jpg,0.4,0.2
rand_42Y6B7DAS3_render_front.jpg,1.1732774082669792,0.2
rand_E1909N9EKN_render_front.jpg,0.4,-0.4852968340420698
rand_6F3NYFCPVT_render_front.jpg,0.30801433934863987,-0.24583412434586055
rand_51QQ6LC2BK_render_front.jpg,1.1192263615030118,0.2
rand_7LT3N4STWH_render_front.jpg,1.140952002864036,-0.34424164500851634
rand_YT2P4VY7SQ_render_front.jpg,0.5981151974152238,0.2155766871275644
rand_RTIQNQ91N0_render_front.jpg,0.9897713357065292,0.2
rand_3CBW1KTWDB_render_front.jpg,0.6109870736658314,0.2
rand_SBCHM6VSX6_render_front.jpg,1.2818957893109684,0.2
rand_XZVCQO3WL5_render_front.jpg,0.4,-0.0658924574957172
rand_E7BVFTTCZK_render_front.jpg,1.0075782904667347,0.7497947255777004
rand_6JYRHPOQ1P_render_front.jpg,0.4,0.7237305713517501
rand_0NAH2KPCD4_render_front.jpg,0.7902698867798834,0.2
rand_XZNLVO1PPU_render_front.jpg,0.4,0.2
rand_Z9RAAPU3B8_render_front.jpg,0.4,0.2
rand_4I0IH3RXPU_render_front.jpg,0.8831307271380924,0.2
rand_J4SF1QYK2B_render_front.jpg,0.4,0.7258820273294762
rand_28ILVS1UCT_render_front.jpg,0.9300294221914092,0.09235564925442508
rand_H6UVTHINGY_render_front.jpg,1.5105981335741117,0.7867267176408084
rand_HCM00JKB8I_render_front.jpg,0.8063107277490493,0.3261333930741168
rand_LVUMVHUQFV_render_front.jpg,1.5195719248235404,0.2
rand_RCKDDDSBIA_render_front.jpg,0.4,-0.1525929823109476
rand_7KLCX4UIO8_render_front.jpg,0.8137175020696485,0.2
rand_MQ2TQVL18S_render_front.jpg,0.5681535898268295,0.2
rand_89JV3THM1S_render_front.jpg,1.0717328782790119,-0.20582795484757888
rand_TXBMHC75KZ_render_front.jpg,0.8663251572924648,0.827619661289879
rand_FOE6W9VZP9_render_front.jpg,0.4,-0.16969025318289932
rand_N4ABCA3VMS_render_front.jpg,0.655218778269826,0.2
rand_51FSDDIO6R_render_front.jpg,1.013263174809962,0.7951924676273245
rand_TMNRWEEEG9_render_front.jpg,0.4,0.2
rand_U32UJ1FZ0S_render_front.jpg,0.9030821771542477,0.2
rand_XLOR2W206Y_render_front.jpg,0.4,0.2
rand_0UHRIDT4ZQ_render_front.jpg,1.5720445121350322,0.2
rand_RWAMVKCU5P_render_front.jpg,1.7171626558910136,0.2
rand_EPYQSVB725_render_front.jpg,0.4,0.2
rand_7OLDSV7HYN_render_front.jpg,0.4,0.7607757965003674
rand_1GYOCYM934_render_front.jpg,0.36029655701659613,0.5071778890465848
rand_PZKX5Z4OGX_render_front.jpg,0.4,0.2
rand_QHU4BNJKQR_render_front.jpg,0.4,0.2
rand_R7IRYDV2TX_render_front.jpg,0.4,0.5281204992528248
rand_F3FLO44FAO_render_front.jpg,0.698116370594873,0.2
rand_NF88NT0X4Q_render_front.jpg,0.4,-0.15749518228172543
rand_5KV3GIRI8U_render_front.jpg,0.5526660281836913,0.9545747134811151
rand_OSL0Y5HZHB_render_front.jpg,1.3201787718506435,-0.439131432700892
rand_OAG0YWPIRR_render_front.jpg,1.2012651016926148,0.23912187459099676
rand_1UUSB73N0U_render_front.jpg,0.37766868461880365,0.3670083928617065
rand_KLX8NWAG66_render_front.jpg,0.4,0.2
rand_AD2ISFT4G0_render_front.jpg,0.4,0.5059639580212325
rand_8M04KRM76C_render_front.jpg,0.7263500842065244,0.8795379245575876
rand_E8PFU4F3YJ_render_front.jpg,1.0455848523343496,0.18907601145469433
rand_PPBAEKYOOW_render_front.jpg,0.7865954298867296,0.2
rand_78YYEAKNZV_render_front.jpg,0.9382613038729977,-0.2840627934426547
rand_8H7JUFF0Q1_render_front.jpg,1.7327392223963654,0.2
rand_MZ46LKLTJZ_render_front.jpg,0.38835152309128856,0.8333662925932661
rand_9O55NVP045_render_front.jpg,0.8273436709149702,0.2
rand_E3IN9RH60H_render_front.jpg,0.7504947718626755,0.721863478538554
rand_PPCFT5O9ND_render_front.jpg,0.943962545022011,-0.018429299210436068
rand_CVRAGKZ50Y_render_front.jpg,0.4,0.2
rand_BKHBMTNLXC_render_front.jpg,0.4210155199802955,-0.34160077238637515
rand_YB3GDI85XH_render_front.jpg,1.7711083902902143,-0.08593600584690347
rand_N6KYF3XRRA_render_front.jpg,0.4,0.2
rand_05PQL1BU0S_render_front.jpg,0.32708221001295734,0.28226168214524483
rand_041L4IHB7W_render_front.jpg,0.4,-0.05612718136778283
rand_1PHG1C3H80_render_front.jpg,1.192683850445861,0.2948731629355593
rand_WBRP09LPBL_render_front.jpg,1.0435146964779587,0.4388202764432936
rand_BZ3IIMEXLN_render_front.jpg,0.6379200733703894,0.2
rand_J90W0DVDAS_render_front.jpg,0.4,0.2
rand_NCN3GMEXE2_render_front.jpg,0.7546611851350793,0.0525042444787992
rand_SU86AONQLS_render_front.jpg,0.342106115157522,0.6900961091106579
rand_9C18FMDVMG_render_front.jpg,0.4,0.2
rand_ALJMKS3Y28_render_front.jpg,0.8178673576068585,0.2
rand_450OVO0JJI_render_front.jpg,0.31875862004266525,0.3920224106392529
rand_EW1S5FHQLI_render_front.jpg,0.4,0.9787759243628606
rand_33Z59CIDW6_render_front.jpg,0.5538480640104158,-0.023708716895897097
rand_GKTDGOUG58_render_front.jpg,0.9609355531656376,-0.3953841335774369
rand_GB7PK52GMD_render_front.jpg,0.4,0.2
rand_O7WS5J4C3D_render_front.jpg,0.4,0.998247053003176
rand_YBMTVKYXJF_render_front.jpg,0.3058760151706418,-0.41454659004945665
rand_93JYLV3O9W_render_front.jpg,0.4,0.0015903407654141999
rand_N1X4ELUMGQ_render_front.jpg,1.028035789941558,0.2
rand_22312U97J5_render_front.jpg,0.4,0.2
rand_JIX8HCZY0D_render_front.jpg,0.3895138846076453,0.4712506576674136
rand_DENF0S4CBB_render_front.jpg,1.0358212851586872,0.2
rand_39U6Q9LYMA_render_front.jpg,1.0695980155974896,0.03426998730482833
rand_1LEED0NHXS_render_front.jpg,1.371047119573746,0.8759038901118941
rand_9A9FO1H2NB_render_front.jpg,0.4,0.2
rand_O5UKHAZPWC_render_front.jpg,0.3327535200254916,0.2
rand_E6DNTZ5NMH_render_front.jpg,0.4,0.2
rand_VY9NDF9PFU_render_front.jpg,0.4,0.6590594564304555
rand_T10L5YH84F_render_front.jpg,0.4,0.5270144263159973
rand_TAKL3CGXZZ_render_front.jpg,0.4,0.6009413895995905
rand_W1WSLFT0MD_render_front.jpg,1.1744921491671731,0.2
rand_GKYYHEI9BA_render_front.jpg,1.2386360309497897,0.2
rand_7VKBTKMJN8_render_front.jpg,1.548655438666281,0.3774806617550899
rand_6RH1G90HD5_render_front.jpg,1.2378457254276582,-0.2841833901474106
rand_GUM8AB63QF_render_front.jpg,0.4,0.2
rand_53P7HC6MVN_render_front.jpg,0.3328081357675959,0.5294012264206429
rand_O7X3RYANG5_render_front.jpg,1.6184696555096003,0.2
rand_PJWEGEA5RJ_render_front.jpg,0.4,0.12711942402952636
rand_RB7DIBGYI0_render_front.jpg,1.4850384202491267,0.2
rand_LY3VYIIBR3_render_front.jpg,0.583257670956264,0.2
rand_01H2S9IZZL_render_front.jpg,0.4,0.2
rand_L84HDK6DMZ_render_front.jpg,0.7223876345425715,-0.14006097867191858
rand_S078N1VR8W_render_front.jpg,0.5742589194583452,-0.25711903402414676
rand_CM11FN2AJ2_render_front.jpg,0.9383416223652985,0.7790263226535166
rand_NT5OYM441J_render_front.jpg,0.4,0.2707823976876711
rand_Z4XO5MSQIY_render_front.jpg,0.7715990098930556,0.8664324058060335
rand_6JNB25T8XJ_render_front.jpg,0.4,0.6542144937029395
rand_2UT239WX5N_render_front.jpg,0.339085631947385,0.4924331106822284
rand_3WE35GMQ8C_render_front.jpg,0.4929778999917917,0.3335994168126697
rand_9K5HBK6UIW_render_front.jpg,0.4,0.2
rand_ZH77B4LAMU_render_front.jpg,0.4,0.67671448628044
rand_Y91ONA48P8_render_front.jpg,0.7698893035195812,0.9388961794025175
rand_ID0XXOHG7D_render_front.jpg,0.8675699166963176,0.06069601777458766
rand_Q99BRRKFXJ_render_front.jpg,0.8853149166264211,-0.45168931421961145
rand_9Z6HE8U6RS_render_front.jpg,0.4,0.5086846409690353
rand_OOALD0OKL4_render_front.jpg,1.3081373561939258,0.2
rand_2CPOAS66P8_render_front.jpg,0.497637517188425,0.2
rand_P5PIEG41TB_render_front.jpg,0.5193941474151926,-0.06285445008138807
rand_DT6XXWAUF3_render_front.jpg,0.4,0.24873949906527648
rand_99YLZZGB6N_render_front.jpg,0.4,0.36972744906436406
rand_DRX77EXMI4_render_front.jpg,0.4,-0.425600250194487
rand_MQ98VUSXFN_render_front.jpg,1.2588299431432952,0.2
rand_WTGHP0HZE2_render_front.jpg,0.6203935150644277,0.8135441350932202
rand_NT7MEYKOCC_render_front.jpg,0.4,0.7537565951358944
rand_I5UX4H8150_render_front.jpg,0.4,0.5314374720706398
rand_FUAMIAF728_render_front.jpg,0.5200754076162829,0.3150733690922576
rand_Y0RS6J4L8O_render_front.jpg,0.4,0.2
rand_5WBTCQYR2B_render_front.jpg,1.2216150688214453,0.2
rand_L34KBZQR8B_render_front.jpg,0.7691990358628515,0.2
rand_313PNLEFQR_render_front.jpg,0.7831157933138098,-0.1753504243085311
rand_GZZRKWWASM_render_front.jpg,0.9478875336116366,0.7419828481154793
rand_BTE7X9ZOI0_render_front.jpg,0.4,0.2
rand_4GVTK1KMWR_render_front.jpg,0.8178378708593181,0.26346635941948426
rand_5FCSGI0MRC_render_front.jpg,0.6922618795856624,-0.2488854995445195
rand_NLXP5CH6NT_render_front.jpg,1.735672058330259,0.9731136463319761
rand_LV0TI6V5J8_render_front.jpg,0.4,-0.19374902488102802
rand_OB7Z78HDIP_render_front.jpg,0.4,0.534735561339887
rand_Y5F5HU29JL_render_front.jpg,0.4,0.2
rand_JDHD83Q2EH_render_front.jpg,0.8716474783554087,0.27187167033245474
rand_0BYYF4ET0T_render_front.jpg,0.8251186900790504,0.2
rand_NARZHAX4TP_render_front.jpg,1.344562335742333,0.2
rand_AA9IEK2P7C_render_front.jpg,0.7601347191771496,0.2
rand_GTCL0QBEIE_render_front.jpg,0.456999645499804,0.1110713698586081
rand_NA2XBDLOMH_render_front.jpg,0.4,-0.4816180640472151
rand_J40ZV8I9I5_render_front.jpg,0.961748715168151,-0.00614111481057672
rand_EXAX34UPJD_render_front.jpg,0.4,0.8488627314717321
rand_NUUNO4436N_render_front.jpg,0.32385224122211204,0.2
rand_QS1KYPU2QF_render_front.jpg,0.3216526111583406,0.7287859046517937
rand_SMIW5QDZM2_render_front.jpg,1.8836163998102078,-0.2134859735807973
rand_SU6RS4SG05_render_front.jpg,0.4,0.5667350187451672
rand_XCP2VUL5B1_render_front.jpg,0.4,0.3794390375118062
rand_44QS1HSR6P_render_front.jpg,0.34082134036414763,0.41385059028642535
rand_WR2637ALGV_render_front.jpg,0.4,0.2
rand_CSGYF4OHTO_render_front.jpg,1.5496701332294656,0.2
rand_R7UK7GG1XX_render_front.jpg,0.48854839453838184,0.08406317940819408
rand_IP0BPTSBD0_render_front.jpg,0.4,-0.3043076135353777
rand_UX1BEVCGVJ_render_front.jpg,0.4,0.2
rand_K174Z812FG_render_front.jpg,1.200027249697402,0.2
rand_IAHFR1GLSR_render_front.jpg,0.4,0.5372961824077704
rand_ROWEN444CD_render_front.jpg,1.2126372458168644,0.2
rand_BXTLGG72GD_render_front.jpg,0.4,0.7845478779360548
rand_C83HSRWIWT_render_front.jpg,0.4,0.2
rand_1FN3SRD0XR_render_front.jpg,0.4,0.2
rand_Q2OSNVNY3D_render_front.jpg,1.579631924166484,-0.1758841413266552
rand_BTIJ463VC9_render_front.jpg,1.1459201033740216,0.2
rand_36T7IK65B4_render_front.jpg,0.6241935777398215,0.2
rand_DGG86GBUL7_render_front.jpg,0.4,-0.4104464996187032
rand_7Q1IIBDMHG_render_front.jpg,1.0703086303583984,0.23805065138625348
rand_K27GURF2C8_render_front.jpg,0.8960778491700536,0.8261867719329903
rand_H6DS4H6STM_render_front.jpg,1.6538755815143273,0.2
rand_YONPWN0SZ8_render_front.jpg,0.902669528284056,0.25369984846044935
rand_QCGA98KNBR_render_front.jpg,1.933617812073422,0.2
rand_MRAL3BPVRZ_render_front.jpg,1.2429544584078749,0.377546016996527
rand_J9FTXC1V8L_render_front.jpg,0.5014208007376595,0.09215147717324124
rand_L17SBPM7JX_render_front.jpg,1.9990608561871093,0.27195397718841585
rand_N23MI6HUHB_render_front.jpg,0.4,0.42504300749859514
rand_KC07B3PWZX_render_front.jpg,0.4,0.2
rand_G2JJHLY6PO_render_front.jpg,0.8741854113632592,0.11654621765790918
rand_5ZYYBY9ZIA_render_front.jpg,0.4,0.8429110927248189
rand_XHTFNAR3MA_render_front.jpg,0.6460278600886527,0.2
rand_XN6WC70YOA_render_front.jpg,0.4,0.47890912292915866
rand_XLXIBLW5GF_render_front.jpg,0.31202540496769143,-0.25799960287980195
rand_A9B1Y2PB58_render_front.jpg,0.5044304124809509,0.2
rand_B73SRBUL8I_render_front.jpg,0.4,-0.2111223985098672
rand_GG0PIQZXP9_render_front.jpg,1.8582065700602994,0.5897028329017808
rand_HXRQ5GP3VV_render_front.jpg,0.4,-0.14127805189745596
rand_CK0TK3OC8C_render_front.jpg,0.4,0.6188813094712813
rand_DCCEXATI2I_render_front.jpg,0.6975042109156573,-0.27659617760184296
rand_T61RUMQLV5_render_front.jpg,0.5709696530155386,0.2
rand_0HO5R8VDXW_render_front.jpg,1.7239536171988477,-0.1538283518075167
rand_1ETXMH92AU_render_front.jpg,1.351372805239455,0.8073106392892864
rand_V13E33KUFF_render_front.jpg,1.561182224062941,0.028572046214550895
rand_XJLWRQ5X6J_render_front.jpg,0.8413692505329151,-0.3159402709581007
rand_HJCMK9J9YB_render_front.jpg,0.4,0.9337627438149467
rand_AVQH7YTC6B_render_front.jpg,0.678891120569926,-0.45847451445258547
rand_9RNJF7KZL4_render_front.jpg,1.7877500114861915,-0.15261040925965236
rand_UVJYQ6V7YX_render_front.jpg,1.3961819352365883,0.2
rand_NRFU803UGF_render_front.jpg,0.4,-0.3940731207127322
rand_17N0KQPJOU_render_front.jpg,0.4,0.2
rand_S160X7ARJW_render_front.jpg,0.8629239910999598,0.1253447554902387
rand_RBPOUG210R_render_front.jpg,0.4,0.5666426490046899
rand_HN44TH9OB2_render_front.jpg,0.6561837736440701,0.2
rand_IBL2Q0HKO5_render_front.jpg,0.6982001754543607,0.2
rand_LUNFO4SGVD_render_front.jpg,0.4,0.2
rand_4TZER6QIQE_render_front.jpg,0.4,0.2
rand_OZGAJZ2SRB_render_front.jpg,0.5136712691668625,0.6246840025986842
rand_2AIUX71P0X_render_front.jpg,0.7253259501015366,0.037204986785984495
rand_C9UX1TVDVP_render_front.jpg,0.4,0.2
rand_401VZK3IHN_render_front.jpg,0.7319956525355078,0.2
rand_AH6RFCXBRK_render_front.jpg,0.4,0.5083554414350342
rand_JLAJEHZC1L_render_front.jpg,0.8756956555864064,-0.24110440749565848
rand_DGF0JIBANG_render_front.jpg,0.6504874879631559,-0.0895520711878563
rand_4ZM6Q1MTTJ_render_front.jpg,0.4,0.22385634422424283
rand_0BD28UCVO8_render_front.jpg,0.4,0.2
rand_GASYWQB78F_render_front.jpg,0.4,0.2
rand_GMRJ0CSE2Z_render_front.jpg,0.4,0.0768595885609229
rand_FGJY3TQKB2_render_front.jpg,0.4,-0.17436483220934196
rand_0BWTXEFOYX_render_front.jpg,0.9455714126596586,0.2
rand_31ASAOF21E_render_front.jpg,0.4,0.2
rand_L4CC81U0AO_render_front.jpg,0.4,0.2
rand_G34R8R2LK5_render_front.jpg,0.8392432277665034,0.2
rand_6587906WEZ_render_front.jpg,0.8792211485975838,0.6510984756348859
rand_CQUKOZPFRX_render_front.jpg,0.7462243767555248,0.5708675582056113
rand_NMFD5XVAJ9_render_front.jpg,0.951511746681831,-0.2614758565890723
rand_BEGJ9Q4BQZ_render_front.jpg,0.7834102861052441,0.2
rand_LMDKJM2PIA_render_front.jpg,0.6853268904025985,0.1250517049792177
rand_01D103W0ZJ_render_front.jpg,0.31643147441453046,0.2
rand_G42DMPJTRJ_render_front.jpg,1.8111049419020129,0.46069117706736995
rand_S0HNQS40QX_render_front.jpg,0.4,-0.44185876529710555
rand_LV17T8S2DH_render_front.jpg,1.9910027145610194,0.6859785064402859
rand_O8U288ZDLZ_render_front.jpg,0.4,-0.3140577297644024
rand_7ETXF2GBVU_render_front.jpg,0.30088723552429,0.24014427340982625
rand_E03VAZAQ08_render_front.jpg,0.4,0.2
rand_3W5E12SALN_render_front.jpg,0.9503444125840879,0.3408733666774876
rand_NZOD2LKCYO_render_front.jpg,1.7136900399928907,0.18882612951413547
rand_IZEZT0UN24_render_front.jpg,0.4,0.36618019212230546
rand_U9VRWX4ZAW_render_front.jpg,1.0168307858168615,0.2
rand_S93VPHN848_render_front.jpg,0.6494280129308668,0.2
rand_J1VCZTKDYF_render_front.jpg,0.6179232512871189,0.595543542313282
rand_T0JTILYLYH_render_front.jpg,0.8746472025925986,0.2
rand_894APZALBM_render_front.jpg,0.4,0.0004277744390179805
rand_6J1WSYQNMD_render_front.jpg,1.343956169743047,0.2
rand_8OMBHBM8MQ_render_front.jpg,0.42608205945325495,0.14973668846861532
rand_JTT4AB364V_render_front.jpg,1.8797907269991503,0.9372818383510129
rand_U19OSGMPS0_render_front.jpg,0.776127984359462,0.5329277079936543
rand_5UH4081937_render_front.jpg,0.70433973796288,0.2
rand_HL0LIXYI7R_render_front.jpg,0.5694602452941475,0.2
rand_CATT0NMT59_render_front.jpg,1.4373339420968556,0.6575358935049085
rand_XUQZABOU2G_render_front.jpg,1.9970039152128802,0.2
rand_D7X0X7F0F2_render_front.jpg,0.8313820998085051,0.2
rand_0WZDTSY8BE_render_front.jpg,0.4,0.5046543019970784
rand_HPTXVNPQIL_render_front.jpg,0.35192356512084266,0.2
rand_LN1VVMMCK3_render_front.jpg,0.4,0.2
rand_WUCGU5J01Y_render_front.jpg,0.4,0.2
rand_2LHZPWI6HZ_render_front.jpg,0.4,0.2
rand_U6KNOVG9KM_render_front.jpg,1.6373028034743702,0.2
rand_TRHYZMFOPG_render_front.jpg,0.7698875427723468,0.2
rand_206YYQFZ5U_render_front.jpg,0.7538552749115093,-0.2932421557129379
rand_JGUQXXMDLU_render_front.jpg,0.4,0.2
rand_Z907S5LP7Z_render_front.jpg,0.4,0.26068642956903887
rand_NAMI2BXXHH_render_front.jpg,0.6047038106311491,0.5773098991857317
rand_62K92YWQU3_render_front.jpg,0.4,0.2
rand_ZBEC2OCCVI_render_front.jpg,1.738395048376283,0.2
rand_IDWC22OIX7_render_front.jpg,1.1879495704295937,0.2
rand_354SATQSWX_render_front.jpg,0.4,0.2
rand_I0D6Z1OLKC_render_front.jpg,0.9226170515474703,0.2
rand_M4Z0YOEJ6V_render_front.jpg,0.6634467427298064,-0.26869514354753266
rand_BZ65VVMHRT_render_front.jpg,0.8738708559167665,0.056870187166879416
rand_H2EEG8H3GC_render_front.jpg,0.4,0.9703983668202822
rand_SYFAOQLWSH_render_front.jpg,0.4,0.628690821980471
rand_QWFY8WQ25A_render_front.jpg,0.4,0.5210077125855839
rand_NXCSGS82Z6_render_front.jpg,0.4,-0.1101916203948472
rand_HE4SKR4GU5_render_front.jpg,1.503720475625993,0.6657566820829459
rand_I0MRBKY8SC_render_front.jpg,0.4,0.9860645326983613
rand_GWV5W2CYCI_render_front.jpg,0.4,0.4034619605464097
rand_IGGPXM249O_render_front.jpg,1.2308700198732871,0.9735056252949863
rand_J20TL21681_render_front.jpg,0.4,-0.07867000724122236
rand_GMPZWOKTDT_render_front.jpg,1.3970729218239875,0.6879290426778009
rand_NR6HGWAKV1_render_front.jpg,0.8996137835087654,-0.08754855733745587
rand_3QKF33NDPW_render_front.jpg,1.5381143424965702,0.2
rand_0XDHDEPZ7Y_render_front.jpg,0.999384097503881,0.3606546805366726
rand_GFPWR47HS4_render_front.jpg,0.42515950787007806,0.7968131249164054
rand_A9ENE65UKC_render_front.jpg,1.2440254190660425,0.2
rand_AF56OFCL9K_render_front.jpg,0.6312304744620079,0.43634415657901837
rand_7II4SVEFJS_render_front.jpg,0.9063849404509283,0.2
rand_YLFH5J4WH5_render_front.jpg,0.9328867724754613,0.2
rand_D1W6OJXJ6O_render_front.jpg,0.4,0.2
rand_R0VM0ZOVG9_render_front.jpg,0.4,0.16097244217137985
rand_G81XBN148A_render_front.jpg,0.4,0.7636391227881392
rand_5NIK3GYJVL_render_front.jpg,0.30869335046127144,0.9067120114689944
rand_SCOD6CMAG8_render_front.jpg,1.1139304674654436,0.2
rand_JU07ILEDQK_render_front.jpg,0.5348868176389787,0.2
rand_X9SNDZXUHB_render_front.jpg,0.4,0.2
rand_5EW92XF18A_render_front.jpg,1.3135254185028693,0.4794667544625927
rand_ISTHXBOMVY_render_front.jpg,1.955394863852117,0.6635977376685223
rand_QPUSBQUQ69_render_front.jpg,0.4,0.2
rand_T9O1Y90I58_render_front.jpg,0.4,0.2
rand_AHIIOID70L_render_front.jpg,0.3635940126779675,-0.08877660147688576
rand_QKWK6K778V_render_front.jpg,1.0971474640313923,-0.2951869234756802
rand_1TF1L7S7X0_render_front.jpg,0.5365867095689772,0.8132845595321752
rand_PEZGWPJ8VV_render_front.jpg,0.4,0.2
rand_YNFUBTN2LK_render_front.jpg,0.4694484985242599,0.2
rand_PPV2PFREHR_render_front.jpg,0.4,0.2
rand_XAWFU3IYMX_render_front.jpg,1.9058499660074641,0.8662969407565084
rand_S9813Y4P5C_render_front.jpg,0.4,0.2
rand_BAL2KO4Q62_render_front.jpg,0.4,0.309998110583242
rand_XSG3PZPHCM_render_front.jpg,0.5512593071965933,0.2
rand_FGYACTY8LZ_render_front.jpg,0.4742503571919672,0.2
rand_J13NZS2B2X_render_front.jpg,1.5222657495026302,0.7684048278531057
rand_TDSC62TYE3_render_front.jpg,0.4,-0.056646442531468444
rand_0883WEOFDQ_render_front.jpg,0.7165468441870414,0.2
rand_1XMAKOTWNU_render_front.jpg,0.4,0.4356251947874056
rand_5QCO9OETP2_render_front.jpg,1.9307531312518906,-0.3469228387302194
rand_II3XMGEYXT_render_front.jpg,1.998421824340601,-0.326560547696512
rand_GMCE42P6R5_render_front.jpg,0.3829734196239125,0.2
rand_RFMX0TFWKL_render_front.jpg,1.5567681679805545,0.3546812923837612
rand_EXZ643SOW9_render_front.jpg,0.4,0.08798832818355484
rand_9AAYIPZVJW_render_front.jpg,0.6620969117570727,0.42394594759071613
rand_LPU6VCOFA0_render_front.jpg,0.4,0.030840768907751226
rand_W1JYZH1SOR_render_front.jpg,0.4,0.2
rand_O65KWA3LVQ_render_front.jpg,1.7912436869732096,0.2
rand_DXJS62ROX5_render_front.jpg,0.4,0.8501000148635505
rand_XDKRLUC95Z_render_front.jpg,0.4,0.2
rand_XKWOLUKU3C_render_front.jpg,0.7394163995280836,0.2
rand_WU5VEOUUZS_render_front.jpg,1.9142132424081097,0.3273063692158926
rand_QZJ77SMFPF_render_front.jpg,1.277517038496291,0.627004330386141
rand_JCV4X33WA8_render_front.jpg,0.4,0.760217547631344
rand_PCRRP8295G_render_front.jpg,0.579386368851164,0.2
rand_W1URZWW7RP_render_front.jpg,1.6598705034527161,0.2595665386702153
rand_TD1NMQCD1K_render_front.jpg,0.4,0.2
rand_6F8HMQH5XO_render_front.jpg,0.4,0.2
rand_JNYTHELH0S_render_front.jpg,0.4124683479604668,0.7192445067401676
rand_HYKYHF8PEU_render_front.jpg,0.8077352712353363,-0.3789131737997286
rand_G4MT4KN9L7_render_front.jpg,0.4,0.2
rand_RZCZE6LM0B_render_front.jpg,0.5673321846605568,0.2
rand_WHEBY3SFYC_render_front.jpg,0.4,-0.050990019248374985
rand_8B3H7HM0DY_render_front.jpg,0.7291263453042034,0.43655663673684486
rand_OVIEZ1TT8U_render_front.jpg,0.7472124049497717,0.2
rand_O9CFND1HPU_render_front.jpg,0.4,0.7859162374248094
rand_2HDUVYCBRB_render_front.jpg,0.4,-0.02573339881772091
rand_Q6I0XL21I7_render_front.jpg,0.4,-0.28360794134020545
rand_C8RG7LHZ5S_render_front.jpg,0.4,0.2
rand_LJTWGU3IA3_render_front.jpg,0.8707846572801605,0.7806193205914909
rand_TD68JI8XU6_render_front.jpg,0.6509678268668706,-0.05818317234580994
rand_IDQGNOUSIC_render_front.jpg,0.4,0.37526841086907137
rand_80AH2FZ55X_render_front.jpg,1.6684443096748582,0.2
rand_J3UN8E8Z0X_render_front.jpg,0.4,0.03457565383339167
rand_42FDHOLBX3_render_front.jpg,1.1985396286475598,-0.09384668970492971
rand_PQ561JBTYQ_render_front.jpg,0.9817572642088348,0.41984162982747697
rand_Y3Z5L4IBNC_render_front.jpg,0.4,-0.16929658977290424
rand_WZJ6AQW28C_render_front.jpg,0.4,0.8408837863120908
rand_JPSXUI4QIA_render_front.jpg,0.6123142553678401,0.2
rand_YOZF701IR0_render_front.jpg,0.694101907216452,-0.23267793899663036
rand_LZ0Y15ZBG7_render_front.jpg,0.7376573135295879,-0.17622773897369354
rand_7GILJDQPYH_render_front.jpg,0.5631974672038049,0.2
rand_T9TLANV5I3_render_front.jpg,1.8936317495312454,0.9567668274086132
rand_YMI7RNKOGI_render_front.jpg,0.4,0.3517628187595929
rand_7ZC6DU3LEU_render_front.jpg,0.4,0.7194774580520118
rand_MMFO81PM23_render_front.jpg,1.3115494114623507,0.2
rand_3CXADRGDB4_render_front.jpg,0.4,0.2
rand_81ZKIROZSK_render_front.jpg,0.4,0.6526387602499502
rand_3WLVMHEZTC_render_front.jpg,0.4,0.5441439956141549
rand_IC0B0JLZ4K_render_front.jpg,0.4,0.2
rand_N7G4ECZJ7Y_render_front.jpg,0.8261944426593195,0.2
rand_162IYSX008_render_front.jpg,0.6051020265370723,0.17035265480584072
rand_94CLJ0V41M_render_front.jpg,0.8397764592053389,0.2
rand_SU2I8HTCI3_render_front.jpg,0.4,0.2
rand_HIB1L3V39L_render_front.jpg,0.4,0.4989908252141132
rand_ATDY3AJN0Q_render_front.jpg,1.1553256133421712,-0.16148173743091215
rand_MV1V95QMTO_render_front.jpg,0.4,0.9480003114299813
rand_UG3Q06SOYP_render_front.jpg,0.9357718791207021,0.09235988695750907
rand_TRUD819TCZ_render_front.jpg,1.4831663810203788,0.2
rand_U298KN6KXS_render_front.jpg,0.6197480134382738,0.1576048688414292
rand_ECW9R9XDRA_render_front.jpg,1.8409433755342521,0.05506751193456605
rand_JZBOIYVJG5_render_front.jpg,0.4,0.2
rand_F31L27S5YD_render_front.jpg,0.4,0.2
rand_0AAY3NQH8J_render_front.jpg,1.7466222013343475,0.6033688208192021
rand_TYRWE94TMW_render_front.jpg,0.8771892794959928,-0.40851581952259414
rand_ALE6R7AQQP_render_front.jpg,0.4,-0.4013567814209768
rand_HLUMQM1DHX_render_front.jpg,0.4,0.2986929694416458
rand_JWVF79AT32_render_front.jpg,0.9826913592418309,0.2
rand_AF2G5C1G33_render_front.jpg,0.8273603653820285,0.9314991305724192
rand_FHCEP1UNTX_render_front.jpg,0.9461456394306968,0.2
rand_9Q9DWBMMH8_render_front.jpg,1.5492619708658208,0.2
rand_4PE0Z04VI3_render_front.jpg,1.4008820432763798,0.2
rand_7S4K67RQ8D_render_front.jpg,0.4,0.2
rand_XNYCF0733R_render_front.jpg,0.9935718212889157,0.44425743141772744
rand_A7CROF39O6_render_front.jpg,0.4,0.2
rand_ZR0JFSSH8Y_render_front.jpg,1.680980976351941,0.2
rand_QYEWOXQC3J_render_front.jpg,0.4,0.2
rand_4KUYS1XZYZ_render_front.jpg,0.4,0.4375086407661022
rand_8VR7G0HXBX_render_front.jpg,0.89311278324813,0.7353543668032143
rand_P8SP2CGZXH_render_front.jpg,0.4,0.9111371358993026
rand_87DV58AMI0_render_front.jpg,0.4,0.2
rand_DSFACBRTWX_render_front.jpg,1.967405816807201,0.6954480983869062
rand_MR2XWLUDEE_render_front.jpg,0.4,0.2
rand_CL48THYSPN_render_front.jpg,0.4,0.8324834423662846
rand_0GV8HQME58_render_front.jpg,1.6753400689947213,0.9515532081778768
rand_493ROAS33C_render_front.jpg,1.4533973720408548,0.2
rand_9V6WTGC8AH_render_front.jpg,0.4,0.12643626558432297
rand_XC86EUUGM9_render_front.jpg,0.4,0.2
rand_JSNLZVWQ1J_render_front.jpg,0.9046747387319962,0.2
rand_DUW2J090XD_render_front.jpg,1.366566718339465,0.7349416863516292
rand_AI8KXDS7ZK_render_front.jpg,1.6552114011739205,0.2
rand_D5XHCJAPE0_render_front.jpg,0.6385546815905723,-0.038511759265021595
rand_MGWMTCT1TM_render_front.jpg,0.9868130984674621,-0.21790860368123421
rand_HQRZUEBI5Q_render_front.jpg,1.2917974732569606,-0.18610151752620896
rand_FZUPF53INA_render_front.jpg,1.0687005624433228,0.2
rand_3Y8OTNYDDG_render_front.jpg,0.4,0.8701847654956691
rand_FQ4YBTS7YN_render_front.jpg,0.4,0.2
rand_LUN3321IWI_render_front.jpg,0.4,0.2
rand_QRB4W9YYSM_render_front.jpg,0.6761448976364632,0.47114690936120773
rand_YEYJ6WPIDY_render_front.jpg,0.39837517942328665,-0.16821724661237897
rand_DIJ9HE6OZD_render_front.jpg,0.8990637207193644,-0.043315390287429645
rand_5XQU9ZV1A0_render_front.jpg,0.5292400828072109,0.2
rand_4104BNJZ5O_render_front.jpg,1.3300877963381725,-0.20871055684204814
rand_TIUN0O423Q_render_front.jpg,0.7110706813502039,0.2
rand_M5TFE66GBD_render_front.jpg,0.4,-0.2535318412722304
rand_F2VNY2F9YH_render_front.jpg,0.7157853084201398,0.5406852828979509
rand_JQ53V4RI97_render_front.jpg,0.34511652333158527,0.6062752532175899
rand_9HPURHGZX6_render_front.jpg,0.6166913060164745,0.2
rand_EDMFSA9KJG_render_front.jpg,0.4,-0.02165273979066973
rand_FDGLFR8PDI_render_front.jpg,1.2005208009033104,0.2
rand_6V04J0GEO6_render_front.jpg,0.4,0.17445472509143856
rand_4TVSB2HNTB_render_front.jpg,0.4,0.6244972240180171
rand_RZD29IL4DI_render_front.jpg,0.7612558158113255,0.7094795443657995
rand_DNT98Q9E78_render_front.jpg,0.4,0.2
rand_YZ9BSO5JWH_render_front.jpg,0.4761495207912929,0.2843261607992231
rand_PUTXN18JDR_render_front.jpg,1.1701129058742246,0.13848008203121576
rand_53B21RG76E_render_front.jpg,0.4,0.7936874491100332
rand_M3LLV2MLA5_render_front.jpg,1.8435865618313036,0.8201839993371312
rand_1ZTLDGVYXC_render_front.jpg,0.4,0.13639572253012644
rand_PEOFLWOS24_render_front.jpg,0.4,0.015586084220654328
rand_S2UMO7XNI8_render_front.jpg,0.4,0.018120436393652573
rand_V9VMSYNKZD_render_front.jpg,1.663683425965443,0.22419135335553708
rand_WQVMX47RQC_render_front.jpg,1.2085905490089035,0.2
rand_3O6NDT95XY_render_front.jpg,0.4,0.2
rand_AG06C952DB_render_front.jpg,0.4,0.2
rand_6D06T3MPMK_render_front.jpg,0.8881166988463496,0.2
rand_X31L4ZC193_render_front.jpg,1.1729211646546314,0.2
rand_XP2YEIKZMI_render_front.jpg,1.835958859089585,0.5523877282315859
rand_TV519CR311_render_front.jpg,1.9634693982751525,0.2
rand_1YOLRT1MYV_render_front.jpg,0.35551271431442244,-0.4192988454950058
rand_V1D72B95EF_render_front.jpg,0.4,0.2
rand_97LSHDK6TA_render_front.jpg,1.0535858155451499,0.2
rand_1EK588H239_render_front.jpg,0.4,0.2
rand_UDXAH0PZDZ_render_front.jpg,1.149743245429225,0.08873066518804695
rand_TLGFNH1CY9_render_front.jpg,1.9286803135800834,0.2
rand_7XFC92AY9S_render_front.jpg,0.4,0.3662762996256579
rand_H6FL9K6JIU_render_front.jpg,0.3534895092716229,-0.3389497977587162
rand_GXVI25VPP5_render_front.jpg,0.4,0.8207950150240786
rand_IJBCV1642B_render_front.jpg,1.1185271195425992,0.4981807085402973
rand_C0JK6QPG0S_render_front.jpg,0.8707681621432783,0.5180118677332011
rand_XES1EQZZGQ_render_front.jpg,0.6087812568048664,-0.3074626698012647
rand_ILH60TSI2P_render_front.jpg,0.4,0.5755672821968665
rand_257XLAF482_render_front.jpg,1.322434515778839,0.8289788162207476
rand_R0UU9XH86D_render_front.jpg,0.4,-0.12400156256101569
rand_HGLXJ7A92B_render_front.jpg,0.4,0.9106109171787857
rand_DAAS6N2ARY_render_front.jpg,0.7435157501448333,0.9108710430271256
rand_UAZ7T7QDRJ_render_front.jpg,0.4,-0.3218061967952118
rand_1Q0WT40K2N_render_front.jpg,0.4,0.2
rand_QBYVOYYI5P_render_front.jpg,0.3212320697618791,0.2
rand_GDPSSFK1BK_render_front.jpg,1.7392406406261058,0.2
rand_0YTZ5X828N_render_front.jpg,0.4,0.1779457215712057
rand_Z5G1ASNTG7_render_front.jpg,0.4,0.2
rand_T37ZTBXH7O_render_front.jpg,0.4,0.2
rand_166TVX8TI3_render_front.jpg,0.4,0.8161060644193561
rand_LRKYI0CU53_render_front.jpg,0.4,-0.0577406296069754
rand_HRCH9MPCH9_render_front.jpg,0.4,-0.4824863063794799
rand_6TPO2AM9GV_render_front.jpg,0.4,0.2
rand_ICHYYFDV1T_render_front.jpg,1.111998343669054,-0.4730413968108737
rand_1DGYFK46D0_render_front.jpg,0.6668834200549012,0.27130617904439813
rand_84UVQAMR86_render_front.jpg,0.4,-0.4215592054216651
rand_Q9Q2RC3RZ8_render_front.jpg,0.5003050845493686,0.2
rand_HX2T6UMMBL_render_front.jpg,0.4499656499426148,0.7629660630563397
rand_9ASV2R4AWZ_render_front.jpg,1.72925202472796,-0.20491246088554643
rand_8KO96XO6CJ_render_front.jpg,1.2348183390177565,0.790779503411251
rand_NWBBQIYJTN_render_front.jpg,0.4788696654136241,0.2
rand_M0CW00XREW_render_front.jpg,0.8406269156180914,0.5465271607154665
rand_5T77T1W1EU_render_front.jpg,0.4,-0.2729346239660195
rand_4NB51KJC65_render_front.jpg,1.130339336838304,0.2
rand_OJJGOXYLQG_render_front.jpg,0.39396485395607106,0.2
rand_69JHJM5C7S_render_front.jpg,1.002749734646245,0.2
rand_E06Y4GNA57_render_front.jpg,1.7848159288680872,0.2
rand_V8KRLX3LHM_render_front.jpg,1.9971133243440107,0.8968240975119035
rand_YH9SS7PHKG_render_front.jpg,0.353869027712789,0.2
rand_TZCQIGTBOA_render_front.jpg,1.1828300102546607,0.2
rand_64QPJLJG5I_render_front.jpg,0.4,0.2
rand_YE0YCAJ8U0_render_front.jpg,1.4017782862917008,0.30931064035757094
rand_G6TWKOWXMS_render_front.jpg,1.8393627415535128,0.2
rand_5UC1FL5O72_render_front.jpg,1.665688527987251,0.2
rand_NRCVN5RCW9_render_front.jpg,1.4120420572692485,0.8377435648821352
rand_CEG56A2HXW_render_front.jpg,0.6670069521885424,0.48241383982536346
rand_9DMBA89C7Q_render_front.jpg,0.4,0.2
rand_LPW1RCN36S_render_front.jpg,1.366607894735414,0.2
rand_HA2JMMN6Q5_render_front.jpg,0.46870478254148396,0.2
rand_K0YROUA3OG_render_front.jpg,1.2376240183930811,0.16860566835102953
rand_Y92L7L8B2Y_render_front.jpg,1.4639563470957593,-0.027496821372390123
rand_X562PZRL91_render_front.jpg,0.3099198706300672,0.2
rand_CLXA2WJ36U_render_front.jpg,0.6697042161953843,0.2
rand_LLBN5F1BPY_render_front.jpg,1.439215795660275,0.2
rand_G7D3Q1L1U6_render_front.jpg,0.936157062798898,-0.2009199992650803
rand_ZYX6KN8Q61_render_front.jpg,1.297971172977429,-0.46570251460036405
rand_AD2VCJOCXW_render_front.jpg,0.4,-0.07022961106901232
rand_B13NECQ3LD_render_front.jpg,0.4,0.2
rand_6KSXO4M8YG_render_front.jpg,0.4,0.2
rand_LS5RG1CRMD_render_front.jpg,1.3291753477336024,-0.10273516513067649
rand_D8MV10OIPE_render_front.jpg,0.4,0.977998817772378
rand_Z3C3IJ93TK_render_front.jpg,1.439786216803596,0.2
rand_T2HNG98K7L_render_front.jpg,0.6771441566084316,-0.2004599034050995
rand_HMMLDPDDF4_render_front.jpg,0.9386018451147042,0.2
rand_AUBL9BNUUC_render_front.jpg,1.0843990993335646,-0.3918931828017345
rand_586OGR0NPP_render_front.jpg,0.4,0.2
rand_KL6AEF7OTI_render_front.jpg,0.8915119866991117,0.06777639387345635
rand_VKN5GACIFI_render_front.jpg,1.4346293380617856,-0.025132988241264642
rand_L3T22GAUI8_render_front.jpg,0.4,0.2
rand_XGMLEON1JQ_render_front.jpg,0.4739174144927173,-0.47371188973532186
rand_OYDWHJK5JG_render_front.jpg,0.4,0.9487620607761758
rand_HDDTX5BK74_render_front.jpg,1.0994123120813937,0.6959931790985241
rand_9K6DRMVN0F_render_front.jpg,0.4,0.05575115719317725
rand_1XH5WVWCAY_render_front.jpg,0.9038224937730994,0.2
rand_SJWELLXSHB_render_front.jpg,0.4,0.6687012789626596
rand_LYE9X39EEN_render_front.jpg,0.6102819934748362,0.3050099726419133
rand_YC1B8YL83A_render_front.jpg,0.6547602077005005,-0.439110224659628
rand_CVF0N4FTJJ_render_front.jpg,0.4965253273905078,-0.09944812742967468
rand_PXMKJDO9I4_render_front.jpg,0.4,0.06107028327027608
rand_L0QM7JA1FS_render_front.jpg,0.6070372006515893,0.04941653874974716
rand_YB21UO50VE_render_front.jpg,0.4,0.2
rand_I186M2ERY7_render_front.jpg,0.4301193959605535,0.2
rand_6ZMGOCNXW2_render_front.jpg,0.7108776775036296,0.2675968806945017
rand_CHO6YXJLZ7_render_front.jpg,0.4,0.2
rand_YIW5QRSQWA_render_front.jpg,0.7717351235855705,0.2
rand_STKWLVHTWK_render_front.jpg,1.056124398423893,-0.47046958501192915
rand_CY1J8VFWBF_render_front.jpg,0.4,0.2
rand_D47IC19U3L_render_front.jpg,1.656458288278882,0.03795269511920685
rand_QLQB0MDJ1G_render_front.jpg,0.6669504829926722,0.2
rand_9RIWXOBQ2J_render_front.jpg,0.8079317759474527,0.2
rand_442JHWNKNM_render_front.jpg,0.9323012523207861,0.2
rand_DQ9TS1S4R7_render_front.jpg,0.9004355212513617,0.4309565695878954
rand_59IOWT9HFB_render_front.jpg,1.397061294823824,0.2
rand_K0S3JWZ6P7_render_front.jpg,0.4,0.9276124873818414
rand_SSJIJMSMY3_render_front.jpg,0.4,0.2
rand_Q7OLN6GU42_render_front.jpg,0.5302778401747196,0.6587891012817746
rand_0A36YXPNV0_render_front.jpg,0.4,0.4531319083379919
rand_DOQKA1L5UE_render_front.jpg,0.4,0.2
rand_EMQ965GLCE_render_front.jpg,0.4,0.0736759552101216
rand_U5T2SCPQ52_render_front.jpg,0.4,0.17424667281995632
rand_DGFBVE53HA_render_front.jpg,0.3882638711049844,0.8819154659073729
rand_XZ9PJPJOCU_render_front.jpg,0.8176224147821476,0.2
rand_5ZKH1P22VX_render_front.jpg,0.8574362866668634,0.2687785218901313
rand_MHRRSL751P_render_front.jpg,0.4,0.2
rand_TZ6OTTSQ3K_render_front.jpg,0.8887837668052156,0.004614295662288992
rand_KX293XU7R5_render_front.jpg,1.6187524051709823,-0.461567786397802
rand_QUG1QX0WXB_render_front.jpg,0.5836382489313398,0.254155809968468
rand_FUFT5H64P8_render_front.jpg,0.4,-0.08460324675756642
rand_TUJ8D1ZREK_render_front.jpg,1.1074546510721064,0.2301794638625213
rand_EQLO4M66U2_render_front.jpg,0.4617107049447665,0.2
rand_6VF5X3E1NB_render_front.jpg,0.7121301316001413,0.722065278842686
rand_1ATXP6ENDE_render_front.jpg,0.4,0.2
rand_RS95QBNS71_render_front.jpg,0.9839533814472652,0.7439394693107129
rand_D2PN22UUZW_render_front.jpg,0.4,0.2
rand_HD15BLII8V_render_front.jpg,0.4,0.2
rand_4FIT41GWOP_render_front.jpg,0.4,-0.14070052791471221
rand_5QAGF6FMUC_render_front.jpg,1.455172802263769,-0.4704131762457123
rand_2KO21GH4KR_render_front.jpg,0.4,-0.24754170317322038
rand_TR0T9TKMJQ_render_front.jpg,0.4,0.2
rand_JQ9XMYPU1B_render_front.jpg,1.5649428726364294,-0.24822892756403075
rand_A0G1ABE1SV_render_front.jpg,0.4,0.2
rand_WK48V591Q9_render_front.jpg,0.4,0.23765323122325133
rand_XRDBWOTOU6_render_front.jpg,1.9123055723490958,0.2697230278073903
rand_MN0FOOOXB4_render_front.jpg,1.8916150842119324,0.2
rand_AMDWGPC9IR_render_front.jpg,0.3599402183732591,-0.4102260135477981
rand_BTQSN2B9QA_render_front.jpg,0.4,0.2
rand_U6SUZWT519_render_front.jpg,0.902167260940745,0.9591462300312219
rand_MI6G3F9VLE_render_front.jpg,0.4,0.2
rand_SA6F4FLN7H_render_front.jpg,0.8740036086828009,0.2
rand_1NYTRRWAKM_render_front.jpg,1.0295657164980312,0.38230457744504
rand_U3F8W5TX3O_render_front.jpg,0.4583916674777624,0.37878972676432654
rand_ROP8FNV1FA_render_front.jpg,0.4,0.38921643163215225
rand_4GGNGJ3E4N_render_front.jpg,0.44839672653420026,0.6198199467829144
rand_VI63UPOXCX_render_front.jpg,1.1877404687559194,0.0888683536180086
rand_B64S5OYT42_render_front.jpg,0.4,0.2
rand_YQO7RSQ9ZX_render_front.jpg,1.1351919301099749,0.5871581582657008
rand_N3C91YHGWB_render_front.jpg,0.3470990105418921,0.019903176709293646
rand_XLH6TSUX84_render_front.jpg,0.4184877433083805,0.2
rand_KU2E6A9FV4_render_front.jpg,0.4,0.2
rand_QR3OQUDU4P_render_front.jpg,0.4,0.2
rand_6J364J6Q1U_render_front.jpg,0.7934029589238863,0.2
rand_XBCIPUQV8D_render_front.jpg,1.709801896148989,0.18818001453097044
rand_XVOBMJVBRU_render_front.jpg,0.4,-0.20236429295371205
rand_W71M2D15JO_render_front.jpg,0.4,-0.13235464616328946
rand_YUTSSS5N2D_render_front.jpg,0.39450052328206875,-0.3672409248073203
rand_Z94ITT884N_render_front.jpg,1.0009406001681782,0.08129584709595028
rand_W3LYFDFJ89_render_front.jpg,0.7309160775377035,0.2
rand_O98WOBOZDN_render_front.jpg,0.4,0.034254717124198364
rand_UOFR94362T_render_front.jpg,1.0605718479994417,-0.26826612347563983
rand_0QKLALTJRD_render_front.jpg,0.4190889314220276,0.2
rand_UH2YHCNN6R_render_front.jpg,0.8015130574012446,-0.16498572920382698
rand_WEOPUOQO5T_render_front.jpg,0.39188056937851634,0.2
rand_84XICAH8MR_render_front.jpg,0.44524030841964324,0.2
rand_Y7ESFRY16Q_render_front.jpg,0.5785053392155906,-0.008039365442326252
rand_L06VUALDUP_render_front.jpg,0.7012199278430677,0.47731797385911756
rand_IDTPL4EHPQ_render_front.jpg,0.4,0.2
rand_6DCUK1D2AA_render_front.jpg,0.30316234654501295,0.2
rand_8SW5ONTTX8_render_front.jpg,0.4,0.2
rand_WCWMVB3LCA_render_front.jpg,0.31084318587719206,0.2
rand_OAGY32FCAK_render_front.jpg,0.7832721557591003,0.2
rand_2V86DYDNBI_render_front.jpg,1.7656327754011358,0.2
rand_CSX4RS852J_render_front.jpg,0.4,0.2
rand_UJT1JF0VE6_render_front.jpg,0.4,0.2
rand_TX3MVHHBPJ_render_front.jpg,1.5935598637097368,0.2
rand_L7I93QDK5P_render_front.jpg,1.2303957162458052,0.2
rand_TN1PDCXQO3_render_front.jpg,0.6037557819911901,0.5707559938022289
rand_R7QK9XP400_render_front.jpg,0.7192356401647508,0.2
rand_UWV0YA38KT_render_front.jpg,0.4,0.2
rand_M3G2WQCVW2_render_front.jpg,0.4,0.2
rand_4OHQ3DVBNC_render_front.jpg,0.5147607969483987,-0.1565729722074991
rand_E8LH4S8Z50_render_front.jpg,0.8817555846690421,0.2
rand_YFKM41A3I6_render_front.jpg,1.0546792072771785,0.2
rand_8MOOWKV6X8_render_front.jpg,0.8352550539090224,0.2
rand_OKD2FXF6VM_render_front.jpg,0.4,0.2
rand_H3IX6CI72M_render_front.jpg,1.1077376244735908,0.2
rand_HKXE0XDGO6_render_front.jpg,1.3609815086719166,-0.04099593548479502
rand_6OT9LU0JZO_render_front.jpg,0.4,-0.44733923049297913
rand_WADKI2GH9V_render_front.jpg,1.450990501223297,-0.04406673201866751
rand_3PFZEDH4DP_render_front.jpg,0.4,0.2
rand_9EZ8BCKQCH_render_front.jpg,1.5304229639842089,0.07875787503026821
rand_101FK8H6AZ_render_front.jpg,0.4,0.6991573961124016
rand_BR199MHTN0_render_front.jpg,0.6308813184119977,0.2
rand_9IWN8XQ88U_render_front.jpg,0.9538316729473955,0.2
rand_BR0I0C8F2C_render_front.jpg,0.4,0.6822660988417728
rand_SPH85AKNMR_render_front.jpg,1.5992646910387807,0.2
rand_8VKRH4GRFM_render_front.jpg,0.4,-0.462640900588699
rand_3M9MOCLIXC_render_front.jpg,1.9908085296159557,0.2
rand_8W021UMIPA_render_front.jpg,1.3070823635049,0.8602598152558787
rand_MM3YZDCVY1_render_front.jpg,0.4,0.2
rand_LBCMVX4LDU_render_front.jpg,0.4,-0.43577253176840997
rand_28R28NJ9TT_render_front.jpg,0.4,0.4556012425202911
rand_W4G8RIZ970_render_front.jpg,0.4,0.2
rand_SVF02J6EN2_render_front.jpg,0.5308873430678047,-0.1943170372182289
rand_NXEYCPAL6L_render_front.jpg,0.4,-0.06898549695720513
rand_GDYWC3TKCJ_render_front.jpg,0.49737583897815735,0.8007153090981349
rand_XWNY84OU1V_render_front.jpg,0.9183340756983545,0.16337495534073687
rand_ZOWVFNC6SZ_render_front.jpg,0.4,0.2
rand_EXZ1GJO3LQ_render_front.jpg,0.4,0.2
rand_BF4WQ3ZSXE_render_front.jpg,0.8831211172466091,0.6084796401697015
rand_JAUMQ9JO0Y_render_front.jpg,1.2793819471356118,0.2
rand_6VYW3KSGEJ_render_front.jpg,0.9558008112853329,0.2
rand_3MXTO8LD3G_render_front.jpg,0.4840269801568725,-0.06683191124269139
rand_ZZDZGUKVB0_render_front.jpg,0.4,0.2
rand_HWW8H23Q72_render_front.jpg,0.4,0.9792862270538478
rand_8OACSOKB0F_render_front.jpg,0.6725106957830213,-0.06041894745959825
rand_H3DUIFBZAJ_render_front.jpg,1.064688557280601,-0.06872462844577798
rand_WKZ1JVZZAN_render_front.jpg,0.4,0.2
rand_5V1GJ9H10Z_render_front.jpg,0.4,0.3273273813112243
rand_G7MYB1LHDY_render_front.jpg,0.6807968661551869,0.2
rand_L5YPOBUUA0_render_front.jpg,0.4,0.2
rand_QI8KE6BVQW_render_front.jpg,0.4,0.46016535618743215
rand_MXOH2TCZ3S_render_front.jpg,0.4,0.2
rand_KFB8U8SQES_render_front.jpg,1.050002730377458,0.2
rand_QHAMR0JPLK_render_front.jpg,0.4,0.2
rand_VYH80EH2A2_render_front.jpg,0.4,-0.283045996013176
rand_EPLXQLN3FA_render_front.jpg,0.5970044512557755,0.5234499682052656
rand_NOLX4V40CV_render_front.jpg,0.8082237121789959,0.2
rand_YVWKWS9TF8_render_front.jpg,0.3363868576342394,-0.16038841146717808
rand_RQMVMRX1HB_render_front.jpg,0.5137759050396407,-0.34881613611765355
rand_FUCR9P2XYT_render_front.jpg,0.897030783820657,0.2
rand_L0OE8HVCU4_render_front.jpg,0.4,0.004691429297736693
rand_RFURI972TU_render_front.jpg,0.4705046169517012,0.2
rand_BFNTXLRXAK_render_front.jpg,1.8839250246949175,0.2
rand_EO25989WJW_render_front.jpg,1.0208454113782184,0.2
rand_HLJBO9BX72_render_front.jpg,0.3888683629158332,0.2
rand_UZT8QW6TNH_render_front.jpg,0.4,0.32759438934511775
rand_YW7F9M16Z6_render_front.jpg,0.7040166452110851,0.3160161294462427
rand_MJA8OAZ0IE_render_front.jpg,0.4283099644701519,0.2
rand_C7R3JY1XDK_render_front.jpg,0.4,-0.34047689300151346
rand_AMY1HKTNRC_render_front.jpg,0.8394720927835735,0.2
rand_5OT03VSC6I_render_front.jpg,0.3058948143110041,0.68424195274149
rand_GAGPLZU56N_render_front.jpg,0.4,0.2
rand_5RM85VSIVW_render_front.jpg,1.6126091975997359,-0.23473368452734966
rand_DNW2X7UMHK_render_front.jpg,0.4,0.2113217890026231
rand_N0ECK9CMIY_render_front.jpg,1.6702438257257255,0.2
rand_ESRNC2TPU1_render_front.jpg,1.1349195952329993,0.2
rand_3DMDAU2SWP_render_front.jpg,0.4,0.2
rand_LTI1TQ4C4M_render_front.jpg,0.967861676464864,0.43115190703565076
rand_WEB2QM7MWW_render_front.jpg,0.645591106705435,0.06530889994395261
rand_8WMZJB9F5C_render_front.jpg,0.771335398927574,0.14579773490887948
rand_176L9DT8YW_render_front.jpg,1.0013628565434514,0.4155861592185198
rand_1AH3GT8PTO_render_front.jpg,0.4,0.2
rand_OHJGUECNFB_render_front.jpg,0.4,0.1785750055109443
rand_3Y0NBL7PDI_render_front.jpg,0.4,0.5950682649313208
rand_J0Q9CTB7K8_render_front.jpg,0.4,0.7873300211898111
rand_XDGZ0SR1ZS_render_front.jpg,1.9490706545125929,-0.23806520284797122
rand_4OCVWGBYM3_render_front.jpg,1.4734506222716615,0.2
rand_1LVXR8X01T_render_front.jpg,0.5610795877213055,0.2
rand_G3D5J95AIO_render_front.jpg,1.3627849722342484,0.09079368587304781
rand_D7YUANC27D_render_front.jpg,1.2938942970267624,-0.14622940998061768
rand_JK6KJG8GT6_render_front.jpg,1.996773124653671,-0.20474343313052618
rand_347RAO249O_render_front.jpg,0.6369719742400188,0.2
rand_W58Q8N86T4_render_front.jpg,1.4618661972912632,-0.06692863532889765
rand_NYET9P3NVT_render_front.jpg,0.4995487281978573,0.3871802323746292
rand_A5TCB8W0D3_render_front.jpg,0.6496658137066438,0.2
rand_21WX4KSQA2_render_front.jpg,0.4,-0.4540018501070631
rand_VMJXKKBQ1G_render_front.jpg,0.4,0.869970519838215
rand_NIWWJTF3G7_render_front.jpg,0.4,0.2
rand_IU2OCYP3TQ_render_front.jpg,0.4,-0.31183433322661447
rand_1J2CKQ3MAQ_render_front.jpg,1.5069758376873743,-0.420301041372728
rand_N346070VNC_render_front.jpg,0.9639218527740492,0.2201577679556288
rand_2YHHRBPQ1C_render_front.jpg,0.4,0.07189074903504311
rand_QF8XMO7ID2_render_front.jpg,0.4,0.2
rand_DG3L369ZLI_render_front.jpg,0.3449244133240746,0.2
rand_CL9JJZ566U_render_front.jpg,0.4,0.19685963038060805
rand_U21EUV998O_render_front.jpg,0.4,0.07572744467427472
rand_YJV9EUFQBL_render_front.jpg,0.3686277334818545,0.2
rand_HSQRNANJJT_render_front.jpg,1.20368934768704,-0.053069859580188616
rand_ZFGBXT8MFS_render_front.jpg,0.37276067390533124,-0.2473011714086133
rand_P8MQFPU1IE_render_front.jpg,0.4,0.6908328796949827
rand_A6TS3MPX2E_render_front.jpg,0.4,0.5675174866017607
rand_HYFNKZRVGT_render_front.jpg,0.4,-0.03604919047293009
rand_C3KW455IDK_render_front.jpg,0.9030764223681123,0.2
rand_T6DPXTMGVI_render_front.jpg,0.4,0.2
rand_GAZWZC728H_render_front.jpg,0.4,0.9956341040014776
rand_JI369120WZ_render_front.jpg,0.4,0.2
rand_8WWC6X527C_render_front.jpg,1.8331287968678476,0.2
rand_YVXQSR6V28_render_front.jpg,1.3174666482039534,-0.22325057884431998
rand_8SZBY9RJHI_render_front.jpg,1.2158367211024292,0.2
rand_SN16IMB8R3_render_front.jpg,1.07489366944034,0.2
rand_14S3RGMSRG_render_front.jpg,0.43486684174664514,-0.3609003474534853
rand_IG3A7HXB96_render_front.jpg,0.6168608714222017,0.2
rand_X65PF5FOAL_render_front.jpg,1.015913716073219,0.2
rand_SLECZMJDBS_render_front.jpg,0.4,-0.4091934204217769
rand_MXV0GYVY4X_render_front.jpg,1.4888446216404105,-0.29542718998627804
rand_E4DW3RHBKQ_render_front.jpg,1.329939085998405,0.795062418430103
rand_6URSFPC3WZ_render_front.jpg,0.4,0.1599199365571724
rand_06NXKFNZMA_render_front.jpg,1.2083413214921914,0.568676624837489
rand_3DSCJVZ2EU_render_front.jpg,0.8128161675256917,0.011618567892547116
rand_Z4AXI9D9UU_render_front.jpg,1.7949790683784246,0.08974621017021267
rand_63W1PX3FN3_render_front.jpg,0.4,0.2
rand_WYRW4YC0ZH_render_front.jpg,0.9455379995150051,0.2
rand_FIYLDR2Q5F_render_front.jpg,1.0871999947546267,0.2
rand_LWZJAZCSRY_render_front.jpg,0.4,-0.02531251268737872
rand_XEQPLU1DM6_render_front.jpg,0.8515196313842224,0.2
rand_FP7AFPO3W5_render_front.jpg,0.6410794559606636,0.7374547984150328
rand_XZOMTM6TBJ_render_front.jpg,0.4,-0.10340191585417552
rand_IKQ5DA9HLG_render_front.jpg,1.516204604081015,0.2
rand_894LHRODRY_render_front.jpg,1.1232370349076768,-0.22452671606508856
rand_YJGL924Y72_render_front.jpg,0.5282690253494866,0.5125464082018212
rand_4ETTUOF1KU_render_front.jpg,0.8226646396414159,0.2
rand_28AONKZ3RY_render_front.jpg,0.6003124089388422,0.6137155407131925
rand_HGVXYLC30G_render_front.jpg,1.3195871327640634,0.2
rand_Y7MOKFW3IC_render_front.jpg,0.7427195328587166,0.2
rand_DI8621XWN7_render_front.jpg,0.46618540026435407,0.4224120447036981
rand_ICR79SSFME_render_front.jpg,1.1675673570715832,0.2
rand_WRK67EX6S6_render_front.jpg,0.7162969512203292,0.2
rand_LRLG8Y643Y_render_front.jpg,0.7733025929872489,0.2
rand_63ZC07PQTP_render_front.jpg,0.4,0.2
rand_UZ1UNRR141_render_front.jpg,0.4,0.2
rand_WS4IPMOIBZ_render_front.jpg,1.0495424670326694,0.2
rand_MQFQHZ2C0C_render_front.jpg,0.4,-0.18424263030215965
rand_G3J1K24Z7I_render_front.jpg,0.887505752936655,0.6373962439983021
rand_RG3HCQ7HGU_render_front.jpg,0.4,0.2
rand_8A2HPHT43Y_render_front.jpg,0.7073980321258402,0.2
rand_7CT6UX06VI_render_front.jpg,1.555066266168543,0.2
rand_ZO3PT8YGYU_render_front.jpg,0.4,0.09137403647723674
rand_UDH4ZEBLTK_render_front.jpg,0.3620077565210706,0.20765824911405573
rand_AKUF4LO3T7_render_front.jpg,0.3521109914451664,0.009734113761223906
rand_QCAKFQKFNI_render_front.jpg,0.5967615660450666,0.2
rand_XALL3STTWO_render_front.jpg,0.3695771209025447,0.38698213604197773
rand_I7JLPNN8Z2_render_front.jpg,0.4,0.2
rand_RVFZSAWGIF_render_front.jpg,0.4,0.9127499524797624
rand_6T1JN6MPP1_render_front.jpg,0.7668548996292954,0.03769779547037899
rand_JBHLQL55PV_render_front.jpg,0.6831000122001557,0.11180213308368869
rand_DIBQDUQ7YV_render_front.jpg,1.044042422966395,-0.39174561791866963
rand_488LHIZ8YO_render_front.jpg,0.4,0.2
rand_3A6MLJEVMY_render_front.jpg,0.9106097172652441,0.09530779480420626
rand_MYJW8ORUXO_render_front.jpg,0.6564182082824435,0.2
rand_MLXSUEWGG3_render_front.jpg,1.4840651388489245,-0.4076969045726787
rand_V5367LQ6MV_render_front.jpg,0.4,-0.2837817613114684
rand_E9IE77WZZ1_render_front.jpg,0.5660633617528916,0.8434990146411496
rand_FZYAG21I4Q_render_front.jpg,0.4,-0.47261009566497053
rand_TIC1CMF8FF_render_front.jpg,0.7904871790893173,0.22069555703995247
rand_125AEM45MO_render_front.jpg,0.32707422087401183,-0.26248311718696343
rand_X84U7RUDQ9_render_front.jpg,1.8810229049311862,0.9397042106397435
rand_PEAX9IQARX_render_front.jpg,0.4,0.2
rand_4SQ28282EI_render_front.jpg,0.4,0.1761879791588653
rand_BNDLVRRDVL_render_front.jpg,0.5093193513465144,-0.047716711475650986
rand_IC1QXGZ6Q9_render_front.jpg,0.6287879449453089,0.2
rand_GZ8H79BQVJ_render_front.jpg,0.4,0.2
rand_Z6UBUW9H9D_render_front.jpg,1.6531182522317307,0.40124335469105754
rand_ELX6PGWAER_render_front.jpg,0.662439767982415,0.2
rand_JSKY5EAWOG_render_front.jpg,0.3634852551608299,0.593013681772063
rand_9XBR2LLQ2S_render_front.jpg,0.9290721530781625,0.2
rand_2VYGRSMXHI_render_front.jpg,0.5891164683520369,0.7027791394153873
rand_L8O0QXEOJ5_render_front.jpg,0.6094951222477027,0.6391414274166811
rand_P2JLR9RNSI_render_front.jpg,0.4,0.2
rand_6YV1U8U04W_render_front.jpg,0.681567858418112,0.5585247016193067
rand_D3VUHCRO2Z_render_front.jpg,1.079006462265606,0.2
rand_2RG5D6DNJI_render_front.jpg,1.5374509232323137,0.2
rand_UTAFNS2E8V_render_front.jpg,1.6006360627340834,0.2
rand_FJO9CY0IVC_render_front.jpg,0.4,0.2
rand_OC79UPWNJJ_render_front.jpg,0.4,0.2
rand_MZ04PH07QA_render_front.jpg,0.4,-0.42369051793022505
rand_HM54VGNHWN_render_front.jpg,0.4,0.024774916389165957
rand_VG2741Z51C_render_front.jpg,1.3846776964117231,0.8120652950113072
rand_ZQY5ZCM3I9_render_front.jpg,0.8445128322730311,0.2
rand_TYES8VQS3W_render_front.jpg,0.3008934083506851,0.2
rand_UQR0DVFMMK_render_front.jpg,0.4,0.7896436992168641
rand_WYUZW3H58A_render_front.jpg,0.6863800427123506,0.2
rand_E81HD69NNW_render_front.jpg,0.4,0.2
rand_F4D1ZWISCA_render_front.jpg,1.6122140608939133,-0.1324118410467946
rand_94D87RNMID_render_front.jpg,0.8460772472472633,0.29460832611920673
rand_JKL6X7LND4_render_front.jpg,0.5371248226597654,0.5847585194135367
rand_CIYEGX8T8M_render_front.jpg,0.4,0.2
rand_OINB1PWBRS_render_front.jpg,0.4,0.2
rand_XGQIEQG82F_render_front.jpg,0.40376947056694823,-0.3924278211513607
rand_JAE80F1A3O_render_front.jpg,0.4,0.81215104070623
rand_3IX65MMCE3_render_front.jpg,0.4,0.2
rand_573UN2PH4I_render_front.jpg,1.1668587518316271,-0.30750696591593796
rand_70AJY5QPFH_render_front.jpg,1.116899591187239,0.3983616745370362
rand_R9JA6DUT59_render_front.jpg,0.708728896639989,0.0009971201279801445
rand_97J3ZJ3Q9C_render_front.jpg,0.6852096239305792,0.28787462466202896
rand_L5F75PP8S9_render_front.jpg,1.0594269209474647,-0.22321405867085048
rand_0QBZZV7R4Y_render_front.jpg,0.4702939436986146,0.2
rand_G9YEKEAAEI_render_front.jpg,0.9578626606270648,-0.23369162940576976
rand_GGEGXZ09BM_render_front.jpg,0.4,0.2
rand_IITHMZRQFZ_render_front.jpg,0.632006872115672,0.2
rand_THQK3U2NS2_render_front.jpg,0.4,0.2
rand_GLROGGZN66_render_front.jpg,0.4,0.20892668295156902
rand_QJJ0GRUB8Z_render_front.jpg,0.4,-0.3990897204847871
rand_VJ6AU7ADUY_render_front.jpg,0.8861072098268272,0.2
rand_D9RMV2SYPC_render_front.jpg,0.4,0.2
rand_2OBIIXEYM4_render_front.jpg,1.0410353587490857,0.2
rand_XM2VF8M2I5_render_front.jpg,0.4,0.7108276141842684
rand_PNMO0UQWJZ_render_front.jpg,0.6614812144991329,0.2
rand_YKC03IRR6D_render_front.jpg,0.4196299511908295,-0.42569648272765914
rand_Z202IKS4A6_render_front.jpg,0.76139181280198,0.7283143017151819
rand_D7OAC0HKEB_render_front.jpg,0.9590307828360465,0.2
rand_MXFYP6XAVP_render_front.jpg,0.3082960883081055,0.2
rand_HROIYKHCPD_render_front.jpg,0.4,0.26285124681422245
rand_8BJJ5DLLJR_render_front.jpg,0.4,0.42293120510503557
rand_SQ8TAJOH5M_render_front.jpg,0.4,0.6161331552130829
rand_GMXER56PJH_render_front.jpg,1.0721593769408326,-0.09571609219100163
rand_RQ9QQ89XP5_render_front.jpg,0.4,0.2
rand_2Y7GEPKX1H_render_front.jpg,1.4544864051873223,0.3600010509168634
rand_TBAJVLO7Y3_render_front.jpg,0.7831098219941774,0.5166012269279481
rand_OWES067DMU_render_front.jpg,1.4839842509824097,0.06906820561383309
rand_1GJ4Y6GWZU_render_front.jpg,0.5976461792927596,0.2022980604214759
rand_I1I0FLOLLG_render_front.jpg,1.7356781266897783,0.2
rand_C13CKSM42T_render_front.jpg,1.7829600884380596,0.09813829748965797
rand_XJI565WY3Y_render_front.jpg,0.4,0.2
rand_8C2RN1Z6C9_render_front.jpg,1.4371138942739838,0.2
rand_VIHL1BT7PS_render_front.jpg,0.4,0.2
rand_YNR99YKHOW_render_front.jpg,0.5153132293327544,0.2
rand_4NO8R0JW64_render_front.jpg,0.5130990231269408,0.2
rand_NDPXFT23L2_render_front.jpg,1.66026541580612,0.63363253700076
rand_P5WH076O8V_render_front.jpg,1.2159846818705813,-0.36757896703699683
rand_PSRH6ZXDVD_render_front.jpg,0.4,0.2
rand_90GH84B1UQ_render_front.jpg,0.7373068221781981,0.09528016916237869
rand_XV15HSWJVW_render_front.jpg,0.9760139413419733,0.2
rand_5559ZCUI67_render_front.jpg,0.4,0.2
rand_Y5A8WGHAIF_render_front.jpg,0.4,0.29272104408205923
rand_LQXUNU638I_render_front.jpg,1.0258115862615327,0.2
rand_12X76E1ED9_render_front.jpg,1.227219507460706,0.2
rand_EB5SR1OKJ0_render_front.jpg,1.0805083798474442,0.2
rand_X3ZZSL33HC_render_front.jpg,0.7109844716959031,0.2
rand_3JA35R39W3_render_front.jpg,0.4,-0.1657566336291142
rand_VZXENI74SY_render_front.jpg,0.8426727223982879,-0.14509041459889627
rand_4U9589HXZZ_render_front.jpg,1.7286025297160068,0.6041875283065372
rand_WYW3304UEH_render_front.jpg,0.3961853022156322,-0.21979813789442149
rand_3VVEOIHDZD_render_front.jpg,0.38079719648108373,-0.18371753052757112
rand_OFG173G9OT_render_front.jpg,0.7631366321831361,0.2
rand_XOXINB2IZ4_render_front.jpg,0.4,-0.15043968211843672
rand_NUGYD8JETN_render_front.jpg,0.4,0.2
rand_Q9DLD6ODQJ_render_front.jpg,0.3078268446076203,0.2
rand_00MP0SPHA4_render_front.jpg,1.0001611202009706,0.2
rand_QBQES3XB65_render_front.jpg,0.4,0.2
rand_MBMMLBA4PL_render_front.jpg,1.644895422112314,0.080526266047945
rand_6YP9WLWKLZ_render_front.jpg,0.4,-0.19850371099652697
rand_S6L7371WR0_render_front.jpg,0.4,-0.20267096642809962
rand_OKALK46GBC_render_front.jpg,0.4,0.3124667126627052
rand_RAXVPGNFR2_render_front.jpg,0.8789880611067007,0.2
rand_I224ROMXLR_render_front.jpg,0.9278948038810397,0.5911070534658458
rand_PAQ9VC9BRJ_render_front.jpg,0.4,-0.19034041675550983
rand_NT19SEZ4XS_render_front.jpg,0.4,0.043618542046608644
rand_MRNE7IMH83_render_front.jpg,0.5961060502721808,-0.324446647728231
rand_1WROKZEHC8_render_front.jpg,0.7838710279728547,0.2
rand_H9KQ3KO2VL_render_front.jpg,0.4,-0.16505531033305104
rand_TQ2DG6JNXK_render_front.jpg,0.4,0.2
rand_9ODW604A1O_render_front.jpg,0.4,0.4267935731657
rand_TGCRHA9MCA_render_front.jpg,0.4,0.2
rand_H758EV0TMN_render_front.jpg,0.6779951351912188,0.3432106400745749
rand_782W8WFUA9_render_front.jpg,0.40595013825713466,0.18074353689947387
rand_0V45X4ELM8_render_front.jpg,0.7374547841381786,-0.14163191511477863
rand_SNGDON1NQG_render_front.jpg,1.1660120143206694,0.2
rand_YZHXDY9WNI_render_front.jpg,0.4,0.5945242631866163
rand_M5UV38NLL7_render_front.jpg,0.809381120310354,0.2
rand_M3QPPI6U2V_render_front.jpg,1.2467253893916197,0.5924205033069061
rand_O006OLUBHT_render_front.jpg,0.7123135497754913,0.2
rand_GF33K539RU_render_front.jpg,0.4,0.39566201947091884
rand_258W5BARKH_render_front.jpg,0.4,0.6904680561465408
rand_X90MPK9FPK_render_front.jpg,0.37305055052316566,-0.39825140783839724
rand_N7079IV8BF_render_front.jpg,0.4,0.2517108867840909
rand_D7CJSOBAJN_render_front.jpg,0.5524908580944585,0.2
rand_0UWAC9MSFE_render_front.jpg,1.4237653203712402,-0.03059075780945103
rand_L5WTA8WF04_render_front.jpg,1.0324113044773382,0.2
rand_OGC92Z9YQO_render_front.jpg,1.8628520415175052,0.2
rand_1JGSONFALQ_render_front.jpg,0.4,0.2
rand_C4VQ6JIUFS_render_front.jpg,0.4,0.2
rand_940XB43OZ1_render_front.jpg,0.4,0.2
rand_MRW9Z4EVDB_render_front.jpg,0.6288127118802898,0.2
rand_C300F8WXY7_render_front.jpg,0.4,-0.21012201263736885
rand_K5CHHPWUSA_render_front.jpg,0.9608721555396791,0.2
rand_B39DP4Q23B_render_front.jpg,0.5915379168317324,0.33656269704678177
rand_MG2MRYIMND_render_front.jpg,0.3205902798382883,0.4443158858827162
rand_PTVZXH2K8P_render_front.jpg,1.244741884771322,-0.004219909587341919
rand_8YZSFAW4NT_render_front.jpg,0.4,0.2
rand_H90UH1BYG3_render_front.jpg,0.9615765602291777,0.2
rand_LU5F3Q4E7K_render_front.jpg,0.6773559185625311,-0.2582750244938701
rand_89D7BS639K_render_front.jpg,0.4,0.9272780400613925
rand_JHCTVH3LCH_render_front.jpg,1.0242528317112207,0.5543977651402199
rand_0WUYGUEFIB_render_front.jpg,0.4,0.5510650101955332
rand_ZJB6D0GV56_render_front.jpg,0.5584165126683505,0.2
rand_NSFQ1KPQ93_render_front.jpg,0.4,0.7255835807629867
rand_3GTAU45312_render_front.jpg,0.547280705597888,-0.08868587261707117
rand_PFTF0BIHJN_render_front.jpg,0.4,-0.3667310153328234
rand_TK9I8PCGD5_render_front.jpg,1.6653689455866996,0.2
rand_FCQKRRQ1Z7_render_front.jpg,0.4,0.5041538074532812
rand_GE527NS6IQ_render_front.jpg,0.3613224069447155,0.9641129159715758
rand_2JEIA5L9FF_render_front.jpg,1.2218726073732418,0.2
rand_KNDUKPMVPE_render_front.jpg,1.6050370242844254,-0.13884762006101875
rand_JG4V7AYYOV_render_front.jpg,0.4,0.2
rand_YRWVIJ42BG_render_front.jpg,1.6281860259362801,0.2
rand_E489IFV849_render_front.jpg,0.9436108142017443,0.20962286231306604
rand_BIM1DWZPXK_render_front.jpg,0.4,-0.18324910583600557
rand_Z7QR1GBFNJ_render_front.jpg,1.982647931243142,0.1212799750856246
rand_4JPYDZHBB3_render_front.jpg,0.8502274563399708,0.2
rand_2TDZTPXPTX_render_front.jpg,1.9020983885508884,0.8087539098988688
rand_CUTPFV9EJ1_render_front.jpg,0.4,0.2
rand_LMKEFQ5NFL_render_front.jpg,1.494022479982699,0.2
rand_G1Q6IVC263_render_front.jpg,1.612261603375359,0.25207038766015977
rand_WPQ1PBRNLT_render_front.jpg,0.4,-0.09629040590060406
rand_7XFIH1SO2C_render_front.jpg,0.5900577278451588,-0.12281295153641242
rand_MNQ2W37X3G_render_front.jpg,1.5184672988153523,0.2
rand_EOZE1BML80_render_front.jpg,0.4,0.2
rand_6IVUY27J83_render_front.jpg,0.4,0.0238841118781985
rand_C2A2VGWH6P_render_front.jpg,1.1594097617408088,0.9293700582593276
rand_I52E370U6A_render_front.jpg,0.4,0.4864514315161632
rand_93EVXHOPS0_render_front.jpg,0.4,0.2
rand_DHVAFMOVXU_render_front.jpg,0.6746554322000025,0.3397305005145559
rand_HLXE55DKF6_render_front.jpg,0.43705712285189885,0.4829402928995483
rand_CNRMO549GC_render_front.jpg,0.8910887184988503,0.2
rand_CQ4PHOFFGO_render_front.jpg,1.1442361731756112,0.013343149001715293
rand_MVX41L21A2_render_front.jpg,0.4,0.2
rand_3NJCAZUH8Y_render_front.jpg,1.2179286416808504,-0.04312075462742054
rand_UM4PM282SW_render_front.jpg,0.35880211096741177,0.2
rand_WASNS3KNMU_render_front.jpg,0.5945137032141349,0.2
rand_VFVTQX43IT_render_front.jpg,0.4,0.2
rand_5LFGFPCDEN_render_front.jpg,1.7816913560708747,-0.4879346008854443
rand_9LKKMFT8XC_render_front.jpg,0.4845377298571297,-0.401023053198993
rand_EB84WSPCAC_render_front.jpg,0.6418340633589801,0.2
rand_Y8G6KT8PDA_render_front.jpg,0.6373661354199582,-0.40864340694593737
rand_68K47Z9S3O_render_front.jpg,0.3839722097054565,0.2
rand_E14SF4QEZ5_render_front.jpg,1.7818655625787758,0.36803282476466004
rand_LR2IXLJO41_render_front.jpg,1.1775729203374534,-0.2060281398655623
rand_810HJ2IUOM_render_front.jpg,0.4,0.2
rand_BQNZQZQ4Z7_render_front.jpg,1.049870198962693,0.2
rand_KOBZMM462K_render_front.jpg,0.4,0.2
rand_9W5HJ571OC_render_front.jpg,0.4,0.2
rand_CIOCVV6PEL_render_front.jpg,0.4,0.4474439670687257
rand_ZAORTJAVNX_render_front.jpg,0.7774617336055372,0.2
rand_4MXEUQR3KQ_render_front.jpg,0.9354536184667686,0.2
rand_ZW4ZKT3LC3_render_front.jpg,0.579632228129739,-0.4547275761152218
rand_PADXA1H5KG_render_front.jpg,0.4,-0.35591224409033934
rand_UKRKO1G7C6_render_front.jpg,1.9850233931574912,0.589907183526112
rand_IWR6D7ECQT_render_front.jpg,0.30485837948439687,0.2
rand_QG2ARIBYVB_render_front.jpg,0.38289775917854807,0.9877524471575367
rand_R7IWX2J87I_render_front.jpg,1.0443684070581318,0.6422993845738469
rand_XRQ3P3H65C_render_front.jpg,0.4,0.2
rand_W7N42A95LF_render_front.jpg,0.7232450603387057,0.09035259205338009
rand_6S2ZXXMSAN_render_front.jpg,1.6280931445336866,0.2
rand_DQ7ODSMVHE_render_front.jpg,0.4,0.41235538291018603
rand_O8KDM9N589_render_front.jpg,0.4,0.2
rand_4E3U1JFXZ9_render_front.jpg,1.3455377626305658,0.2
rand_TW54V8RPGO_render_front.jpg,0.9031632491534523,0.024112461045540767
rand_5QD88EYPC4_render_front.jpg,0.41972959415704025,0.2
rand_0LQ33XZVP8_render_front.jpg,1.5250112308858585,0.2
rand_A5WHURJ5F8_render_front.jpg,0.4,-0.30180205961493395
rand_ZMTKIFIKID_render_front.jpg,1.3954361280399077,0.00986770708581608
rand_U4GMEHZGR3_render_front.jpg,0.4,0.2
rand_H76DXMABBG_render_front.jpg,0.4,0.148763084760128
rand_SEJXYTVF2A_render_front.jpg,1.2382179273637046,-0.01848377701364562
rand_CYYL3DU185_render_front.jpg,0.9105379467352872,0.792039594749212
rand_21SJ0WNZB1_render_front.jpg,0.9175859915297897,0.27634847329170853
rand_L96Z4NKSRC_render_front.jpg,0.4,0.2
rand_AKHD7U1TG1_render_front.jpg,0.4,0.2
rand_7O5RW2T2FW_render_front.jpg,0.8709865485796757,0.2
rand_JBCIPDE6WX_render_front.jpg,0.4,-0.00013108444459075663
rand_3U0EYJ267C_render_front.jpg,0.8815622273430623,0.2
rand_TA7H4AL7FC_render_front.jpg,1.043449654072619,0.2
rand_K8GI7YKS1Z_render_front.jpg,1.307470564597106,0.2
rand_LSVDGG5JSM_render_front.jpg,0.4,0.49766371973735657
rand_MAOGF0UKL5_render_front.jpg,0.6316638837777916,0.2
rand_I584LTYO1W_render_front.jpg,0.4,0.32497866251256946
rand_6EUDZGDSWX_render_front.jpg,0.4,-0.41371121339727607
rand_6XGBSLNMAT_render_front.jpg,0.6946713990061246,0.2
rand_AYRNT706XG_render_front.jpg,0.35233607128533956,-0.06878094946527863
rand_G2D2GZKI1I_render_front.jpg,1.64480592849924,0.2
rand_K0DAQNPG0J_render_front.jpg,1.5144639770625943,0.23773159612621453
rand_E380VVE1V1_render_front.jpg,0.4,-0.24458509610369122
rand_NUA9UJFHNX_render_front.jpg,0.6953964643641077,-0.14054188524475103
rand_CU4EPFOPY3_render_front.jpg,0.7322620972593268,-0.3038412109081593
rand_O1PDJTDM57_render_front.jpg,0.9594935315684752,0.1976078595818178
rand_TXQWLAQJ0V_render_front.jpg,0.4,0.6590087737523493
rand_0LIA8CT5QT_render_front.jpg,1.4351844941359129,0.2205192586512008
rand_2ZZFSDFHM4_render_front.jpg,1.8234152146017777,0.6193382151058218
rand_IY0RSZOKJR_render_front.jpg,0.4,0.2
rand_E3P4KXHMJH_render_front.jpg,0.9137441903552459,0.8266972042854726
rand_JL8VBN9XAM_render_front.jpg,0.9038992425361629,0.9266318804314191
rand_G9PRHLSBWS_render_front.jpg,1.4265102933318934,0.2
rand_8I11BCPDHM_render_front.jpg,0.6890540509604257,0.709187700921136
rand_8UQPABB7R6_render_front.jpg,1.0044063784325377,0.10758920019674867
rand_GIGLIL5TKD_render_front.jpg,1.7897938146120238,0.06022144896326542
rand_TS1NSDGH7X_render_front.jpg,1.8898233481080375,0.21111650866027398
rand_LE4GCBNFGB_render_front.jpg,1.784866793498467,0.8611220322248663
rand_DM5CN9J19O_render_front.jpg,0.5576006221933363,-0.3377260132541293
rand_0XQOWJR8TB_render_front.jpg,0.9923441037296226,0.12741028004797672
rand_V7IHJFB63C_render_front.jpg,1.3995599062190358,0.23889001648270214
rand_M2OIAEJ22Q_render_front.jpg,0.4,0.9195793584249676
rand_QKOHXI93QH_render_front.jpg,1.2604986725714171,-0.0962215927702928
rand_RHVO1WNTTZ_render_front.jpg,0.4,-0.04630663718786315
rand_3O6BIIFMCO_render_front.jpg,0.6506131065522551,0.9254600996732854
rand_X5VRKIHP2D_render_front.jpg,0.39086487928307834,-0.020229860862462923
rand_6OCQ3NJLOV_render_front.jpg,1.6663023491885143,0.1143773800422524
rand_KO0Z4WJ1DE_render_front.jpg,0.7993885329139518,0.25964507862426867
rand_RZ7CSH4BP7_render_front.jpg,0.9155903594093127,0.5592488603051287
rand_ARCJNJPPUY_render_front.jpg,1.4839284574928882,0.2
rand_ACAVWZDL9M_render_front.jpg,1.0682015782067447,0.6197841667398893
rand_X8P5LLKUQG_render_front.jpg,0.4,0.5504954943939047
rand_CX4YA5RP89_render_front.jpg,0.4,0.2
rand_C0SO3XD3HR_render_front.jpg,0.4,0.2
rand_SF522EGFBK_render_front.jpg,0.4,0.8954730522725058
rand_675RNMBU0L_render_front.jpg,0.4,0.2
rand_05UL8K3AHM_render_front.jpg,0.4,-0.19300573007361593
rand_2VMCXJ0HO5_render_front.jpg,0.6763666315175958,0.2
rand_F1M4Y57SVO_render_front.jpg,0.5139940046098072,0.5232491944770445
rand_2FK6AUGK65_render_front.jpg,1.1090069123271171,0.2
rand_N6HAG59U3W_render_front.jpg,0.5538671722890542,0.2782902999024114
rand_X2Q9BP53FQ_render_front.jpg,0.4,0.38220104644638997
rand_YOY8FTP7ZO_render_front.jpg,0.4,0.2
rand_O0HZWA9MLT_render_front.jpg,1.43283514899472,0.2
rand_9LYDZYM0FB_render_front.jpg,1.6045121155568542,0.017384415592749614
rand_ORB3LSYM4X_render_front.jpg,0.732225584397461,0.2
rand_KKJ5P9SCGT_render_front.jpg,1.3069420276529893,0.2
rand_INPXSJP9F1_render_front.jpg,0.7327408231622741,0.9998731533709491
rand_4P0XNB42CN_render_front.jpg,0.375256860139754,0.2
rand_KAVS23H9OW_render_front.jpg,0.4,0.2
rand_W570MQYL7Q_render_front.jpg,0.5531922465467384,0.1490650945214158
rand_GX37TG4XLT_render_front.jpg,0.3981886377889862,0.2
rand_QHAC1A2XCY_render_front.jpg,0.3014719305694017,0.0722366420024575
rand_C1WEHVYIWU_render_front.jpg,0.702629489992898,-0.012931086657057056
rand_JRQEX33LXT_render_front.jpg,1.0015413814655674,0.2
rand_41OYMQIYYR_render_front.jpg,0.4311600147094972,0.2
rand_3ZJ5KQXBPV_render_front.jpg,0.7409794818432868,0.2
rand_RCUGOKSU90_render_front.jpg,1.7295980459809503,-0.14194459437875317
rand_8RIJOUWTG1_render_front.jpg,0.34851505938130284,-0.10399739678167375
rand_7XCCCHZ2UM_render_front.jpg,0.4,0.5694730158121455
rand_GMC172KOXX_render_front.jpg,0.9756682101139373,0.2
rand_TRH0TNQRZR_render_front.jpg,0.4,0.13764334620638463
rand_ORKKZDDR3W_render_front.jpg,0.4,0.20864806916787426
rand_GAXBD67EZB_render_front.jpg,1.7244731090219196,0.9267960513095923
rand_JY76Q61T5A_render_front.jpg,0.4,-0.48446339786323056
rand_NE74TBPCBC_render_front.jpg,0.32793905258416783,-0.3153567922837991
rand_L4RESQUJZE_render_front.jpg,1.326901535999238,0.2
rand_AFPB5IOPTY_render_front.jpg,1.854708937420827,0.2
rand_NFHEBYWO3X_render_front.jpg,1.2600924134674352,0.2821386997773172
rand_E0AU5NYYE5_render_front.jpg,1.562203031756314,0.5131428489881125
rand_SM9MBZWH0C_render_front.jpg,1.514743297970782,0.016747720316420134
rand_NOB52HBRH5_render_front.jpg,0.4,-0.42937616903794074
rand_W30VV5Q3WR_render_front.jpg,1.0142972467931588,0.2
rand_T62MT3G5UB_render_front.jpg,0.4,0.2
rand_8Y4D85ACW7_render_front.jpg,0.7861940836478521,0.2
rand_NC8MKYW643_render_front.jpg,0.9147146669762101,0.2
rand_9KW6Z2TVVJ_render_front.jpg,0.4,0.2
rand_S5GYGPS6IO_render_front.jpg,0.3886302488611628,-0.12057167623007836
rand_Z2BIQE3JIU_render_front.jpg,1.3249319177556313,0.7138553780442689
rand_TE79OSI4W3_render_front.jpg,0.4,0.5698892937699167
rand_Q98DS83BSX_render_front.jpg,0.9574673830567142,-0.1622986558665968
rand_RF2L18LFSC_render_front.jpg,1.588679056297216,0.49052554325159203
rand_IKPMBU6VHP_render_front.jpg,0.4,0.2
rand_38DB7F2HSC_render_front.jpg,1.3983474464430652,0.2
rand_0R3KEWI7YP_render_front.jpg,0.43068212894958124,0.2
rand_NS4T53Z9S8_render_front.jpg,0.4,0.541034236449607
rand_RX5M5FHS4H_render_front.jpg,1.2231518544324735,0.2
rand_M1IKN8D2R2_render_front.jpg,0.7521638853213113,-0.24969325368065642
rand_KNM34BTZFT_render_front.jpg,0.681036895413331,0.7261691617086188
rand_D465HBDWIF_render_front.jpg,0.7064956996877669,0.2
rand_FDI6YGX040_render_front.jpg,1.2530604487050092,0.7689892572687724
rand_2A3XWY62XY_render_front.jpg,0.9856553295209858,-0.002389663198433478
rand_46DRYPE9HD_render_front.jpg,0.4,0.2
rand_KSVM5O4Z9T_render_front.jpg,0.949468842869025,0.39920568076280327
rand_S4KKNUPFHE_render_front.jpg,0.4,0.2
rand_H9VTR16Z0B_render_front.jpg,0.4,0.015309808446880346
rand_IW34JGC8BI_render_front.jpg,0.4,0.39255676563587394
rand_A3NTPG3B2H_render_front.jpg,1.8570850675630453,0.7356912564783635
rand_JDOO45X7ON_render_front.jpg,1.0231227911112657,-0.4167445988883907
rand_87Q2QT3ZP6_render_front.jpg,1.301905947314844,0.5396211694486097
rand_229L39FNVK_render_front.jpg,0.7632688458617938,0.49111055009923676
rand_LX6S3O6EEC_render_front.jpg,0.5153938953408967,0.2
rand_R9D2HOTAAF_render_front.jpg,0.9444318138351728,0.2
rand_G64WULSQMB_render_front.jpg,0.4,-0.34583841781910346
rand_JWDNQKIK2O_render_front.jpg,0.7316642174628939,0.2
rand_9Y2QUOB7C9_render_front.jpg,0.4,0.5435197202897384
rand_IYKNB23SG5_render_front.jpg,0.7501699955055772,0.2366687969477559
rand_1D8YZD1UAG_render_front.jpg,0.4473075016961806,0.2
rand_NJRP2DLW5B_render_front.jpg,0.4,0.9376956573408997
rand_G5Z957FZR0_render_front.jpg,0.4,0.2
rand_NRKCZA37BC_render_front.jpg,0.7819249910132251,0.5224035310715349
rand_Y92PK89KT3_render_front.jpg,0.8607825084898151,0.2
rand_59OO0EYQP3_render_front.jpg,0.41885785266214315,0.8424176259057334
rand_SKTRQZ64IK_render_front.jpg,0.4,0.16664770322836164
rand_WG2MYBMLD5_render_front.jpg,0.4,0.2
rand_STBB3PZXWS_render_front.jpg,0.4,-0.41375551248815695
rand_3OXTINBRD9_render_front.jpg,1.8079919563173386,-0.3296153732941027
rand_0B1T21D8NX_render_front.jpg,0.3633523684497163,-0.48613515673925334
rand_5T407DHMCC_render_front.jpg,0.5834086448832438,0.2
rand_53EIH0DLFM_render_front.jpg,0.4,0.2
rand_2M8JA3LPWR_render_front.jpg,0.8392472747379369,0.2
rand_H9PAZNI5C0_render_front.jpg,0.970763257197726,0.12012826996188142
rand_GFN6DG7YJ7_render_front.jpg,0.9693394023540212,0.2
rand_HKLD9M1X4I_render_front.jpg,0.4,0.2
rand_GURXEV5ST7_render_front.jpg,0.4950167046230874,0.2
rand_95PWO420LM_render_front.jpg,0.8595556664370863,0.7439625769360876
rand_MSG24G2AH9_render_front.jpg,0.4,-0.15079157911400748
rand_DFIZNK0GAG_render_front.jpg,0.4,0.32973453148258425
rand_OZ2JNUJHB1_render_front.jpg,0.6189975575054194,0.6378770674654881
rand_S1NENJWEX9_render_front.jpg,1.7998141473671272,0.6394107960592232
rand_LUBK50GGI8_render_front.jpg,1.5490753531369166,0.2449634182758107
rand_Y5HBM0KSDQ_render_front.jpg,0.4,0.18881586688567364
rand_LDRM8LXNCX_render_front.jpg,0.9011852107381353,0.8346007046703363
rand_2GSLQXHGP8_render_front.jpg,0.4,0.2
rand_B32KOAGHI0_render_front.jpg,1.393644875670094,0.2
rand_HS01S90K2P_render_front.jpg,1.691775869346167,0.2
rand_HDJIJCW8QZ_render_front.jpg,0.6518084466473166,0.2
rand_I14OWT2XIU_render_front.jpg,0.4,-0.38907668432961934
rand_0VFEB82ZVO_render_front.jpg,0.8600901615803964,-0.053282478220655294
rand_CQ5BSVODE5_render_front.jpg,1.8975215441957658,0.2
rand_8NP99O8N39_render_front.jpg,0.4823392778958234,-0.3396693167755323
rand_0KWOF4K3PW_render_front.jpg,0.5986542168031053,0.2
rand_2Q30IIICNE_render_front.jpg,0.4,0.2
rand_RY0Z4Q233Y_render_front.jpg,0.74822437948343,0.12717546939070346
rand_UQVRLPAFY8_render_front.jpg,0.4,0.2
rand_2J3UOGEKR6_render_front.jpg,0.4,0.5011122292150083
rand_RX14YXH623_render_front.jpg,0.8538348786529946,0.2752183511854369
rand_7DB38S9TPK_render_front.jpg,0.37529760867966966,0.46456526605295934
rand_DS9JH8D9AK_render_front.jpg,1.1214353144325357,0.2
rand_RO08L61XX6_render_front.jpg,0.4,0.8052631718509111
rand_5XCIXHIOID_render_front.jpg,0.8354108518194494,0.8211335661754495
rand_P61WH9ZW6F_render_front.jpg,0.8461721454378588,-0.13865104683854834
rand_LJ9N0KX56N_render_front.jpg,0.4,0.43954239764845693
rand_2S4A98TVEC_render_front.jpg,0.42067441356663865,0.2
rand_0EDAWI8C3O_render_front.jpg,0.4,0.2
rand_NOT8M8FJUS_render_front.jpg,1.8073667862916412,0.2
rand_OHHOUKH07T_render_front.jpg,1.06582738653281,-0.35028790986147285
rand_3VR3D7FSY2_render_front.jpg,1.3399361458767065,0.32253302577508625
rand_N82AVE8WJ3_render_front.jpg,0.47099432921330314,-0.15196285618837174
rand_KXY5PVTBZO_render_front.jpg,0.4,0.2
rand_5BFNO0SL5V_render_front.jpg,0.4,0.2
rand_IQ6LFXNZBS_render_front.jpg,0.4,0.29256186398329975
rand_9K4MVNMNN9_render_front.jpg,1.0020371179785204,0.2
rand_TJC5MPH2VR_render_front.jpg,0.7520696812655722,0.10058802081892959
rand_JB6PF1RFRR_render_front.jpg,0.4,0.6107674864042743
rand_OBNC2EUUMN_render_front.jpg,1.612136260778641,-0.42885348858940303
rand_05CIBMETWL_render_front.jpg,1.8323508742663703,-0.29233493208670847
rand_1BWZ5ZSN0I_render_front.jpg,0.6546511847031797,0.706756870243809
rand_EKP335DY27_render_front.jpg,0.3671732505621643,-0.4028558010966481
rand_WBA0T686MQ_render_front.jpg,0.4563945650385526,0.2
rand_F0EYCOSCEF_render_front.jpg,0.4,0.2
rand_RK9EBKZ4EB_render_front.jpg,0.4,0.2
rand_3UPLKH59YW_render_front.jpg,0.4722991335342822,0.2
rand_OCYJ9TEWHX_render_front.jpg,1.0314373340860852,0.45202939744677284
rand_4JWGB0GOEW_render_front.jpg,0.4,0.9010891670693753
rand_5O73X5BYGW_render_front.jpg,0.8723768072165552,0.2
rand_L43M62UU5M_render_front.jpg,0.6265474964358468,0.24120590361746785
rand_P3OLRMG1GD_render_front.jpg,0.4,-0.4610025582830517
rand_DEPWPXOA8X_render_front.jpg,0.6935136977443656,0.7928281553875967
rand_RDUKXJG5DC_render_front.jpg,0.4,0.2
rand_O7FNUDXPAD_render_front.jpg,0.4,0.6045006304155345
rand_03ED5XAYMM_render_front.jpg,0.8997833157282047,0.2
rand_OLZIA2CR76_render_front.jpg,0.5127007311201035,0.2
rand_EXW372UN4L_render_front.jpg,0.4,-0.49234605794189473
rand_H5CUJHNUZJ_render_front.jpg,0.4,0.2
rand_XK2M5LBGYX_render_front.jpg,0.5162860624629599,0.683213118980668
rand_2NCWQSDFIY_render_front.jpg,0.4,0.9826801982906379
rand_W683GQS73E_render_front.jpg,0.5129278918011109,0.2
rand_F234OK9CDN_render_front.jpg,1.1919752289659982,0.07996529602646085
rand_6A6NZ7VDV5_render_front.jpg,0.4,-0.29185245351951916
rand_3BZARB9MX5_render_front.jpg,0.4,-0.21518263027113066
rand_FXNNCDA6CI_render_front.jpg,0.4,0.7263335130666462
rand_NPRKT7NAE5_render_front.jpg,1.022955464992303,0.4283683464337755
rand_40QHYBGIVB_render_front.jpg,0.4,-0.16989842417938156
rand_XG9DK763MO_render_front.jpg,0.4,0.2
rand_OPLXKL6JFF_render_front.jpg,1.0096847308997463,0.5959770733541767
rand_QEZWLQLDOU_render_front.jpg,0.7557817213862287,0.8211684250739728
rand_GLVO03NDNG_render_front.jpg,0.4,-0.2447434922318561
rand_E07LPCBPG5_render_front.jpg,0.4828562628838298,-0.30911357651316623
rand_RSK7OREJNX_render_front.jpg,0.6988998858693225,0.11668513411693782
rand_TYK5OIR8G7_render_front.jpg,1.0875087369400427,0.2
rand_WLCVZO5HF2_render_front.jpg,0.5940434124466831,0.2
rand_9K84N4LRJ3_render_front.jpg,1.0214108468990566,0.2
rand_FBKDRF90DP_render_front.jpg,0.7265150659754847,0.2
rand_1QBX81UFGA_render_front.jpg,0.4,0.2
rand_DMWVOMO14R_render_front.jpg,0.4,-0.08039283745718306
rand_GE0WI751IK_render_front.jpg,0.4034842996346136,-0.1601716525346607
rand_6130G2A3QF_render_front.jpg,0.4,0.22192911971127294
rand_CSA6EAXFPU_render_front.jpg,1.068289596357737,0.2650525978443885
rand_EYM8FI8B1G_render_front.jpg,0.31094612574849995,0.2
rand_62H0R2XG4R_render_front.jpg,0.8082322993392741,-0.4495202350150198
rand_MG8KELMM8Y_render_front.jpg,0.5985534444199946,0.8947857697781831
rand_7DBOJ9YSKY_render_front.jpg,0.4,0.35531397947198484
rand_VOZHKWZIDT_render_front.jpg,0.6656612937481184,-0.09970211457796235
rand_8N6ZJOGDUT_render_front.jpg,0.4,0.7620191756840471
rand_2D389BGEVI_render_front.jpg,0.36138264279101173,0.9667970763976559
rand_RYTF24XJFY_render_front.jpg,0.4,0.8747652876470067
rand_GSV8RZEU8C_render_front.jpg,0.4,0.1830291994084403
rand_N1MGGX9GE5_render_front.jpg,0.6251687945853124,-0.23116750397921804
rand_7AHSNG1HH7_render_front.jpg,0.5214676241674282,0.2
rand_934FZKK14I_render_front.jpg,0.4,0.2
rand_EOXBWV0IM7_render_front.jpg,0.5312675410277575,0.2
rand_DZV0AX1AQA_render_front.jpg,0.46040619295573104,0.07589392109779647
rand_TXGZ4CAXAN_render_front.jpg,0.4,0.8776838923221995
rand_1MQJR75Q15_render_front.jpg,0.49925125599691855,0.2
rand_RIU4GGNHS1_render_front.jpg,1.7933171335371698,0.2
rand_TCD1BS0CBR_render_front.jpg,0.4,0.27304340152444084
rand_4KYIJAC3HZ_render_front.jpg,0.436324064135027,0.9448397669626225
rand_LIUSZPPVPI_render_front.jpg,0.4,0.407132739675264
rand_IYXACC94AE_render_front.jpg,0.658202956665229,0.4529127074145505
rand_NYU147FNW8_render_front.jpg,0.5877355266206427,0.2
rand_G1F4MUBHRE_render_front.jpg,0.3628347288760069,0.2
rand_BZ4PA90D3P_render_front.jpg,0.9671195244030453,0.2
rand_5N9TKTAKET_render_front.jpg,0.4,-0.028022147664874597
rand_L7MR5GX4DE_render_front.jpg,0.6324630702006574,-0.018438131737354924
rand_KW7FD7MQ5M_render_front.jpg,0.5988458269904053,0.5204750482210629
rand_V3VU74LWCP_render_front.jpg,0.633122134181043,0.2
rand_URO885VTBY_render_front.jpg,0.4,0.2
rand_45AD7EWMGP_render_front.jpg,0.4,0.2
rand_IU3NAACI2H_render_front.jpg,0.4,0.2
rand_41A6FAQQ89_render_front.jpg,0.6276300148092555,0.32975338138956456
rand_0JO2I2WROC_render_front.jpg,0.4,0.2
rand_5QXCUGHKZQ_render_front.jpg,0.4,0.9462272435568633
rand_C3I8LKGG13_render_front.jpg,1.1669880791929286,0.2
rand_WCELXAHRQD_render_front.jpg,0.4,0.2
rand_46W4YZP1QR_render_front.jpg,0.4,0.8791104227290971
rand_8HRCSKPKFF_render_front.jpg,0.4,-0.18410453300659224
rand_53QD6WH0ST_render_front.jpg,0.4,0.06942316367630852
rand_22I0Y5JF41_render_front.jpg,0.4,0.20290390804733205
rand_25N2K5G9MV_render_front.jpg,0.4,0.2
rand_58BUC8A2J6_render_front.jpg,0.3699093693942735,0.2
rand_2EWQJNS22W_render_front.jpg,0.8040541914665902,0.2
rand_TGKZDWBJPR_render_front.jpg,0.4,0.6655118498157053
rand_1EHUSGYR73_render_front.jpg,0.4,0.2
rand_IORZ26YGGQ_render_front.jpg,0.7035202268773842,0.2
rand_4VC2YTSS7G_render_front.jpg,0.4,0.5142754246456169
rand_I1HZPJNLOP_render_front.jpg,1.1267236707253971,-0.05505756969228487
rand_8LRWRUERKZ_render_front.jpg,1.154871973937995,-0.30900599339355833
rand_BWS7OU8EU2_render_front.jpg,0.4,-0.4125358273561701
rand_5DY3AIHCOT_render_front.jpg,0.4,0.2
rand_USFQWKDZ17_render_front.jpg,0.47842175793423536,0.2521058642439131
rand_WSXNCG385V_render_front.jpg,0.6471995885817696,-0.17895078647257212
rand_PFBMCUDKM7_render_front.jpg,0.4,0.7045989543001481
rand_SJGJP2EGEH_render_front.jpg,0.4,0.2
rand_9YZ14T72UQ_render_front.jpg,0.8179413091675156,0.9488791843829718
rand_GPMED5M9KO_render_front.jpg,0.9095099561140507,0.24995468476692717
rand_6LT852E6UA_render_front.jpg,0.5973273952328668,0.2298414091499139
rand_OEM8F2IJRC_render_front.jpg,0.4,0.041072800406179444
rand_2A6VEWXD7Q_render_front.jpg,0.47198986846979724,0.9891130517460534
rand_5NW2K4I7FI_render_front.jpg,0.36152364775128093,0.5479480970294393
rand_LZYBWE232M_render_front.jpg,0.4,0.21104781644024095
rand_FR6G4G29Z1_render_front.jpg,1.005658904317026,0.36279816243068264
rand_59ALBWGAYZ_render_front.jpg,0.4,0.2
rand_O7CEEXFFE5_render_front.jpg,0.5152549275318126,0.2
rand_RDRK01D9AC_render_front.jpg,0.4,0.42232759057450964
rand_R2D7JIR0NJ_render_front.jpg,0.4,0.2
rand_C3Y6KP8CX1_render_front.jpg,0.4,0.9451562055357585
rand_DD4HP07OWX_render_front.jpg,0.6849962937800433,0.2
rand_1VQCVY3Y8F_render_front.jpg,0.9189167737377004,0.2
rand_A2OTJEBAXQ_render_front.jpg,0.4,0.2
rand_M6KUY8ZF6X_render_front.jpg,0.7404534499060837,0.2
rand_WTZ3MEKIY7_render_front.jpg,0.4,0.03441226952476062
rand_1FD5WAL3V5_render_front.jpg,1.2755763011404975,0.2
rand_RJDL4TYLML_render_front.jpg,0.9303104872458074,0.47331763252128345
rand_RVLLKAK08U_render_front.jpg,0.4,0.2816396319891672
rand_YEXSJ41N6E_render_front.jpg,0.4,-0.10409578015131216
rand_T31LN4VGU0_render_front.jpg,1.1427409428692874,0.590262751583331
rand_PRSZXM6H2G_render_front.jpg,0.4,0.09125401829360102
rand_40CI3UJ2GM_render_front.jpg,0.4303737350319099,0.0826428255484476
rand_OOL0VP36OV_render_front.jpg,0.4,0.7339510630017594
rand_T5CE7E208U_render_front.jpg,1.0122271415757131,0.012297489544907725
rand_UP7ODK1M0Q_render_front.jpg,0.8637707763888627,-0.41913588720697253
rand_L2WIXJINNN_render_front.jpg,1.1245326836681078,0.2
rand_O00DVNZE1F_render_front.jpg,0.4,0.2
rand_CFEX9535U4_render_front.jpg,0.4,-0.31457318802592
rand_8FNU8OJSS0_render_front.jpg,0.4,0.2
rand_MY0U3YBN1B_render_front.jpg,0.6085776891689703,0.2
rand_CC82K7GU34_render_front.jpg,1.138392746590256,0.2
rand_28TCTHHN3J_render_front.jpg,0.4,0.006485646756647201
rand_8YIN4ZBX2H_render_front.jpg,1.106772828186681,0.2
rand_AVCZHE2UX0_render_front.jpg,0.4,0.29591076205999123
rand_AQMCNBQW6F_render_front.jpg,0.35022005988969124,0.39884972851204603
rand_A3YIJADOKC_render_front.jpg,0.4,0.2
rand_H38TFKFX2K_render_front.jpg,0.8745887990876533,-0.18288201032997398
rand_B8FNUM8EPS_render_front.jpg,0.4,0.9347734205138101
rand_XXEPY15GEW_render_front.jpg,0.6773354486394527,-0.3352005855406528
rand_NHQM5ATKQC_render_front.jpg,0.796088027854422,0.2
rand_XRRFQCJRUO_render_front.jpg,0.9235614675045429,-0.36352548354612435
rand_YNEDK02S0T_render_front.jpg,0.4,0.19742297249033225
rand_6CJUC7484W_render_front.jpg,0.5451011692443222,-0.20294945853767177
rand_D3WDAZKL27_render_front.jpg,0.35166668116382327,0.14528724142066518
rand_PLE3OLNZ9F_render_front.jpg,0.4,-0.2923316144529609
rand_8QCKT870AV_render_front.jpg,0.8743999866801082,0.8214262562594286
rand_WCRGR3FKYU_render_front.jpg,0.4,0.2
rand_X5FW7XH70N_render_front.jpg,0.4,0.2
rand_0KPO5WFM2T_render_front.jpg,1.2949869962148,0.2
rand_SHW66G2GVE_render_front.jpg,1.719135387609323,0.354920813280304
rand_CTK2QSY7DJ_render_front.jpg,0.5983076730764592,0.2
rand_GC5Q2BO3FR_render_front.jpg,0.4,-0.04987751662565232
rand_ZQ2FLIYVQL_render_front.jpg,0.4,0.2
rand_HSVB212L0H_render_front.jpg,0.4,0.4341407434856217
rand_HKG4VNO2LI_render_front.jpg,0.957260221238817,0.8930277320839937
rand_2PL6FNIXMP_render_front.jpg,0.4,0.6298670400310824
rand_RS2547M3CU_render_front.jpg,0.4,0.2
rand_EGY19RZL0X_render_front.jpg,1.2063754855198774,0.2
rand_JIVK02ZRWT_render_front.jpg,0.4,-0.06693841786130778
rand_U8DM09PS80_render_front.jpg,1.0473836126971856,0.2
rand_VIRY4PWEHA_render_front.jpg,0.4,0.2
rand_0UZW3TEBKT_render_front.jpg,0.4,0.2
rand_GD1NH8M8LP_render_front.jpg,0.489466261338265,0.2
rand_D2RQRI1ZWS_render_front.jpg,0.4,0.24822016093287236
rand_1RZCYWNNZU_render_front.jpg,0.4,0.2
rand_DC80KVUJQC_render_front.jpg,1.0318281210878695,0.2
rand_YOIOPZS3LE_render_front.jpg,0.4,0.2
rand_LYDXE82XOI_render_front.jpg,0.3698089180476264,0.2
rand_Y0RDIN39MW_render_front.jpg,0.4,0.08093747366688797
rand_69LB9LNXAJ_render_front.jpg,0.4,0.5010998589306705
rand_28Y9ZV7P4R_render_front.jpg,0.47877871959563134,0.6836049534537776
rand_FHO1JU4S0T_render_front.jpg,1.1470568367770355,0.2
rand_86C7PHS5UR_render_front.jpg,1.012352355855228,0.6072647760124594
rand_5M1NUK28JU_render_front.jpg,0.4,0.028464975382741953
rand_VIN6JWWVW4_render_front.jpg,1.0469338644339636,0.7545329562137892
rand_YDZTOUWXAW_render_front.jpg,0.4,0.05323492588586598
rand_Q8DWYCXDWU_render_front.jpg,0.9951609670732815,0.6540890203301968
rand_P52XGQHIPL_render_front.jpg,0.41613590721944754,-0.04619291632895345
rand_MZX519TX0C_render_front.jpg,0.9637130596844861,0.36839084298802227
rand_BK7NCIOYEX_render_front.jpg,0.4,0.2
rand_GA4UHIK18H_render_front.jpg,0.633616846047689,0.4337291280095559
rand_FE8IJXWNL6_render_front.jpg,0.7318967114406516,0.9631069151934519
rand_XKKVXIEYTX_render_front.jpg,0.4,0.6714400307170398
rand_CQ63OARFJX_render_front.jpg,0.4,0.7515689566530726
rand_K3QY58G6ZK_render_front.jpg,0.741365904194224,0.2
rand_OX1SG0G9D7_render_front.jpg,1.162991484972321,0.2
rand_D96LKRZ5AX_render_front.jpg,1.0155515418935357,0.2
rand_MZTHIORI0Q_render_front.jpg,0.7402035405081502,0.2
rand_VO1QYXZA85_render_front.jpg,1.7713682096054721,0.2
rand_NWJPFUGUNM_render_front.jpg,0.4,0.07493002236847301
rand_M6KITVXQC4_render_front.jpg,0.4,0.2
rand_M88HWC8EJT_render_front.jpg,0.4,0.4657330191279412
rand_295MPL3NTA_render_front.jpg,0.4,-0.3985017282736922
rand_JSIQDO4R3Y_render_front.jpg,1.1404886292026597,0.2
rand_M08N81WSLI_render_front.jpg,1.254941168272339,-0.30771723637451653
rand_RIQ8EJ5EWQ_render_front.jpg,1.2426603384363042,0.07195454559629999
rand_IBZ1EYSWTI_render_front.jpg,0.4,0.2
rand_IRIDVDNJMM_render_front.jpg,0.4,0.2
rand_FKYMC7JY0P_render_front.jpg,0.795474992693119,0.7719992945718794
rand_5GIMCJ3641_render_front.jpg,0.6127396877154001,0.12222745766939735
rand_OWKI3EQAV6_render_front.jpg,1.1214456801548602,-0.33250690245939984
rand_802E66UG8D_render_front.jpg,0.4,0.2
rand_HHY2L8W4RL_render_front.jpg,0.33929838262957907,0.6665043397500288
rand_076MTWGQ6I_render_front.jpg,0.643421236140236,0.16552413252787512
rand_3XWD6PBRPA_render_front.jpg,0.4104943348306292,0.045479534473864325
rand_6FQXW3RQM4_render_front.jpg,0.4,0.2
rand_C7Y5MRNONL_render_front.jpg,0.3600421704763728,0.25921911647939944
rand_FNH3ZV4JU1_render_front.jpg,0.37766529432684015,-0.3935564997616498
rand_MTHKTLCG0I_render_front.jpg,1.0875001132611857,0.2
rand_OW4J5K56GX_render_front.jpg,0.4,0.2602495781589458
rand_X0F8A9482H_render_front.jpg,0.4,0.2
rand_N3G9OVQEL2_render_front.jpg,0.4,0.6465096944817355
rand_T2I7G3T329_render_front.jpg,0.4,0.8986046929260225
rand_6V0M1JFODS_render_front.jpg,0.3971691006032879,0.5935964332977082
rand_75QWDYNUFM_render_front.jpg,0.907956338786309,1.5689581942757158e-05
rand_KVZN7YY3GG_render_front.jpg,1.082427008791221,0.2
rand_94GEJP55IM_render_front.jpg,1.142496507051632,0.2
rand_B3LVICPNW3_render_front.jpg,0.4,-0.34385240817112306
rand_2OVWTM2Q1G_render_front.jpg,1.1020915204359631,0.2
rand_VU2GJ52O9H_render_front.jpg,0.4,0.7140860698210179
rand_EXQF39ZOIO_render_front.jpg,0.4,0.12044633111918879
rand_M6TE0I5IY8_render_front.jpg,0.6533136945839146,0.2
rand_0CQVYOX5F6_render_front.jpg,0.4541962380644937,0.2
rand_GAH6EPYIOH_render_front.jpg,0.7122842483279197,0.39135212016849985
rand_CAFATIJOUG_render_front.jpg,0.4,0.2
rand_EX9K0M1SOI_render_front.jpg,0.4,0.3909810134611946
rand_Z8V13566SC_render_front.jpg,0.4,0.2
rand_6XU2S26IE2_render_front.jpg,0.5704065954940514,0.2
rand_WFLX38FA01_render_front.jpg,0.4,-0.3266761794703745
rand_II1S6XOT2L_render_front.jpg,0.4,0.2
rand_NO2S870PUY_render_front.jpg,0.4,0.2
rand_D3ZXPYA6WA_render_front.jpg,0.6442574861912281,0.27832796470420784
rand_KVGVAULZD2_render_front.jpg,0.4,0.2
rand_FK2MD1OXI7_render_front.jpg,0.4,0.2494725497029464
rand_RA9A5S1WGU_render_front.jpg,0.4,0.5308693523376458
rand_U5GBA3RL0R_render_front.jpg,0.4,0.2
rand_6U5A609SEB_render_front.jpg,0.9179102300471196,-0.45198684781181825
rand_S14WEMSOBY_render_front.jpg,0.9607778388395947,0.47092785177830165
rand_XB4YN2VXXJ_render_front.jpg,0.9789835958479678,0.2
rand_JTXLAIOW77_render_front.jpg,0.714213239920082,-0.2189789691450053
rand_YYFRSF75M9_render_front.jpg,0.4686796850580919,0.2
rand_H7SB2JUQZ0_render_front.jpg,0.4,0.12211911850213797
rand_W4G7MJFJ8H_render_front.jpg,0.7792567014445133,-0.1727146284455613
rand_3EB8RXSAXH_render_front.jpg,0.9767733541488144,0.2
rand_T4XRRLHWZN_render_front.jpg,0.4,0.9406523326830825
rand_PGLNA51RYZ_render_front.jpg,0.7126857059388497,0.31264518740977487
rand_U3Z73ZK426_render_front.jpg,1.1081977074293472,0.2
rand_AYDHRKE416_render_front.jpg,0.4,0.2
rand_KIR47Q5XTP_render_front.jpg,0.4,0.2
rand_7M1B3G6YLZ_render_front.jpg,0.4,-0.013905400425138492
rand_TIQGHX20MH_render_front.jpg,0.4,0.2
rand_HNB9F3ZGQR_render_front.jpg,0.9658836486808529,0.8594671943877099
rand_MXT3GPHJV6_render_front.jpg,0.8539200422553863,-0.16768678844571205
rand_N7DVRH0WBA_render_front.jpg,0.4,-0.24371246249813255
rand_HBWLC4QFH2_render_front.jpg,0.3162219390836891,0.3874385672113331
rand_FZL9VHVHTN_render_front.jpg,1.2049153572634925,0.2
rand_5ON6A0F107_render_front.jpg,0.7383244652663433,0.2
rand_30V4815BMF_render_front.jpg,0.8153333893113257,0.2
rand_V6OQ0JZAMU_render_front.jpg,1.0113349960000289,0.2
rand_36R6CCST4K_render_front.jpg,0.4400505368958363,0.33089521679820133
rand_S2UTVIAEQI_render_front.jpg,0.38253748052790465,0.9134609903277888
rand_UYUTDT9GMD_render_front.jpg,0.4,0.14546350845473566
rand_TJUIJFPUJR_render_front.jpg,0.4,0.3954147219844206
rand_XHTU9R9GSY_render_front.jpg,1.095179690213732,0.2
rand_1F9X18XIIW_render_front.jpg,0.4,0.2
rand_TUE4JZ0LBB_render_front.jpg,0.4,0.04570300832439245
rand_TSRX0JYPFD_render_front.jpg,0.4,0.2
rand_56DHQSF4PV_render_front.jpg,0.4,0.7269340467515821
rand_NC5C1PDN0B_render_front.jpg,0.3888376693903448,0.2
rand_7EDWL8GRWA_render_front.jpg,0.4,0.2
rand_Y0UCUWX79H_render_front.jpg,0.4,-0.3128336214466186
rand_3AU8D8P2KL_render_front.jpg,0.874118622146679,0.2
rand_PS9I7ME5DV_render_front.jpg,1.053480054641446,-0.4316051785652002
rand_IOASGXNQ5L_render_front.jpg,0.6754302460674295,0.692680060619312
rand_5P3B6RED6L_render_front.jpg,0.7803399850442366,0.2
rand_ED395J71AM_render_front.jpg,1.1194209015857552,0.5886229919105146
rand_WYSUNY93UE_render_front.jpg,1.0734429111611703,0.2
rand_O2LYAPEBBZ_render_front.jpg,0.30025706211315895,0.7068153718860126
rand_TBFAFQ4KQZ_render_front.jpg,0.4,-0.06940177307255924
rand_MPV0MZJMX7_render_front.jpg,0.4,0.2
rand_59Z5DQSN4B_render_front.jpg,0.46209968705228904,0.9846896887221699
rand_QI113VG552_render_front.jpg,0.34447095305500236,0.36347364103926916
rand_JNQM3QSI7R_render_front.jpg,0.48641924913490286,0.2
rand_B6ZO8UTRXX_render_front.jpg,0.4,0.2
rand_I576YLPWA8_render_front.jpg,0.4,0.42944641575652687
rand_1Z4IMKM9ZT_render_front.jpg,0.7461925471189502,0.002430642374113612
rand_JSXI1TUD7U_render_front.jpg,0.4,0.31628303584379625
rand_QE1XGFBFET_render_front.jpg,0.4,0.5259799457838237
rand_R6OX3KNOAY_render_front.jpg,0.8396670800981021,0.2
rand_UL9R0TH4F3_render_front.jpg,0.5842156982985262,-0.18990231294788223
rand_9V4K738672_render_front.jpg,0.574968802735003,0.2
rand_0T0TI3VUMT_render_front.jpg,0.6256498106195543,0.08213116101284168
rand_F5XAW99SVH_render_front.jpg,0.4,0.2
rand_3CWAI3O3ZZ_render_front.jpg,0.4,0.2
rand_SZIVWZ6GYM_render_front.jpg,0.6674211560276541,0.2
rand_PKWIYHCKB9_render_front.jpg,0.8218751367391377,-0.17950344760090026
rand_D5E8OMQ9XA_render_front.jpg,0.5141889606789702,0.2
rand_KVU56ONE7Z_render_front.jpg,1.16177618591057,0.3005528597118271
rand_X0VSV3MR6E_render_front.jpg,0.5338311746442881,0.8971342867110246
rand_7LUZ70LAA6_render_front.jpg,1.2002736972933896,0.2
rand_WIOEOBB0ZX_render_front.jpg,0.6975223742931302,0.2
rand_HKLR4HWH7W_render_front.jpg,0.859594834433794,0.2
rand_PCLIIBCZBY_render_front.jpg,1.171625202197615,0.2
rand_CYV2S453DF_render_front.jpg,0.8878093347274387,-0.3679391311397972
rand_ZH0ZZ5KC2W_render_front.jpg,0.4,0.7073693564515
rand_DGPV3BF6R6_render_front.jpg,0.4,0.2
rand_CBS9N8T42H_render_front.jpg,0.4716106007311069,-0.2386230175054268
rand_OLA2HBBMND_render_front.jpg,0.4,0.5616576021249253
rand_6UROTSLW28_render_front.jpg,0.4,-0.22374205280518322
rand_WGZE9EDHST_render_front.jpg,1.0492777167571459,-0.2758702099790413
rand_4Y88YQ405D_render_front.jpg,0.8875163337432579,0.2
rand_YGPSB07R1G_render_front.jpg,0.4094740852579687,0.2
rand_BHPZYV88FQ_render_front.jpg,0.4,0.2517443181031368
rand_H6UHJL9DN1_render_front.jpg,0.4,0.901819179688188
rand_5CD904XRYU_render_front.jpg,0.4,0.9160818807621367
rand_GTVO09TIYK_render_front.jpg,0.6404818869396273,0.2
rand_KDIMQ60HKM_render_front.jpg,0.37992624108045775,0.012931565626565056
rand_EB617XDS8X_render_front.jpg,0.4,0.2
rand_BU897BJJ7M_render_front.jpg,0.6671683413008325,-0.3428574518182756
rand_QEAELP7XFT_render_front.jpg,1.0105294315581175,0.2
rand_85XJSNLOUE_render_front.jpg,0.5752817333479235,0.2
rand_B5QYLFAKNV_render_front.jpg,0.4,-0.4751559357543891
rand_PJOJ22MZMV_render_front.jpg,0.4809377923034406,0.5984838740867318
rand_3AK6THRIRM_render_front.jpg,0.7074453341983302,0.3150399630658913
rand_C0BNV7O135_render_front.jpg,0.4,0.35877017768593245
rand_XQKN4WBCSD_render_front.jpg,0.4,0.4866050194167164
rand_Y7H512MT2P_render_front.jpg,0.4,0.7357639412511474
rand_2V6PI0FOKB_render_front.jpg,0.9402668607664126,0.9444114720176897
rand_LZ4FDFBTRN_render_front.jpg,0.4,0.017210252080370747
rand_3L73ZZWXWA_render_front.jpg,0.33793168373189464,-0.03753305820711539
rand_8Q72FAQVM6_render_front.jpg,0.43283694002025624,0.2
rand_92TKQPIJ33_render_front.jpg,0.4,0.2
rand_WK8QW5YRW7_render_front.jpg,0.4,0.2
rand_MKLSVOMBUE_render_front.jpg,0.4,-0.47458927205342005
rand_FGYBO8NS4U_render_front.jpg,1.2060780508175915,0.2
rand_5PS4VXA1YC_render_front.jpg,0.35445484740405764,-0.23204529764645132
rand_4DMTRT5E50_render_front.jpg,0.4,0.9824336776923464
rand_FFJKFQVL9F_render_front.jpg,0.4,0.2
rand_WEREAXF6DW_render_front.jpg,0.9626114743503564,0.6656393495550694
rand_L22GXECPVU_render_front.jpg,0.9033811802383076,0.2
rand_6AFUZ6N9B1_render_front.jpg,0.4,0.45578219858353086
rand_LGYYEILTVZ_render_front.jpg,0.8520985299541124,0.2
rand_2W6WO62LBV_render_front.jpg,0.4,0.2
rand_4RJVC059IV_render_front.jpg,0.4,0.8931424552886553
rand_3HFY42MQ73_render_front.jpg,0.4,-0.4238370135928266
rand_JWP9DEPCEX_render_front.jpg,0.4,-0.18937617900822945
rand_LZMP08913H_render_front.jpg,0.4290444531510973,0.4411731817063409
rand_VFP9BK7347_render_front.jpg,0.4,0.2
rand_FMTMWDN3BP_render_front.jpg,0.4,0.2
rand_4SW9OFG7CG_render_front.jpg,0.4,0.35484700799708446
rand_Y85UD5GHDR_render_front.jpg,0.4598938775644925,0.9062777895759222
rand_440CNNU2R2_render_front.jpg,0.7886655071273303,0.2
rand_GYXKI95OGS_render_front.jpg,1.2489307481272722,-0.2871970237199001
rand_RTVX7RFXKQ_render_front.jpg,0.4,0.2710770587074878
rand_M58BDBU65O_render_front.jpg,0.4,0.21320128087813273
rand_TLCON907TC_render_front.jpg,0.4,-0.4793550917553388
rand_KL4A28KEMH_render_front.jpg,0.524330321232462,0.2
rand_GEZE80YT1Q_render_front.jpg,0.4,0.7489176168247278
rand_3PIV6QX2K8_render_front.jpg,0.4,0.2
rand_EDFOIAN2TC_render_front.jpg,0.9692444306484,0.8342695725787248
rand_AKNXKRTUAX_render_front.jpg,0.4,0.0364880766437895
rand_UPFVDYLVLM_render_front.jpg,0.4,0.2
rand_GVL56PV1GQ_render_front.jpg,0.4,0.2
rand_Y1BFZ38FFU_render_front.jpg,0.3557630611122903,0.2
rand_TIWVVLSYND_render_front.jpg,0.6812997961402188,0.9256115051330003
rand_PN243XIG8J_render_front.jpg,1.031723485418964,0.2
rand_20UY60BYB1_render_front.jpg,0.4,0.2
rand_U8WJXSAIYC_render_front.jpg,0.6114876902449403,0.2
rand_LYEHR8I1UU_render_front.jpg,0.330921578944102,0.2
rand_S7I6E4XF9C_render_front.jpg,0.36740066941657534,0.02649197530858327
rand_IQVZ9NT304_render_front.jpg,0.4,0.2
rand_Z12YV57G0U_render_front.jpg,0.4379816871824651,0.2
rand_JN1FUPQMXJ_render_front.jpg,0.4,0.2
rand_NZN4C846A9_render_front.jpg,0.8040955344772633,0.2
rand_5FGHQVYZPU_render_front.jpg,1.079433957669926,0.2
rand_SE5SVYX6S0_render_front.jpg,0.4,0.2
rand_K9WTPAA26X_render_front.jpg,0.4,-0.4811942971593004
rand_TJBPZVY36S_render_front.jpg,0.4,-0.2094455147109009
rand_UO6ZTBSURI_render_front.jpg,1.1067160763932642,0.3736536621641183
rand_WYY351GXAE_render_front.jpg,0.4,0.9448497626695849
rand_IKUCAK0Q0W_render_front.jpg,0.7532377229279422,0.2
rand_CJC061HJB7_render_front.jpg,0.45515630373297344,0.8504519313130432
rand_NR2QDVL0ZP_render_front.jpg,1.2411505230636497,0.2
rand_I01M3ZPXTP_render_front.jpg,0.4,0.2
rand_T53824S90D_render_front.jpg,0.4,-0.4739913990315316
rand_IUW2KQMSX4_render_front.jpg,0.9002825424165255,0.2
rand_2XM4H1KF61_render_front.jpg,0.4,0.7742006058921063
rand_E5R1ECE9TS_render_front.jpg,0.4,0.4694429999042504
rand_8W06B9QH7E_render_front.jpg,0.4498475271227961,0.8311195320154945
rand_P9CM7RF9M5_render_front.jpg,0.4,0.5739783853288281
rand_RAT1TXZ2WJ_render_front.jpg,0.4,0.2
rand_4TRJ5YJIR5_render_front.jpg,0.4,0.7840778446619108
rand_NACMFUFF06_render_front.jpg,0.4,0.2
rand_IM94PF69RI_render_front.jpg,1.067254939026428,-0.25844687318837634
rand_C2SGK4LR5L_render_front.jpg,0.4,0.1262389483135158
rand_LRZP24KHZF_render_front.jpg,0.3211174124712826,0.2
rand_15UI38FJ0Q_render_front.jpg,1.0637168900449787,0.5500320471421571
rand_V4ED1KTEDK_render_front.jpg,0.7681158092601701,0.2
rand_VR2BYIUNLF_render_front.jpg,0.6977707509310449,-0.10369014483383837
rand_MOU3I42XU1_render_front.jpg,0.4,-0.2820355980489298
rand_DL8BGX74NP_render_front.jpg,0.4655445976908537,-0.06295768555961756
rand_YJ4G3WMVCC_render_front.jpg,0.536602691338492,-0.3777917082769821
rand_JZP284M0IH_render_front.jpg,0.5905878412406662,-0.2140197988962007
rand_7BDSK9UJ2F_render_front.jpg,0.7677111717477971,-0.016720898759606306
rand_29EZKNAJZD_render_front.jpg,0.8992253547637077,0.41368179103358127
rand_549V0PON6E_render_front.jpg,0.34834909571124706,0.2
rand_314WIE6LW0_render_front.jpg,0.47430456943077137,0.2
rand_I7KI6RMSWK_render_front.jpg,0.4,0.35796846728682397
rand_ZEMZ1S7MIC_render_front.jpg,0.7631024473791389,-0.2065346432014069
rand_6DIY7RYHX5_render_front.jpg,0.3577727133687929,0.48698441711896434
rand_A7BSBSGXNP_render_front.jpg,0.5385574216664022,0.2
rand_Q3T78WWVBI_render_front.jpg,0.4,0.2
rand_TMOPMD90WR_render_front.jpg,0.4,-0.20762617454076104
rand_IMF0KIZV2H_render_front.jpg,0.4,0.35707885647189586
rand_S60P08PMAD_render_front.jpg,1.2543245011922013,-0.17327441649985897
rand_4D67COCM29_render_front.jpg,0.4,0.2
rand_ZH5WV43Q34_render_front.jpg,0.4,0.09935972459746556
rand_YHW3BSGL9G_render_front.jpg,0.5359998850330825,0.6900697356000984
rand_HW663QK0YL_render_front.jpg,0.8724585521806569,0.1587947710544393
rand_H40VUJ2T1I_render_front.jpg,0.5358722931374039,0.2
rand_HIJW1V0Q8G_render_front.jpg,1.038210751492723,0.2
rand_HULY4CJ4V0_render_front.jpg,0.6657416859905199,0.2
rand_WU8H44RUC5_render_front.jpg,0.4,0.6614831212333616
rand_MHUTP5PAD7_render_front.jpg,0.32411592770655295,0.2
rand_7WTLIRGG9Y_render_front.jpg,0.4,0.9262910286673738
rand_IAWF61Z1EO_render_front.jpg,0.6357232023282551,-0.27692503004449964
rand_H18UBG0939_render_front.jpg,0.4,0.2
rand_HNWXDQKFKQ_render_front.jpg,0.7454370840489393,0.6586044925306829
rand_6VU489FTTW_render_front.jpg,0.4,0.1732307350979374
rand_5EFJW8FQRB_render_front.jpg,0.4,0.5446405847675573
rand_UF7KNICR8Q_render_front.jpg,1.2101584157331604,0.2
rand_V6CV0231IC_render_front.jpg,0.4,0.3166339409624104
rand_Y03LPZ367Z_render_front.jpg,0.4,0.2
rand_1Y0YQ93QE1_render_front.jpg,0.4,-0.16390926590254912
rand_3T9Z6P2DD0_render_front.jpg,0.4,0.2
rand_IAA7IEXHWL_render_front.jpg,0.4,0.2
rand_IY1Z03QY54_render_front.jpg,0.7426525422843977,0.2800814578974683
rand_7XEZW1FR0P_render_front.jpg,0.4,0.2
rand_7M0F5UV2DQ_render_front.jpg,1.1670589481140694,0.2
rand_X2J3567CGB_render_front.jpg,0.38841097979546657,0.8998336712408674
rand_85IXFH0X5C_render_front.jpg,0.9879844053697819,0.16477317916587542
rand_PJK0EWDO1A_render_front.jpg,0.888609412785782,-0.4554097288679938
rand_5FHPHDE1JU_render_front.jpg,0.6076791831330635,0.2
rand_C4ICKB4HVR_render_front.jpg,0.9136860708581866,0.4235114279613177
rand_1V8RADMOM3_render_front.jpg,0.4,0.43752976531651977
rand_2ZRIC1YOF9_render_front.jpg,1.0390141635345231,0.2
rand_MAEOHQW9LK_render_front.jpg,0.4,0.2
rand_W4Y9K3ALG8_render_front.jpg,0.3746050495245309,0.2
rand_D7KCHV5DRA_render_front.jpg,0.4,0.5170333745946873
rand_M68WVTGHSA_render_front.jpg,0.4,0.2
rand_XQG94M4A10_render_front.jpg,0.5938720167164678,-0.3330081612215743
rand_TIQFZSM9CC_render_front.jpg,0.4,0.2
rand_5GJOYNX40U_render_front.jpg,0.8517574654804481,-0.0685905075558147
rand_Z4OLVZQOUD_render_front.jpg,0.4,0.2
rand_NG0OH0R7S6_render_front.jpg,1.0686254872763754,-0.16456332600229445
rand_KT07KX9F9M_render_front.jpg,0.4275412962928143,0.2
rand_G04CE5TMM9_render_front.jpg,0.4,0.9612568859992425
rand_JZPUDXFORZ_render_front.jpg,1.1112701577896968,0.40925741050004505
rand_FCSP3RU1SR_render_front.jpg,0.9977982377593086,0.492372520923005
rand_ZPRKOUJ180_render_front.jpg,0.4,0.2
rand_M2VPOLQPX7_render_front.jpg,1.1134054825323256,0.2
rand_18ZB6FI9T5_render_front.jpg,0.7821246415402401,0.4435811133195887
rand_WD4I7D61XN_render_front.jpg,0.4,0.6826414994862335
rand_MAQSROI5CF_render_front.jpg,0.338095754991511,0.2
rand_PM7T1NWM55_render_front.jpg,0.7317530455978491,0.12839569687869257
rand_PR93FDE4KK_render_front.jpg,0.41261466639592626,0.9989948330368119
rand_40G09BOT9Y_render_front.jpg,0.4,0.2
rand_6LGVTZU5PK_render_front.jpg,0.4,0.2
rand_04GAM9B4PR_render_front.jpg,0.4,0.781225466828892
rand_NMBWHJWGFS_render_front.jpg,0.4,0.2
rand_YE3C15V1SJ_render_front.jpg,0.4,0.2
rand_16UW0YHRXD_render_front.jpg,1.0904886268238574,0.7114025672396354
rand_IHFZTWR67W_render_front.jpg,0.4,0.2
rand_X3240JAMXQ_render_front.jpg,0.3904832293803915,0.2
rand_2HZSKQKFVI_render_front.jpg,0.32052945205866407,0.9469698994862294
rand_COLT87AV88_render_front.jpg,0.9919089078307692,0.2
rand_ZAKBZVU5XQ_render_front.jpg,0.4,0.7544146053500185
rand_NRN470K5NI_render_front.jpg,0.7664821362931922,-0.04681058060113469
rand_JEV1XGUA9Z_render_front.jpg,1.173016485410161,0.2
rand_PLB8M4QFXN_render_front.jpg,1.0720166665941366,-0.40761252809429466
rand_I2FI8NRQ4U_render_front.jpg,0.6982920688399175,0.27687910145826944
rand_QHQP9X2O6Y_render_front.jpg,0.4,-0.44983926229229754
rand_38JJ3T92JE_render_front.jpg,0.4,-0.4847358287104978
rand_LC4AR1S5HL_render_front.jpg,0.4,0.11195750861747733
rand_O1JGU8RLCC_render_front.jpg,0.6355380650179364,0.1894400139395508
rand_29Y6R278T5_render_front.jpg,1.6273493377366361,0.2
rand_H6KSAMIWSO_render_front.jpg,1.1702291410886299,0.2
rand_QUEF8GR034_render_front.jpg,0.8946067418844745,-0.35899346254370057
rand_5VQB41E4W8_render_front.jpg,0.4,0.031817235820838285
rand_QHXH4BG19Y_render_front.jpg,0.3642576739987849,-0.49928636381623775
rand_AD5AOUSQFK_render_front.jpg,0.8935372189365556,0.2
rand_KB0YP6ADBY_render_front.jpg,1.2196056915353075,-0.045447953209210246
rand_OS00EWHO0D_render_front.jpg,0.702696511480568,0.3978222610183477
rand_MWCSXYX134_render_front.jpg,0.4,0.469641002906768
rand_MLVC36N3BY_render_front.jpg,0.5007340531981093,0.2
rand_EDZVWXMWKL_render_front.jpg,1.1970469142020377,0.2
rand_EP1XYW7P2D_render_front.jpg,0.4,-0.27335704240997
rand_CKOONBHNF6_render_front.jpg,0.4,0.2
rand_9G5NBOHAV8_render_front.jpg,0.5500467952953549,-0.39402635722479706
rand_E524RGLPLK_render_front.jpg,0.4,0.2
rand_MMWCBWRD6X_render_front.jpg,0.48007408767022575,-0.26221406274495274
rand_RNMDBYUO2S_render_front.jpg,0.4,0.45517255912921306
rand_IYZC7VYQGS_render_front.jpg,0.7860142461408746,0.6339182641085506
rand_TI0HBS9TUQ_render_front.jpg,0.4,0.8199094343039035
rand_JRBEEUOFP0_render_front.jpg,0.4,0.2
rand_OFF0X7RQ27_render_front.jpg,0.4,0.2
rand_ES9LFGNTDE_render_front.jpg,0.4,0.37353680304123915
rand_K09DOI2ERR_render_front.jpg,0.4,0.30706793840055835
rand_ANX1VUUY9A_render_front.jpg,0.37980336485479527,-0.15310537699907423
rand_R55RNOHUQV_render_front.jpg,0.4,0.2
rand_87DZXC0RPK_render_front.jpg,0.4,0.08563888904442118
rand_W2RXXFVSRD_render_front.jpg,0.4,0.33508527201676896
rand_DWEBDLNJL5_render_front.jpg,0.4083445097584675,0.6812896146423435
rand_JYCK1MHO51_render_front.jpg,0.8849047126965093,0.21119059861308898
rand_ROWNN61J1C_render_front.jpg,0.8476291261019195,-0.35433135605165206
rand_6A3P0TIRME_render_front.jpg,0.30588624019055927,0.2
rand_J8XGLUC63M_render_front.jpg,0.4,-0.18067423631820473
rand_PXWDW17OSN_render_front.jpg,0.8263257307473701,0.2
rand_I48WTLKBI4_render_front.jpg,0.4,0.04558208628979998
rand_1YDZJDD70B_render_front.jpg,0.9233234569812443,0.5577803540260675
rand_06CZQRRGJD_render_front.jpg,0.4,0.748297954233131
rand_PCPNYLAM8A_render_front.jpg,0.4,0.2
rand_0MBKM6ZVHD_render_front.jpg,0.722660651208245,0.2
rand_8FHNOLLBHL_render_front.jpg,0.3525535510839497,0.43716641984082516
rand_0MX7J42E4B_render_front.jpg,0.4,-0.465083973741173
rand_UC4TPX03NN_render_front.jpg,0.4,0.2
rand_T957V85YBB_render_front.jpg,0.6087354741712362,0.2
rand_U7U7FSZ982_render_front.jpg,0.4,0.7479376684823591
rand_ZPLG9UAWEY_render_front.jpg,0.6900045297599172,0.2
rand_QVAU8WHOQL_render_front.jpg,0.4,-0.4510890383389187
rand_VW8W0AEED1_render_front.jpg,0.9451999319898798,0.2
rand_1B6Q1C1662_render_front.jpg,0.9337305969133607,0.2538826722169554
rand_NSRKW1OKKP_render_front.jpg,0.3651218346910142,0.2
rand_D3JA7F3WW6_render_front.jpg,0.4,0.8502988840986732
rand_QBJNTX7OJR_render_front.jpg,0.4,0.2
rand_T7089TWMOB_render_front.jpg,0.7663453183664835,0.5513348088992334
rand_QTDHLTWKQA_render_front.jpg,0.4,-0.08905680036756103
rand_JAM1QIE3I3_render_front.jpg,1.0137361845495823,0.2578190828922453
rand_O0FBWM1OK8_render_front.jpg,0.4,0.2
rand_3RVDKKDWT7_render_front.jpg,1.0084642699908788,0.2
rand_7OIAYPLS8E_render_front.jpg,0.4,0.2
rand_EQZ9LQDRPO_render_front.jpg,0.570461240911122,0.7754987704911425
rand_7J0WWI9XGD_render_front.jpg,1.1761885118448996,0.2
rand_QR2G53YY78_render_front.jpg,0.4,0.2
rand_2EO973YGBD_render_front.jpg,0.4,0.2
rand_643AMDPKLF_render_front.jpg,0.4,-0.45745053076552156
rand_INUTTJS5K3_render_front.jpg,0.3096990034920484,0.39353395781868894
rand_57E7VGS0Z2_render_front.jpg,0.7703756276519597,0.2
rand_CUZ46D2ZJX_render_front.jpg,0.9629898864114912,-0.02037996244646295
rand_0WPM58LUD6_render_front.jpg,0.4,0.2
rand_G90O0ZLO1K_render_front.jpg,0.4,0.5914122681602825
rand_57NZEOIBHZ_render_front.jpg,0.7098703740705015,0.2
rand_70CQK2E8M6_render_front.jpg,0.4721340169590478,0.7695557136193016
rand_X6VBRQMTLI_render_front.jpg,1.4865115003371587,0.2
rand_ZCNR774691_render_front.jpg,1.0715033111466672,-0.22907590397702443
rand_LDPDZOYZXG_render_front.jpg,0.4,-0.16629752973432227
rand_15TP8YML92_render_front.jpg,0.4,0.2
rand_GO12B00OWO_render_front.jpg,0.4,0.2
rand_6J8OPWEFSL_render_front.jpg,0.4,0.6426207658311234
rand_9OT73A78C9_render_front.jpg,0.3805098786091874,0.666723610068638
rand_NGYN66UEVZ_render_front.jpg,0.7042374708158115,-0.21302765487669878
rand_DROAI40XBB_render_front.jpg,0.5225750259269082,0.161227668104041
rand_2OKINPMFGO_render_front.jpg,0.927681414918458,0.2
rand_VE06QJUBF3_render_front.jpg,0.4,0.8734699796226357
rand_TGIOS1IL29_render_front.jpg,0.4,0.9553404608739655
rand_8CRYI6PHVC_render_front.jpg,0.4,-0.46153012677956146
rand_UO1QPIU82B_render_front.jpg,0.6332274977613835,-0.2503139194963469
rand_4Y8W6APBRC_render_front.jpg,0.4,0.17457717030113407
rand_99XTN78HD7_render_front.jpg,0.4,-0.059118076063339575
rand_BJ42ENVMA5_render_front.jpg,0.6185161382216655,-0.40612056799756013
rand_Y0OSFXP6EP_render_front.jpg,1.2059081919737766,0.2
rand_QQ0A0UUPSD_render_front.jpg,1.0768719182458433,-0.274837860549074
rand_DSU1C8ZIZJ_render_front.jpg,0.4,-0.2741000674957086
rand_ZVELYCKU23_render_front.jpg,0.4,0.2
rand_C6XIHN550W_render_front.jpg,0.8198101431166285,0.2
rand_1V0LO2YAKU_render_front.jpg,0.5907089207887358,0.14830477640945716
rand_2KFZ0VWDTF_render_front.jpg,0.4,0.5959273259940425
rand_AI8X2HYNF2_render_front.jpg,0.4,0.2
rand_YMU6C8HZ12_render_front.jpg,0.4,0.2
rand_3AO22IE6YF_render_front.jpg,0.4,0.8236333788460883
rand_FIQ4TTSMO3_render_front.jpg,0.6165454423670628,0.9787018573865318
rand_3RW557JIDN_render_front.jpg,1.1868896390826282,-0.12644259308488026
rand_C4QYVPR2ZB_render_front.jpg,0.4,0.2
rand_U7VQHUZAMN_render_front.jpg,0.4,-0.4417745460280787
rand_8EC5XMV9MW_render_front.jpg,0.5605472272873243,0.2
rand_LO70BFV4OB_render_front.jpg,1.027645067614342,0.2
rand_PBF1ERMYHJ_render_front.jpg,0.5076611184401656,0.20017078174847702
rand_JC410D0GB5_render_front.jpg,0.6816505377078659,0.2
rand_1IWAAX0TFQ_render_front.jpg,0.4268414950005676,-0.24022885488269868
rand_AV9GTFJKB1_render_front.jpg,0.48098023209007945,0.23754973962661952
rand_W856DOHABH_render_front.jpg,0.8554377996693419,0.8073428012752475
rand_D1065EZCU8_render_front.jpg,0.4,0.2
rand_1TCDKH2UCG_render_front.jpg,0.4,0.5344985120553125
rand_1GLL11GYFZ_render_front.jpg,0.4,0.2
rand_GIAVBI2EQC_render_front.jpg,0.7254135282367191,0.8536241258965982
rand_X2KKSLKOB1_render_front.jpg,0.4,-0.19834298953009366
rand_WORVJ4G8JO_render_front.jpg,0.7218238921742328,0.33980228435100246
rand_82WUKLZ0GN_render_front.jpg,0.4,0.2
rand_XNO5QCRTI9_render_front.jpg,0.7509937699862357,-0.35359554015365974
rand_YTCXMHJZAG_render_front.jpg,1.0353015377631556,0.15650564660101907
rand_TA2XI3MHAZ_render_front.jpg,0.4,0.2
rand_KGQ7W8HHZP_render_front.jpg,0.7624163723337997,0.8227219684479921
rand_VJDCUII8TU_render_front.jpg,0.4,0.2
rand_A64SAETF6G_render_front.jpg,0.4,0.34588015943065575
rand_RK08NI06CX_render_front.jpg,0.4,0.2
rand_M2PDSIPURV_render_front.jpg,0.819250756971476,0.7137721479044232
rand_F5U1YDMC8K_render_front.jpg,0.37673775913687474,0.9245486110807173
rand_WW307JHB02_render_front.jpg,0.8506357050263189,0.04274438756685717
rand_1GN0K5NA2V_render_front.jpg,0.4,0.2
rand_KXXNP54I2L_render_front.jpg,0.9165485134242011,0.2
rand_BD4MDH23H7_render_front.jpg,0.7825863871838112,0.2
rand_R5LYUC4FM5_render_front.jpg,0.4,0.2
rand_LZ5FYHNNNE_render_front.jpg,0.7681510268738398,-0.13303522386606254
rand_7A0A1SPI8N_render_front.jpg,0.4,0.6238107430548594
rand_MXMB96Z22M_render_front.jpg,1.1292843991744141,0.2
rand_E9J789XOAF_render_front.jpg,0.4,-0.47207820001966017
rand_A9MSAPG3OM_render_front.jpg,0.4,0.5297564892360298
rand_Y1OCXL9NMU_render_front.jpg,0.4,0.2
rand_30TPHFOYE0_render_front.jpg,1.1664551438515303,0.2
rand_KDIOO31WKK_render_front.jpg,0.8534521088411067,0.2102070978074172
rand_XTBGAYULF8_render_front.jpg,0.8800929169502163,-0.19657762302276893
rand_VT53CENXSM_render_front.jpg,0.4,0.11368838004889203
rand_W18CL8PE68_render_front.jpg,0.4,-0.23918245077557776
rand_0ZN4M0TNAD_render_front.jpg,0.4,0.2
rand_TMBCDOCSYR_render_front.jpg,0.9591798111326897,-0.11942262749897598
rand_1P31PVUEPB_render_front.jpg,0.6907895366735768,0.2
rand_IK5FUEPO9V_render_front.jpg,0.4,0.7802701172338828
rand_676Q2QUZ4T_render_front.jpg,0.4,0.9175841196678038
rand_Z0N6TTW9NM_render_front.jpg,0.4,0.25592260452323357
rand_R9MU4UZ2G1_render_front.jpg,0.4,0.2
rand_IC7VOYWUSJ_render_front.jpg,0.4,-0.30082740330950536
rand_B37YOEBEU8_render_front.jpg,0.38509999657506,0.43208982983393696
rand_YY0PFJSKRV_render_front.jpg,0.4,0.4497974555698604
rand_ILP01O238H_render_front.jpg,1.016999042148883,-0.09495308599580088
rand_1SMCHYUXER_render_front.jpg,0.4,0.13263511529057537
rand_0DGH540E96_render_front.jpg,0.4,-0.39973283114348107
rand_J9950V4I15_render_front.jpg,0.4,0.41791203084038986
rand_PFMLXDD23S_render_front.jpg,0.4007188003050602,0.46555271846256696
rand_XLGVC1B04S_render_front.jpg,1.027790611889254,0.40666514984549296
rand_GJAW0X3R61_render_front.jpg,0.47102885807925776,0.5076161998407449
rand_87EZBK65FL_render_front.jpg,0.9217146800210514,-0.4512047745466534
rand_AP927NWFOI_render_front.jpg,0.4,0.7080400847778636
rand_JNFA353YCE_render_front.jpg,0.9232811955661973,0.1513219245379651
rand_HHXGZ2RETZ_render_front.jpg,0.4,-0.13010591172966407
rand_DY6FFE6YTB_render_front.jpg,0.4,0.2
rand_V3RRPATXQU_render_front.jpg,1.177798997660508,0.2
rand_UN9D2NGKPK_render_front.jpg,0.4,0.2029033501728632
rand_FCMK6F2MJP_render_front.jpg,0.6853047415338258,-0.27143393992910636
rand_K82BELHESD_render_front.jpg,0.7523291204014544,-0.40507590800946225
rand_FNS8NO9V5Y_render_front.jpg,0.4,0.906605250748074
rand_EMR5OBF994_render_front.jpg,0.6608449194833514,0.2
rand_1GXIPUDAK2_render_front.jpg,1.035988164431528,0.6683317559099797
rand_IZG55PEF29_render_front.jpg,0.9513644801987857,0.6837940411293282
rand_8PFW9BPB2T_render_front.jpg,0.4,-0.25956531371939773
rand_2YEVFDAKWX_render_front.jpg,0.3720460835567676,0.26847498601471953
rand_5RSD26FL6L_render_front.jpg,0.4,0.6906308010000868
rand_36WUMWA085_render_front.jpg,0.4,-0.1882975107185359
rand_GGH98RWO2Z_render_front.jpg,0.4,0.7493187715787766
rand_0J7WOGCLKS_render_front.jpg,0.4,0.055684200622151736
rand_A0RT126EGJ_render_front.jpg,0.4,0.029071131335622225
rand_C9DWTR1I28_render_front.jpg,0.4,0.33203263310097575
rand_M86OUJKSMC_render_front.jpg,0.4,0.2
rand_4ACO5QDDKN_render_front.jpg,0.4,0.2
rand_3TAWUDGKQJ_render_front.jpg,0.4,0.2
rand_2XV0EOAT5D_render_front.jpg,0.4,0.19677784133421872
rand_Q8I74PDH67_render_front.jpg,0.4,0.0615828992359404
rand_0AOGL2ANXT_render_front.jpg,0.9261392340632659,0.3343400318030243
rand_4HPRKGJ0ED_render_front.jpg,0.4459200128489623,0.8538673655743669
rand_HQ24GBG3QS_render_front.jpg,0.6967238007568026,0.2
rand_RYAGLP9ZHE_render_front.jpg,0.4,-0.15758705162114162
rand_GTTFYW9YJ9_render_front.jpg,0.44696058439684894,0.6006930645976689
rand_AHPOOVMJS8_render_front.jpg,1.1410763544239795,0.2
rand_MGJGOXM3Y9_render_front.jpg,0.4,0.2412161412907825
rand_2SL8KBYREX_render_front.jpg,0.4043992914495329,0.2
rand_HNYTM7V9W1_render_front.jpg,0.4,0.35530271396938407
rand_6RNYN22TGX_render_front.jpg,0.4,0.30126880559846714
rand_2PAO3AQVVJ_render_front.jpg,0.4,0.2
rand_ZHCSB8QY22_render_front.jpg,0.4,0.6614357685890178
rand_6XO8WZUWPN_render_front.jpg,0.4,0.11559418151051881
rand_FXLCSDLAPV_render_front.jpg,0.4,-0.40388823390675455
rand_2ER5JR6MG7_render_front.jpg,0.8532680999264157,-0.08891668979425044
rand_7FAZ7EOM3Q_render_front.jpg,0.4,0.8509834634252518
rand_THQMEMZC5I_render_front.jpg,0.4,0.9061331411019033
rand_E4KWAFH6KS_render_front.jpg,0.4,0.2
rand_6RT5XP2JHT_render_front.jpg,0.4,-0.07750714538034431
rand_7IV9890MUC_render_front.jpg,0.4,0.2
rand_P2O4GSXN11_render_front.jpg,0.4,0.37560345239657644
rand_LR1FOY32WZ_render_front.jpg,0.4,0.9454546113947568
rand_6HWBJ1ZUK2_render_front.jpg,1.0474434858947248,0.01836048377375543
rand_3DGGUPQLKL_render_front.jpg,0.8566151492257332,0.4081846500845915
rand_C93S32KZBX_render_front.jpg,0.6202159728348806,0.2
rand_SD3JPIKKED_render_front.jpg,0.6906314459159821,0.2
rand_5904JGEEUK_render_front.jpg,0.4,0.9140284117691344
rand_XKENB7CI8F_render_front.jpg,0.4,0.2
rand_GMCH5D830L_render_front.jpg,0.4,0.32475802431378487
rand_2EV9DR8YD8_render_front.jpg,0.4,-0.492250189364441
rand_KENV2A9NAG_render_front.jpg,0.3549762077541393,0.7462405605812454
rand_KKOS9LC935_render_front.jpg,0.4,-0.06535438716179892
rand_IC80IH8NCV_render_front.jpg,0.4,-0.045554368753106034
rand_UXZC5UTFQF_render_front.jpg,0.4,-0.1552258119463943
rand_VMWLF1T1L1_render_front.jpg,0.8221373176479487,0.2
rand_RNWJH07PT2_render_front.jpg,0.4,0.2
rand_LP6XVOZ5Q5_render_front.jpg,0.5192554314659299,-0.12615676748372628
rand_JGIGSPKECR_render_front.jpg,0.4,0.6630965547145877
rand_3ZZWAJSGMJ_render_front.jpg,0.4,0.5122155896373499
rand_1M0KW74XQN_render_front.jpg,0.4,-0.12513906793529217
rand_87JG48QGU5_render_front.jpg,0.4,0.8408477396445886
rand_T1N86XKSTW_render_front.jpg,1.081586516018345,0.16683531538450902
rand_N61JKH6OG6_render_front.jpg,0.9395624479998124,0.7752882465160225
rand_TVG82XCMSP_render_front.jpg,0.6029210897424611,-0.22410334211795313
rand_3VXG67Y63W_render_front.jpg,0.8004242439165097,0.2
rand_8HPY8X2JKD_render_front.jpg,0.8319177850895334,0.06764730080909764
rand_6YP9BMAJ22_render_front.jpg,0.5429234687104014,0.2
rand_4GYSLUC7JZ_render_front.jpg,1.1663106758965518,0.2
rand_3V8VJJ5GXL_render_front.jpg,0.604289723217998,0.2
rand_YPZ62DOWYT_render_front.jpg,0.7807769634090523,0.2
rand_8FRBW85OVH_render_front.jpg,0.6605110847567707,0.2
rand_F9LWWOZP6I_render_front.jpg,0.5316602881635409,0.49671065529979486
rand_7DK5RLKRQA_render_front.jpg,0.4423905675025943,0.2
rand_VA71LRIVGI_render_front.jpg,0.5816794620517849,0.32061832036350113
rand_TXMGXUVKZ8_render_front.jpg,0.6133393874103256,0.07574138364639726
rand_RPDGUVTXR5_render_front.jpg,0.4,0.2
rand_VQ4HSDRWA8_render_front.jpg,0.9894378792582776,-0.309495389670892
rand_K1DHA1FIW3_render_front.jpg,0.41388574158479985,0.6133224482660184
rand_AG8HU4GBKI_render_front.jpg,1.2067004356425932,-0.12186028150103423
rand_CQW3M4GHGN_render_front.jpg,0.5218337792924872,0.2
rand_DWPSUB1O7Z_render_front.jpg,0.9121282361331984,0.45560383700504636
rand_PJ9ZU2TF1U_render_front.jpg,0.4,0.2
rand_MM291174BV_render_front.jpg,0.8526041738528398,-0.04143760782271105
rand_QH7ZNEZK61_render_front.jpg,0.4,0.2
rand_C1YRMQDKAL_render_front.jpg,0.4,0.4404670216205391
rand_S8QAC1QJFE_render_front.jpg,0.4,0.014512008540733312
rand_QPCRZX4BMS_render_front.jpg,1.1182600265843958,0.2
rand_7ES0DM8KXT_render_front.jpg,0.4,0.2
rand_HJ8BLO9SMJ_render_front.jpg,0.4,0.4617523328426417
rand_DTREZ7NTMF_render_front.jpg,0.5118968656294953,0.9865726136747839
rand_70ZGIP94UO_render_front.jpg,0.4,0.2
rand_RS7K9GT9OD_render_front.jpg,0.4,0.2
rand_5NKMBJXNTT_render_front.jpg,0.8114527960954836,-0.3565935961701043
rand_Q2FUP9MDYS_render_front.jpg,1.1211447564108799,0.2
rand_DHUMUX0NYC_render_front.jpg,0.4,0.2
rand_3L00B3NDOO_render_front.jpg,1.0100825404445324,0.337678564201194
rand_8PPZ4N9M1B_render_front.jpg,0.4,0.2
rand_H8M37QED0G_render_front.jpg,0.7584122299422689,0.2
rand_8W9HWT3IRX_render_front.jpg,0.7648327272146278,0.5749278578625079
rand_I4ABEZPQ2A_render_front.jpg,0.3159120910428496,0.2
rand_YAB0P92PS1_render_front.jpg,0.41491455338381,-0.10281063235090965
rand_YROLT1M5MI_render_front.jpg,1.0178446415834448,0.2
rand_SZVOHAW324_render_front.jpg,0.3401380380953574,0.2
rand_2ED690X03S_render_front.jpg,0.4,0.2
rand_1QYPQSWUUM_render_front.jpg,0.6166757841723622,0.5619400535327532
rand_PXTG6AFBAJ_render_front.jpg,0.8208700150235699,-0.25835505080041904
rand_PNTYAI5ML7_render_front.jpg,0.4,-0.3529759066996341
rand_9M3GW01CRB_render_front.jpg,0.9195037913277644,0.2
rand_CS9QP7R1Z5_render_front.jpg,0.4,0.2
rand_BYLNINRU11_render_front.jpg,0.4,-0.07767183259607724
rand_Q9U1J0B2XW_render_front.jpg,0.7722877645159996,0.2
rand_FTJXW28B7I_render_front.jpg,0.4,0.1337968288780128
rand_HP70ZRBELJ_render_front.jpg,0.3423551387885212,0.2
rand_EQ40UQSR4F_render_front.jpg,0.4,0.2
rand_TNYEKW2YA5_render_front.jpg,0.5902992101730491,0.2
rand_FIQ3FVAIKH_render_front.jpg,0.4,0.6935414217553091
rand_5U8IEPHWYG_render_front.jpg,0.30910762080168813,0.4980778336603362
rand_D1V9NGLIRG_render_front.jpg,0.4869214241721199,-0.3595898035305802
rand_Y6KY448B7X_render_front.jpg,0.9774002307119007,0.21924818409933855
rand_ZMVZQSF9QS_render_front.jpg,0.8393880004700334,0.18542016231500336
rand_X7THKCWGT5_render_front.jpg,0.4,-0.3376099048793368
rand_19JTGZW434_render_front.jpg,0.9252562258217267,0.2
rand_T0XKRW0MMR_render_front.jpg,0.5808570373114987,0.2828675123500085
rand_IYF3AMZMI4_render_front.jpg,0.4,-0.21136917892763585
rand_FFM8TECGBX_render_front.jpg,0.41918635770204243,0.3732413384977227
rand_QSQOMAHSTA_render_front.jpg,0.9088891850344158,0.2
rand_DT7EOKNQOP_render_front.jpg,0.4,0.2
rand_KPZWA7KJJC_render_front.jpg,0.6755718119736629,-0.0675000810060517
rand_4G8NTA88B3_render_front.jpg,0.4,0.2
rand_CTTXKJMOZG_render_front.jpg,0.4,0.41818483051102184
rand_CPE7ZDB7MY_render_front.jpg,0.49989743633876027,0.2
rand_806YXAZXXK_render_front.jpg,1.0005783965976125,-0.41579606266873825
rand_7SUHORO96H_render_front.jpg,1.7407856237784114,0.2
rand_9LFGPF2RAB_render_front.jpg,0.4,0.6055792935911652
rand_LR8ZR6OETM_render_front.jpg,0.8024611878887065,0.2
rand_1Z0G5AY48F_render_front.jpg,0.7230509656124402,0.2
rand_N4AB8GAWMF_render_front.jpg,0.4,0.804837217836252
rand_YY6X37OBAU_render_front.jpg,0.6709826450315736,-0.033055244692082264
rand_0MD0FOQ2NM_render_front.jpg,0.6046915145981131,0.008750528036666316
rand_6HB7KAHZTV_render_front.jpg,0.7074914060414907,0.2
rand_4UN70H1Q8V_render_front.jpg,0.4,0.2
rand_O7A7HRV6EP_render_front.jpg,0.4,0.2
rand_W11XAJJQMM_render_front.jpg,0.4,0.2
rand_C7NEITUELL_render_front.jpg,0.4,0.8516374770982866
rand_2R9P9884P0_render_front.jpg,0.9187692299841224,0.2
rand_P46OB055YT_render_front.jpg,0.4,0.2
rand_1VTJGQ86O0_render_front.jpg,0.5107810949887555,0.2
rand_WYLBSH1DFW_render_front.jpg,0.4,0.2
rand_IHIW49BQFY_render_front.jpg,0.4,0.21445452012663557
rand_MYWTWT3CSY_render_front.jpg,0.4185453392810915,0.5228006598104693
rand_3SOO88QX5T_render_front.jpg,1.1546673243579648,0.3128660597896711
rand_GO398VCBHP_render_front.jpg,0.3004405164445115,0.2
rand_IUKIWPSCOJ_render_front.jpg,0.3778015355324776,0.2
rand_4S0158QFAX_render_front.jpg,0.4,0.2
rand_Z9KTA67UWJ_render_front.jpg,0.4,0.1329766878046874
rand_CYLR1AVPNU_render_front.jpg,0.4,0.2
rand_2OGPG824E3_render_front.jpg,0.9304166396315428,-0.3727346929249752
rand_T3AM5YNTJ3_render_front.jpg,0.4,-0.34812661514898063
rand_EYIA730RHO_render_front.jpg,0.5163159010136632,-0.18359271667572102
rand_2XHO4MYZMQ_render_front.jpg,0.4,0.2
rand_TPQJ5BC55C_render_front.jpg,1.8650658151118964,0.2658025512486316
rand_YBVONXRS2D_render_front.jpg,0.3176024315946255,0.9723773213898561
rand_3HRVE16K8S_render_front.jpg,0.4,-0.3784379859702557
rand_6S745H9FQ3_render_front.jpg,0.4,0.2
rand_5BHTLAXTHF_render_front.jpg,0.4,0.20930662010904844
rand_E293S7C8LQ_render_front.jpg,0.8144811755236212,0.40772909386735057
rand_S28B0RSRHL_render_front.jpg,0.4,0.4052264121651168
rand_7TGRJEX39N_render_front.jpg,0.4,0.5490183270946776
rand_BNWSZNFQ6F_render_front.jpg,0.5699539954080386,0.2
rand_IEHBILMEAU_render_front.jpg,0.6153945208590113,0.2
rand_3WGDRA2ED1_render_front.jpg,0.4,0.2
rand_R75Y2YYFU0_render_front.jpg,0.42728798790511385,0.2
rand_4WBQWP81AN_render_front.jpg,0.4,0.2
rand_AO2V8S7CHW_render_front.jpg,0.4,0.24649136296543728
rand_WZPW1F8TPP_render_front.jpg,0.7381230735091646,0.13099259869245738
rand_M4MUKANX3B_render_front.jpg,0.4,0.2
rand_DV70CP6W1W_render_front.jpg,0.4,0.2
rand_H41DRSYOS7_render_front.jpg,0.4,0.2
rand_JQYKEOIUC1_render_front.jpg,0.3517178819684204,0.2
rand_PLN9QLEMSH_render_front.jpg,0.4,0.16825413593171
rand_SZYW6UANLK_render_front.jpg,0.9135271809067926,-0.3342242273542221
rand_08FQDNWC80_render_front.jpg,0.33841283117468035,0.027008776430548664
rand_6G757CA43H_render_front.jpg,0.4,0.5633352769782252
rand_UPLCY083FK_render_front.jpg,0.7597232176674813,0.07787705166276959
rand_8NCCJ74TIG_render_front.jpg,0.4,0.2
rand_AD6O8KXJB8_render_front.jpg,0.9413754471378055,-0.049518290565932155
rand_K0AF7R6ZYZ_render_front.jpg,0.4,0.5583470236910684
rand_2NFLGJQPCL_render_front.jpg,0.4,0.9456201311086958
rand_M8H21MOIGC_render_front.jpg,0.4,0.2
rand_1544247ZUO_render_front.jpg,0.4,0.2
rand_I55XOYVWXM_render_front.jpg,0.46801219135755584,0.24658742515888443
rand_JOKKSQB2CJ_render_front.jpg,0.4,0.2
rand_JKHHGA6KT3_render_front.jpg,0.9066951990244003,0.3038537111926679
rand_0IQLMC4K63_render_front.jpg,0.4,0.2
rand_LOOEHNZWNV_render_front.jpg,0.3527206899416757,0.2
rand_N2OUS0PGNY_render_front.jpg,0.663500187390232,0.2
rand_ZDYA8ZUHTZ_render_front.jpg,0.4,-0.17107114939442986
rand_Q5I1U46Z0V_render_front.jpg,0.4,0.2
rand_3FZ68RA9U7_render_front.jpg,0.4,0.7534451310253858
rand_HPNTG2A23O_render_front.jpg,0.4,0.2
rand_ST12KJGAUF_render_front.jpg,0.4,-0.26489990224077054
rand_LM6KIG5S5W_render_front.jpg,1.0991557817370954,0.2
rand_MGT8I2Q13P_render_front.jpg,0.3224993933209461,0.0039103839436963606
rand_R2A9DWTU9S_render_front.jpg,0.6812766466689654,0.2
rand_4NR8EVJB97_render_front.jpg,0.4,0.40478176736719906
rand_6LPOMMSUJ6_render_front.jpg,0.4,0.9884125438370495
rand_6HQ81RTY3Y_render_front.jpg,0.4,0.29188985654584976
rand_4YD41BKDQR_render_front.jpg,1.204940657664804,-0.014926083915618393
rand_SQUF6C4H6C_render_front.jpg,0.4,0.2
rand_E3C52I01MR_render_front.jpg,0.4,0.5181716930394438
rand_F38J013VAJ_render_front.jpg,0.4,0.3865321739875136
rand_6RUJXWC06J_render_front.jpg,1.2055945732128808,-0.35874292974916344
rand_MNCFIW70P3_render_front.jpg,0.4,0.2
rand_LWZV11CTLS_render_front.jpg,0.4,0.43273785962597033
rand_ZK86FXT3PE_render_front.jpg,0.4,0.6002976141223662
rand_54ZRP54WBF_render_front.jpg,0.4,0.2
rand_7QB4UNV7V0_render_front.jpg,0.4,0.4126325082014245
rand_ZOTB66MHUO_render_front.jpg,0.4,0.9079383599300583
rand_72SEFMKT2T_render_front.jpg,0.8746997498339069,0.2
rand_C422Z2L2TC_render_front.jpg,0.4660640701602697,-0.004194935088242313
rand_JO72OG9POG_render_front.jpg,0.6497471135437878,0.2
rand_7A3NK3RDDZ_render_front.jpg,0.4,0.2
rand_11OSBUKK3W_render_front.jpg,0.4,0.1912698592243981
rand_X0AC32QE4L_render_front.jpg,1.043954480494478,0.5119731841116459
rand_IVMR5Q8SUB_render_front.jpg,0.516838999347226,0.2
rand_VYF9NJZE81_render_front.jpg,0.5563679778193042,0.05143352734624096
rand_48AM48U96O_render_front.jpg,1.0103286429458869,-0.14300999957345462
rand_HX9ZGKEBA4_render_front.jpg,0.8701985758082209,0.8199394403760958
rand_ZJ4FAC9CCQ_render_front.jpg,0.7188647897523232,0.2
rand_2FL857NSB7_render_front.jpg,0.4,0.054348989488780086
rand_G2W3KJ3G83_render_front.jpg,0.4,0.08735042279569938
rand_SZARHQ0H9F_render_front.jpg,0.31577769844007353,0.2
rand_L91CTHL2DI_render_front.jpg,0.9556443799235468,-0.003723930392443675
rand_UPBIVT48FR_render_front.jpg,0.6116328925050887,0.6902484409060374
rand_IPUXDUR8D4_render_front.jpg,0.9211796867263791,0.2
rand_G0HQX4ALBN_render_front.jpg,0.6186765944614009,-0.4138150810134512
rand_VHGQUHX9Z5_render_front.jpg,1.237566369082065,-0.3287657069724957
rand_C50TSX8HVH_render_front.jpg,0.4,0.2
rand_HCUKY4FIZE_render_front.jpg,0.4,-0.43118093454538386
rand_OQ75K4I3J0_render_front.jpg,0.37729357297807276,-0.18825631111996866
rand_K2IE45JCM3_render_front.jpg,0.34169969016331264,0.9076365599270255
rand_1UAGLRX5CX_render_front.jpg,0.4,0.2
rand_DNIBA5XZGP_render_front.jpg,0.4,0.8327640985833402
rand_0LNSAGAG3D_render_front.jpg,0.5084120200290322,-0.4601744263408289
rand_7X3CS09J1O_render_front.jpg,0.4,0.2
rand_4VUJ3FM959_render_front.jpg,0.4,0.5565166289638863
rand_WGR5JJUPC4_render_front.jpg,0.9431613582508314,-0.3770209281545364
rand_ZHOBTVWEAT_render_front.jpg,0.4,-0.07926436366497364
rand_81NP9VRNOR_render_front.jpg,0.4,-0.3196325217628996
rand_GY6LD9BX6U_render_front.jpg,0.4,0.2
rand_UPRGMTAWWW_render_front.jpg,0.5146681487896263,-0.17994414079518528
rand_M40D3B4S31_render_front.jpg,1.1498211238663365,0.2
rand_ZYNRXD8LJY_render_front.jpg,1.0422532213957507,0.854595456101293
rand_11BCYICJ0Y_render_front.jpg,0.4541707720024992,0.2
rand_LD2Y8N8OQG_render_front.jpg,1.2569046089936546,0.2
rand_KG86TAUDBS_render_front.jpg,0.4,0.9191432225492997
rand_O8F641FT2U_render_front.jpg,0.5656499132869734,0.5774816695393714
rand_K4YVUO220R_render_front.jpg,0.4967861591802586,0.2
rand_T759IOQ9JN_render_front.jpg,0.6373421685612616,-0.4629240908024072
rand_7HV4JD7LN4_render_front.jpg,0.3755737480250618,0.8671851117796745
rand_3U11701WS8_render_front.jpg,0.4,0.7874643706934839
rand_AGYBO94UUH_render_front.jpg,0.4,0.2
rand_OCKB0V1X2Y_render_front.jpg,1.0925827862405388,0.19963893750006445
rand_9RHYNCRRCB_render_front.jpg,0.4,0.2
rand_MOCHGDEBDT_render_front.jpg,0.4,0.2
rand_PTQIAC6C2O_render_front.jpg,0.7562470206283369,0.8290639760505247
rand_GAGSWQFXG5_render_front.jpg,0.4,0.7065259290949153
rand_N5WL7NHOEO_render_front.jpg,0.5641207987965866,0.5348709655152055
rand_KRO5OTKYJ3_render_front.jpg,0.8078306670560389,0.2
rand_EVWGEZ96TJ_render_front.jpg,0.4,0.9724083137233288
rand_83LPY6W2OE_render_front.jpg,0.631664405924852,0.5310747293837181
rand_QYICG2CNPY_render_front.jpg,0.3570850775307464,0.5810457259643036
rand_HUBOJVFGSO_render_front.jpg,0.4639304532262832,0.2
rand_4LRSTE32E9_render_front.jpg,0.852754221882138,0.2
rand_M7U3HN0X34_render_front.jpg,0.4,0.5677616654008713
rand_XYZZH4RX6C_render_front.jpg,0.5034188143424562,0.9708120490236265
rand_FEX1NIRMA6_render_front.jpg,0.4,0.8507428462125581
rand_NYPUSVO7RC_render_front.jpg,0.5527224018241148,0.2
rand_RQP83XID3E_render_front.jpg,0.7105137850337382,0.698408872174459
rand_GU6W12WPSC_render_front.jpg,0.4,0.9699511274181933
rand_PWPDI4ZIWY_render_front.jpg,0.9575694437133133,0.7480428702054254
rand_SZMMLUPR1E_render_front.jpg,0.3425668686990897,0.2
rand_1X5Z0QHKP8_render_front.jpg,0.4,0.2
rand_CML83OF0KY_render_front.jpg,0.8562968558516049,0.2
rand_0HSJBH42VZ_render_front.jpg,0.6457116809322039,0.9796353671047575
rand_ECO6VX0MF8_render_front.jpg,0.4,0.2
rand_Y7FVKA6OHI_render_front.jpg,0.7280940657171345,0.2
rand_PONRCAX04E_render_front.jpg,0.6637910299810066,0.2
rand_FAKV9D60GO_render_front.jpg,1.0008449062996887,-0.18409574542076373
rand_ZPBIVJCWZ8_render_front.jpg,0.4,0.2
rand_JORM7GQ6WK_render_front.jpg,0.3288340363987723,0.7418609686469373
rand_TCDOSIJVDI_render_front.jpg,1.0300550755007873,0.27811812835202
rand_G5US9OA286_render_front.jpg,1.1139175076599614,0.5903099770767068
rand_YU4WGKTMF8_render_front.jpg,0.8997902567881031,-0.08939799808406723
rand_QJM8H86EH9_render_front.jpg,1.0083867233935817,0.2
rand_QQXH1MRK7T_render_front.jpg,0.4,0.8735805433856798
rand_ZNORXCDG5Y_render_front.jpg,0.31638554839522465,0.3861396104380861
rand_HA3DD4QOW3_render_front.jpg,0.4797992045325913,-0.03733160402767821
rand_FFT9I41OC6_render_front.jpg,0.6861413943308907,0.2
rand_MNZVCMP235_render_front.jpg,0.8997689699585343,0.7977530804996034
rand_HI187F79GD_render_front.jpg,0.4328660996374608,0.2
rand_QIRK6OR9N4_render_front.jpg,0.4,0.2
rand_DGYUW4HG3N_render_front.jpg,0.4,-0.2742295876153878
rand_VPV05NAWKS_render_front.jpg,0.8463343983906022,0.8578236484035981
rand_IJ8LPQ7ENR_render_front.jpg,0.48805823013014604,0.21263413197478553
rand_ZU7KAFOFCL_render_front.jpg,0.9777676519456184,0.2
rand_MF98BAGEFA_render_front.jpg,0.5799694497852727,0.2
rand_0ZRV78AD1S_render_front.jpg,0.4,0.5410125398029737
rand_VK5N7EDY4Y_render_front.jpg,1.1978774911196937,0.2
rand_EW39103SHB_render_front.jpg,0.4415071198415146,0.2
rand_0G3YRBDWX7_render_front.jpg,0.6398659356445282,-0.14066586439337658
rand_RR36067AXI_render_front.jpg,0.30678491929376256,0.39030985386322226
rand_NIIP83LTBL_render_front.jpg,1.0917026418713724,-0.22325321866956738
rand_PX2E6U31WW_render_front.jpg,0.4,-0.11453808371079893
rand_AFH10QG9Y8_render_front.jpg,0.6768300605986999,-0.13239652949795294
rand_VO7HV9LP5H_render_front.jpg,0.39795316372213313,0.7264296849688718
rand_O9A5TBBN32_render_front.jpg,0.4,-0.006201743620753208
rand_56WFJV6ZRT_render_front.jpg,1.0619687903700907,0.2
rand_3SO4WIR3E2_render_front.jpg,1.9116786960753396,0.430910196688824
rand_E1VST9U00N_render_front.jpg,0.4,0.014060576565188998
rand_5VDE6LOB2A_render_front.jpg,0.9765422147258509,0.3297593065284592
rand_YWRQ5V0ELX_render_front.jpg,1.1757509584041204,0.2
rand_I1VGRO7VKU_render_front.jpg,0.4,0.2
rand_8F052PWLFA_render_front.jpg,0.4,-0.4904614248781441
rand_1QTI7VQK8W_render_front.jpg,0.8088130299403511,-0.06950578951540087
rand_3T332IGW7Y_render_front.jpg,0.3479484980986573,0.2
rand_YI4ZQ1Y9NE_render_front.jpg,0.7722619858220873,0.2
rand_JKLM0PYXMY_render_front.jpg,0.4,-0.1517795066894222
rand_TM1AKI3L7T_render_front.jpg,0.4,0.6271115771935623
rand_7IR3MGYTF5_render_front.jpg,0.42017354639392296,0.1938300039100257
rand_6YCGWMORN9_render_front.jpg,1.0901785935752513,0.24451962260046223
rand_34PEDT1KW8_render_front.jpg,0.8373340517183345,0.2
rand_2G3NXUWEZY_render_front.jpg,0.6300521976017323,0.2
rand_C7TS0DEB3C_render_front.jpg,0.9719285004117495,0.2
rand_OIXFIIRJLF_render_front.jpg,0.3393421108414982,0.2
rand_DU8EN8ETE2_render_front.jpg,0.6881880144254378,0.9421566829118408
rand_HVSPSF1OEI_render_front.jpg,0.3747982166971005,0.686092602246311
rand_E5K00PA2HO_render_front.jpg,1.0649890854705677,-0.2662004802898961
rand_LTYJM5F8Y6_render_front.jpg,0.5235614513144783,0.2
rand_U42CSZG7NL_render_front.jpg,0.4,0.2
rand_XYD2ZG5PWZ_render_front.jpg,0.46714827685841753,-0.4208890466743589
rand_XZJBDHNR54_render_front.jpg,0.4,-0.12076854159608597
rand_VX6GBDLZOD_render_front.jpg,0.421615331952311,0.2
rand_WR5NW1Y6YB_render_front.jpg,1.2026295609615738,0.2
rand_AEY1RXU4ZW_render_front.jpg,1.2071819624416567,-0.17554866887380866
rand_7XE5MQBR5Z_render_front.jpg,0.3719658597214066,0.8116958093707898
rand_2L8Z26TB3I_render_front.jpg,0.4,0.206179113059912
rand_8KBYF9QDE7_render_front.jpg,0.4,0.2677677564487595
rand_4R1OKVQ3F4_render_front.jpg,0.4,0.550420031747624
rand_CQER3OLTV8_render_front.jpg,1.212902229192034,0.2
rand_BOZ75HTPWT_render_front.jpg,0.9687348892498682,0.3375826839336795
rand_VZCGJRFDAJ_render_front.jpg,0.44775497364749517,0.35799454233082106
rand_JBNAD3JRHL_render_front.jpg,0.4,0.5136616718644207
rand_SBJEXK6BSO_render_front.jpg,0.807979118120908,0.2
rand_I3IKFCC8FG_render_front.jpg,0.4,-0.3723304580230451
rand_IVIE38SXZI_render_front.jpg,1.171390583105917,0.4840402992524959
rand_9WLEUKKSES_render_front.jpg,0.5132438819136542,0.2
rand_33K33OZ01S_render_front.jpg,0.36776297626860655,0.4114045510838391
rand_N4ZJB4ZXWS_render_front.jpg,0.749174359499617,0.25074622563500737
rand_V6FMVRQ4W7_render_front.jpg,0.4,0.2
rand_L218UAQ60V_render_front.jpg,0.4,0.2311028827356909
rand_9D6UVNBMX9_render_front.jpg,0.6942426690860275,0.2
rand_YFJ30WZM2E_render_front.jpg,0.5592043000817588,0.3830240428042706
rand_T2DTIE2OUT_render_front.jpg,0.3324690640051727,0.2
rand_SYS2QQVOJZ_render_front.jpg,0.4001112679778334,0.25807268815392403
rand_FKQ1P11XVD_render_front.jpg,0.4,0.2
rand_04O2UOROT1_render_front.jpg,0.761638184719607,0.6790816792239689
rand_50A05P0GLK_render_front.jpg,0.4120217481445075,0.2
rand_YSIOKKH3QG_render_front.jpg,0.4,0.09512377425852536
rand_2R4A43ANWV_render_front.jpg,0.4,-0.47591077985813013
rand_373313JRSO_render_front.jpg,0.4,0.0778876223124918
rand_3X0YZL0ED2_render_front.jpg,0.8985158999105216,0.8653327078318891
rand_4ZKD59R5FC_render_front.jpg,0.4,-0.12493562393464785
rand_4ANWG2DINO_render_front.jpg,0.4,0.2
rand_KK4GGPKC96_render_front.jpg,0.4,0.2
rand_2MWZ2XQBZ0_render_front.jpg,0.4,0.2
rand_HTWC3YBD4Z_render_front.jpg,0.3393706362379933,-0.22594606319216265
rand_2S8FTYLQC4_render_front.jpg,1.112194059453598,0.2
rand_JWR4048NT8_render_front.jpg,0.6236239986885692,0.2
rand_CO4FOOOUGT_render_front.jpg,0.7266572630113055,0.12352852278394866
rand_AFHTOCQ6IF_render_front.jpg,0.6474895382452709,0.3955489201330248
rand_SFEPJJC2QG_render_front.jpg,0.5298312234311895,0.2
rand_BTIB0T2WT0_render_front.jpg,0.7991907902779869,0.924543942219098
rand_TPHYZUQ5AS_render_front.jpg,0.4,0.40883235204228396
rand_ANRW29KCL1_render_front.jpg,0.4,0.2
rand_5YS26RYTKI_render_front.jpg,0.4,0.690702457916792
rand_0NOGC387LX_render_front.jpg,0.5880026485964095,-0.15004714874025343
rand_5E0Y3LPO3Q_render_front.jpg,0.3466439039311336,-0.0379390632129018
rand_4TJC1640N1_render_front.jpg,0.41609541632927083,0.2
rand_5U2NQK2T1D_render_front.jpg,0.8782781918765463,-0.05942111167609038
rand_B0I0Z066GJ_render_front.jpg,0.8444969998702989,0.2
rand_05H6WP8PJX_render_front.jpg,0.4,0.2
rand_22CMEGP7XN_render_front.jpg,1.016983578909743,0.2
rand_YHGGR1D8GX_render_front.jpg,0.4,-0.38699094579881016
rand_ANBA8KN3DP_render_front.jpg,0.4,0.39045157417685217
rand_Z0HAFUDB4W_render_front.jpg,0.9215834012846602,0.2
rand_RX3AQ19NXB_render_front.jpg,0.5126917110253886,0.06815134657663902
rand_SO0X3W95AY_render_front.jpg,1.014027042880097,0.2
rand_0Q1ZZAS60M_render_front.jpg,0.7614778743757313,-0.3240175938308776
rand_WJOQAO1SUU_render_front.jpg,0.4,-0.07458155051416282
rand_H44RFIGBWV_render_front.jpg,0.6980815027162839,0.2
rand_5SKW8Q0L88_render_front.jpg,0.8617417797166402,0.8629746508005043
rand_WHS6RLAKT2_render_front.jpg,0.5615646616617456,0.2
rand_DJY8B1JXLM_render_front.jpg,0.4,-0.22392140111745046
rand_BFTU2HH7BX_render_front.jpg,0.30829260854355467,0.2
rand_MA84JDZHNY_render_front.jpg,0.4,0.9613326098790331
rand_RUU19CMHKT_render_front.jpg,0.4,-0.40275515708040394
rand_F3WFU62WUC_render_front.jpg,0.9895846148490959,0.6595194506332405
rand_E2X6ZLVFZX_render_front.jpg,0.9416562353104336,-0.015079959258072317
rand_QVTBKSE3K8_render_front.jpg,1.1466654812216495,0.2
rand_VNWH8TXEQO_render_front.jpg,0.4,0.2
rand_8CGE3GU9E9_render_front.jpg,0.4,0.2
rand_Q6X7JM48XB_render_front.jpg,0.4,0.2
rand_NIVSN4DWDN_render_front.jpg,0.9201792007149034,0.2
rand_RGF9Q3NI23_render_front.jpg,0.9177590122190766,0.2
rand_3T2IO849QH_render_front.jpg,0.7514498595380574,0.9380343499727792
rand_DVWDYBR7YQ_render_front.jpg,0.5415295487640748,0.2
rand_2E443L77XZ_render_front.jpg,0.4,0.2
rand_JWM8V8O4GE_render_front.jpg,0.4,0.23801258588708607
rand_95PWEPL8SZ_render_front.jpg,0.4,0.06098609923950782
rand_K9PZNTKM17_render_front.jpg,0.4,0.2
rand_XL8XNPANI3_render_front.jpg,0.6147969741957114,0.2971834056068252
rand_BLLHXSOLID_render_front.jpg,0.3803821566540249,0.40979028180489474
rand_LKC1OG530J_render_front.jpg,0.4,0.36289802818458594
rand_GQ7KTZI1QX_render_front.jpg,0.4,0.2
rand_DZVB9BOO30_render_front.jpg,0.41171062140782444,0.2
rand_A7BE70CRH0_render_front.jpg,0.4,0.6460222660113333
rand_VZDBUZC6ZH_render_front.jpg,1.054876521239066,0.2
rand_WBNTH56ZO3_render_front.jpg,0.8320855827252018,0.2
rand_05TEHN2CKS_render_front.jpg,0.7557656633171524,0.42054887855791256
rand_7EGKGR5KZ0_render_front.jpg,0.5869619676856376,-0.14680571237358175
rand_9LEHV4ODST_render_front.jpg,0.7743745376503188,0.2
rand_L9GX1XVCUL_render_front.jpg,0.4,0.33045485898667715
rand_MPMLNGI49K_render_front.jpg,1.1044129693917215,0.2
rand_Z4ZILJO7LT_render_front.jpg,0.4,0.2
rand_8CWSMFZUPY_render_front.jpg,0.4,0.2
rand_PN02KS7YJ1_render_front.jpg,0.4,0.09524504791123323
rand_MZ86NI2U8M_render_front.jpg,0.7671720889029805,0.0871058249828307
rand_6VRZU3AZU1_render_front.jpg,0.4,0.2
rand_N80N4DGG1T_render_front.jpg,0.8237190353796888,0.2999703590679419
rand_8KSPZBRHU8_render_front.jpg,0.6700625876566677,-0.19093581685846833
rand_TL6OSG9ZXU_render_front.jpg,0.5078148749022855,0.2
rand_PEQZAX9F9H_render_front.jpg,0.4,0.6711592257533643
rand_43FFGR0D0O_render_front.jpg,0.5983982730725423,0.5419345541387102
rand_3G1DDHTG0K_render_front.jpg,0.4,-0.4070242311905826
rand_RCX124DQMT_render_front.jpg,0.5193342285358091,0.6356232847381236
rand_VYPNFVMG0L_render_front.jpg,0.867169592050719,0.2
rand_J8QMPEHICF_render_front.jpg,0.7178249783168908,0.2
rand_THFP3PSIRG_render_front.jpg,0.5728648882458418,0.2
rand_M5U4UAQ2LD_render_front.jpg,0.4,0.9394346422551147
rand_PSNA1DWSTM_render_front.jpg,0.4,0.2
rand_TGN3EIQZHZ_render_front.jpg,1.126925734406384,-0.1161985687206829
rand_WKXJFBVZ7R_render_front.jpg,0.6350814757377059,0.48177208438338504
rand_6IP7FE5D2X_render_front.jpg,1.0671819304184416,0.2
rand_ZTN3IFMFWN_render_front.jpg,0.4,-0.41136128328877875
rand_OKMMS73DTF_render_front.jpg,0.685733345236791,0.46517308145699876
rand_KYQ5W496HA_render_front.jpg,0.4,0.17390723262127394
rand_S7W4G8J18X_render_front.jpg,0.5515843753275669,0.2
rand_TLK86RFRI8_render_front.jpg,0.4,0.7206066122776711
rand_GF3TUMMMBV_render_front.jpg,0.32960495747405466,0.2
rand_3ZCIR6ILWW_render_front.jpg,0.4,0.3916714782149524
rand_WLAMG1WJ3O_render_front.jpg,0.44423964317737896,0.2
rand_HOABXNV9IS_render_front.jpg,0.517105271754471,0.2
rand_PHTFMVSBYZ_render_front.jpg,0.4,0.2
rand_IEBJ6XMK1S_render_front.jpg,0.9349261935177031,0.21093180437756387
rand_ES8OHQSAG7_render_front.jpg,0.4,0.19252278921889399
rand_OJSEF39X5B_render_front.jpg,0.3626831599603416,0.2
rand_99XJ8Y5YQN_render_front.jpg,0.7010764416300257,0.657551169707534
rand_RRM2RTEHKD_render_front.jpg,0.4,0.2
rand_IT20RF32TX_render_front.jpg,0.7868963004313013,0.05066951043445078
rand_C7CP1LO537_render_front.jpg,0.4783728642682008,0.21372887340698332
rand_YB1MCMAH2E_render_front.jpg,0.7790806081762484,0.2
rand_XOMH19N4A5_render_front.jpg,0.3385393470557759,-0.2171533197528303
rand_MYD8FTGAHQ_render_front.jpg,0.9348880658113585,0.06884091215226773
rand_VML9O35DYR_render_front.jpg,0.7866629733871866,-0.05043347472738291
rand_2YK3BLMWEE_render_front.jpg,0.4,0.2
rand_DWB0R71UDY_render_front.jpg,0.6371767764403595,-0.24626696656815922
rand_C1RTHEPPAK_render_front.jpg,0.3290278492740982,-0.43474929928704636
rand_12QC12TU75_render_front.jpg,1.229340586285389,0.2
rand_DG6Z780K3J_render_front.jpg,0.6084569905410826,0.2
rand_6K4VQC8DRN_render_front.jpg,0.4,0.1735331679910228
rand_ABCNLRIJBX_render_front.jpg,0.4,0.2
rand_84SY75VS9B_render_front.jpg,0.4,-0.4410242121146011
rand_SLOVEP7RCA_render_front.jpg,0.9699314737835767,0.7871860013879568
rand_XNQGFBTDRO_render_front.jpg,0.4,0.2
rand_82MCPYSB57_render_front.jpg,0.6285475189490441,0.2
rand_7PYIP67HEM_render_front.jpg,0.8464097689419903,0.2658008568834541
rand_QT2ZEROA07_render_front.jpg,0.6217185957915822,0.713323439607271
rand_Y0IDTQJV42_render_front.jpg,0.8803356453627929,-0.30407104180903327
rand_5HE1O9AT6N_render_front.jpg,0.4,0.2
rand_JH3DO9CLFZ_render_front.jpg,0.6468810559288598,0.2
rand_B5SPS96G6N_render_front.jpg,0.4,0.2
rand_MA9XKJ7HEX_render_front.jpg,0.9711468657333244,-0.29065462907329676
rand_03VA7ZYYHZ_render_front.jpg,0.7422635557684518,0.2
rand_STBIJ2RM93_render_front.jpg,0.8449971079413998,0.7035568998660111
rand_3MCRBBFQ1S_render_front.jpg,0.5023530053316789,0.71285858698744
rand_1E6EZ39VWX_render_front.jpg,0.4,0.465478866653679
rand_JHW7V6SAMY_render_front.jpg,0.4,0.6809860354297375
rand_8Y8GV764GG_render_front.jpg,0.4,0.22525316538059903
rand_FW7LT6HHE9_render_front.jpg,0.4,0.32930056293486154
rand_QTFAMYE3RC_render_front.jpg,0.4,0.009140992305220808
rand_0UAQ4EFU48_render_front.jpg,0.4,0.2
rand_KDXVJWPMU6_render_front.jpg,1.218204449025041,-0.21248916789587802
rand_GEDWLHM0VX_render_front.jpg,0.4,0.48494482398873184
rand_VTCTPQ412C_render_front.jpg,0.4,-0.3239848344328628
rand_DIILRTL67U_render_front.jpg,0.4,-0.13714916234956598
rand_Q0MNY6APJH_render_front.jpg,0.4,0.39016865834684444
rand_ZNFV9IOT9A_render_front.jpg,0.6833041823935062,0.2
rand_GAQXC0DFR1_render_front.jpg,1.143150536913274,-0.3338320235683399
rand_84F7MO2RD9_render_front.jpg,0.4,0.820094072249669
rand_U5UPQS98MP_render_front.jpg,0.6633013402657377,-0.10631651725006275
rand_XESMQ2GQMZ_render_front.jpg,0.849376309299211,0.2
rand_7L0BMWQFA4_render_front.jpg,0.691460235832476,0.06899585031159172
rand_XCGEONT4NU_render_front.jpg,0.520235817973887,0.1776140817423899
rand_0LNJQEWROQ_render_front.jpg,0.3406000993934063,-0.3948527302350551
rand_GDTGI3LPN8_render_front.jpg,0.4,-0.020336756146513146
rand_662XCMYYPZ_render_front.jpg,0.39159480237987365,-0.2121499680853911
rand_KZGGEOC07O_render_front.jpg,0.9268642562666656,-0.2897013976483694
rand_1XYCI6SPUI_render_front.jpg,0.4,0.2
rand_7PIGHYNRHV_render_front.jpg,0.4,-0.2660427410054297
rand_AB06OSARF2_render_front.jpg,0.4,0.20443860204807907
rand_0A6EZQVATK_render_front.jpg,0.9933869405615938,0.2
rand_JZC6RG7BYB_render_front.jpg,0.4,0.6249492954152802
rand_RLJSNLDXQX_render_front.jpg,0.8278897917374386,0.2
rand_FAOA596NA6_render_front.jpg,0.7078538668257722,0.2
rand_VDARSEOZEI_render_front.jpg,0.6046703532198174,0.9964271589220159
rand_5VPR5KPMZI_render_front.jpg,0.3043965200413064,-0.006676706579331226
rand_30ILHRBT4Z_render_front.jpg,0.4904071794849312,0.2
rand_JU2B4V4Y60_render_front.jpg,0.5653652246127241,0.30317162682868015
rand_IOECLDSY85_render_front.jpg,1.0272629985268842,0.011313982071342044
rand_FDX692UJ7B_render_front.jpg,0.4,0.2
rand_GELNTHKOI1_render_front.jpg,0.4,0.2
rand_SZ0NQ0LLYK_render_front.jpg,0.8893402742646095,0.2
rand_YNFM2OGGRK_render_front.jpg,0.892322223913165,0.4236838076944889
rand_GSWE72ATE2_render_front.jpg,0.874011150157435,0.2
rand_2QCQUZPLFK_render_front.jpg,0.3197173658440485,0.9672038544012946
rand_CWHZYMYOE1_render_front.jpg,0.4,0.2
rand_YSHG68P1TV_render_front.jpg,0.4,-0.4779351331085705
rand_4Z7TSQW1CN_render_front.jpg,0.4,0.2
rand_FVZB2B67HN_render_front.jpg,0.6886729463011462,0.2
rand_N5QIMGYIVV_render_front.jpg,0.4,0.7386803245672482
rand_3GHUL45Y8O_render_front.jpg,0.7531864888040629,0.5368266779120008
rand_543GNUXYUW_render_front.jpg,0.4,-0.3779050360298764
rand_PFLF5AMK7Y_render_front.jpg,0.4,-0.08235181348978571
rand_4GW1RT7ZVY_render_front.jpg,1.0718508056968905,0.2
rand_VSHV9NTWRS_render_front.jpg,0.8300929715627199,0.631998069750781
rand_8XRGBX24MS_render_front.jpg,0.7765009839943984,0.9695750720226339
rand_J73FR93CNT_render_front.jpg,0.4,0.33274172198859087
rand_G5WSRCD4C7_render_front.jpg,0.4,-0.0638795626752432
rand_FB3J6XXE5S_render_front.jpg,0.5727629858590317,0.010286223947843065
rand_75XLQL73JN_render_front.jpg,0.4,0.23938211557922318
rand_HAQ9W2QRTJ_render_front.jpg,0.39035665320552654,-0.028217394980902366
rand_7WHSCBSJJI_render_front.jpg,0.5843921798044346,-0.48702465120985433
rand_NHS9KDGOIA_render_front.jpg,0.8933450614940317,-0.2661116637572122
rand_ZW07869PTO_render_front.jpg,0.5461052339914498,-0.16946979663415174
rand_GTI800X17E_render_front.jpg,1.5887700159776288,0.3738755523005358
rand_4RLUABNFCL_render_front.jpg,0.4,-0.2873670521461544
rand_9IOH5E43L5_render_front.jpg,0.4,0.33046479607308854
rand_AS1FCDIF3H_render_front.jpg,1.4316476450669717,-0.2069811237294878
rand_V1FE9PAVUO_render_front.jpg,1.8406188202101539,0.2892135839733908
rand_5AD33MAMF0_render_front.jpg,0.4,-0.47146857005883797
rand_W77A749UAF_render_front.jpg,1.1031837354573841,0.8944141168081023
rand_RYEUZBKK34_render_front.jpg,0.44183627718663815,-0.2620312135897496
rand_PJV70270CK_render_front.jpg,0.9764265981423037,-0.28850010825441075
rand_XP74E3DMP4_render_front.jpg,0.4,0.42018557773394494
rand_C6SNGEF41Q_render_front.jpg,0.5034200461186469,-0.1026971731530133
rand_ZHGPARTDBK_render_front.jpg,0.4,0.2
rand_T6T19FLGCV_render_front.jpg,1.75139092959281,-0.31898818262882883
rand_WS75DXZ4JK_render_front.jpg,0.4584121781338005,0.7677609638278431
rand_PQPS6JJ0SK_render_front.jpg,0.3766907121247194,0.05860905899941937
rand_2EJ1B8VRYH_render_front.jpg,0.31483830507346533,0.296355180840401
rand_TKQ5KIENCA_render_front.jpg,0.9337290073048181,0.2
rand_OREK591KOU_render_front.jpg,1.3573780378818758,-0.4026233339564463
rand_26JG87ISLU_render_front.jpg,1.844960880564049,0.2
rand_GE9NBC1HFY_render_front.jpg,0.421262274578015,0.8226716367895828
rand_2OPSLPOO9Z_render_front.jpg,1.05498584951268,0.5725495691855638
rand_4EPGD865AX_render_front.jpg,0.4,0.503312459416176
rand_3AKUJSCM6T_render_front.jpg,0.4,0.2
rand_VV4HPI28V9_render_front.jpg,0.4,0.993456506808907
rand_V9S3CYQBSJ_render_front.jpg,1.1277148883828096,0.43682355476467216
rand_VDZ2TZ7ITI_render_front.jpg,0.43991212558765586,0.33221712114968316
rand_IDTJ8CGGOM_render_front.jpg,1.4175672686993277,0.2
rand_KC7Y44LY2G_render_front.jpg,0.5595919598903398,0.2
rand_1WVP9UJZ3K_render_front.jpg,0.3918097281578674,0.5746883582622648
rand_865VH80NGK_render_front.jpg,0.5963885659458722,-0.02968205867286139
rand_PZRI6B3EU4_render_front.jpg,0.9842878534604318,0.2
rand_58RQKSYY6R_render_front.jpg,0.4406025782379324,0.2
rand_9UW8INWFG0_render_front.jpg,0.4,0.2
rand_KO6Y70ICA2_render_front.jpg,0.30570691463752714,0.2
rand_EUOZ8KIFTB_render_front.jpg,0.4,-0.22411101865750532
rand_JWSYXVA3L4_render_front.jpg,0.4,-0.4776571088504904
rand_UYLU5PT851_render_front.jpg,1.2932313534518876,0.2
rand_GIJ02COAN9_render_front.jpg,0.42148669152550394,0.2
rand_U4Y7W7I9G7_render_front.jpg,1.544357584855489,0.12054483003474048
rand_RPLOPMSPXM_render_front.jpg,1.1193736240000587,0.2
rand_RZ1E9WILRC_render_front.jpg,0.4,0.3456736277799006
rand_BJFC9UFCTU_render_front.jpg,1.4657121904394737,-0.2893412613500532
rand_QX3584QBZ9_render_front.jpg,0.4,0.20058628374773146
rand_5YCQ2ECILG_render_front.jpg,0.4717302484671809,0.2
rand_GY5CPA1QC0_render_front.jpg,0.8001658536332519,0.2
rand_OP4DRKQTO4_render_front.jpg,1.2342623769770518,0.33803167615444285
rand_ONP448WGHB_render_front.jpg,1.0828064662674788,0.2
rand_25L0X2YZ67_render_front.jpg,0.4,0.29668168035625
rand_V59G7JM8FU_render_front.jpg,0.4,0.22241834940196203
rand_LPH3J3GA0D_render_front.jpg,0.4,0.2
rand_7CN2LNTO9H_render_front.jpg,0.38683926084508097,0.2
rand_HE2HIGEAYR_render_front.jpg,0.4,0.16289046202402568
rand_EQE0XKW2TG_render_front.jpg,0.96675537060309,0.08736524005157009
rand_FGNBCBL84I_render_front.jpg,0.4,0.2
rand_R59YLAD0EE_render_front.jpg,1.2086622166524035,0.2
rand_H64DTNJTWK_render_front.jpg,0.4,-0.30519062272067693
rand_5QRABYIBGQ_render_front.jpg,1.5366628500222899,0.2
rand_ZCWPDFKPPV_render_front.jpg,0.4394890736184263,0.2
rand_Z3IFAISGKV_render_front.jpg,0.4,0.2
rand_LU0UE2Z4C2_render_front.jpg,0.4,-0.21846677574283174
rand_R0CDUO1XGC_render_front.jpg,0.650632799566232,0.2
rand_03UUHRKEYL_render_front.jpg,0.773255523877547,-0.03202668185187335
rand_9K1SF35KU2_render_front.jpg,0.4,0.1695044047608587
rand_5ODYFF21G1_render_front.jpg,0.5579479900248414,0.518259594939402
rand_9NLTF4R40F_render_front.jpg,0.870578127947196,0.2
rand_LSHY72Q8AG_render_front.jpg,0.4118119928428785,-0.34488871988482417
rand_3S47AX5QNG_render_front.jpg,0.4,0.8187902304844161
rand_J1DIQCL2YR_render_front.jpg,0.8232775334277154,-0.0953139899025357
rand_4XTNP0MTHK_render_front.jpg,0.9015189420133471,-0.3443888143393268
rand_I5P6TWR8MM_render_front.jpg,1.2342456143498386,0.35145390417701905
rand_4JVERS4NK0_render_front.jpg,0.7945149886725316,0.4173716457951613
rand_AJUHXZ7F9N_render_front.jpg,0.3548375852501346,-0.42861392594612896
rand_MQKH3U0203_render_front.jpg,0.7140571409203222,0.8434786465226352
rand_HE09HMT17L_render_front.jpg,0.4,0.2
rand_O0XNS2LFXY_render_front.jpg,0.4,0.7237404108758028
rand_0XE7PZWP00_render_front.jpg,0.33756520900290315,0.2
rand_Z4BZVJQ7B1_render_front.jpg,0.4,0.2
rand_C53T3CRBVD_render_front.jpg,0.4,0.36533486744979105
rand_4TDRM5ETJZ_render_front.jpg,0.4,0.2
rand_VWJVNT1MMH_render_front.jpg,0.8202826404221033,0.2
rand_5VSZ5KNQOL_render_front.jpg,0.4,0.6457875426286614
rand_2W5DPAO0PS_render_front.jpg,0.740582695776667,0.2
rand_V44MR6N4MR_render_front.jpg,0.3607825588248899,0.2
rand_TLROKVCYFK_render_front.jpg,0.4,0.42947593434421105
rand_3L3E87Z5PT_render_front.jpg,0.612232706216182,0.38713009652186936
rand_WBCD432X11_render_front.jpg,0.5213970868885491,0.2
rand_8N7W3L6I0A_render_front.jpg,0.5851056546724352,0.2
rand_JD739LQKKB_render_front.jpg,0.30315238960248747,0.5858285629380549
rand_BWVKRE5BT0_render_front.jpg,0.4,0.2
rand_ADKJNG6X7G_render_front.jpg,1.128350099793624,0.2
rand_U9W0GC7OFQ_render_front.jpg,0.47522554427850106,0.2
rand_F3OT73RNC7_render_front.jpg,0.586417767433898,-0.20980321063074792
rand_ENTN935VTE_render_front.jpg,0.4200447021019466,0.9945378630218473
rand_XCBM5C6HYG_render_front.jpg,0.4,0.2
rand_0PCAAYP11J_render_front.jpg,0.4,0.2273157900155326
rand_G87VAAP8FP_render_front.jpg,0.4,0.2
rand_5M024N6GM5_render_front.jpg,0.7789098740163769,0.2
rand_SSSNMX6NRV_render_front.jpg,0.9287901432868895,0.0854653166273952
rand_NYYDON4PMF_render_front.jpg,1.598245710919277,0.2
rand_7K7EWWCX9K_render_front.jpg,1.5475634654132757,0.2
rand_DKUWXH58PQ_render_front.jpg,0.675724903052531,0.2
rand_P62G0QJ6BA_render_front.jpg,0.7464961471249361,0.12225219443009439
rand_GLQQ94WR0I_render_front.jpg,0.4,0.5191609082153261
rand_TQ2VGNZZVW_render_front.jpg,1.4058746055153144,-0.0004184389347166584
rand_NZ9PECLPED_render_front.jpg,0.9382839035981643,-0.06800004545261579
rand_IAVSTXF47Z_render_front.jpg,0.4,0.2
rand_L998PBTN16_render_front.jpg,0.4,0.7113853433231203
rand_63Y57RO1JI_render_front.jpg,0.7532061629227693,-0.11898682092683255
rand_JGA96EXQ7D_render_front.jpg,0.4,-0.22432225583778442
rand_Z15JEWZ6ZP_render_front.jpg,1.1985680046020304,0.2
rand_V53FDTJ6MM_render_front.jpg,0.4,0.6133672444924607
rand_YX2E90YM1N_render_front.jpg,0.3900921431333295,0.2
rand_3FH7S1RBYY_render_front.jpg,0.4,0.2
rand_M3MIV5MHSV_render_front.jpg,0.8105490710100227,-0.35998310612539736
rand_BKDZ7IXQOB_render_front.jpg,0.9287557555283543,0.14770325743161217
rand_Q3BDSUCNFD_render_front.jpg,0.4,0.09333375442979219
rand_YJNUCJ0FSI_render_front.jpg,0.523263392736092,0.5613242260981988
rand_5JEXB6PVML_render_front.jpg,1.6463939342212879,0.6858046902445201
rand_97NFQ1F5IU_render_front.jpg,0.4,0.03881288409693151
rand_O6OD53HXL2_render_front.jpg,0.4365034725262501,0.2
rand_V0T7Q1DOH1_render_front.jpg,0.9471810443379445,0.2
rand_8ZR004JUK5_render_front.jpg,0.39811199405122655,-0.0902747558305883
rand_SH5KRXRBFA_render_front.jpg,0.9937015605661821,0.9820620035233367
rand_EKXMNTW0VC_render_front.jpg,0.4,0.2
rand_0BY70RI0OZ_render_front.jpg,1.2757514437679567,0.2
rand_Q2VSTYOXCO_render_front.jpg,0.4,0.2
rand_DBOU0V1T3F_render_front.jpg,0.4,0.2
rand_IQTJS3SA21_render_front.jpg,0.5676538555276954,-0.21120807902135574
rand_16P94TSNVE_render_front.jpg,0.8927502927678663,0.2
rand_0PKJZ47Y56_render_front.jpg,0.4,-0.16976118782920763
rand_LV8LX0Q9RE_render_front.jpg,0.6669336655375692,-0.033608991237865815
rand_JTHPXEYOLV_render_front.jpg,0.4780280756844477,0.8602523900921348
rand_8XZU4JNH5W_render_front.jpg,0.4,-0.25062501431557055
rand_N36IX1D20W_render_front.jpg,1.6942471763395563,0.6579512247989925
rand_NH14SNBQFO_render_front.jpg,0.40408175026261406,0.8537217374868742
rand_AA4A593E9S_render_front.jpg,0.4,0.2
rand_DEKSDDAGRH_render_front.jpg,0.5447372693279326,-0.17396140675417548
rand_G8AF7LEVND_render_front.jpg,0.9427006782138361,0.36401151743941995
rand_D4ZZFPQJMT_render_front.jpg,0.4,0.2
rand_09V9CIFX5E_render_front.jpg,0.4,-0.16672209920238262
rand_HDI354Q4GJ_render_front.jpg,0.8239620997194923,0.2
rand_50FUCT2FL2_render_front.jpg,1.11306796047436,0.2
rand_U740QZAH4X_render_front.jpg,0.4,0.2
rand_VY1S7A2QLL_render_front.jpg,0.3124171070131836,0.043990198390351676
rand_GZIR9KTIK2_render_front.jpg,0.5338596699318063,0.2
rand_UFU4TYK6XP_render_front.jpg,0.897826580858462,0.2
rand_T1JV2DPS2X_render_front.jpg,0.6007088857750493,-0.18674948510252454
rand_6N09RTWGE6_render_front.jpg,1.0700405779772786,-0.15985515922094745
rand_GZ2LR4R67S_render_front.jpg,0.4,0.2
rand_JMPMBYBRJ8_render_front.jpg,1.639604098524084,0.38457240873509935
rand_H7J8JJF77V_render_front.jpg,0.4,0.2
rand_G4BVSVEQ78_render_front.jpg,0.4,0.2
rand_G6EKRQ1D73_render_front.jpg,0.7080962579462469,0.2
rand_27I32SSWJ0_render_front.jpg,1.192541798644768,-0.12043914473787498
rand_PL6H2LALID_render_front.jpg,0.4,0.29907925026693194
rand_1BJ76QX4NX_render_front.jpg,0.4,0.18603143193651017
rand_XIALG7FNMT_render_front.jpg,1.433769784404003,0.2
rand_8SWG3RNIQZ_render_front.jpg,0.5260900041951894,0.5982325478604082
rand_ND0X7E0BQW_render_front.jpg,1.008538747468353,0.2
rand_072Z1RD0W5_render_front.jpg,0.4,-0.2525301863089669
rand_3VDHQTT7CP_render_front.jpg,0.4,0.7379567488578382
rand_SQRGW2P2LE_render_front.jpg,1.4731448930725162,0.714161047252247
rand_KT95A16SHZ_render_front.jpg,0.3108754106049134,0.09601552659088974
rand_5YA189KGQ4_render_front.jpg,1.9785370630504155,0.2
rand_8I503LSAVD_render_front.jpg,1.061680802515319,0.2
rand_63ULCZ9SP8_render_front.jpg,0.4,0.2
rand_JUS392Z53Z_render_front.jpg,1.0485950101613606,-0.4161856556314436
rand_LVI1ZAYNTE_render_front.jpg,0.6897002023567661,0.2
rand_XL39EH8C8R_render_front.jpg,0.9132901704523373,0.2952289644660353
rand_EIOIRZCS4J_render_front.jpg,0.4,0.1939071929481726
rand_ZMCX7SBZ83_render_front.jpg,1.2643793188614918,0.2
rand_8IYVAS4MDA_render_front.jpg,0.4,0.9125792268195201
rand_UKNILSWDSC_render_front.jpg,0.4406352199361686,0.2
rand_SJWXWXWTZV_render_front.jpg,0.4,0.2
rand_BLWA9S33FD_render_front.jpg,0.4,0.2
rand_MHQS6EZQ5C_render_front.jpg,0.4,0.2
rand_RHN33GHL67_render_front.jpg,1.171274859107931,0.2
rand_VXIRCPV55U_render_front.jpg,0.4,0.2
rand_4M2IM1ZCSG_render_front.jpg,0.7330478266082989,0.6271770837255066
rand_I4UNY2B1KK_render_front.jpg,0.4,0.01574945726141408
rand_NN50E7GNVI_render_front.jpg,0.4,-0.43085869543653477
rand_Z1UHNZRTYL_render_front.jpg,0.9631432771524053,0.2
rand_4GO8JROK89_render_front.jpg,1.5158495678874502,0.2
rand_PNBJWGINBT_render_front.jpg,0.4,-0.25170328721583674
rand_M2OAMCAU0M_render_front.jpg,0.3457113741230936,0.5815918208286299
rand_YTQ1BH4G0Z_render_front.jpg,0.4,0.6274388164267264
rand_KMBQJ3ZLWF_render_front.jpg,0.3356725543780074,0.2
rand_NRRTYNZZLW_render_front.jpg,0.5361717934344816,0.2
rand_KXO4VAYBN5_render_front.jpg,0.4,0.2
rand_2QIQRNL2BL_render_front.jpg,0.4,0.4199405563951697
rand_ZH1UHD0ENL_render_front.jpg,0.4,-0.062033180099054064
rand_PEEBWEO2VN_render_front.jpg,0.4,0.2
rand_N8F2N1PIXX_render_front.jpg,0.6720876695713224,-0.47996741557481015
rand_9D87B5F7XY_render_front.jpg,0.5957199278186835,-0.1484078821967359
rand_ALN8X0G6XN_render_front.jpg,1.2195907160787425,0.2
rand_CWQXB7I2YM_render_front.jpg,0.4,0.17235596738405623
rand_CPY5QU0KDM_render_front.jpg,1.6091559725442233,0.2684761392024009
rand_907YI6K4WL_render_front.jpg,0.4,0.6968721237636246
rand_OLVSBMGNZ0_render_front.jpg,0.7490311515410242,0.1875595450190315
rand_52HWDMP88Q_render_front.jpg,1.3234383267509777,-0.39333183606603667
rand_QO00MLQFNK_render_front.jpg,0.4,-0.470433748273334
rand_72LASZW93A_render_front.jpg,0.4,0.11955917924840143
rand_C79ZB2FQU7_render_front.jpg,0.37676825584965234,-0.47893423435548077
rand_1XHYW3WQLI_render_front.jpg,1.2026622104625473,-0.3011607017336247
rand_VISH6RBGAP_render_front.jpg,1.2544367103763046,0.2
rand_UFEA6B9UD6_render_front.jpg,0.4,0.2
rand_E1S932E8Y9_render_front.jpg,0.4,0.2
rand_A4A2BMXMW0_render_front.jpg,0.4,-0.4050918905245683
rand_IVHBEM6R6S_render_front.jpg,0.42399919342199704,0.17879849544899407
rand_Q2OTSTAZ84_render_front.jpg,0.7687652151006212,0.2
rand_LHYNMU7EYW_render_front.jpg,0.4,0.2
rand_DB5FHC2L4Q_render_front.jpg,0.813753689154612,0.2
rand_UAFGTDDPU1_render_front.jpg,1.1526463440458876,0.07622307458760214
rand_24LNDZK1TM_render_front.jpg,1.1137677488638549,0.14888973982514908
rand_P15SZ7TIM0_render_front.jpg,0.4766966662041636,0.2
rand_SDWL1U32SW_render_front.jpg,1.2767886499626042,0.947798234593253
rand_WSTTZ0U5L4_render_front.jpg,1.094835179273048,0.2
rand_RTUDPBKMGG_render_front.jpg,0.6575531389630288,0.2
rand_LYRBWLZAWZ_render_front.jpg,0.8660948634608214,-0.05962822596751732
rand_3M90DIQPZK_render_front.jpg,0.4,0.2
rand_3UPF6999CY_render_front.jpg,0.4,-0.061586493661453245
rand_MTUJ1L3TTV_render_front.jpg,0.4945602095273751,-0.4854141847216822
rand_AMEAEQT2EX_render_front.jpg,0.4,0.2
rand_JTO4QV1U6Y_render_front.jpg,0.4,0.2
rand_YWPZ9VVAOM_render_front.jpg,0.5101726468590713,0.2
rand_KVCHG6NZ2J_render_front.jpg,1.4525229934423927,0.21555624300502152
rand_AAV16Y7J3R_render_front.jpg,0.7160743810989949,-0.025241558869010305
rand_LI6U8MJHW5_render_front.jpg,0.4,0.405065088059418
rand_GKDBDVA6PL_render_front.jpg,0.4,0.2
rand_ETDHDYBKZU_render_front.jpg,1.2411531374489277,0.5844646262700057
rand_JLSZTM3YO2_render_front.jpg,1.5055003412791301,0.2
rand_1NU9QBCEPW_render_front.jpg,0.784500129008997,0.2
rand_ZWAMNK1KCK_render_front.jpg,0.8594652653688881,0.8287019459843585
rand_CGP4HP0GU9_render_front.jpg,1.4482171766309773,-0.31225496124041285
rand_2SPQL57DVX_render_front.jpg,0.4,0.2
rand_AZHWS951Q0_render_front.jpg,0.4,0.2
rand_XS7DCAQFHZ_render_front.jpg,0.4,0.2
rand_ONWA8H84KP_render_front.jpg,0.8604367555108365,-0.15177706537559843
rand_ZFIHKNLJOG_render_front.jpg,0.36857157424673465,-0.059128628147767814
rand_G90423MGE6_render_front.jpg,0.8267987261489695,0.2
rand_5LR7Q171V5_render_front.jpg,0.7377804557811943,0.4417393819353228
rand_SHM2GZOOZQ_render_front.jpg,0.4,0.2
rand_182E5ECH53_render_front.jpg,0.7393626309303878,0.2
rand_7GR2H2MXQQ_render_front.jpg,1.2295872850239935,0.2
rand_LNS6CVKAJ3_render_front.jpg,0.4,0.6862000228511294
rand_NZGPTLG342_render_front.jpg,1.1114879816383594,0.9211175046686282
rand_NJO02GYQSQ_render_front.jpg,0.386365721453122,-0.2387246477236029
rand_BKOR60VHK2_render_front.jpg,0.39757677273855013,0.2
rand_G8AP2JWB9P_render_front.jpg,0.5550822530725215,0.2
rand_5G3KZ1HE63_render_front.jpg,0.4,0.025288787431110737
rand_O2ZM0367KP_render_front.jpg,1.015822437097551,0.2
rand_RF5EXXLL9U_render_front.jpg,0.4,0.5116315411756605
rand_2KO1BRUQ26_render_front.jpg,0.325222252531699,0.2
rand_JRB0G1NH5C_render_front.jpg,0.4,-0.00021287544189307894
rand_UOC2ORM9LO_render_front.jpg,1.373403835441234,0.2
rand_86AJOVPZ82_render_front.jpg,0.49083302619780533,-0.42640868433525486
rand_P3QI5TXIHJ_render_front.jpg,0.4,0.2
rand_BIFM6L6QFR_render_front.jpg,1.093577361732138,0.2
rand_769ULVC8LE_render_front.jpg,0.3970605562625525,0.28222338936256897
rand_LBTE6I8097_render_front.jpg,0.43510465666931397,0.1021451610751335
rand_KNMLG9WXBM_render_front.jpg,0.43040747732537543,0.2
rand_YK11MGG89W_render_front.jpg,1.5954390949953767,0.2
rand_1QOT9HRFUA_render_front.jpg,0.4,0.3389787548969694
rand_FX7V2SY5LF_render_front.jpg,1.465246405401941,0.2
rand_H9NCSO6M7V_render_front.jpg,0.9594878995206626,0.2
rand_Y1QIDDZJ3G_render_front.jpg,0.6628533005742661,0.2
rand_D6BKPDOWCL_render_front.jpg,0.815058812432079,-0.050199790759301643
rand_KS398YFCBW_render_front.jpg,0.4,-0.15006223611926156
rand_YT6C4WWGHF_render_front.jpg,0.4,0.7691191162247613
rand_SQ5S6OVLPG_render_front.jpg,0.674335378522106,0.2
rand_QOGE61TPL9_render_front.jpg,0.4,0.1757568535945493
rand_MFKW63ZDRT_render_front.jpg,0.4,0.2
rand_2HQEJ5LVL4_render_front.jpg,0.4,0.2
rand_9UH65I6Z96_render_front.jpg,0.4,0.2
rand_CDK5IKZ58H_render_front.jpg,0.4,0.2
rand_05Y512GKGH_render_front.jpg,1.165992464050514,0.7886306151035203
rand_TGRRO5URR7_render_front.jpg,1.2802808322922257,0.2
rand_LIFNIPP4C6_render_front.jpg,1.377603574356195,0.2
rand_JYGMR9L4C6_render_front.jpg,0.4,0.2
rand_DL8CTQA0KP_render_front.jpg,0.4,0.8749853365216127
rand_URDU4OZNLC_render_front.jpg,1.5291999257388038,0.2
rand_1WBZVJCBB3_render_front.jpg,0.952521968917815,-0.15254210756079778
rand_P5UYQW0KZ7_render_front.jpg,1.1957916305151828,-0.03990436833380773
rand_AK6SA7S2WJ_render_front.jpg,0.4037342071816039,-0.1501645442306574
rand_T7YUHKV35Z_render_front.jpg,0.8550125417092567,0.2
rand_UWSB48KLI0_render_front.jpg,1.5111783696985248,0.15098405089779088
rand_KQ890FDQ8X_render_front.jpg,0.4,-0.4117949543877041
rand_E18XAKO94M_render_front.jpg,0.5739339768214238,0.2
rand_J97QA1K42F_render_front.jpg,0.4,0.2
rand_QZTX3TFRQB_render_front.jpg,0.9308647723626422,0.6725312380477562
rand_L94Q3A1RFE_render_front.jpg,0.4,0.6715158161763486
rand_T4JC28TLAO_render_front.jpg,1.5389821407796982,0.07867755886908234
rand_WSV3VT6R10_render_front.jpg,0.4,0.2
rand_I0B9ZLANXN_render_front.jpg,0.48731320857727456,0.2
rand_3YTFHQ9LFU_render_front.jpg,0.4,0.5466629638182521
rand_R3YVJB68AF_render_front.jpg,0.4,-0.26105581537094963
rand_NG5938RV9B_render_front.jpg,0.39303768037400977,0.2
rand_2RZR28ZCDQ_render_front.jpg,1.9077209474196748,-0.07419911965427994
rand_JJ5K45O9B0_render_front.jpg,0.4,0.2
rand_0Y6PBH3Y9U_render_front.jpg,0.4,-0.4882809810772348
rand_W4EH2ELQ4Q_render_front.jpg,1.5144428148692028,0.05141579283911535
rand_D2TN9AH8IP_render_front.jpg,0.4,0.7540647734579133
rand_7DL60W09NS_render_front.jpg,0.7236062767879208,0.4285619789964119
rand_SMFWDCHSWE_render_front.jpg,0.8970234003714233,0.6652218312736959
rand_IHUYR1854U_render_front.jpg,0.4,-0.21091524776455384
rand_SXY0UU33BS_render_front.jpg,0.736244091615732,-0.4685744714188866
rand_34PN3WYU4G_render_front.jpg,0.4,0.2
rand_KL3TKCCUCD_render_front.jpg,1.9462988268052694,0.926137786051398
rand_YYQQDE05S1_render_front.jpg,0.9528608075736011,0.2
rand_H1HW5UW5S7_render_front.jpg,1.501828570163811,0.8581763947649514
rand_WSWES58G4Q_render_front.jpg,0.4,0.7330675920986507
rand_JBSXOA75Z3_render_front.jpg,0.4,0.2
rand_DMD1A0JVP2_render_front.jpg,0.9322729261333411,0.5457223925384953
rand_3ZLJDLGVHG_render_front.jpg,0.4,0.26539681212510113
rand_BG6804NHUM_render_front.jpg,1.3421851960257196,0.2
rand_93OEEYP09C_render_front.jpg,1.1971980211850315,0.8817253912821792
rand_SDJQAO3WD7_render_front.jpg,0.5827765549543256,0.39662441814585603
rand_WE30DWLQWJ_render_front.jpg,0.5852407790809458,0.2
rand_QP9IIG5G16_render_front.jpg,0.31912361519566634,0.2
rand_KVHTEMQAJ6_render_front.jpg,0.887478014169319,0.2
rand_8KKRTKM7L5_render_front.jpg,0.4228661764263522,0.2
rand_LQCZWCXGD1_render_front.jpg,0.4,0.2
rand_IMNE1T8BU9_render_front.jpg,0.4,0.2
rand_MYQ1T12899_render_front.jpg,0.8028974160590614,-0.01656851398751369
rand_N5X9IP40X4_render_front.jpg,0.741317189222494,0.5906021663131071
rand_1KMN65OI4O_render_front.jpg,1.0304792431928282,-0.2012484849594769
rand_TDM0BGXMLO_render_front.jpg,0.4,-0.20957802045921275
rand_8YICV1GDV9_render_front.jpg,1.501854366062083,0.2
rand_B5D6100EBJ_render_front.jpg,0.31292837083866526,0.1997526480823164
rand_E2SC3GLMSL_render_front.jpg,0.4,0.23669145130016345
rand_KE1O3E9SXE_render_front.jpg,0.5889369766531853,0.2
rand_TZ4VEFWNEQ_render_front.jpg,0.907023343802656,0.16477147429998362
rand_QR0WZABOSK_render_front.jpg,0.4,0.2
rand_FNQBWP9XK3_render_front.jpg,0.4,0.2
rand_BBTJG0ARUY_render_front.jpg,0.7668457689042041,0.5216468456314094
rand_PK9SIYGC2M_render_front.jpg,0.36624665646977206,0.5512748770975677
rand_4MSEFRFCQP_render_front.jpg,0.4,-0.37668741620297086
rand_XG07JQ26FM_render_front.jpg,0.4,0.2
rand_XWKNLIIEFS_render_front.jpg,0.4,0.2
rand_3D5WGR1NHO_render_front.jpg,0.9125382658863856,0.2
rand_4IPL5PFBM7_render_front.jpg,0.9992036042033465,0.1846946759932374
rand_H9O0W45ADF_render_front.jpg,1.572227168289462,0.5837678330709131
rand_YR6JNZ0UTU_render_front.jpg,0.4,0.2
rand_AISNHOFXML_render_front.jpg,0.31348876313551,0.7303861730720347
rand_ZAWMWPRNZ6_render_front.jpg,1.6513433817129481,-0.20900564984028253
rand_3F83YWFDRI_render_front.jpg,0.4,0.5102183788149981
rand_X5F9YGYYYH_render_front.jpg,0.4,0.2
rand_US3IHQPPZM_render_front.jpg,1.9897812249577833,0.2
rand_TP2OUVXKN5_render_front.jpg,0.4,0.2
rand_7EJ4P4YZRG_render_front.jpg,0.6544807087975273,0.2
rand_RPMZ3NYYQO_render_front.jpg,0.4,0.2
rand_71JKUKX30K_render_front.jpg,0.4,0.2
rand_87F9OOFI0S_render_front.jpg,1.1659863892493938,-0.30956982694115137
rand_6DEU0RV4CV_render_front.jpg,0.7804988862522138,0.2
rand_WZ7DOHTT0Z_render_front.jpg,1.833971320905478,0.6952556393252565
rand_SAWDMODTVF_render_front.jpg,0.5830799480571229,0.2
rand_GDPYK3R978_render_front.jpg,0.4,0.2
rand_P96XZHPI6A_render_front.jpg,0.8421731888074335,0.2
rand_JXLNO52F0K_render_front.jpg,0.4,0.48354405905863573
rand_U7BKBILMJ8_render_front.jpg,0.3895046225101183,0.3858698556520983
rand_SPHGP7KYYJ_render_front.jpg,0.412524395524256,0.2
rand_2AA45WT99M_render_front.jpg,0.4,0.2
rand_VY5TIJWHQO_render_front.jpg,1.0745693064602109,0.2
rand_PUWGOROHZO_render_front.jpg,0.4,0.5784656480866219
rand_ZNBK0O39GQ_render_front.jpg,0.30941429838004064,0.2
rand_OHS6GPA5V3_render_front.jpg,0.4,0.2
rand_761SQ5PCGU_render_front.jpg,0.643867493486646,-0.2697218738278401
rand_6QNK9W4N2X_render_front.jpg,0.47264464964369235,0.2
rand_KC2MKTIOVP_render_front.jpg,0.4,-0.20313763179696548
rand_2ZD6XZAXJO_render_front.jpg,0.4,0.6765591126899329
rand_J0LGJ3VQI4_render_front.jpg,0.4,0.7524508332588395
rand_SHN98G56C5_render_front.jpg,0.4,0.8109128887514565
rand_EIKKZ3FOT0_render_front.jpg,0.4,-0.06835011591989476
rand_D2B1PCXQX7_render_front.jpg,0.835803814087305,0.2
rand_CCCUHBOTLL_render_front.jpg,0.3582928882964124,0.2
rand_47XXKGSCCO_render_front.jpg,1.8122375789219551,-0.4816811718462356
rand_AUXKX9XQF8_render_front.jpg,1.3075632491064988,0.2
rand_A7Z61KD8YM_render_front.jpg,0.4,0.2
rand_MUVKSW0RFO_render_front.jpg,0.4,-0.2168806901628716
rand_KLNKIPETFQ_render_front.jpg,1.5228236685933867,0.2
rand_DQ8BLZ3XUV_render_front.jpg,0.4,0.2
rand_J0RV3R5T5Z_render_front.jpg,0.8869955340479219,0.03666348067673175
rand_CE9BDC6YWP_render_front.jpg,1.1409308126280364,0.2
rand_Z8NV4WNIPE_render_front.jpg,1.4184846437342502,0.2
rand_LV1P7WRUTP_render_front.jpg,0.4,-0.3530366845086485
rand_V0S07KUHS7_render_front.jpg,1.6252600721241475,0.9217331791871297
rand_M1MMIWD7HK_render_front.jpg,0.4,-0.2322101115582389
rand_K2T0XV9UGQ_render_front.jpg,0.4,-0.24670167000998222
rand_X1GOLCKQT5_render_front.jpg,0.4,0.7533770206928827
rand_UEW1A9MTWJ_render_front.jpg,1.88239942775966,0.2
rand_D3W83DHV26_render_front.jpg,1.2578069685860067,0.48026795947565715
rand_3DV2TP1VB8_render_front.jpg,0.4,0.2
rand_1BROAWODUK_render_front.jpg,0.4,0.2
rand_VRUQAXCQ23_render_front.jpg,1.8028098988494514,0.2
rand_ZV4RUHM0X6_render_front.jpg,1.036056453787373,0.527904688207953
rand_7QPGFVS5SM_render_front.jpg,0.4,0.7837752458502547
rand_OOU0PY537C_render_front.jpg,0.4,0.2
rand_653RRS5DW9_render_front.jpg,0.4,0.5675825946980613
rand_R0NW40D6MG_render_front.jpg,1.9274705417359987,0.5917805822307722
rand_RJHF6Z4UX5_render_front.jpg,1.1980681293372375,0.10707907514386428
rand_KW83H9ZGDN_render_front.jpg,0.8654506843823111,0.9920036232531855
rand_4PJPEGAYOE_render_front.jpg,0.9834963735884579,0.2
rand_SEAO1D05OT_render_front.jpg,1.8770624499213233,0.07424694652399544
rand_P9IGTWYE8J_render_front.jpg,1.1287755395747676,0.2
rand_9M73T7RFM0_render_front.jpg,1.73881454225511,0.2
rand_3LB6N6HXAQ_render_front.jpg,1.194493637587704,0.2
rand_WYX7W2RTFB_render_front.jpg,1.4510308817098296,0.2
rand_Q0NG4NXROV_render_front.jpg,0.7147572727129958,0.2
rand_E1C14S922N_render_front.jpg,0.4,0.028741398256799333
rand_1G1MHZ49GG_render_front.jpg,0.8634033708178861,0.4623747911024907
rand_1AC9FYXUJS_render_front.jpg,0.30527506075430216,0.5892743521265444
rand_VL46DH6EK4_render_front.jpg,0.526541202831091,0.15115214812573552
rand_DF6AH7UQFM_render_front.jpg,1.0436719972093689,0.27712785421238384
rand_LREQ35ST4E_render_front.jpg,1.9100367021371045,0.7238686279203823
rand_RVS1QWPXD0_render_front.jpg,0.4,0.08113709616816389
rand_LYX71707DB_render_front.jpg,0.9786126797369417,0.8261676435832024
rand_F6EALBWXTT_render_front.jpg,0.31544174898518995,0.2
rand_NLAX0XRNO8_render_front.jpg,1.6872606630929883,0.2
rand_OTQPZC6ST2_render_front.jpg,0.4,0.2
rand_TREPSVAZS3_render_front.jpg,1.4181505653270166,0.8753592736113305
rand_RH32N4Y406_render_front.jpg,1.6733074953182785,0.2
rand_2GZKHRDY8J_render_front.jpg,0.9075271451552747,0.4085717905357549
rand_IQG7GB8MCL_render_front.jpg,0.8682298319799959,-0.04304795715095577
rand_0LB0U8AY1Y_render_front.jpg,0.33210455738403705,0.004533590533754905
rand_JE0L62P85L_render_front.jpg,0.48006768895326,0.9164516244456395
rand_JI9JG3KE24_render_front.jpg,1.0365666945553504,-0.16914164095220802
rand_6PWQV1HN0I_render_front.jpg,1.0083259334802197,0.2
rand_SBRRH17A9N_render_front.jpg,1.8505563923782675,0.3179053540295411
rand_CDY3ZBF5SA_render_front.jpg,0.6894949373647279,0.2789275211316251
rand_L9UJDDDSUJ_render_front.jpg,0.4,0.2
rand_SZRX8TY51T_render_front.jpg,1.0208637121076327,0.2
rand_151MB9PXLQ_render_front.jpg,1.6190262507021451,-0.22159109580224756
rand_UFT20FQSC0_render_front.jpg,1.1791258169936027,0.09907633477600308
rand_EWBFTPH8DT_render_front.jpg,0.4417934565511022,0.2
rand_YKNK563Q2V_render_front.jpg,0.9342636029320139,0.8319941190402149
rand_9ERGR6OF8Q_render_front.jpg,1.3304027787819588,0.4109096377815802
rand_U4EOTEF5J3_render_front.jpg,0.4,0.5229394500612587
rand_ANEV4NH357_render_front.jpg,0.4,0.2
rand_L12WU7204Q_render_front.jpg,0.4306873125028736,0.057616131654618874
rand_5UFSGXG0EA_render_front.jpg,0.4597758861409668,0.2
rand_Q4S6V6APZW_render_front.jpg,0.4,0.714402328245245
rand_RCX9P9S0ZR_render_front.jpg,0.6938053034380895,0.2
rand_RT707BND5G_render_front.jpg,1.6433022959401848,0.4357325447744832
rand_NF95FEOMW6_render_front.jpg,1.2381757824087,0.32786818356409786
rand_54P62I11BZ_render_front.jpg,0.8320448241999883,0.12184742956765038
rand_PQTMGIWW37_render_front.jpg,0.4,0.45085914381812464
rand_EXZ8N6LBWM_render_front.jpg,0.5020393806312416,0.2
rand_QAP745SPSA_render_front.jpg,0.4,0.8615690192711083
rand_CTQLKYNKFK_render_front.jpg,0.4376589273551088,0.2
rand_K2T6Y2003S_render_front.jpg,0.7430263096255871,0.2
rand_RGJ39BMISI_render_front.jpg,0.4,0.85711904078921
rand_LVRBLUOGTQ_render_front.jpg,0.8648986188350556,0.2
rand_T1CNKYRQCK_render_front.jpg,0.45336093365028884,0.5831441487854847
rand_I43DGUU4WY_render_front.jpg,0.47644001193804764,0.7695222592138935
rand_ORTAUGO7F1_render_front.jpg,0.4443428988269179,-0.09251381723616314
rand_9CL4DU4AJI_render_front.jpg,1.1473317462140555,0.24748353414778124
rand_AZE3JREC61_render_front.jpg,0.77387161193086,0.2
rand_NHV90PKX20_render_front.jpg,1.155473449770414,0.2
rand_337BAB093Y_render_front.jpg,0.4,0.838818678585296
rand_EC6LNBYLJZ_render_front.jpg,0.4,-0.0981572096065026
rand_BO3RYHO5TL_render_front.jpg,1.0346896173022186,0.2
rand_TPQ1GNLJIE_render_front.jpg,0.38361632565430104,-0.06417488116865094
rand_IXKDDEX2IA_render_front.jpg,1.4811767908558944,0.8331037135720549
rand_2C06MES7VJ_render_front.jpg,0.7531726778075591,-0.10453056198548111
rand_DPHZ50U50S_render_front.jpg,0.5291414700934081,-0.22284915716300885
rand_ZWIIHPUSD0_render_front.jpg,1.1121432658951402,0.2
rand_PC5C3KGZZ7_render_front.jpg,0.6021010637350002,0.9953815537413175
rand_FN3F6BHUFA_render_front.jpg,0.9879086790364819,0.2
rand_5M9KOKO7IP_render_front.jpg,0.4,-0.18815252674054916
rand_92MZIGKWMJ_render_front.jpg,0.4,0.2
rand_IDFZCW4AA3_render_front.jpg,0.9990140150354807,0.2
rand_2FRK437VBO_render_front.jpg,1.9455464867818473,0.8385937794343308
rand_97ABI9ORNR_render_front.jpg,1.0850118770666255,0.6316340935763842
rand_UBG8N2BP8P_render_front.jpg,1.086008646001701,0.2
rand_5925ZGHRV7_render_front.jpg,0.9797004882948492,0.2
rand_CEBIYKT095_render_front.jpg,1.1668010631732186,0.20907868602314084
rand_8DAJ68PSC6_render_front.jpg,1.4564769646123557,0.9268143569963734
rand_0ME2Z034NN_render_front.jpg,1.221030035807525,0.7045839750287088
rand_5WE9A84WGI_render_front.jpg,0.4,0.2
rand_S9FZZF60F6_render_front.jpg,0.6383496283718006,0.7135281038170649
rand_17K0TGI4DV_render_front.jpg,0.6183697743809597,-0.0640222303397962
rand_YUFW86V6ED_render_front.jpg,1.9377954848987682,0.2
rand_2R201MQ70W_render_front.jpg,1.4856965875129864,0.2
rand_7U31RWQEE4_render_front.jpg,0.6410924042976691,0.2
rand_CODU6LPGT0_render_front.jpg,0.4,0.7254079508743974
rand_YOQWY4RZP8_render_front.jpg,1.3422033756343843,0.2
rand_S9BZBNAPGS_render_front.jpg,0.4,-0.015137315719364275
rand_K0MEV1US72_render_front.jpg,1.1401676005691035,0.4121023213931607
rand_7TQCMVTZ9Z_render_front.jpg,1.812594652767803,0.2
rand_ASKNOJ0BNI_render_front.jpg,0.4,0.2
rand_6A9NDY4SG7_render_front.jpg,0.5383944580146379,0.2
rand_R97J8RODC4_render_front.jpg,1.7443846801895893,0.2
rand_9CHT96PSWD_render_front.jpg,1.6314244913223501,0.2508716414376826
rand_V5W0XGZXWP_render_front.jpg,0.4,0.2
rand_YQ6TUUG7UJ_render_front.jpg,1.600986947607245,0.2
rand_6A3M4OX3Y1_render_front.jpg,0.4,0.7141093606550482
rand_LZ6O9IVWJI_render_front.jpg,0.798999779419783,-0.0688467843750119
rand_7AM13NAOF5_render_front.jpg,0.9597761652002041,0.8008893309546088
rand_UQ9AVNC8IT_render_front.jpg,0.4,0.014989184237546471
rand_7G2D48P95M_render_front.jpg,0.7047411303738851,-0.21817690065641449
rand_24C0WR5YIG_render_front.jpg,0.4,0.2
rand_2B7W3QNDBE_render_front.jpg,0.4,0.36960829235182935
rand_MW92E3WRLU_render_front.jpg,0.4422533105823543,0.2
rand_EOHPTOIN8N_render_front.jpg,0.4,0.829590271404097
rand_9LR2XG2O1L_render_front.jpg,1.7035875560493918,0.2
rand_WL5Q8YBDXQ_render_front.jpg,0.518362025313117,0.2
rand_T1ZLCODB1S_render_front.jpg,1.729849383296163,0.1466371239669717
rand_FIPT4BJS2F_render_front.jpg,1.229605979636431,0.2
rand_Z8SG3CLBM0_render_front.jpg,0.4828718312294532,-0.49909215410607854
rand_HEWD1I8GHT_render_front.jpg,0.7481474505282912,0.4008051637933683
rand_ZTT0UROS17_render_front.jpg,1.5347851272177069,0.7684940749695248
rand_SL3BYDKY0R_render_front.jpg,0.4,0.19647488946956593
rand_1YMR466YTG_render_front.jpg,0.4,0.8394510592893232
rand_8XROCCBBQS_render_front.jpg,0.4,0.7317771221186438
rand_0MGW5YEOOW_render_front.jpg,0.4,0.2
rand_CD9BREOXBU_render_front.jpg,1.4761529066650212,-0.15024571910630385
rand_LTXHIE2K5T_render_front.jpg,1.0381488798865435,0.8262615838243936
rand_9EMZ9URTQ4_render_front.jpg,0.5669262752909339,0.15185927661438414
rand_VCICYA5KIG_render_front.jpg,0.8413454839149899,-0.3293247778661788
rand_AG02ZF0FJY_render_front.jpg,1.3371658502435797,0.2
rand_PO1GEEXKSR_render_front.jpg,0.3650479648832908,0.6182210979620508
rand_KPMVMAXYBU_render_front.jpg,0.6716384271833788,0.06502025910045384
rand_U2U405V3IK_render_front.jpg,0.4,-0.4184345491242673
rand_F8M5O5MMT5_render_front.jpg,1.7601078468289078,0.2688446349853967
rand_GF7AEV5DT5_render_front.jpg,1.5854927714090095,-0.24751174243972424
rand_GKO6AQ63XN_render_front.jpg,1.2800460214593679,-0.024049946744613693
rand_S2RMBQL084_render_front.jpg,1.800422957022716,0.2
rand_DBYXHPWOQ6_render_front.jpg,1.1026326392921693,0.2
rand_VJ7VCN2428_render_front.jpg,1.9516541859626135,0.9261298846911985
rand_4U55PV6CRO_render_front.jpg,1.493509572831719,0.030962136123061312
rand_VUUI93WA12_render_front.jpg,0.4,0.439401807175553
rand_4GQ5BESMV5_render_front.jpg,0.8250173373159835,0.5287151175225726
rand_I6W193RUNJ_render_front.jpg,0.4,-0.29259032485669384
rand_04EQHMVVZ4_render_front.jpg,0.5950968531001157,0.3725816111118727
rand_CFG15K84WB_render_front.jpg,0.4,0.743757780651569
rand_OM0GPSYAE1_render_front.jpg,1.2817931664452897,0.8879959791830159
rand_QNFWIJGLQZ_render_front.jpg,1.5559297886654921,-0.36973770430937203
rand_YKQC0FH4J6_render_front.jpg,0.8753614936481979,0.2
rand_YOODRXGPDA_render_front.jpg,0.4433665247658365,0.4435439800738731
rand_EP0ATC54YQ_render_front.jpg,0.9920257746719883,0.9013759286785685
rand_CV9ACSA4G5_render_front.jpg,1.2706892531679712,0.5427898871654775
rand_V9PGXW8X3Z_render_front.jpg,1.0969563776545714,0.2
rand_SCMS4GYF8U_render_front.jpg,0.9324031726697071,0.2
rand_6FD3ELLCT8_render_front.jpg,0.4,0.2
rand_995XY6BTXI_render_front.jpg,0.4,0.1127309748399764
rand_PESRLUDNMQ_render_front.jpg,0.6616527591710293,0.2
rand_JLOMI9UOEF_render_front.jpg,0.4,-0.3414160188861675
rand_KQCRDUOG3Q_render_front.jpg,0.9312792276223847,0.2
rand_T5AM6EISYG_render_front.jpg,1.9480487760901803,0.2
rand_0O4KEYEZVM_render_front.jpg,0.4,-0.4407293571003652
rand_0KIRQ2KQZJ_render_front.jpg,0.4,0.03516924895091855
rand_873QYY5JPZ_render_front.jpg,0.81899621533104,0.2
rand_1Z61HPGUDS_render_front.jpg,0.4,0.14808848547930276
rand_WTC4E49G58_render_front.jpg,0.9488652467577814,0.2
rand_BJFBTHAGUT_render_front.jpg,0.44200031843341336,-0.34345481266930916
rand_PMBO8N0LC5_render_front.jpg,1.152079853968818,0.2
rand_88NICGS4WX_render_front.jpg,0.3713078020547271,0.2
rand_NJBVUH1YCQ_render_front.jpg,0.6647868944664748,0.7270402078419702
rand_PTOOB55S8S_render_front.jpg,0.4,-0.1911644015381892
rand_N71O3ABKJG_render_front.jpg,0.32997741967082095,-0.13236117713265894
rand_FD8TIMEXLZ_render_front.jpg,0.4,0.08205906293361664
rand_JRU48WWTUZ_render_front.jpg,0.4,0.36483642662055893
rand_OIQIGL5D21_render_front.jpg,1.017516173351422,0.2968830269036401
rand_TX79G0095C_render_front.jpg,0.4,0.8151257171455162
rand_KGGFDXDO32_render_front.jpg,0.9439132945472299,0.2
rand_Z69ZP7G271_render_front.jpg,1.5003099331636383,0.08165517787788801
rand_C318XKNQ0L_render_front.jpg,0.3805754645830917,0.8564263039878126
rand_QH5HG1DARP_render_front.jpg,0.41484480341091906,0.35194054005768316
rand_F0BLQDF8HW_render_front.jpg,1.314021425111021,0.2
rand_SS4DZ0VC8X_render_front.jpg,0.4,0.3250351311557296
rand_2CN94918I1_render_front.jpg,0.4,0.631240771983621
rand_YD1NV4D5RY_render_front.jpg,0.7634084265840073,0.7757260061531388
rand_M23NOO9V2X_render_front.jpg,0.4,0.2
rand_UYMYZ515TD_render_front.jpg,0.9621474286245661,0.2
rand_BT8P2Y8WCO_render_front.jpg,1.1682617442157328,-0.09777114304121964
rand_36HL6CAAQK_render_front.jpg,0.4,0.2
rand_O35GU3MTCG_render_front.jpg,1.833850772728299,0.2
rand_S27MFM9S2F_render_front.jpg,0.4,0.2
rand_98Z004YJBN_render_front.jpg,0.4,0.9034357667032848
rand_U2CNXC6HJ9_render_front.jpg,1.6528104971711564,0.2
rand_4XU66IWUGP_render_front.jpg,0.4,0.4605899323552578
rand_93OK562EG4_render_front.jpg,0.4,0.5527429067986944
rand_QOZYWW08PS_render_front.jpg,1.6199197857561678,0.7512593605511042
rand_0DSUJX1DET_render_front.jpg,1.9082662011618754,-0.00881918645924934
rand_AH9IB2WFB3_render_front.jpg,0.9456967098519107,0.2
rand_WE21SRYZZQ_render_front.jpg,0.4,-0.09135358514557212
rand_KJBWIIHIBI_render_front.jpg,1.02954153328494,0.2
rand_FK56FEC7JX_render_front.jpg,1.6286575544869724,-0.3148094431662885
rand_QY8PK0J8OK_render_front.jpg,0.4618675272317889,-0.07109209863888755
rand_0UK9YYTMJ3_render_front.jpg,0.4,0.06159219840676966
rand_A4LUD9E16B_render_front.jpg,0.4,0.2
rand_SXG2UVBWTR_render_front.jpg,0.4,0.2
rand_C4LIVDLPBN_render_front.jpg,1.9044926067299737,-0.32676742264701053
rand_RJYDKM6E7C_render_front.jpg,0.6581914394829782,0.7005229974366778
rand_9UTCYVPGGQ_render_front.jpg,0.896149962115699,0.317723819559545
rand_F2IRZHCRW5_render_front.jpg,1.7541829808807736,0.11764446037996668
rand_8RCYUWXHAW_render_front.jpg,1.8045623619400126,-0.09031674707783399
rand_Z05CKHC8MA_render_front.jpg,0.9458240845087738,0.4839524540359347
rand_90EXM8GJ5B_render_front.jpg,0.4,-0.4431637676515509
rand_IPXQ7TOJ16_render_front.jpg,0.6276749007153906,0.2
rand_6XAZFGC96Y_render_front.jpg,1.9886448961575995,0.19672099529670128
rand_XMB5YZI81O_render_front.jpg,0.4,0.2
rand_FGMU9RVNZU_render_front.jpg,0.4,0.2
rand_IJEL450E21_render_front.jpg,0.4,0.2
rand_4YUSBEKIEW_render_front.jpg,0.4,-0.12015460137724993
rand_P9J4JXJ4K0_render_front.jpg,1.4006046668317924,0.2
rand_XNWQ8Q5KGX_render_front.jpg,0.4,0.7516688662308357
rand_IELMIZ3BG4_render_front.jpg,0.4,0.2
rand_Q9N4H20NAF_render_front.jpg,1.7830145052651452,0.2
rand_6NGZQ6EDJS_render_front.jpg,0.8213209864809368,0.0268452479387149
rand_MQV7T2KSLZ_render_front.jpg,1.1839965278623525,0.2
rand_BIWAIVFQCZ_render_front.jpg,0.4,0.7092422296504999
rand_FEU8BYO98Q_render_front.jpg,1.3672952476160576,0.2
rand_74UQUF5L6A_render_front.jpg,0.4,0.09888161181054222
rand_RJSWKGPNZE_render_front.jpg,0.4,0.6566906025190884
rand_4DMWMGJKA2_render_front.jpg,0.7821892583862788,0.9500179500773371
rand_5EVQPI9O9P_render_front.jpg,1.4617457108516991,0.4399354040011849
rand_PUPY2XMQ98_render_front.jpg,0.507349710069649,0.16942360487760277
rand_K63KXTQ53J_render_front.jpg,1.0096671713667416,0.8534361307277323
rand_ANU1M4ORQU_render_front.jpg,1.5738514679710376,0.150622966561629
rand_G9ZOGMVY3A_render_front.jpg,1.806318211575734,-0.21157760448169127
rand_V10NQ9AZSP_render_front.jpg,0.5283530689032236,0.8493156652451663
rand_ZTVKFE9PFQ_render_front.jpg,0.4,0.163002777843114
rand_YMP71YQ0Q7_render_front.jpg,0.7027723540125346,0.4289710486377871
rand_EDOV8CMMAJ_render_front.jpg,0.4,0.6849368273328764
rand_5A23DW4AFR_render_front.jpg,1.5338277322839837,0.2
rand_0NOC72K27D_render_front.jpg,0.9175887575983552,0.2
rand_6YGLA0SDP1_render_front.jpg,0.4,0.2
rand_HUNTO71Q76_render_front.jpg,1.1091683556939975,-0.43866745571497956
rand_7FZAQG20A5_render_front.jpg,0.6195212501990865,0.2
rand_Y9TCBGSP2K_render_front.jpg,0.4,0.2
rand_3IYUS7KF9N_render_front.jpg,0.4,0.5062627560411017
rand_TJ02GWEGPJ_render_front.jpg,1.6083473451813504,-0.007304589978080089
rand_MKVKS9Q4IU_render_front.jpg,0.8162201679792505,-0.3907961747649265
rand_XX16CACHLB_render_front.jpg,1.4947519561159133,0.844082090023639
rand_EKSBZXP8XR_render_front.jpg,0.4,0.8211456850283119
rand_B5LX6YDP0I_render_front.jpg,0.9989466624877423,0.2
rand_0MQTO8DP3W_render_front.jpg,0.3270679914554759,0.2
rand_2E8HY3OO0H_render_front.jpg,0.4,0.1854510156540986
rand_YGDNCM2BNH_render_front.jpg,1.3465423816678437,0.2
rand_N8O24C8KWB_render_front.jpg,0.8983869382894742,0.9416334606977625
rand_YNJ3C36NI8_render_front.jpg,0.8797789650354764,0.088593124571962
rand_43EXXYWX5R_render_front.jpg,0.4,0.5066999980902256
rand_AZBYKKUGI8_render_front.jpg,0.4,-0.3164085502111893
rand_6XGSUJQI4X_render_front.jpg,1.569805207836805,0.9565962953985943
rand_I20T52GTFT_render_front.jpg,0.4,0.812362408113585
rand_GKLBY42P7K_render_front.jpg,0.3583410204751061,0.6519919579417048
rand_KCF5ME8773_render_front.jpg,0.4,0.2
rand_WRXVWK8J1Q_render_front.jpg,0.5499097994982051,0.2
rand_COMW8DRISI_render_front.jpg,0.4,-0.3277313762959181
rand_461EX89DF5_render_front.jpg,0.4,0.2
rand_RXSGJUM9US_render_front.jpg,0.4,0.2
rand_THRHK3XZJ5_render_front.jpg,1.1780495075912079,-0.01863108156625015
rand_37ELP037L5_render_front.jpg,0.4,0.2
rand_QE7IEM9QX9_render_front.jpg,1.720471258149518,-0.2449817747589093
rand_YJQWSHP67A_render_front.jpg,0.4,0.23207156744611335
rand_XPD43ODKHA_render_front.jpg,0.4,0.5836826589635171
rand_702JE9ZIXY_render_front.jpg,0.4,0.2
rand_UYB6F8VFYE_render_front.jpg,0.4759786451016529,0.2
rand_140SIPQZRC_render_front.jpg,0.4,-0.20756308414424246
rand_5QJXNHYMAH_render_front.jpg,0.4,0.8327838704119439
rand_UQO9NJ1CYH_render_front.jpg,0.4,-0.08133352624999585
rand_OYCUOVD1BO_render_front.jpg,1.305494547720106,0.2
rand_0FLZP5KRNR_render_front.jpg,0.9446992844425615,0.2
rand_R9U1VFI08N_render_front.jpg,0.841219252342245,0.2
rand_IIHVGMTAS5_render_front.jpg,0.4,0.2
rand_AP1D1NWIFZ_render_front.jpg,1.6160312030157127,-0.06136664110870571
rand_A4XTRJ626Z_render_front.jpg,0.4,0.713599228439886
rand_N73R95VMXK_render_front.jpg,0.9365384945026851,-0.13222693556434634
rand_P0V5H2I54R_render_front.jpg,0.4,-0.3708668724946172
rand_CQAG8P44C4_render_front.jpg,0.4,0.15317929349914228
rand_USZJ1ND9FY_render_front.jpg,0.4,-0.06053818720575033
rand_HRZFZVLQCB_render_front.jpg,0.92406802130095,0.2
rand_L4I3VQVJ79_render_front.jpg,0.4,-0.17140412856027487
rand_42YY8R4WMG_render_front.jpg,1.9124879314596979,0.5630378053666032
rand_8XNSZGK39J_render_front.jpg,0.4,0.2
rand_Y9VX7R36MB_render_front.jpg,0.6109701796350453,0.2870564298716183
rand_9NTG375JGI_render_front.jpg,0.4687216688162442,0.6646365286529643
rand_T4OO18VVVL_render_front.jpg,0.49756803910247804,0.9285676893680244
rand_TLI1DSTSJC_render_front.jpg,0.6664681905034998,-0.07013175963896279
rand_I3RMFWGOOF_render_front.jpg,1.8584079418470247,-0.4968071707860248
rand_R19OHQZ77W_render_front.jpg,1.4022317262617392,0.10022475911469997
rand_73F0N2Z9UQ_render_front.jpg,0.636515195717381,0.31982030953662455
rand_CSRT1CSXVB_render_front.jpg,0.4,0.2
rand_YDY45XSZI0_render_front.jpg,1.1974978975273325,0.2
rand_W29TA9V048_render_front.jpg,0.4,-0.06798778864856425
rand_XURQZS81SY_render_front.jpg,1.5921796951182845,-0.42895036822786453
rand_NPD80IMWVH_render_front.jpg,0.4957785704120904,0.2
rand_D5HG48C9NN_render_front.jpg,0.4,0.8122551184431819
rand_3SA4C3I2T2_render_front.jpg,0.8526327897956882,0.6039257022746816
rand_AHRT3669JS_render_front.jpg,0.5324673482131406,0.3480071325588461
rand_KPP9V65447_render_front.jpg,1.2918250550948516,0.2
rand_7J2NR8QIY8_render_front.jpg,0.4,-0.2703175182322323
rand_RAU6MPJEGC_render_front.jpg,0.7118778320276403,0.6782924896086122
rand_O9TNL19U84_render_front.jpg,1.0110783939278027,0.9086095940161221
rand_SK6U9B4V65_render_front.jpg,0.4,0.2
rand_L4IF5SRSXX_render_front.jpg,0.623810769357448,0.2
rand_K59D0SLI5B_render_front.jpg,1.61831357683658,0.2
rand_G75JVA1WZO_render_front.jpg,0.4,0.7825877607392355
rand_EXE53952V8_render_front.jpg,1.9450641846851002,0.135015263343241
rand_IRGZECGSAI_render_front.jpg,1.0500166934530741,0.2
rand_KQ0Q9YOZZ1_render_front.jpg,0.5431817177454022,0.2
rand_11SEFBSFKK_render_front.jpg,0.4,0.2
rand_P5HH4DEXTV_render_front.jpg,1.7951077660928152,0.2
rand_FYYE8S51W3_render_front.jpg,0.455383972100757,0.6359288513292953
rand_6ICXDB68FO_render_front.jpg,0.4,0.9187836550302511
rand_8J2FANKZH5_render_front.jpg,0.9043503541195914,0.2
rand_W4TNL0I061_render_front.jpg,0.4,0.5607518120675652
rand_F0SX2UDF99_render_front.jpg,0.4724877035366388,0.2
rand_I2LT85MURF_render_front.jpg,0.5912430217086987,-0.3175983361112773
rand_TQJ04JGOL5_render_front.jpg,0.6243543482475332,0.623768953973878
rand_4D1FWCDWVQ_render_front.jpg,1.1237419709140444,0.2
rand_2M8H83CQJP_render_front.jpg,1.3520751590302498,0.2
rand_HDRVALGM5A_render_front.jpg,1.2207447127273623,0.2
rand_NBFGBPYVQV_render_front.jpg,0.4,0.2
rand_WJQFFN53VW_render_front.jpg,0.7211509724916957,0.7876388153755922
rand_K84JDX3STO_render_front.jpg,0.34470856214681034,0.2
rand_QN2G4J7IPQ_render_front.jpg,0.6499702832355718,-0.4796309033167207
rand_CZ8SQQ81SS_render_front.jpg,0.4,0.2
rand_7AAFIIX57Y_render_front.jpg,0.5779063988357144,0.5790371726027104
rand_1X4SGYDPQC_render_front.jpg,1.9224324300222475,0.09485351658589036
rand_TLSLI0YE7P_render_front.jpg,0.4,0.2
rand_JZGXAQLW7N_render_front.jpg,0.4,0.2
rand_W1L1PM9FCW_render_front.jpg,1.736439984532256,0.2
rand_NYFUC89O1G_render_front.jpg,0.4,-0.1728837059924092
rand_9MUWO9L0J2_render_front.jpg,0.3417995328393031,0.2
rand_PAKN13A6DY_render_front.jpg,0.6969431144478297,0.47331645745815787
rand_7AHXILIYK3_render_front.jpg,0.4,-0.02563185536035817
rand_3QDX3BHICK_render_front.jpg,1.9230776792225401,0.30520047583909904
rand_RPS91J4F4Q_render_front.jpg,1.3153497862542614,0.2
rand_XRWG05HMKM_render_front.jpg,0.48109026096655594,-0.3796952315546345
rand_N8TGGQYMRL_render_front.jpg,1.377340521572041,0.2
rand_2M917LY5ZZ_render_front.jpg,1.0797096043007317,-0.13650347468662233
rand_H1YZMAF3GW_render_front.jpg,0.4757713295826943,0.2
rand_GAOGKSLQQD_render_front.jpg,1.0506216680420752,0.2
rand_2VXT84EGA1_render_front.jpg,0.4,0.2
rand_3XUQ1TZMJ0_render_front.jpg,0.4,0.5434396929706504
rand_M1GT0AAVVT_render_front.jpg,1.5970672252821188,0.2
rand_CRH2YKQWG4_render_front.jpg,0.4,0.13264791021839262
rand_LGZCW8YYRN_render_front.jpg,0.4,0.2
rand_GGCL5DXJXN_render_front.jpg,0.4,0.2
rand_B179KC9MZ4_render_front.jpg,0.9402198153574286,0.2
rand_GRZZEA8QA4_render_front.jpg,0.5840430354487379,0.6419921921391591
rand_LF1QJANUJU_render_front.jpg,0.4,-0.10276334438220702
rand_RT7066MO3D_render_front.jpg,0.7992626872049637,-0.017539345911058934
rand_NTIK0M5TJF_render_front.jpg,1.9808273746347118,0.2
rand_ZKFIWP023W_render_front.jpg,0.8422776434797627,0.39460908223624414
rand_O3YS0OODHR_render_front.jpg,0.9818056901962229,-0.09690568469008926
rand_SXPMH02A87_render_front.jpg,0.4,-0.08080006765485476
rand_71I4K8S021_render_front.jpg,0.4,-0.3660914826355407
rand_HYPOLTH799_render_front.jpg,1.1172007054264828,-0.26801019882118116
rand_MTUQYXJ2VR_render_front.jpg,1.5704031057571184,0.2
rand_5V883QD4U2_render_front.jpg,0.4,-0.10272626236146448
rand_OJOOSVQIRG_render_front.jpg,1.3143550353804034,-0.22350006864644384
rand_HW93XZY9D4_render_front.jpg,0.4,0.8969842485737769
