File Name,width,length,flare
rand_68K47Z9S3O_render_front.jpg,1.05,1.2,1.0
rand_1ETXMH92AU_render_front.jpg,1.0938629715831951,1.2,1.0560655635517449
rand_AD01KPY1LZ_render_front.jpg,1.05,1.2,1.0
rand_IA98YBBSJL_render_front.jpg,1.1579554079913248,1.2,1.0
rand_29EZKNAJZD_render_front.jpg,1.05,2.374736565841202,1.0912170557684773
rand_9IBFV4GJ6Z_render_front.jpg,1.2667982418060248,1.2,1.0
rand_E14SF4QEZ5_render_front.jpg,1.05,1.2,0.9735672719414498
rand_6HHP248EDQ_render_front.jpg,1.1248679031002795,1.2,0.8695477271775447
rand_V13E33KUFF_render_front.jpg,1.2608482244620791,1.2,1.321464018494614
rand_7BDSK9UJ2F_render_front.jpg,1.031245370307801,2.9803638290449075,1.413264393419668
rand_A7BSBSGXNP_render_front.jpg,1.1806717673936067,0.8459968564495752,1.0
rand_SQCQMGFOAD_render_front.jpg,1.05,1.2,1.2373531078547972
rand_8OACSOKB0F_render_front.jpg,1.0603452132471092,1.2,1.0
rand_GHOHJVYA1O_render_front.jpg,1.167306456584135,1.2,0.7831587373282787
rand_6DIY7RYHX5_render_front.jpg,1.05,1.2,0.7219279489108001
rand_3PB1EL1ZGT_render_front.jpg,1.05,0.6106629634212716,1.4014766350593013
rand_ZEMZ1S7MIC_render_front.jpg,1.05,1.2,1.40839247731082
rand_Y6ATPD90XB_render_front.jpg,1.0183623025164377,1.2,1.459635160881965
rand_314WIE6LW0_render_front.jpg,1.05,1.2,1.199022771794158
rand_G9ZOGMVY3A_render_front.jpg,1.05,1.2,1.0
rand_549V0PON6E_render_front.jpg,1.2940114432219993,1.2,1.0
rand_FYGI38IU70_render_front.jpg,1.05,1.2,1.036187156267052
rand_I3K5GG0ZF7_render_front.jpg,1.2396293564573595,3.388392639927476,1.0
rand_Q3T78WWVBI_render_front.jpg,1.05,3.0594271563103774,0.9644040354047062
rand_7ZAFTOHL3E_render_front.jpg,1.0483350303068708,1.2,0.9208373825919896
rand_2NAPRBUDZT_render_front.jpg,1.05,1.2,1.3605922791024583
rand_OKJR1XUGQB_render_front.jpg,1.1412898408431,1.2,0.8770548464935439
rand_WULQDWIGV3_render_front.jpg,1.05,1.2,1.0
rand_74UQUF5L6A_render_front.jpg,1.05,1.1135621441837769,1.2069480295224593
rand_4TDRM5ETJZ_render_front.jpg,1.162075334171347,1.4380201285450398,1.5529129193202644
rand_N4CP8TEI6R_render_front.jpg,1.0585095322506748,1.2,1.2382907772168092
rand_4DMWMGJKA2_render_front.jpg,1.05,1.2,1.0
rand_RJSWKGPNZE_render_front.jpg,1.2057261350608885,1.2,1.4211823938988233
rand_4WVMI8MNMI_render_front.jpg,1.1425408263236452,1.2,1.17894864803702
rand_14X1LMXHEI_render_front.jpg,1.05,1.2,1.3182615166171936
rand_9Y38ANI4OD_render_front.jpg,1.05,1.2,0.7528354236225304
rand_MOU3I42XU1_render_front.jpg,1.0607374603620308,2.7325741959743635,1.4991470140557022
rand_2HJVZ4YOWC_render_front.jpg,1.0938655929301428,0.6706122422959632,1.0
rand_59EAD23Q2J_render_front.jpg,1.0456460609856872,1.2,0.7259389856617454
rand_PUPY2XMQ98_render_front.jpg,1.05,1.956490200498679,1.0
rand_5EVQPI9O9P_render_front.jpg,1.0242007791857037,1.2,1.2570426420735643
rand_LR2IXLJO41_render_front.jpg,1.05,1.2,1.0421452883694702
rand_JMFTSDGWZW_render_front.jpg,1.037754711081851,1.9277976908671928,0.7791972265389329
rand_810HJ2IUOM_render_front.jpg,1.05,1.2,1.0
rand_UKY6WY0N77_render_front.jpg,1.074020568631014,1.6617005522134325,1.5882560759146023
rand_5KLHCM8KH7_render_front.jpg,1.12378564255902,1.2,1.0
rand_MPGL2NAXVZ_render_front.jpg,1.05,1.2,1.0
rand_BQNZQZQ4Z7_render_front.jpg,1.0629920179842243,1.8592284108204802,1.0
rand_5V1GJ9H10Z_render_front.jpg,1.2590640676259348,1.4872721968034286,0.7598890978748537
rand_TB8SD4KILV_render_front.jpg,1.0263751276676594,1.2,0.9664106128378012
rand_5KZXZMQ0Z6_render_front.jpg,1.1618715850575623,2.8476413578190347,1.2817789172367617
rand_O7M895EVCV_render_front.jpg,1.040657110202096,1.2,1.2890918729614196
rand_PZV8QYMLZW_render_front.jpg,1.0644363665429946,1.2,0.9371692878548015
rand_273QADAK6Z_render_front.jpg,1.05,0.9649664585690444,0.8240657386217964
rand_7LYZN76B6L_render_front.jpg,1.1193904856684345,1.2,0.7302910282202676
rand_ASA00G32A6_render_front.jpg,1.1415697256252857,2.778909499140387,1.17601540588806
rand_2W5DPAO0PS_render_front.jpg,1.166945641405378,1.2,1.0
rand_KJKQGKNNOQ_render_front.jpg,1.2656927161151172,2.326306619575389,1.0532125599978053
rand_K63KXTQ53J_render_front.jpg,1.1035448015854783,3.325769084659618,0.7384309671833831
rand_XNWQ8Q5KGX_render_front.jpg,1.2275600983927295,1.2,1.4472711144642356
rand_K19RYCCI2Q_render_front.jpg,1.05,1.2,1.246575867059891
rand_NACMFUFF06_render_front.jpg,1.05,2.9587858372309004,1.0
rand_4TRJ5YJIR5_render_front.jpg,1.187131098639055,1.229104904371177,0.7141379150320197
rand_Q9N4H20NAF_render_front.jpg,1.05,1.2,1.0
rand_IELMIZ3BG4_render_front.jpg,1.0788092156705023,1.2,1.0
rand_RAT1TXZ2WJ_render_front.jpg,1.100143031573168,2.664687141941151,1.2970420996996816
rand_4YAT3UA7R8_render_front.jpg,1.05,1.320484592530079,1.281704256735945
rand_Q6RNALOUVZ_render_front.jpg,1.2364936130630506,1.2,1.0
rand_8W06B9QH7E_render_front.jpg,1.05,1.2,0.7971253284886596
rand_FY4W4I0QT6_render_front.jpg,1.05,1.2,1.0
rand_7ELZKDWHG3_render_front.jpg,1.0530762111895027,1.2,0.7450236958360181
rand_GHGGX2L06M_render_front.jpg,1.05,2.370468552894932,1.0
rand_0XE7PZWP00_render_front.jpg,1.05,1.2,1.0652707716497507
rand_ZE2WCRXKN9_render_front.jpg,1.0203882294836135,1.2,1.4426719951968696
rand_MVX41L21A2_render_front.jpg,1.2418211244540038,1.275844460159268,1.0
rand_C53T3CRBVD_render_front.jpg,1.1657580791350328,1.2,1.0
rand_6KNWIRP09S_render_front.jpg,1.0294903843284802,0.5496657412511984,1.241415968065314
rand_IM94PF69RI_render_front.jpg,1.1258170472300877,1.2,1.077289297425587
rand_CQ4PHOFFGO_render_front.jpg,1.05,1.2,1.1587382596480913
rand_YHOHSFKE03_render_front.jpg,1.1830415148354978,2.7303241514115424,1.433990591608497
rand_L5YPOBUUA0_render_front.jpg,1.074132100100427,1.2,1.0
rand_6NGZQ6EDJS_render_front.jpg,1.104556143545457,3.0642830124223335,0.8487963778729565
rand_CK0TK3OC8C_render_front.jpg,1.05,1.2,1.5007226793235486
rand_L1W54Y5D6P_render_front.jpg,1.099323450162259,1.2,1.0
rand_7JU3QVVY89_render_front.jpg,1.1307490134251075,1.677692568884173,0.79152112716318
rand_T76X996EUY_render_front.jpg,1.042935509396563,1.2,1.0
rand_FE7TB9906F_render_front.jpg,1.05,1.2,1.346966249979
rand_6B1DRJ8GPA_render_front.jpg,1.05,1.7966194921352816,1.0
rand_UM4PM282SW_render_front.jpg,1.1773213560006242,1.2,1.056384990639691
rand_DCCEXATI2I_render_front.jpg,1.0540043146909523,1.2,1.0
rand_QEXD1TLWJV_render_front.jpg,1.05,1.2,1.38196988049501
rand_4KYFCF656T_render_front.jpg,1.036319014465257,1.3535040600694885,1.0
rand_T61RUMQLV5_render_front.jpg,1.05,1.2,1.555426054731892
rand_WASNS3KNMU_render_front.jpg,1.0440954168887535,1.2,1.5876080131511938
rand_0HO5R8VDXW_render_front.jpg,1.05,1.2,1.4083202307366691
rand_LRZP24KHZF_render_front.jpg,1.2234617295500332,1.2,1.1821749852308086
rand_BIWAIVFQCZ_render_front.jpg,1.013874355202952,1.2,1.0
rand_IVZNOVFE3N_render_front.jpg,1.0396826886188986,2.0901299545613825,1.0
rand_J8UEODBJP5_render_front.jpg,1.2842265428444826,1.2,1.0
rand_ZBSIPY4V4J_render_front.jpg,1.05,1.3421960092039305,1.163502109321216
rand_SE5SVYX6S0_render_front.jpg,1.05,1.0294218230944847,0.8319235905639009
rand_S7ZKYNS6ZC_render_front.jpg,1.1802784522498637,1.2,1.0
rand_I5P6TWR8MM_render_front.jpg,1.05,1.1791291410221039,1.4907018775978496
rand_43OJT7LSEC_render_front.jpg,1.05,1.2,1.5635096115913014
rand_MV2NHNCD5F_render_front.jpg,1.2404967750339577,1.2,1.0
rand_5LFGFPCDEN_render_front.jpg,1.0010108109759588,1.2,1.0
rand_8OFBWHKMNI_render_front.jpg,1.05,1.2,0.8962082901566767
rand_2MUE6Q5UAI_render_front.jpg,1.0747815949659136,1.2,1.0
rand_QF5DCAK56M_render_front.jpg,1.0897902630658327,1.2,1.3255020593282765
rand_4XTNP0MTHK_render_front.jpg,1.1350915228993084,1.2,1.4952321141541522
rand_4CPLR1ON7U_render_front.jpg,1.247814947863207,1.2,1.2861724841541338
rand_4YUSBEKIEW_render_front.jpg,1.240726563832467,1.2,1.220204062952401
rand_SARFS5KXDP_render_front.jpg,1.2152898361698745,1.2,1.0
rand_GX79I3N936_render_front.jpg,1.1125850474699526,1.2,0.9157344706098671
rand_KFB8U8SQES_render_front.jpg,1.0865159124181998,1.2,1.0
rand_ZJ77Z136KR_render_front.jpg,1.2633099566112769,1.4633265710047718,1.0
rand_8ASQXYCCV8_render_front.jpg,1.0599125906489038,1.2,1.0
rand_P9J4JXJ4K0_render_front.jpg,1.2797784200238729,1.7106074852334183,1.0
rand_TJBPZVY36S_render_front.jpg,1.05,3.495315734010234,1.0
rand_K9WTPAA26X_render_front.jpg,1.05,1.2,1.0
rand_T53824S90D_render_front.jpg,1.1293109099107783,1.2,1.0
rand_OV207TG5TG_render_front.jpg,1.05,1.1367539092515488,1.0
rand_UFVRJOQ1KE_render_front.jpg,1.1640696802748467,1.2,1.0
rand_E9JRUFGYEV_render_front.jpg,1.05,3.4118985192523144,1.0
rand_BAOV0YVKO1_render_front.jpg,1.2594216668444362,1.8204895243978627,1.0
rand_IKUCAK0Q0W_render_front.jpg,1.1112507242853982,1.2,1.0
rand_E5R1ECE9TS_render_front.jpg,1.0286036512250822,1.2,1.0226564931843654
rand_PZY0E0DHQF_render_front.jpg,1.05,1.2,1.0
rand_QPRNLXH1Q1_render_front.jpg,1.1982422579942775,2.2999164980884315,1.0
rand_V8KZTAKP7F_render_front.jpg,1.243320529081965,1.2,1.552884671956269
rand_IUW2KQMSX4_render_front.jpg,1.05,1.2,1.425808470011697
rand_2XM4H1KF61_render_front.jpg,1.05,1.2,0.7701662509285236
rand_O9QFDD222X_render_front.jpg,1.05,1.2,1.233474333880642
rand_VG05ZWWMAM_render_front.jpg,1.05,2.107002586278154,0.8551809692213534
rand_94N2ZST1AP_render_front.jpg,1.05,2.8756936885844224,0.9849131381162055
rand_NAJ84HV7UP_render_front.jpg,1.05,1.2,1.0
rand_MXOH2TCZ3S_render_front.jpg,1.05,1.2,1.0
rand_HE09HMT17L_render_front.jpg,1.0939217848202931,1.2,0.9050125641771065
rand_7FZAQG20A5_render_front.jpg,1.1948662080388643,1.0473590415189267,1.1457998897970882
rand_04ANOD2PBA_render_front.jpg,1.0505380861895763,1.2,1.0
rand_ADC9SBFTHA_render_front.jpg,1.0653798009187816,1.2,1.0
rand_F3OT73RNC7_render_front.jpg,1.0179683657116914,1.2,1.1410702455934132
rand_G6OLJ04OEI_render_front.jpg,1.05,1.2,1.366411729544156
rand_8FBYI11L07_render_front.jpg,1.05,1.2,0.7196254997643723
rand_OGUS13MKJ7_render_front.jpg,1.2619642993254723,1.2,1.2547612813863935
rand_A9B1Y2PB58_render_front.jpg,1.1016234691147742,1.2,1.4720109569699995
rand_7XEZW1FR0P_render_front.jpg,1.05,1.2,1.0
rand_B73SRBUL8I_render_front.jpg,1.2490612630992644,1.2,1.1883927501308964
rand_Y9TCBGSP2K_render_front.jpg,1.05,1.2,1.0
rand_V4HBBEM4KO_render_front.jpg,1.05,2.087309571543435,1.0
rand_QA3WLVGP9J_render_front.jpg,1.0938541592072395,2.620122416278509,1.5733957527924765
rand_XR68JI28HB_render_front.jpg,1.2753219853943694,2.472160090912127,1.0
rand_3IYUS7KF9N_render_front.jpg,1.2616008767510847,2.4652973087285526,1.0
rand_8BIREE1142_render_front.jpg,1.0684076137926664,1.2,1.0740998873356657
rand_GG0PIQZXP9_render_front.jpg,1.2975661842701725,1.2,1.0
rand_T77FJVKQUV_render_front.jpg,1.1991219922854262,1.839205808117676,1.1932761543579504
rand_AB5C9KLAQ6_render_front.jpg,1.0283053480134006,1.2,1.0
rand_PI6VUL50EL_render_front.jpg,1.1989613969156216,2.6398299039571658,0.9594561697703063
rand_RK044N6YGL_render_front.jpg,1.0199142339249259,1.2,1.085329454656219
rand_7M0F5UV2DQ_render_front.jpg,1.1065695958839665,1.2,0.8002828234851685
rand_93EVXHOPS0_render_front.jpg,1.2917964772250536,1.2,1.0
rand_G3VW6I0WBS_render_front.jpg,1.271325176993602,1.2,1.4117221124257164
rand_DOQGPVR2GL_render_front.jpg,1.05,1.0801443398003248,1.5444468322232687
rand_PJK0EWDO1A_render_front.jpg,1.2585015656196026,1.5209529746873023,1.3970687240819393
rand_10Q2SE2U1C_render_front.jpg,1.05,1.2,0.764969055548198
rand_KCKDY9NWJH_render_front.jpg,1.054297359808067,1.1645451321552889,1.1738432446287352
rand_7NRL54NIF6_render_front.jpg,1.251178531770983,3.2601904451870443,1.0
rand_VYH80EH2A2_render_front.jpg,1.003040422795403,1.2,1.0
rand_TJN8R2VV4X_render_front.jpg,1.05,1.2,1.0
rand_XCBM5C6HYG_render_front.jpg,1.2387513584002825,1.2,0.9065439465651821
rand_HLXE55DKF6_render_front.jpg,1.1778605830314344,1.2,1.0
rand_1V8RADMOM3_render_front.jpg,1.05,1.2,1.0
rand_XLXIBLW5GF_render_front.jpg,1.194575700857074,1.2,1.0
rand_1430HD0STX_render_front.jpg,1.0372407791934943,1.0583685536435072,1.0501156919870267
rand_5FHPHDE1JU_render_front.jpg,1.2845388420515071,1.2,0.9989212054806962
rand_LH4HOT1RSV_render_front.jpg,1.05,1.2,1.0
rand_G2JJHLY6PO_render_front.jpg,1.1656893875221177,1.2,1.5793806555949144
rand_RQMVMRX1HB_render_front.jpg,1.0952974008307106,1.2,0.9849765198663007
rand_5ZYYBY9ZIA_render_front.jpg,1.05,2.718503318661687,1.0
rand_8FXYQW8GJ9_render_front.jpg,1.05,1.2,0.8273520366576229
rand_GTOVJH3AZN_render_front.jpg,1.05,1.2,1.0
rand_Y03LPZ367Z_render_front.jpg,1.05,1.032498413066606,1.3337442117255447
rand_6FVZXZS5SK_render_front.jpg,1.0202586044426487,1.2,1.3102517380498502
rand_KDG742OXZN_render_front.jpg,1.05,1.2,1.2448056108659875
rand_LM93G0HTB0_render_front.jpg,1.045190519230944,1.0462981167760592,0.863983338771328
rand_0NOC72K27D_render_front.jpg,1.05,1.2,0.7012044332428806
rand_L17SBPM7JX_render_front.jpg,1.05,1.2,1.5012372284788165
rand_CFBP02AQPO_render_front.jpg,1.05,1.2,1.4583490150780314
rand_6YGLA0SDP1_render_front.jpg,1.0495607775363012,1.2,1.0
rand_8BZPOXIO58_render_front.jpg,1.2192911712064498,1.2,0.978865415840418
rand_SM13QQFO1N_render_front.jpg,1.2502251418151498,0.910934344468704,0.7689860791669717
rand_RUR0VN9O5G_render_front.jpg,1.05,1.2,1.3741430611957752
rand_4S4HUI9Y2V_render_front.jpg,1.0813191675686251,1.2,1.2156240086191286
rand_69JE3NBZQ6_render_front.jpg,1.2668267832189468,3.310909017784332,1.492665388846247
rand_N23MI6HUHB_render_front.jpg,1.2431649844970067,1.2,1.0
rand_HUNTO71Q76_render_front.jpg,1.1910313035959899,1.2,1.589103513789939
rand_7SUL31VQYE_render_front.jpg,1.2630384294770252,1.2,1.0
rand_0G7I4E7FW9_render_front.jpg,1.0598341700269949,1.2,1.509267127272088
rand_RF5HF94Q8F_render_front.jpg,1.05,1.2,1.1752168165977184
rand_T4COIVDP5S_render_front.jpg,1.0953308113116973,1.2,1.0
rand_WU8H44RUC5_render_front.jpg,1.05,1.2,1.559720592067479
rand_695XA0LM9T_render_front.jpg,1.05,2.4852222954098617,1.0907161031362897
rand_X3P2V1MYBX_render_front.jpg,1.0264519088877906,0.7765565205290862,0.712493444301333
rand_J9FTXC1V8L_render_front.jpg,1.05,1.2,0.9293006407659052
rand_EK1K4EHS11_render_front.jpg,1.05,1.2,0.9113655316569038
rand_HULY4CJ4V0_render_front.jpg,1.0334586862965571,0.6383815898096735,1.0341846233154204
rand_HNWXDQKFKQ_render_front.jpg,1.0196337487109308,1.2,1.2119211818051852
rand_220SN1V21T_render_front.jpg,1.1332684687999763,3.027309257360412,1.0
rand_H18UBG0939_render_front.jpg,1.1208792346264629,1.2,1.0
rand_IAWF61Z1EO_render_front.jpg,1.225973802648245,1.2,1.0
rand_7WTLIRGG9Y_render_front.jpg,1.2656209328092978,1.2,1.0
rand_MBAB27XA6J_render_front.jpg,1.05,1.2,1.3173974188575197
rand_WY85MNRE9X_render_front.jpg,1.2697752933864908,1.2,1.3044716160854886
rand_5EFJW8FQRB_render_front.jpg,1.2101006229498683,1.4517838804445806,1.4349807753640484
rand_FHVA5991HV_render_front.jpg,1.05,1.2,0.8754545666522104
rand_L0OE8HVCU4_render_front.jpg,1.05,0.7338830302469022,0.760391895710542
rand_8GB5MO0OH8_render_front.jpg,1.0012917731598434,1.2,0.7153785673459735
rand_8N7W3L6I0A_render_front.jpg,1.05,1.2,0.81063710900914
rand_JLVJ4MD1TT_render_front.jpg,1.05,1.2,1.2209058608508065
rand_0C4I1ENEGQ_render_front.jpg,1.05,0.9482326334366286,1.0
rand_5A23DW4AFR_render_front.jpg,1.0177172450010494,1.2,1.0
rand_IZRA61ZKCB_render_front.jpg,1.1758868162010592,1.2,0.7711517802158644
rand_7XOQ44SE3B_render_front.jpg,1.2074993503002829,1.2,0.715585795803203
rand_Y2R8V5HPFC_render_front.jpg,1.281816141189211,1.2,1.0
rand_CUTPFV9EJ1_render_front.jpg,1.149450171810949,1.2,0.7311120601190312
rand_Q0SM8CMXC8_render_front.jpg,1.0876492006075833,1.2,1.0
rand_E456A909WU_render_front.jpg,1.0483693178199145,1.6156779223749222,1.4510729269009655
rand_V10NQ9AZSP_render_front.jpg,1.09816921649866,1.2,1.3072708580916363
rand_HLJBO9BX72_render_front.jpg,1.1316369983889287,1.2,0.9377057384379082
rand_98NNV2R5OV_render_front.jpg,1.05,2.1092737597864195,0.882276480727321
rand_7XFIH1SO2C_render_front.jpg,1.05,1.2,1.3657963031936515
rand_ZTVKFE9PFQ_render_front.jpg,1.026977424135639,1.2,0.7909066726561851
rand_S3YI0IC14X_render_front.jpg,1.05,1.2,1.0
rand_GCE1NF3HHM_render_front.jpg,1.05,1.2,1.094243191354959
rand_8N8DR889KO_render_front.jpg,1.1843196820333872,1.2,1.0
rand_DLW2V7YAX1_render_front.jpg,1.05,2.031291523381216,0.7196906967383794
rand_DYH7B7N1OO_render_front.jpg,1.1832522242611663,3.002308114304384,0.7962208093685265
rand_D9102SDY2A_render_front.jpg,1.05,1.2,1.0
rand_4130OEI5J4_render_front.jpg,1.05,1.2,0.9761621962726135
rand_YONPWN0SZ8_render_front.jpg,1.05,1.2,1.2144510695889954
rand_EAZKPYTULP_render_front.jpg,1.000311692603515,0.517806493968454,1.0
rand_O94M4HJ817_render_front.jpg,1.2451340466076786,2.1618628400764957,1.340012870387871
rand_YHW3BSGL9G_render_front.jpg,1.05,1.2,1.0
rand_VQ3RAIAOJD_render_front.jpg,1.1514223500104774,1.2,1.0
rand_ZH5WV43Q34_render_front.jpg,1.047921361502601,1.2,1.0
rand_YMP71YQ0Q7_render_front.jpg,1.05,1.2,1.3296678463211764
rand_4D67COCM29_render_front.jpg,1.00515583092223,1.2,0.9456204097682499
rand_IESNQOWHUQ_render_front.jpg,1.257832081497947,1.2,1.0
rand_6IVUY27J83_render_front.jpg,1.2126175049208818,1.2,1.3002547486478846
rand_H40VUJ2T1I_render_front.jpg,1.0389735062652712,1.2,1.3628358156777174
rand_2SOPYKSZ5F_render_front.jpg,1.05,0.9931711734309865,1.0
rand_LACQ6B3FHS_render_front.jpg,1.05,1.2,1.0
rand_S5O6GVDRPM_render_front.jpg,1.1816555004537614,2.437939084428296,1.0
rand_5Z55YC0I6V_render_front.jpg,1.2386098693931435,3.0383785035324307,1.0
rand_IPE6E40NAL_render_front.jpg,1.0008504513287315,1.2,1.3090458444697597
rand_4EL34FAZY6_render_front.jpg,1.05,3.098908077054013,0.7701757356903466
rand_CZ3LD5SANG_render_front.jpg,1.1371129008044687,1.2,1.173895660411508
rand_LZMP08913H_render_front.jpg,1.0311335691586103,2.5522148395223696,1.5270491256209762
rand_JWP9DEPCEX_render_front.jpg,1.1540035199505598,1.2,1.0
rand_ZNZ3581S0R_render_front.jpg,1.0505605216538405,1.2,0.8612445380343129
rand_BR0I0C8F2C_render_front.jpg,1.05,1.2,1.0
rand_A7B889ZKIP_render_front.jpg,1.05,1.2,0.7633151017250447
rand_LYBRB4LXMH_render_front.jpg,1.287923524517031,1.2,1.351437621645736
rand_3HFY42MQ73_render_front.jpg,1.05,3.115362613952416,0.7122487697560344
rand_BYI64LYPS0_render_front.jpg,1.1484314961724817,1.2,0.9255567218554263
rand_GTCEQV92HU_render_front.jpg,1.05,1.2,1.0
rand_RZJ3NNMCA8_render_front.jpg,1.0003696235891575,1.2,1.0
rand_1PPVP6035I_render_front.jpg,1.05,1.2,0.9164625040044523
rand_7Q1IIBDMHG_render_front.jpg,1.1224552286048743,1.2,1.345687094209866
rand_CI19GG48M7_render_front.jpg,1.130130987503755,1.2,1.5479444868576917
rand_K27GURF2C8_render_front.jpg,1.000504061571209,1.2,1.0
rand_69A2XLU96A_render_front.jpg,1.1980725529628409,1.2,0.9578275543924568
rand_IPDT1BQQG5_render_front.jpg,1.2237523301154782,1.2,1.0728941941518326
rand_TTM3AR6HHC_render_front.jpg,1.2830903748672156,1.3054227413213257,0.7032613964668978
rand_CLL1CX4D1F_render_front.jpg,1.05,1.2,1.0
rand_CNOAIM452B_render_front.jpg,1.05,1.2,1.4373328522691309
rand_OWV67U9SEG_render_front.jpg,1.1875402010316416,1.2,1.0
rand_Q2OSNVNY3D_render_front.jpg,1.2035356722766943,1.2,0.8218800794970235
rand_B0DVGTOXTV_render_front.jpg,1.05,0.7260252835432182,1.0
rand_92VAONKM53_render_front.jpg,1.05,1.2,1.0
rand_YNJ3C36NI8_render_front.jpg,1.05,3.151011863783583,1.2961290612801388
rand_N8O24C8KWB_render_front.jpg,1.05,1.2,1.0
rand_PD0HQFEB6G_render_front.jpg,1.05,1.2,1.0
rand_BTIJ463VC9_render_front.jpg,1.05,1.2,1.0
rand_EYUIVQD0LI_render_front.jpg,1.05,1.2,1.300367216039228
rand_FGNBCBL84I_render_front.jpg,1.05,1.986662971010221,1.55282274200857
rand_5SCX792FAB_render_front.jpg,1.05,1.5739651563400794,1.0
rand_ED49LPUEU1_render_front.jpg,1.01553935869999,1.2,1.0
rand_3OV1BTF03C_render_front.jpg,1.1816956630941045,1.2,1.4222991188951626
rand_YGDNCM2BNH_render_front.jpg,1.0411094386561432,2.0191655018780996,1.0
rand_UWTT93DRVX_render_front.jpg,1.1955985058968757,1.2,1.5083654931576032
rand_0RE33ZV0AX_render_front.jpg,1.05,1.2,0.7793621065495803
rand_H5KTSW5UIP_render_front.jpg,1.1737677802340543,1.2,1.0
rand_8WMBPI2FIW_render_front.jpg,1.05,1.2,0.7508127031788494
rand_1FN3SRD0XR_render_front.jpg,1.1043115854260483,1.2,1.061748595974735
rand_NLUVW49PUQ_render_front.jpg,1.156164459926581,0.7539305306197563,1.2635809427213118
rand_S67UHXSNE8_render_front.jpg,1.2946980087972593,1.2,1.3721827495793688
rand_L22GXECPVU_render_front.jpg,1.07958027927846,1.2,0.9780845741685777
rand_CMP79W9RLZ_render_front.jpg,1.05,2.8004115061095294,1.0
rand_88BJ44D9K1_render_front.jpg,1.05,2.067179537996288,0.7342259005701999
rand_WEREAXF6DW_render_front.jpg,1.0168406241106285,1.2,1.4321662473591483
rand_7X875SL03X_render_front.jpg,1.05,1.2,1.0
rand_245154LRY6_render_front.jpg,1.2984271649261678,1.2,1.0
rand_LGYYEILTVZ_render_front.jpg,1.05,1.2,1.165584982512973
rand_7N4O68KK4H_render_front.jpg,1.05,1.9932332591133022,1.0
rand_CIO4ADZ9RB_render_front.jpg,1.05,2.0125421412881717,0.851270053080754
rand_L9KIOLQLC8_render_front.jpg,1.05,1.2,1.1049643622121752
rand_1MEK9KSFTO_render_front.jpg,1.05,1.2,1.0
rand_H64DTNJTWK_render_front.jpg,1.05,1.2,1.332548096939092
rand_XQ1GERLH4R_render_front.jpg,1.2506672608579725,1.2,1.2728579302400747
rand_4RJVC059IV_render_front.jpg,1.1208593823407735,1.2,0.9165223602098301
rand_ZCWPDFKPPV_render_front.jpg,1.05,1.2,0.7362840724509659
rand_ISPSSLNNRD_render_front.jpg,1.071020974672798,1.2,1.4573099351384051
rand_6Z2YF34J85_render_front.jpg,1.05,1.2,1.0
rand_C83HSRWIWT_render_front.jpg,1.2513197795967375,1.2,1.0
rand_JB0REFB0DE_render_front.jpg,1.2314838242106751,1.400717474508125,0.931652991389261
rand_OIYQSKKHOF_render_front.jpg,1.05,1.2,0.7797928597801596
rand_26J93RGTCV_render_front.jpg,1.0614067817610646,1.2,1.1733469242630443
rand_PJOJ22MZMV_render_front.jpg,1.227979823479995,1.2,0.7963112373574737
rand_B5QYLFAKNV_render_front.jpg,1.1986400227777307,0.7226030746418103,0.9733513678301824
rand_QEAELP7XFT_render_front.jpg,1.024208527789266,2.508847490007832,1.4739822631223551
rand_BXTLGG72GD_render_front.jpg,1.2918894925934534,1.2,1.0196322267816726
rand_BU897BJJ7M_render_front.jpg,1.05,1.2,1.0
rand_JR09630D23_render_front.jpg,1.05,1.2,1.0
rand_ATBLDKQJZZ_render_front.jpg,1.0325631960570953,1.2,1.4625783333203222
rand_B5LX6YDP0I_render_front.jpg,1.1373262144046554,0.7458897159501136,0.8069834348674466
rand_ZQ5FO7K5TN_render_front.jpg,1.05,1.2,1.0
rand_FU5V7XRTA3_render_front.jpg,1.1342128744427633,1.2,1.0
rand_V85DTKH866_render_front.jpg,1.2845884363364228,1.2,1.0
rand_3L73ZZWXWA_render_front.jpg,1.1430984046060222,1.2,1.1524809445546993
rand_LZ4FDFBTRN_render_front.jpg,1.041064254386269,1.449162703537958,1.0
rand_W4G8RIZ970_render_front.jpg,1.2920429613128495,1.9227909691364213,1.267020640970164
rand_O346LZEE0E_render_front.jpg,1.05,1.2,1.0
rand_FCQKRRQ1Z7_render_front.jpg,1.1419255521434835,1.0425197465149156,1.0044174760134181
rand_XQKN4WBCSD_render_front.jpg,1.1124144439090664,1.2,1.0
rand_7DPXOSPFBN_render_front.jpg,1.1629101795854764,1.2,1.3048844850967645
rand_0MQTO8DP3W_render_front.jpg,1.0422657778573994,1.2,1.0
rand_UFP01263AJ_render_front.jpg,1.1249242124014998,1.2,1.4657471705579848
rand_MEB09813OK_render_front.jpg,1.0624500292675807,2.3162042862307457,1.0
rand_MKLSVOMBUE_render_front.jpg,1.05,1.2,1.509119412403762
rand_X0MXSNMKAY_render_front.jpg,1.05,2.1078276751278477,1.191342025697673
rand_HAEZE3ZYV1_render_front.jpg,1.05,1.595351076353504,1.546372672899513
rand_8Q72FAQVM6_render_front.jpg,1.052590654905054,1.2,0.8040115148497362
rand_7CN2LNTO9H_render_front.jpg,1.0081563784996435,0.7529734728326457,1.0
rand_WK8QW5YRW7_render_front.jpg,1.05,1.2,1.1132061972795637
rand_92TKQPIJ33_render_front.jpg,1.0976863299873176,1.2,1.0344596075381403
rand_MQK5QUCHA3_render_front.jpg,1.05,1.2,1.0
rand_114GQSIVSL_render_front.jpg,1.05,1.2,1.1066387661879336
rand_K174Z812FG_render_front.jpg,1.0770676684320266,2.8343586361827082,1.0
rand_QIS1TTFPV1_render_front.jpg,1.0284964696840735,0.5482789789699277,0.9550726136716428
rand_2E8HY3OO0H_render_front.jpg,1.05,1.2,0.7137167241463439
rand_FFJKFQVL9F_render_front.jpg,1.1908743913059139,1.2,1.0
rand_IAHFR1GLSR_render_front.jpg,1.1212855247983955,1.2,1.0
rand_4DMTRT5E50_render_front.jpg,1.0934496957297708,0.8694585590381815,1.5546021588146668
rand_1OACRGQH39_render_front.jpg,1.226553155779974,1.2,1.174970584563956
rand_2CRQTA16NZ_render_front.jpg,1.05,2.760870286557805,1.0
rand_FGYBO8NS4U_render_front.jpg,1.286756585180082,1.2,1.0
rand_HE2HIGEAYR_render_front.jpg,1.05,1.2,1.0
rand_YFCQ83RDAF_render_front.jpg,1.05,1.2,1.5007359756598915
rand_PAYK0UP37S_render_front.jpg,1.116275529781176,0.7072707090782674,0.9792593800448842
rand_SVF02J6EN2_render_front.jpg,1.05,2.4649564216653195,1.1585454862552274
rand_NXEYCPAL6L_render_front.jpg,1.0722742130524632,1.2,0.7726944276222922
rand_OLA2HBBMND_render_front.jpg,1.1527265929698798,1.2,1.0
rand_G2538S7UCI_render_front.jpg,1.0030409281764405,2.5383911227054927,1.4632429139097425
rand_RR9YKGIA13_render_front.jpg,1.0003402431265345,1.2,1.0251303084285575
rand_YGPSB07R1G_render_front.jpg,1.0436875244786383,1.2,1.0
rand_25L0X2YZ67_render_front.jpg,1.05,1.2,1.0
rand_WGZE9EDHST_render_front.jpg,1.0188147918037473,1.156363165953458,1.0
rand_ZLDNCUM0GY_render_front.jpg,1.1849810733951343,1.2,1.0
rand_FW3EQKKYX6_render_front.jpg,1.0468423172409382,1.2,1.0
rand_W1HBHYOC11_render_front.jpg,1.1305289346188356,1.2,1.412081883902272
rand_2NVRAS2YQA_render_front.jpg,1.280377625092075,1.2,1.0973411594698366
rand_ANH5I7LR7V_render_front.jpg,1.05,1.2,1.5091035718105057
rand_A0XAF4CXHQ_render_front.jpg,1.05,1.2,1.0
rand_JFN0LLNEY3_render_front.jpg,1.1632690013214027,1.2,0.8439506107409969
rand_6LCQVJVEMC_render_front.jpg,1.0188072861195725,1.255808213719039,1.0
rand_MKVKS9Q4IU_render_front.jpg,1.05,1.2,1.0
rand_LLX5FNZK9M_render_front.jpg,1.05,1.2,1.5993874140561464
rand_6BECK0UTT2_render_front.jpg,1.1172324802569875,1.3614980017776135,1.5001012683296069
rand_ENHELB1IQE_render_front.jpg,1.2759499250040938,1.722856908151548,1.0
rand_JG4V7AYYOV_render_front.jpg,1.05,1.2,0.9740896210053582
rand_IP0BPTSBD0_render_front.jpg,1.1444939736521034,1.2,1.0
rand_LPH3J3GA0D_render_front.jpg,1.05,1.3931963950777708,1.0
rand_EKSBZXP8XR_render_front.jpg,1.05,1.2,1.4249132008970122
rand_ECV0CWKJEM_render_front.jpg,1.0598369066043332,1.2,1.0
rand_PUY9VDMMFQ_render_front.jpg,1.05,1.2,1.0
rand_L4J0QQN6IQ_render_front.jpg,1.2383580394458003,3.082833982888019,1.1145125529392088
rand_BHPZYV88FQ_render_front.jpg,1.0726277982698953,1.2,1.0
rand_IYG9ZX9DAB_render_front.jpg,1.0035977416831148,3.2257146039107725,1.0
rand_ZOWVFNC6SZ_render_front.jpg,1.2279528482076267,1.2,0.9353731329458044
rand_20UY60BYB1_render_front.jpg,1.05,1.2,1.0
rand_PN243XIG8J_render_front.jpg,1.1864763932334672,1.2,1.4900899885143233
rand_8P49B3OYHD_render_front.jpg,1.05,2.1399362103328143,1.2482942096038043
rand_L9N4SLB9PE_render_front.jpg,1.1803188897647272,1.2,1.0
rand_TIWVVLSYND_render_front.jpg,1.047942377013785,1.2,1.1775817749121793
rand_XWNY84OU1V_render_front.jpg,1.1220650458628794,1.2,1.0
rand_N6OZFO1FN9_render_front.jpg,1.05,1.2,1.0
rand_6DK2DL62ET_render_front.jpg,1.1053741325230064,1.2,1.0
rand_BBEKT40SRO_render_front.jpg,1.2918720839224833,1.2,1.0
rand_TY6ZKRG60B_render_front.jpg,1.1107399438534349,1.2,0.8824017513139031
rand_4BDZ5AY21U_render_front.jpg,1.05,3.306313786658293,0.9317534382708883
rand_NB33U5LRDB_render_front.jpg,1.0673060181830167,1.2,1.0
rand_T04ZE960OY_render_front.jpg,1.05,1.2,1.0
rand_LYEHR8I1UU_render_front.jpg,1.0669586029816787,2.574519329414346,1.0
rand_U8WJXSAIYC_render_front.jpg,1.05,1.2,1.4613850849262897
rand_R9U1VFI08N_render_front.jpg,1.1847886939757075,1.2,1.0
rand_7VHJKFAJQW_render_front.jpg,1.0098448632282289,2.894545757838062,0.7569552409100976
rand_0FLZP5KRNR_render_front.jpg,1.05,1.2,1.0
rand_JN1FUPQMXJ_render_front.jpg,1.05,1.1383014360524806,1.0
rand_V0NA84MS2D_render_front.jpg,1.05,1.2,1.5012464235537444
rand_IIHVGMTAS5_render_front.jpg,1.2919051567470463,1.2,0.835465528501024
rand_IQVZ9NT304_render_front.jpg,1.0129005038202235,1.2,1.0
rand_S4FRAWJLK5_render_front.jpg,1.2027865268105087,1.2,0.7759115987939016
rand_3LJXT22NL0_render_front.jpg,1.170863533207039,1.2,1.0
rand_9MH9DCQK4G_render_front.jpg,1.05,1.4328685893016138,0.7638109088764014
rand_WR2637ALGV_render_front.jpg,1.0588508678961288,1.2,1.5372178491689996
rand_GDYWC3TKCJ_render_front.jpg,1.2212502979448556,1.2,1.0
rand_KX7EB8Q1AR_render_front.jpg,1.1223725889506322,1.2,1.5872045122064162
rand_2U6DO0WOU4_render_front.jpg,1.0110917122309564,1.2,0.7338436472767486
rand_OK9105L7A5_render_front.jpg,1.1849617099440632,1.2,0.9794251468862298
rand_JFJI583DSM_render_front.jpg,1.05,1.2,0.839477448864622
rand_HGH4VUN253_render_front.jpg,1.05,1.2,0.8432104571085793
rand_5FGHQVYZPU_render_front.jpg,1.05,1.2,1.4228375163321845
rand_EDN7RB0B4J_render_front.jpg,1.05,1.2,0.8157712475729482
rand_GYDI06DK68_render_front.jpg,1.1554444795353824,1.2,1.200204530769866
rand_YJQWSHP67A_render_front.jpg,1.05,1.2,1.0
rand_QE7IEM9QX9_render_front.jpg,1.1401384555208134,1.2,1.0
rand_NSFQ1KPQ93_render_front.jpg,1.2094051064923692,1.2,0.7924410568769626
rand_PS31V5WT2B_render_front.jpg,1.0328356195324064,1.2,1.5306814191592775
rand_JLSNXPRJD4_render_front.jpg,1.0364619482808073,1.6024310071587995,1.0
rand_SU6RS4SG05_render_front.jpg,1.1209876351006578,1.2,0.75336934830685
rand_3PIV6QX2K8_render_front.jpg,1.05,1.2,1.4432207457254551
rand_GEZE80YT1Q_render_front.jpg,1.2715735037003655,1.2,1.0
rand_ZQY8C3BQCI_render_front.jpg,1.05,1.2,1.0
rand_4ZYTUG9L1M_render_front.jpg,1.05,1.2,1.0453444914066017
rand_XCP2VUL5B1_render_front.jpg,1.05,1.2,1.2201567015834218
rand_SMIW5QDZM2_render_front.jpg,1.1544006054086036,1.2,1.5904080266069633
rand_X982HMOMGH_render_front.jpg,1.2739578107501606,1.2,1.0
rand_4ZYO2O5IL0_render_front.jpg,1.05,1.2,1.0
rand_2HW0KFJ49O_render_front.jpg,1.05,1.125881150914335,1.0
rand_LT7GNZXZ9O_render_front.jpg,1.05,1.2,1.0
rand_3GTAU45312_render_front.jpg,1.1260192369746118,1.2,1.0
rand_LSHY72Q8AG_render_front.jpg,1.05,1.2,1.0
rand_PFTF0BIHJN_render_front.jpg,1.0163223863850752,1.2,1.0
rand_3PWPL5GLNZ_render_front.jpg,1.2497464585237577,2.371273123671856,1.2419125754142222
rand_702JE9ZIXY_render_front.jpg,1.05,2.338632204088473,1.1175897689040641
rand_7DZJRHQZZ6_render_front.jpg,1.05,1.2,0.7804953010605498
rand_UPFVDYLVLM_render_front.jpg,1.062545779698259,1.238695401405133,1.0
rand_M1RA406RVK_render_front.jpg,1.209488452347096,1.2,1.2311849239877461
rand_5QJXNHYMAH_render_front.jpg,1.05,2.4969519531652633,1.3875200964643684
rand_TWDZPHSCOI_render_front.jpg,1.05,1.2,1.3560136430612182
rand_5Y2IH6K5KG_render_front.jpg,1.146199328793993,1.2,0.7149725493539358
rand_TLCON907TC_render_front.jpg,1.05,1.2,0.7592198728153629
rand_R0CDUO1XGC_render_front.jpg,1.05,1.2,1.5416669584061857
rand_UKP12M48AO_render_front.jpg,1.05,1.2,1.3093103500452403
rand_86B0R044E1_render_front.jpg,1.1793792199002968,1.2,1.1393846182101766
rand_EXAX34UPJD_render_front.jpg,1.1425419127800693,1.2,0.8456272649907269
rand_GXXC9AD2ZM_render_front.jpg,1.2757686022910506,1.2,1.0
rand_89D7BS639K_render_front.jpg,1.0882501319949605,1.2,1.0
rand_8Q32MLGBSY_render_front.jpg,1.05,1.2,1.5062942374820327
rand_NUUNO4436N_render_front.jpg,1.0611281442411267,1.2,1.07708510955538
rand_LU5F3Q4E7K_render_front.jpg,1.1315958554196879,1.2,0.7816027764463733
rand_JHCTVH3LCH_render_front.jpg,1.05,1.2,1.0
rand_QZR0KFEXAR_render_front.jpg,1.0934665512524302,0.6935318598462609,1.0
rand_TIR8G1QYZK_render_front.jpg,1.05,1.2,0.7332627860686651
rand_QS1KYPU2QF_render_front.jpg,1.05,1.8825355534889021,0.943159339084843
rand_9K1SF35KU2_render_front.jpg,1.2571177525881034,1.2,0.7941702653016793
rand_NZE7YTO6S1_render_front.jpg,1.01236106485953,3.2972156100545855,0.8003103465427756
rand_LU3F6IJWUW_render_front.jpg,1.05,1.2,0.9545221063833695
rand_461EX89DF5_render_front.jpg,1.0549545087821601,1.2,1.4638272656912712
rand_W90DU2SUWG_render_front.jpg,1.0504177893751145,1.2,1.4313137243735503
rand_2UQETXGXYZ_render_front.jpg,1.0205441793685324,1.7405972450857305,1.3565308878647775
rand_VFADJN6Y4U_render_front.jpg,1.05,0.7272371354823232,1.5348812884079122
rand_2G1QPJJ47F_render_front.jpg,1.2426190303088909,1.2,1.0
rand_H6SU393PMS_render_front.jpg,1.05,1.2,1.4423018791472844
rand_9NLTF4R40F_render_front.jpg,1.05,1.2,1.503607148848591
rand_RXSGJUM9US_render_front.jpg,1.05,1.2,1.0
rand_IU7WEM5UOZ_render_front.jpg,1.0941145041184197,1.2,0.8903556547660507
rand_I9IZ8CV8P6_render_front.jpg,1.158796255229239,1.2,1.1487332608327079
rand_37ELP037L5_render_front.jpg,1.1143343754284145,1.2,0.9180101383054987
rand_AZ10V0M48W_render_front.jpg,1.2852855024284595,1.2,1.0
rand_3HDROTHHI5_render_front.jpg,1.0521004232113944,2.0588502782444587,1.0
rand_4SW9OFG7CG_render_front.jpg,1.1710946835822493,3.315070142088106,1.3868452779496436
rand_FMTMWDN3BP_render_front.jpg,1.05,1.2,1.0
rand_43EXXYWX5R_render_front.jpg,1.183619163526637,1.2,1.0
rand_JQIDNGB1E9_render_front.jpg,1.05,1.2,1.0
rand_1HYC1IS9KL_render_front.jpg,1.05,1.2,0.8975466549876123
rand_AZBYKKUGI8_render_front.jpg,1.0320012536827237,1.6857110009953993,0.8645909274402415
rand_6XGSUJQI4X_render_front.jpg,1.1056076242341806,1.2,0.8442825069431394
rand_H4PDE32XU0_render_front.jpg,1.0089304285571237,1.2,0.9398296300658243
rand_Y85UD5GHDR_render_front.jpg,1.0373506617207355,1.2,0.7753825626483507
rand_I20T52GTFT_render_front.jpg,1.05,1.2,1.1185942195338425
rand_VAWCY9G4L7_render_front.jpg,1.029356239915449,2.582669756606885,1.0795782517764299
rand_Z3IFAISGKV_render_front.jpg,1.0807036829580445,3.144576083933158,1.0
rand_KCF5ME8773_render_front.jpg,1.05,1.2,1.0
rand_WRXVWK8J1Q_render_front.jpg,1.05,2.9092791321107323,1.0
rand_3MXTO8LD3G_render_front.jpg,1.0801600990960318,1.2,0.7520608338457984
rand_ZJB6D0GV56_render_front.jpg,1.05,1.2,1.0
rand_TD62E5ZQJS_render_front.jpg,1.2757024360184743,1.2,1.2216650114116703
rand_V5Z1V8UM6Z_render_front.jpg,1.05,1.2,1.4251646361721053
rand_Y6B45SQ026_render_front.jpg,1.05,1.2,0.7976936184872052
rand_M58BDBU65O_render_front.jpg,1.1368621309031302,1.2651639653078197,1.0771741146821041
rand_2JAPDBM8ES_render_front.jpg,1.1715435610405807,2.266984982989323,1.2847863701515716
rand_467Q17Q8DI_render_front.jpg,1.0076253314912629,3.256201712078289,1.5336953027165436
rand_RTVX7RFXKQ_render_front.jpg,1.064847733717785,1.2,1.1585931730246986
rand_PU5LHDR24Q_render_front.jpg,1.05,2.5699305720650982,1.2092203378185045
rand_GYXKI95OGS_render_front.jpg,1.05,1.2,1.0
rand_HQ4I0QWTOD_render_front.jpg,1.05,3.0538949094430734,0.8880030248421311
rand_3YKPGXYGVG_render_front.jpg,1.05,1.2,1.0
rand_QBJNTX7OJR_render_front.jpg,1.05,1.2,1.3172612450996688
rand_BHHWV50TMF_render_front.jpg,1.1724765047783077,1.2,0.8945186565103085
rand_9UW8INWFG0_render_front.jpg,1.05,1.2,0.9581947585315221
rand_NSRKW1OKKP_render_front.jpg,1.05,1.7023559512788826,1.0
rand_DEQD6ZDEDO_render_front.jpg,1.136274550334202,1.2,1.0
rand_KO6Y70ICA2_render_front.jpg,1.0319874675177831,2.4480116235592693,1.0
rand_HL0LIXYI7R_render_front.jpg,1.0469839866054815,3.2560333097815555,1.0002564797069258
rand_5185EZHQI6_render_front.jpg,1.2684455393537282,2.695496457909324,1.0
rand_NJBVUH1YCQ_render_front.jpg,1.0355318251830177,1.2,1.105061329620225
rand_ET0S1OHWIR_render_front.jpg,1.1570448371752873,1.2,0.8346270362485371
rand_ZG5MZU0CGC_render_front.jpg,1.2799861741940857,1.2,1.0
rand_1MX73XIA9N_render_front.jpg,1.2919107077236287,1.2,1.0
rand_LARM4BWVL6_render_front.jpg,1.0165818257955812,1.7990841872400427,1.0
rand_3O3ES1EI08_render_front.jpg,1.05,1.2,0.7230464822032843
rand_E8LH4S8Z50_render_front.jpg,1.1357140452846213,1.2,1.0
rand_Z1KDT6U5K7_render_front.jpg,1.0984592844465189,1.2,1.4606670475437613
rand_IQISL0OCXZ_render_front.jpg,1.1585436984143693,1.2,1.0
rand_VV9HM45TJ1_render_front.jpg,1.05,1.2,1.2511847173130013
rand_MZT95V5W7F_render_front.jpg,1.0021046629810748,2.407912635544148,0.8486306881659218
rand_T7089TWMOB_render_front.jpg,1.074217723981616,1.2,1.0171242210649458
rand_FQL3OHZLO0_render_front.jpg,1.197184092650993,1.2,1.4492248087230082
rand_1L7E9AZXM7_render_front.jpg,1.0820754653091083,2.1342697143719915,1.0
rand_U19OSGMPS0_render_front.jpg,1.069647595940725,0.6378851059577166,1.0
rand_936N45KRLR_render_front.jpg,1.2460488983024085,1.662722045875946,1.0677019899836417
rand_E2Q3XT7NM9_render_front.jpg,1.05,3.2718817615497935,0.8968267573928698
rand_KPM7L2QB7L_render_front.jpg,1.05,1.2,0.7627393776989583
rand_7OIAYPLS8E_render_front.jpg,1.1118246976329498,1.2,1.0106042644785125
rand_3RVDKKDWT7_render_front.jpg,1.2249480624475442,1.2,1.3458107782469737
rand_JAM1QIE3I3_render_front.jpg,1.05,1.2,0.8699195467571247
rand_KC7Y44LY2G_render_front.jpg,1.05,0.686607203112006,1.5483621139992467
rand_8FHNOLLBHL_render_front.jpg,1.0661149340199754,2.241588038096871,1.452974357384495
rand_1WVP9UJZ3K_render_front.jpg,1.05,0.807646679720167,0.7624844517983524
rand_4V4JEZCR4J_render_front.jpg,1.1875629739447429,1.2,0.8902012192114758
rand_5BVZSDG0LK_render_front.jpg,1.05,1.2,0.9919299730703408
rand_WTC4E49G58_render_front.jpg,1.05,1.5098648627317357,1.5731186640278136
rand_19T46DRSJK_render_front.jpg,1.013909920347941,1.2,1.0138680550398476
rand_PMBO8N0LC5_render_front.jpg,1.1420043763466297,1.3021274292628973,1.280324940464496
rand_V15SA5I4UK_render_front.jpg,1.0542730653503027,1.2,0.7698073108332609
rand_0MBKM6ZVHD_render_front.jpg,1.26101281402962,1.2,1.3891664610067629
rand_1RNARIKK4P_render_front.jpg,1.05,2.879255846141363,1.0
rand_JTT4AB364V_render_front.jpg,1.05,1.2,1.1259896154197422
rand_2DEM33C9HR_render_front.jpg,1.2195690313393746,1.2,1.0
rand_QVCYLR0OIL_render_front.jpg,1.0299756767390482,1.2,1.5217558916306222
rand_865VH80NGK_render_front.jpg,1.05,2.6773045409755007,1.135104719095778
rand_CHQNV4DSZH_render_front.jpg,1.0673699104280314,1.2,1.0
rand_EX1XT85KSB_render_front.jpg,1.0012669961841099,1.2,0.8110235857129022
rand_1E0XGKIUQK_render_front.jpg,1.2451970083608104,1.2,1.5125044091386566
rand_0MX7J42E4B_render_front.jpg,1.0008056248426747,3.273295180419586,0.7002313542911358
rand_RVB1RYJT9B_render_front.jpg,1.2766820505737793,1.2,1.3754359695819816
rand_MMR7UN9X4G_render_front.jpg,1.05,2.691482536221965,0.8029476184032853
rand_8OMBHBM8MQ_render_front.jpg,1.05,2.680067154391918,1.0
rand_Z68Q5EVKIA_render_front.jpg,1.1212586846027723,1.2,1.0
rand_MEKZI4U06I_render_front.jpg,1.05,1.2,0.9494587747394245
rand_1B6Q1C1662_render_front.jpg,1.0339033203088148,1.2,1.0
rand_QVAU8WHOQL_render_front.jpg,1.1537182413286284,2.9376047748799072,1.0
rand_ZPLG9UAWEY_render_front.jpg,1.1511577038657295,2.383519295161385,0.964350951427078
rand_PZRI6B3EU4_render_front.jpg,1.2752440094483526,1.2,1.0673779460395985
rand_1P50VW8VUD_render_front.jpg,1.05,1.2,1.0
rand_U7U7FSZ982_render_front.jpg,1.05,1.2,1.071032766541084
rand_T957V85YBB_render_front.jpg,1.000005038095209,1.2,1.0
rand_T5AM6EISYG_render_front.jpg,1.111017601936308,1.2,1.0
rand_J8XGLUC63M_render_front.jpg,1.116777148586853,1.2146524397865803,1.404439426267796
rand_CDOVAX6O39_render_front.jpg,1.05,1.2,1.2262425490456885
rand_91O8VDFI3P_render_front.jpg,1.170754290159122,1.2,1.549870398054085
rand_JXAPI6PKBS_render_front.jpg,1.2680692590113714,1.2,1.0
rand_0O4KEYEZVM_render_front.jpg,1.2915631384653334,1.2,0.8066437977429488
rand_V5YNN1J0GS_render_front.jpg,1.2284821170288922,1.2,1.5623010552164387
rand_6A3P0TIRME_render_front.jpg,1.05,1.2,1.3808664960343529
rand_XT6PGJ87W1_render_front.jpg,1.05,1.2,1.0
rand_6J1WSYQNMD_render_front.jpg,1.2760410807205949,1.146854795097343,1.141744848381892
rand_894APZALBM_render_front.jpg,1.05,1.2,1.0
rand_4EPGD865AX_render_front.jpg,1.05,1.2,1.0418469670889183
rand_FGU6G1LIGV_render_front.jpg,1.05,1.2,1.0
rand_30JTUP54WB_render_front.jpg,1.0470536338414724,1.2,1.0
rand_URJFCU0F7U_render_front.jpg,1.2018346670897337,1.7003554558463934,1.3781252424861439
rand_QRF5JT9IST_render_front.jpg,1.05,1.2,1.0
rand_TV95FERTAT_render_front.jpg,1.1710601220699324,1.2,1.0
rand_46IV7NEU3U_render_front.jpg,1.2000271774852231,1.2,1.0
rand_I2MHT3U1PS_render_front.jpg,1.059210386212255,1.428719389578752,1.0
rand_06CZQRRGJD_render_front.jpg,1.190047487765986,1.2,1.1876310061871114
rand_58K9BF07ZA_render_front.jpg,1.1725006109828828,1.2,1.5010057894937976
rand_AD80FVPHJA_render_front.jpg,1.0196801614954438,2.437270472696854,1.1503361036235644
rand_VV4HPI28V9_render_front.jpg,1.1212927864746904,1.2,1.0
rand_V7IP2DBUWJ_render_front.jpg,1.05,1.2,0.8956952768335075
rand_HKXE0XDGO6_render_front.jpg,1.2565092417993562,1.2,1.3346795413311516
rand_WKBJH588BI_render_front.jpg,1.000889258781437,1.2,1.0
rand_PXWDW17OSN_render_front.jpg,1.0100885242287834,1.2,1.0179726511289915
rand_OKD2FXF6VM_render_front.jpg,1.05,2.3036157132431256,1.0
rand_3AKUJSCM6T_render_front.jpg,1.17233167261896,1.2,1.0
rand_2KNDV77NUR_render_front.jpg,1.2951807494129397,0.9902543719826096,1.1090680157227832
rand_8MOOWKV6X8_render_front.jpg,1.05,1.2,0.7387803745123329
rand_769JIMP3RB_render_front.jpg,1.05,1.2,0.9398430714752207
rand_L0YNWCCMMM_render_front.jpg,1.0565196863994055,1.2,1.2577051511132775
rand_873QYY5JPZ_render_front.jpg,1.065076032992293,2.552954358950017,1.0623163178010433
rand_V9S3CYQBSJ_render_front.jpg,1.05,2.7244315381497843,0.811767448838478
rand_1COM1DGIXJ_render_front.jpg,1.05,1.2,1.1189287651338122
rand_M9EMDLZ579_render_front.jpg,1.0612871944253814,1.2,1.335723991768077
rand_TA7H4AL7FC_render_front.jpg,1.05,1.2,1.0
rand_X3OWPCHHZC_render_front.jpg,1.0080097353376856,1.2,1.0
rand_VDZ2TZ7ITI_render_front.jpg,1.05,2.4719394363214366,1.0
rand_RALH6MJSQ9_render_front.jpg,1.1454983435075625,1.2,0.9008375414548188
rand_CEVX9ZHV4K_render_front.jpg,1.05,1.2,1.0
rand_WRSON4K2D1_render_front.jpg,1.0625085514299868,1.2,1.0
rand_1Z61HPGUDS_render_front.jpg,1.0602219476326789,1.2,1.3532524707098017
rand_ARLJF6F5A6_render_front.jpg,1.05,1.2,1.0896886578273575
rand_T0JTILYLYH_render_front.jpg,1.1219423966493443,1.2,1.3014178822627964
rand_3KT4Q4TMFH_render_front.jpg,1.1918338770822416,1.2,0.9682292525506925
rand_PCPNYLAM8A_render_front.jpg,1.0701182483963143,1.2,1.483382469147129
rand_PESRLUDNMQ_render_front.jpg,1.0364927376505162,1.2,0.7599332441480625
rand_7UUVXRG2KP_render_front.jpg,1.2258499935957297,2.021971096931939,1.0
rand_JV5CPO77Q0_render_front.jpg,1.0306436481127,1.2,1.5195275845653713
rand_K09DOI2ERR_render_front.jpg,1.2651984762738853,1.2,1.292852281457102
rand_ANX1VUUY9A_render_front.jpg,1.05,0.8514806135566789,0.7745734621911115
rand_JZIOU3VVC5_render_front.jpg,1.2017395489668021,2.551715895701104,1.557441950080963
rand_A79KZJ118G_render_front.jpg,1.05,1.2,1.0
rand_YHTOUGU8SO_render_front.jpg,1.292165470134622,1.2,1.0
rand_W1VIG7SRXM_render_front.jpg,1.05,1.2,1.0
rand_RSDFWDCHHQ_render_front.jpg,1.05,3.2835740796555313,0.8438260818314687
rand_JLOMI9UOEF_render_front.jpg,1.194023868368117,1.2,1.0
rand_R55RNOHUQV_render_front.jpg,1.0105004038856444,3.1229963920494015,1.0
rand_09WQLJ3QED_render_front.jpg,1.05,1.2,1.0
rand_86FVEW6IHM_render_front.jpg,1.05,1.2,1.0
rand_6EW5OBUEAU_render_front.jpg,1.05,1.2,1.0
rand_SAQ8Z244AQ_render_front.jpg,1.2225784480207103,1.2,0.8192106926979356
rand_0OMOWY4QRR_render_front.jpg,1.05,1.2,1.0
rand_WZT9L81PI9_render_front.jpg,1.05,1.2,1.1113655942548453
rand_J1VCZTKDYF_render_front.jpg,1.05,2.977892749008782,1.383868516578938
rand_FYAQBSG3JR_render_front.jpg,1.05,3.0452941267886655,1.418469492499266
rand_6OT9LU0JZO_render_front.jpg,1.017084822530141,1.2,1.0
rand_87DZXC0RPK_render_front.jpg,1.208640276949584,0.5570289872767094,1.29371271519697
rand_30G6XUUNDI_render_front.jpg,1.0595123741051675,2.677338602055446,1.0
rand_YRQ7V1QAJA_render_front.jpg,1.0452102068512361,1.2,1.5631339692587551
rand_ZRYWCSEM3V_render_front.jpg,1.05,2.0115013866049525,1.3282129479976914
rand_W2RXXFVSRD_render_front.jpg,1.05,1.2,0.8498653927644241
rand_V62W34UZZQ_render_front.jpg,1.0228968484214545,1.2,1.3178925674938469
rand_G6TT1WHR4H_render_front.jpg,1.05,1.2,0.820342955398448
rand_N69W4VNO4G_render_front.jpg,1.05,1.2,0.7215041044651539
rand_3RW557JIDN_render_front.jpg,1.1781004287431254,2.4475216105252544,0.9652737292811057
rand_LUPK8LEMYF_render_front.jpg,1.2991132414256192,1.2,1.0
rand_L96Z4NKSRC_render_front.jpg,1.05,1.2,1.0
rand_YD1NV4D5RY_render_front.jpg,1.2877576000385458,1.2356687865213147,1.3477613575186478
rand_FIQ4TTSMO3_render_front.jpg,1.290806702127859,1.2,1.0
rand_42Y6B7DAS3_render_front.jpg,1.05,1.2,0.9006317404080596
rand_ENPURW75BD_render_front.jpg,1.05,3.212997404152313,1.0
rand_JC410D0GB5_render_front.jpg,1.05,1.4489547591992677,1.461256396404115
rand_LO70BFV4OB_render_front.jpg,1.1362846786035217,1.2,1.0819631201263065
rand_86YMBN1O4S_render_front.jpg,1.05,3.3505754281280016,1.5287921955399222
rand_846JM2H1HP_render_front.jpg,1.0733327090145843,2.035988393496141,1.0
rand_QZHPIOS8CV_render_front.jpg,1.2618806930798547,1.2,1.0
rand_8EC5XMV9MW_render_front.jpg,1.0116232393725941,1.8134792507525404,1.0
rand_U7VQHUZAMN_render_front.jpg,1.1924300161097308,1.21914663217871,1.4139903278971473
rand_Z48AVLMA23_render_front.jpg,1.1972415163818233,1.2,0.7391336868631783
rand_OP4DRKQTO4_render_front.jpg,1.05,1.2,1.110128844939593
rand_W856DOHABH_render_front.jpg,1.05,1.2,0.9219345607582239
rand_AV9GTFJKB1_render_front.jpg,1.2419834275135095,1.2,1.0
rand_IZEZT0UN24_render_front.jpg,1.034605708115691,1.2,1.0
rand_U8MNSQINWV_render_front.jpg,1.05,1.2,1.0
rand_WADKI2GH9V_render_front.jpg,1.05,2.492163637359215,1.1699543876529246
rand_NZOD2LKCYO_render_front.jpg,1.070883319703114,1.2,1.0157971008687623
rand_LRB5Y7L2ER_render_front.jpg,1.129597230944503,1.2,1.0
rand_45YY7IE1H6_render_front.jpg,1.05,1.2,1.524407316304646
rand_D4P9602E8K_render_front.jpg,1.0110562806550674,1.2,1.0
rand_I4KC3P8QRQ_render_front.jpg,1.05,0.5719675757956902,1.4818509935931525
rand_U9VRWX4ZAW_render_front.jpg,1.05,3.0135296650751484,1.0
rand_BT8P2Y8WCO_render_front.jpg,1.2706040453896874,1.9563345293839516,0.8272019028719099
rand_TOQC1VAEPY_render_front.jpg,1.0088136093034221,2.209383045413445,1.2697445011401245
rand_4KO3BTAM2E_render_front.jpg,1.2178434182647755,1.2,1.0
rand_D1065EZCU8_render_front.jpg,1.2396468265691738,3.2011018558994047,1.074044440919421
rand_JGGI4O569K_render_front.jpg,1.05,1.2,0.8592755713685634
rand_PWS51NKQGH_render_front.jpg,1.0538297058783828,1.2,1.4418414446399117
rand_AK3TYN8T4U_render_front.jpg,1.05,1.2,1.0
rand_7O5RW2T2FW_render_front.jpg,1.05,1.3790967154097866,1.5653038658306202
rand_LJN67WL9MC_render_front.jpg,1.05,1.2,1.0317355708638436
rand_N9PSI55JPK_render_front.jpg,1.088131663903974,1.2,1.0
rand_RZ1E9WILRC_render_front.jpg,1.1791083878438242,3.337726787592728,1.5338959375312693
rand_BJFC9UFCTU_render_front.jpg,1.0981872775680666,1.2,1.2848360351707289
rand_TSIR8ASZDQ_render_front.jpg,1.0509320848430075,1.5882896935532773,1.0679175148496736
rand_5YCQ2ECILG_render_front.jpg,1.0368431364216388,1.2,1.0
rand_QQ0A0UUPSD_render_front.jpg,1.2046632214030237,1.2,1.0
rand_S1P9VTB95J_render_front.jpg,1.2534673594964243,1.2,0.8197158949999152
rand_56EC0IZTTR_render_front.jpg,1.2706758228912978,1.2,1.596727447523285
rand_Y0OSFXP6EP_render_front.jpg,1.05,1.2,0.8205669662815416
rand_P8TUG3ZPLC_render_front.jpg,1.05,3.220619158522163,0.8165858504565702
rand_99XTN78HD7_render_front.jpg,1.05,1.2,1.2529105372777716
rand_BJ42ENVMA5_render_front.jpg,1.064008037128905,1.2,1.3144169520299043
rand_3W5E12SALN_render_front.jpg,1.05,1.4703534753317147,1.0
rand_NUCX4GVRNP_render_front.jpg,1.171707735048036,1.6680884509903573,1.0
rand_47YFEZ2030_render_front.jpg,1.05,2.1961255258888714,0.733607166833375
rand_C6XIHN550W_render_front.jpg,1.0414856269215529,1.2,0.8557556091929153
rand_7CUWD63YYM_render_front.jpg,1.05,1.2,0.9150539732335385
rand_AHZJFY9V7A_render_front.jpg,1.05,1.4403112163541532,0.7082334745861424
rand_ZVELYCKU23_render_front.jpg,1.05,1.2,1.0
rand_7ETXF2GBVU_render_front.jpg,1.265762541548294,1.2,0.8156626520743262
rand_DSU1C8ZIZJ_render_front.jpg,1.2286965588859682,1.2,1.0
rand_4IV046C01B_render_front.jpg,1.2754725716768411,1.2,1.311580038889779
rand_HV0HIDFJMY_render_front.jpg,1.05,1.2,1.5119039627998239
rand_S6CKG8XSEG_render_front.jpg,1.2051863739262236,1.2,1.0
rand_K1U8097PK7_render_front.jpg,1.05,1.2,1.0
rand_KGZO12MIGG_render_front.jpg,1.05,1.2,1.0
rand_YMU6C8HZ12_render_front.jpg,1.05,1.2,1.0
rand_AFY7VVV2PR_render_front.jpg,1.2864123136347598,3.3125824018855976,0.8181489853823902
rand_UUC6NDEA84_render_front.jpg,1.1959754984431097,1.2,1.0
rand_2KFZ0VWDTF_render_front.jpg,1.05,1.2,0.7078296869285742
rand_1IPAPWY5UN_render_front.jpg,1.1684756136150474,2.360524800941625,1.0
rand_5KLHOFNQ4U_render_front.jpg,1.0078053216983531,0.7937226915544364,1.0
rand_70CQK2E8M6_render_front.jpg,1.05,1.2,1.0
rand_A5WHURJ5F8_render_front.jpg,1.05,1.2,1.453437583149236
rand_ZOKZFI5Q69_render_front.jpg,1.05,1.2,1.0
rand_S0HNQS40QX_render_front.jpg,1.05,1.7384569831135983,0.724433981466077
rand_6W3XGQZOE9_render_front.jpg,1.05,1.2,1.0
rand_6J8OPWEFSL_render_front.jpg,1.05,1.2,1.0491677965480364
rand_Z69ZP7G271_render_front.jpg,1.05,1.2,0.8562818235146531
rand_GO12B00OWO_render_front.jpg,1.05,0.7496602916314089,0.7319713350542474
rand_LDPDZOYZXG_render_front.jpg,1.139737002199317,1.2,1.0
rand_U4Y7W7I9G7_render_front.jpg,1.1769670809334527,2.028165748792062,0.77983013961265
rand_15TP8YML92_render_front.jpg,1.05,1.2,1.0
rand_8HMDRK1SLO_render_front.jpg,1.182069004601097,1.2,1.0
rand_0XXOYAKE5J_render_front.jpg,1.05,1.2,1.1184861356418547
rand_0RP87ZSKNR_render_front.jpg,1.05,2.311294960423327,0.9412281062533798
rand_QH5HG1DARP_render_front.jpg,1.1185298617091186,1.2,1.0
rand_F0BLQDF8HW_render_front.jpg,1.2313107254622118,1.2,1.455708166691549
rand_SMCPA4NGOY_render_front.jpg,1.05,1.2,1.0
rand_ZCNR774691_render_front.jpg,1.1200225870568044,1.2,0.7093729940515552
rand_ZMTKIFIKID_render_front.jpg,1.2589021807250227,1.2,1.0
rand_9ZO8D989XF_render_front.jpg,1.05,2.6079017340770307,1.0
rand_V6ADYSIB6F_render_front.jpg,1.2515334213049738,1.2,1.1815815108763217
rand_DROAI40XBB_render_front.jpg,1.05,1.2,1.0
rand_NGYN66UEVZ_render_front.jpg,1.1683977277294066,1.2,1.5720706271651066
rand_9OT73A78C9_render_front.jpg,1.1978297411481302,2.967986314817708,1.5345113824055105
rand_V2OZL5OS2Z_render_front.jpg,1.05,2.545776759516359,1.0
rand_RPLOPMSPXM_render_front.jpg,1.05,1.9705303616525383,1.2062636660036488
rand_8CRYI6PHVC_render_front.jpg,1.2581395443243975,1.0902012240836303,1.3020802203320951
rand_QO7OX75D4F_render_front.jpg,1.05,1.2,1.2531452090270667
rand_3QTMRDLDFC_render_front.jpg,1.1073533951183803,1.2,1.4554724254441032
rand_DNLPR6VZGC_render_front.jpg,1.05,1.2,1.2176507782372308
rand_8FTAM8DRCJ_render_front.jpg,1.05,1.2,0.8372253905113878
rand_7J0WWI9XGD_render_front.jpg,1.2722999161963127,1.2,1.0
rand_OXNQ9938R5_render_front.jpg,1.243351672507813,0.7115459183625257,1.0
rand_21W1T04R59_render_front.jpg,1.2045710037620285,1.2,1.0
rand_SYCHUKJXNZ_render_front.jpg,1.05,1.2,1.2208993699761903
rand_M2USJ28E3U_render_front.jpg,1.2086141676432127,1.2,0.7846588272189494
rand_C3OTPU7S47_render_front.jpg,1.2403401305759933,1.2,1.0
rand_S1C81FME7K_render_front.jpg,1.05,1.427245989794979,1.0
rand_6LR6H9TY6O_render_front.jpg,1.2252934101729762,1.2,1.572626591447351
rand_TAZN9CG89D_render_front.jpg,1.0472169223979773,1.2,1.0
rand_M27O2HSVP2_render_front.jpg,1.091510711847434,1.2,1.0
rand_INUTTJS5K3_render_front.jpg,1.049506299558948,1.5894186687388294,1.324628308669407
rand_643AMDPKLF_render_front.jpg,1.1043607061903564,1.2,1.0
rand_YG3B2YQMEM_render_front.jpg,1.019389090642763,1.2,1.0
rand_WAZB041Q63_render_front.jpg,1.1065964391356875,1.2,1.0
rand_NXVK5TIQ70_render_front.jpg,1.2961844478562712,1.2,1.0
rand_CYYL3DU185_render_front.jpg,1.2861697553155222,1.2,1.5604065511877145
rand_1FFE74SNPF_render_front.jpg,1.21481456561731,1.2,1.3867231241605595
rand_194LO8IL86_render_front.jpg,1.05,0.9856560631886936,1.5387772852757267
rand_JF31DI9S28_render_front.jpg,1.0320792771855076,0.8255565559451022,1.0
rand_RJ6A6FEIUZ_render_front.jpg,1.05,1.2,1.0
rand_MB68WUZS98_render_front.jpg,1.05,1.2,1.0
rand_1E7A3XJTG2_render_front.jpg,1.0748407417609078,1.2,1.0124809875894414
rand_3YJGVI0PGU_render_front.jpg,1.235835158973363,1.2,1.505129740062138
rand_WXCPH79QH6_render_front.jpg,1.05,2.1527258786246817,1.0
rand_W6XIAZN6Q3_render_front.jpg,1.05,1.2,1.0
rand_G90O0ZLO1K_render_front.jpg,1.1727780516605422,1.2,1.021894008906503
rand_OFWYRXM3WL_render_front.jpg,1.05,1.2,0.9561112535284563
rand_X6GP51F55H_render_front.jpg,1.1824113098932505,1.7211189069715096,1.0427514562182276
rand_NMFD5XVAJ9_render_front.jpg,1.05,1.2,1.5055304538660645
rand_2LRJ97FORR_render_front.jpg,1.05,1.2,1.0112947836876556
rand_440ICOGKUD_render_front.jpg,1.05,1.2,1.0
rand_16UW0YHRXD_render_front.jpg,1.05,1.2,1.5473882473713743
rand_YE3C15V1SJ_render_front.jpg,1.24991820907991,3.3784725017460864,0.973622222223003
rand_NMBWHJWGFS_render_front.jpg,1.2837571615334644,3.253890196736651,1.0
rand_LMDKJM2PIA_render_front.jpg,1.05,2.4002043069506973,1.0
rand_2KMMIXM21M_render_front.jpg,1.1409119967519517,1.2,1.0
rand_UNEII9UFNX_render_front.jpg,1.05,1.102958048370863,0.8380087053775754
rand_YDWBH4YNAL_render_front.jpg,1.1184005133447117,1.2,1.3421003837782866
rand_2HZSKQKFVI_render_front.jpg,1.1559147783856836,1.508960483642286,1.0
rand_LYODEAC7GD_render_front.jpg,1.05,1.2,1.3857773419548054
rand_PKL83526SO_render_front.jpg,1.2262336102361149,1.2,1.1719305114831295
rand_TW54V8RPGO_render_front.jpg,1.069381148220284,1.2,1.0
rand_EXQ2BXGC3G_render_front.jpg,1.1305273768276733,1.2,1.0
rand_WE21SRYZZQ_render_front.jpg,1.05,1.2,0.8485014040761787
rand_S8N94KWQ9K_render_front.jpg,1.05,1.9997951853041114,1.0398592347002555
rand_FK56FEC7JX_render_front.jpg,1.0218709318275423,1.2,1.0
rand_5AD33MAMF0_render_front.jpg,1.0367709324424677,1.2,0.7818076077726114
rand_QY8PK0J8OK_render_front.jpg,1.0848404105739422,0.9174347919677118,1.3785550007815046
rand_DY4T6J94X2_render_front.jpg,1.05,1.2,1.578462871373426
rand_6GIJT1REPO_render_front.jpg,1.2409607607318698,1.2,1.5509535469335431
rand_W0ME0UI5H5_render_front.jpg,1.1960238461428272,1.2,1.0
rand_NRN470K5NI_render_front.jpg,1.288164682711579,1.2,1.2830257256024762
rand_YIHBGFAU3G_render_front.jpg,1.05,1.2,1.0
rand_UHZBIZMLK5_render_front.jpg,1.0248770471728286,1.2,1.0
rand_74US7N4TT0_render_front.jpg,1.0428470427701468,2.7710248644609194,1.0
rand_WD4I7D61XN_render_front.jpg,1.05,2.0354998019292987,1.0
rand_MS67S0PTZS_render_front.jpg,1.0704953657960237,1.2,1.0
rand_RAFC7O548X_render_front.jpg,1.05,1.2,0.76693205346986
rand_1CDFJY6EB8_render_front.jpg,1.05,0.9373654353628127,0.7730462496999779
rand_CG6O99CTPW_render_front.jpg,1.1566419664932888,1.2,1.0
rand_JSS1MV12CM_render_front.jpg,1.2880069697281094,1.2,1.120836096730709
rand_D0KYMAM9MM_render_front.jpg,1.05,1.2,1.0
rand_TAMKM9AFP7_render_front.jpg,1.1940579058226404,1.2,0.8823004935503417
rand_NE83H4D14C_render_front.jpg,1.0943819344731998,1.2,1.0
rand_L06VUALDUP_render_front.jpg,1.2308666150150718,1.2,1.0
rand_RB9T1590OB_render_front.jpg,1.2734555720336491,1.2,0.9492025114251358
rand_9IOH5E43L5_render_front.jpg,1.05,1.2,1.0
rand_U4I2UN04NT_render_front.jpg,1.05,1.2,1.0
rand_DOUJ557FY4_render_front.jpg,1.05,1.2,1.0
rand_XFBP8ZH6D5_render_front.jpg,1.05,1.2,1.5512641353082328
rand_1CC1X5R0NR_render_front.jpg,1.006601301269143,1.2,1.2114048941764213
rand_40G09BOT9Y_render_front.jpg,1.05,3.3406753055497767,1.0
rand_B267BEPQJP_render_front.jpg,1.2317596747751864,1.2,1.4879942852947339
rand_8CI97EL96J_render_front.jpg,1.05,1.2,1.0
rand_AS1FCDIF3H_render_front.jpg,1.05,2.0799332056004087,1.0
rand_0BWTXEFOYX_render_front.jpg,1.0206040072784366,1.0772287928147442,0.8724619683696366
rand_84XICAH8MR_render_front.jpg,1.05,1.2,1.3812927550211054
rand_PM7T1NWM55_render_front.jpg,1.05,2.3918304912795234,0.9268227707692973
rand_04GAM9B4PR_render_front.jpg,1.05,2.5831243033135713,0.9295939037352884
rand_QOZYWW08PS_render_front.jpg,1.05,1.2,1.0
rand_D83LR8NGUY_render_front.jpg,1.1994699313841717,0.8557820629455377,0.7200919327558849
rand_YTHPMJHGLI_render_front.jpg,1.1187329144858196,2.474615263171664,1.5637730155393963
rand_6LGVTZU5PK_render_front.jpg,1.18532954677045,1.2,1.0
rand_Z4OLVZQOUD_render_front.jpg,1.2340182086694027,0.544335494359486,1.0
rand_O35GU3MTCG_render_front.jpg,1.1620201692380385,1.9959182249076384,1.0
rand_WCWMVB3LCA_render_front.jpg,1.2013954767667951,1.2,1.0
rand_FGJY3TQKB2_render_front.jpg,1.05,1.2,1.0
rand_26JV8TNTI1_render_front.jpg,1.05,2.5749157582324367,1.0
rand_GASYWQB78F_render_front.jpg,1.2179390266002108,1.2,1.5126084591951314
rand_5GJOYNX40U_render_front.jpg,1.05,1.2,1.1226037746822983
rand_EBXBQR2CQG_render_front.jpg,1.05,1.2,1.0
rand_W8ATX34VN2_render_front.jpg,1.05,1.0120883476910791,1.0
rand_BIERL39PDB_render_front.jpg,1.05,1.2,1.0
rand_G04CE5TMM9_render_front.jpg,1.2733030364483313,1.2,1.0
rand_KT07KX9F9M_render_front.jpg,1.05407664365831,1.2,1.2811999172489945
rand_98Z004YJBN_render_front.jpg,1.05,1.2,1.0
rand_S27MFM9S2F_render_front.jpg,1.0211741972722252,1.2,0.7224842670480897
rand_WJ11B5PGXW_render_front.jpg,1.0535201400468766,1.0311877506044023,1.530638019409551
rand_2QIKRVMKKG_render_front.jpg,1.2486094165844146,1.2,1.0
rand_ZW07869PTO_render_front.jpg,1.123094602838827,1.9877091761673833,1.0
rand_MP0YB2RYIT_render_front.jpg,1.088321991572491,1.2,1.0
rand_4RLUABNFCL_render_front.jpg,1.0604333109291935,2.2044510644522095,1.4828475427725483
rand_JZPUDXFORZ_render_front.jpg,1.1172599622808403,1.2,1.0
rand_IDTPL4EHPQ_render_front.jpg,1.2745811988418287,1.2,1.3619453298182427
rand_Q3MEMBHTLF_render_front.jpg,1.05,1.2,1.1837093753004808
rand_USHBXI79AM_render_front.jpg,1.2390094980350934,1.2,1.454292164424265
rand_B37RWC0B5J_render_front.jpg,1.1750563631347402,1.2,1.0
rand_18ZB6FI9T5_render_front.jpg,1.2776662271363646,1.2,1.3842235104633565
rand_R67SE27RB0_render_front.jpg,1.05,1.2,1.0
rand_ZPRKOUJ180_render_front.jpg,1.05,2.256161952652704,1.0256203418712517
rand_FCSP3RU1SR_render_front.jpg,1.05,1.4003445827063488,1.2997176724316422
rand_7CC6K1ZJFP_render_front.jpg,1.0869011882530137,1.2,0.9076309872612889
rand_4ZM6Q1MTTJ_render_front.jpg,1.05,1.2,1.117318124103575
rand_UJT1JF0VE6_render_front.jpg,1.05,1.2,1.0
rand_PKRGOCBU7C_render_front.jpg,1.0024563157515358,1.2,1.0915640234914334
rand_XRQ3P3H65C_render_front.jpg,1.2062372534534114,1.2,1.4427702412095185
rand_BG22TJ3V9K_render_front.jpg,1.188246821616223,0.5611210073264976,1.0
rand_VPGUTEN6IH_render_front.jpg,1.05,1.2,1.5019973197083483
rand_XQG94M4A10_render_front.jpg,1.2222034133026254,1.2,0.7418625171653476
rand_LKHWRA8ISS_render_front.jpg,1.1389278069700906,1.2,0.7310838046447967
rand_M68WVTGHSA_render_front.jpg,1.05,1.2,1.0
rand_GMR8CRPOEC_render_front.jpg,1.2227864686279062,0.5594209199157608,0.7635125146354582
rand_W7N42A95LF_render_front.jpg,1.0039322312689425,1.2,1.1100876898790828
rand_JOGMETM9OK_render_front.jpg,1.1564199558245463,1.2,0.94661137238422
rand_7WHSCBSJJI_render_front.jpg,1.05,1.2,1.2882776923053454
rand_SZ6QMGEKYV_render_front.jpg,1.0732721925014095,1.2,1.482667255198105
rand_6S2ZXXMSAN_render_front.jpg,1.100859036457831,2.8701178477201355,1.0
rand_HOZWUYDFB6_render_front.jpg,1.042139398074484,2.0141753642793887,1.0
rand_PWJVNI4156_render_front.jpg,1.05,1.2,1.0
rand_O8KDM9N589_render_front.jpg,1.05,1.6935705238348384,0.7771782195507623
rand_66SX1GDMT7_render_front.jpg,1.2770957405909211,1.2,0.9362316303102405
rand_GE9NBC1HFY_render_front.jpg,1.1686479248897501,1.4958806017160577,1.0
rand_HQPM8NKKQT_render_front.jpg,1.05,1.2,1.1899920525709708
rand_RNMDBYUO2S_render_front.jpg,1.05,1.2,0.7560478240733202
rand_IAJCDXOUOH_render_front.jpg,1.029744621856315,1.2,1.0692715485064581
rand_IWR6D7ECQT_render_front.jpg,1.22287588520012,1.2,0.8604821771636872
rand_E524RGLPLK_render_front.jpg,1.1146525515799508,1.2,0.9807365248806359
rand_KY1UPJMOVE_render_front.jpg,1.0167401530596611,1.2,1.3866476444440263
rand_0LPITGY2ZB_render_front.jpg,1.148150287534156,1.2,1.0
rand_Z05CKHC8MA_render_front.jpg,1.1581128033810038,1.2,1.4234699366525778
rand_VRRYDYTLKH_render_front.jpg,1.127073243834641,2.253694127271463,1.1628008617667784
rand_MKNH5OLU7Z_render_front.jpg,1.0557303329915688,1.2,1.4991489463661205
rand_L7M42I0NE9_render_front.jpg,1.05,1.2,1.0
rand_YXLC48LVXG_render_front.jpg,1.05,1.9020673097778142,1.1160951558208942
rand_KD04MFRUYR_render_front.jpg,1.2978601743719074,3.1785160305721143,1.5246076977324097
rand_90EXM8GJ5B_render_front.jpg,1.2796544317964509,1.2,1.1598672371518384
rand_1HZ59L40Y1_render_front.jpg,1.2316393360154234,1.9160273711302174,0.8651859545410101
rand_IPXQ7TOJ16_render_front.jpg,1.0192482704573824,1.2,1.0
rand_UJ9RAWXB3U_render_front.jpg,1.05,1.2,1.0
rand_B3UQPAASVY_render_front.jpg,1.238973235317824,0.502524310243503,1.0358702079646218
rand_VQ3HI6BUTA_render_front.jpg,1.0579540269379488,1.2,1.0
rand_401VZK3IHN_render_front.jpg,1.2565600675958508,1.2,0.7081539233336654
rand_JLO43S21GX_render_front.jpg,1.1305175003406138,1.2,0.7495350055852275
rand_TI0HBS9TUQ_render_front.jpg,1.05,1.2,1.5279247610080264
rand_ES9LFGNTDE_render_front.jpg,1.2482414331251912,0.9820042892991048,1.0
rand_FGMU9RVNZU_render_front.jpg,1.0793922052079876,1.2,1.0
rand_OFF0X7RQ27_render_front.jpg,1.2922505686514043,1.2,1.3830078999801483
rand_F33V1YFCUM_render_front.jpg,1.0331543151156768,1.304636054653188,1.0079842630991258
rand_9Y9J8WRR8J_render_front.jpg,1.05,1.2,0.747623795655956
rand_ET1UZHMGIQ_render_front.jpg,1.05,1.2,1.1684658470718363
rand_2OPSLPOO9Z_render_front.jpg,1.1017950788388664,1.2,1.0
rand_LF5I1VFYK9_render_front.jpg,1.0243534513509445,1.2,1.0
rand_NELKV5QA0F_render_front.jpg,1.05,1.2,1.0
rand_T6T19FLGCV_render_front.jpg,1.1639356352097152,0.8741222432736621,1.0
rand_F2IRZHCRW5_render_front.jpg,1.05,1.2,1.0
rand_RBEXR1EURK_render_front.jpg,1.025561592310203,1.2,1.0
rand_STSJSGLY8N_render_front.jpg,1.05,2.964577270980011,1.0
rand_4TZER6QIQE_render_front.jpg,1.2152429281835166,1.8331992758362943,0.7510833539055951
rand_ODGKUX9A60_render_front.jpg,1.110632430754168,2.4705925012357017,1.0
rand_NL0H000H98_render_front.jpg,1.06950177354544,2.7746957634982006,1.1179112924889498
rand_PN16IALV8Z_render_front.jpg,1.1116195136659606,1.2,1.521949638555451
rand_9IUW5N7H42_render_front.jpg,1.123055811852027,1.2,0.748311215756823
rand_MWCSXYX134_render_front.jpg,1.2925064326780504,1.2,1.0
rand_OS00EWHO0D_render_front.jpg,1.2194605974431036,3.2058959210781723,1.0
rand_2BMDNYHER6_render_front.jpg,1.248069840044354,1.2,0.9646690335146673
rand_K3Y24LPRV6_render_front.jpg,1.05,1.2,1.0
rand_BDVMG11VI0_render_front.jpg,1.05,1.2,1.0
rand_4101AXEXW8_render_front.jpg,1.0121408021455314,1.2,1.0
rand_J528C8DDKI_render_front.jpg,1.05,0.8944684512270155,1.0
rand_HN44TH9OB2_render_front.jpg,1.2001060157125434,1.2,1.0
rand_HJGOQURZGE_render_front.jpg,1.0052970445559481,1.2,1.449374965793506
rand_OAQ0JSHLO1_render_front.jpg,1.1586401608690724,1.2,1.0
rand_ER05F6RB85_render_front.jpg,1.0172431956520547,0.6603384659930002,1.2241797816290805
rand_GKKWSPWZJV_render_front.jpg,1.1274695199554465,1.2,1.0
rand_PQPS6JJ0SK_render_front.jpg,1.05,1.2,1.4546686275058116
rand_2EJ1B8VRYH_render_front.jpg,1.05,1.2,1.324280571089512
rand_O9FI1BXE6E_render_front.jpg,1.2133965322451343,1.2,1.0
rand_GLMHYPKZNS_render_front.jpg,1.1040303782399756,1.2,0.9445559648009034
rand_ZDRSF28WMF_render_front.jpg,1.05,1.2,1.4882608473877048
rand_26JG87ISLU_render_front.jpg,1.2672155813926569,1.4184495379433253,1.0
rand_9G5NBOHAV8_render_front.jpg,1.05,1.2,1.535059375971772
rand_T6LUF0YQ6A_render_front.jpg,1.2661690546640163,2.593055752365843,1.548666779947712
rand_LUNFO4SGVD_render_front.jpg,1.0479259032042385,0.7959756394799788,1.0
rand_8RCYUWXHAW_render_front.jpg,1.2985397431061452,1.2,1.0
rand_OREK591KOU_render_front.jpg,1.0391889749555199,2.1263846211149797,0.930968055417351
rand_EP1XYW7P2D_render_front.jpg,1.089130851091144,0.9375807919758762,1.0
rand_9048W5H2M7_render_front.jpg,1.1017182364557307,1.2,1.4015876594392433
rand_Q4QYZ7LLSY_render_front.jpg,1.2066160213488022,2.951038959840105,0.8249787628412273
rand_PJV70270CK_render_front.jpg,1.05,1.2,1.0997023376824442
rand_QHXH4BG19Y_render_front.jpg,1.2324614505229885,1.2,0.9918057278336228
rand_OPO3GD1JN3_render_front.jpg,1.1515845032339198,0.9105117538636448,1.1987659615781263
rand_KOBZMM462K_render_front.jpg,1.05,1.2,1.4435357110317923
rand_9W5HJ571OC_render_front.jpg,1.0570911424419696,1.2,0.7027407842966837
rand_5VQB41E4W8_render_front.jpg,1.05,1.2,1.0
rand_EQOWRK3EAJ_render_front.jpg,1.05,1.2,1.0
rand_QUEF8GR034_render_front.jpg,1.05,1.659979770385303,1.0
rand_J2L9ODN0FX_render_front.jpg,1.2964472828178653,1.2,1.0
rand_6ZN0X3XYRX_render_front.jpg,1.05,1.2,1.0
rand_AD5AOUSQFK_render_front.jpg,1.2384363089995998,1.2,1.0016102652049592
rand_D898X80QMU_render_front.jpg,1.2198332415898645,2.8517506311437133,1.034872571035709
rand_39ZLUIAEKE_render_front.jpg,1.05,1.2,1.5512918598951861
rand_UVJYQ6V7YX_render_front.jpg,1.22496699126137,1.376803709604312,1.0185208202119578
rand_C6SNGEF41Q_render_front.jpg,1.0912341546289335,1.2,1.577269452809801
rand_FNMC07NAFS_render_front.jpg,1.288774663016368,1.1827541888324702,1.0
rand_ZHGPARTDBK_render_front.jpg,1.05,1.7066430124409084,1.3016479127007916
rand_KB0YP6ADBY_render_front.jpg,1.05,2.2510099413630007,1.0
rand_P74MSLJJDO_render_front.jpg,1.05,1.2,1.0
rand_R7QK9XP400_render_front.jpg,1.05,1.2,1.0
rand_52OQ58OCKV_render_front.jpg,1.1643798134146341,1.2,1.0
rand_WE41QR9QAU_render_front.jpg,1.1971171874146258,1.020096972452432,1.0
rand_ZY50R49CHY_render_front.jpg,1.2235398137066624,1.2,1.0
rand_LW4RSATXG0_render_front.jpg,1.1779033046021579,1.2,1.0
rand_TN1PDCXQO3_render_front.jpg,1.261714964253459,1.2,1.1653883353140986
rand_ZAORTJAVNX_render_front.jpg,1.05,1.2,1.0867869476964829
rand_PLB8M4QFXN_render_front.jpg,1.214755011093199,1.2,1.0
rand_M3G2WQCVW2_render_front.jpg,1.172618319143316,1.2,1.0
rand_50U8VNEVXT_render_front.jpg,1.1849918436212459,1.2,1.0
rand_K8MBZ9TSET_render_front.jpg,1.05,1.2,1.0
rand_N2IFYMO4T9_render_front.jpg,1.05,0.5910230214855302,1.0
rand_47P9P3ZU3L_render_front.jpg,1.05,1.2,1.0
rand_HJCMK9J9YB_render_front.jpg,1.1453048568053452,2.22318342412317,1.0
rand_JEV1XGUA9Z_render_front.jpg,1.0579962890175567,1.2,0.8905039488497153
rand_UP0DERER1P_render_front.jpg,1.1208701099728333,0.6457047105626256,1.0
rand_ZW4ZKT3LC3_render_front.jpg,1.2759955626796902,1.2,1.132177033835564
rand_79FQWRRFL2_render_front.jpg,1.0574750832308806,1.2,1.0
rand_O1JGU8RLCC_render_front.jpg,1.05,1.2,1.2467106433719382
rand_O0TCYJ7QB6_render_front.jpg,1.05,1.2,0.9264798945502477
rand_GIONXIWS6T_render_front.jpg,1.237970453375078,2.2526034206924375,0.8344293950691153
rand_J9N7CAB5DM_render_front.jpg,1.1493815965682979,1.2,1.0
rand_PADXA1H5KG_render_front.jpg,1.240480562106862,1.2,1.0
rand_5MB2ROQKOR_render_front.jpg,1.05,1.2,1.1895707293158735
rand_LC4AR1S5HL_render_front.jpg,1.105641574253454,1.2,1.0686116618868438
rand_RYEUZBKK34_render_front.jpg,1.247773362579353,1.2,1.2253351674659836
rand_H6KSAMIWSO_render_front.jpg,1.1688258321224945,1.2,1.5973283610091873
rand_HPYEW41GIE_render_front.jpg,1.2127596514786667,1.2,1.1854471805279214
rand_1GX01N1DUS_render_front.jpg,1.2734052163767808,1.2,1.0
rand_OXJ2OSNC2Y_render_front.jpg,1.05,1.2,1.2515568260948577
rand_AF0IA8S719_render_front.jpg,1.05,1.2,1.0
rand_VLER290WFE_render_front.jpg,1.047215854224198,2.201155310651268,1.0
rand_NAB8DLQ2QW_render_front.jpg,1.05,1.2,1.554994004403921
rand_XJLWRQ5X6J_render_front.jpg,1.0999275483568203,1.2,1.0
rand_MN0NQWMOHO_render_front.jpg,1.0415544335610492,2.8484363328817626,1.0
rand_C4LIVDLPBN_render_front.jpg,1.05,1.2,0.9754455104410042
rand_LZYBWE232M_render_front.jpg,1.05,1.2,0.9384808905641286
rand_SCOD6CMAG8_render_front.jpg,1.0229302188284488,1.2,1.442173917718728
rand_LL5949U735_render_front.jpg,1.2790383358315232,2.824449824646274,1.0
rand_5NW2K4I7FI_render_front.jpg,1.05,1.2,1.436240332331837
rand_K8YDFH52CG_render_front.jpg,1.05,1.2,1.0
rand_2A6VEWXD7Q_render_front.jpg,1.282826503348658,2.006094332033781,1.4757590668930547
rand_EIOIRZCS4J_render_front.jpg,1.05,1.2,1.0
rand_EB5SR1OKJ0_render_front.jpg,1.1197691634568216,0.6490147508000776,1.0
rand_O7CEEXFFE5_render_front.jpg,1.127876581623709,1.2,1.0
rand_63A5IIZ0R9_render_front.jpg,1.0410268397436606,1.2,1.3757884569869936
rand_6J364J6Q1U_render_front.jpg,1.2162546081352392,1.2,1.0
rand_OPWIY2R8Q3_render_front.jpg,1.2922596192571811,1.2,1.0
rand_8IYVAS4MDA_render_front.jpg,1.1931039840728155,0.7104555922977933,1.433433777567375
rand_9FVZJXNIIR_render_front.jpg,1.05,1.2,1.2468425753247567
rand_DNYMK8CGBP_render_front.jpg,1.0154483283206288,2.9456389794201567,1.0
rand_1FW5IXBE6J_render_front.jpg,1.071400632478046,1.2,0.9206656498668637
rand_ZMCX7SBZ83_render_front.jpg,1.05,2.976674765280374,0.9236740367654185
rand_MEJHJL75DM_render_front.jpg,1.05,1.2,1.0
rand_P3226UMSHH_render_front.jpg,1.05,2.7730305613155557,0.7311321163614057
rand_MORV7KZ0OV_render_front.jpg,1.272519749276755,1.2,1.0
rand_73QYHJJHM2_render_front.jpg,1.1819534906415081,1.2,1.0
rand_CMGC2IL1B8_render_front.jpg,1.0282730795737574,1.2,0.8507876877496813
rand_KU2E6A9FV4_render_front.jpg,1.05,1.2,1.0
rand_1JEVVA8A3Y_render_front.jpg,1.1860055920721289,1.6752115497901994,0.8013996803422025
rand_RDRK01D9AC_render_front.jpg,1.05,1.2,0.7099034734969769
rand_STCGA3FBL4_render_front.jpg,1.1232222197333204,1.2012897658085997,0.7037687705424144
rand_5NIK3GYJVL_render_front.jpg,1.05,0.5508845668539313,1.1681682077320643
rand_NG13KJQOGY_render_front.jpg,1.1227441324617684,1.2,1.0
rand_R2D7JIR0NJ_render_front.jpg,1.05,1.2,0.7222792297622259
rand_Z5XLB72Z4R_render_front.jpg,1.05,1.2,1.4745279591002527
rand_63ULCZ9SP8_render_front.jpg,1.05,1.2,1.0
rand_INK1LGQ2T1_render_front.jpg,1.1009806550548906,1.2,1.3284094168802647
rand_YDJWEFBQRU_render_front.jpg,1.2305762064550987,2.1590276967156163,1.0
rand_5DY3AIHCOT_render_front.jpg,1.05,1.2,0.8564108977218926
rand_J1D3GKU7SV_render_front.jpg,1.2019743000518677,1.2,1.0
rand_8I503LSAVD_render_front.jpg,1.1375049179070973,1.2,0.8922938226002873
rand_20UC4LE2AX_render_front.jpg,1.05,1.2,1.204329532658531
rand_RCAQ4QMD4X_render_front.jpg,1.0141855943884914,1.2,1.278448737826006
rand_7EH5EMJZPM_render_front.jpg,1.0560358737667301,1.4871643649249984,1.0
rand_IQHLIP8K8J_render_front.jpg,1.036884134381902,1.7440364291444626,1.0361269529733919
rand_RIOIRM0NTM_render_front.jpg,1.05,1.2,1.5963789685984247
rand_C6USH9KGNA_render_front.jpg,1.098945507851964,1.2,0.8551415295492953
rand_7A5FEFHQFY_render_front.jpg,1.0638764912201113,2.176126919819854,0.8616925371251647
rand_WSXNCG385V_render_front.jpg,1.010317759665727,1.2,0.7172187302053643
rand_7IIGCJ9CZB_render_front.jpg,1.1894305543906099,1.2,1.0
rand_H5MRNHC3IR_render_front.jpg,1.1250398049053651,1.2,1.2427458660398818
rand_JUS392Z53Z_render_front.jpg,1.0670889745050725,1.2,0.8060941929223728
rand_LVI1ZAYNTE_render_front.jpg,1.05,1.2,1.4000632627848533
rand_W1L1PM9FCW_render_front.jpg,1.05,1.2,1.154307592813645
rand_W71M2D15JO_render_front.jpg,1.048923061718226,2.0549065090736565,1.0
rand_2HXLUWKM2G_render_front.jpg,1.05,1.2,0.8031793930217885
rand_D1W6OJXJ6O_render_front.jpg,1.1131987529369405,0.7238812978808433,1.0
rand_9KD97VOWAM_render_front.jpg,1.1894046776494593,1.2,1.3489274270726896
rand_VPXBJFL8Q7_render_front.jpg,1.05,1.2,1.0
rand_P4YNN20BST_render_front.jpg,1.05,2.765658922620682,1.0
rand_YI788YLE51_render_front.jpg,1.0237457373831682,1.2,1.0
rand_SBECHRKM66_render_front.jpg,1.05,3.088364417997176,1.492889448446065
rand_T0GD5RFT86_render_front.jpg,1.1253408468330899,1.2,1.0
rand_6LT852E6UA_render_front.jpg,1.05,1.1474025845950153,0.9986646332555174
rand_SOPUTK0YNQ_render_front.jpg,1.05,3.0723682158843797,1.5169060168978583
rand_NQJVMOTPR4_render_front.jpg,1.2855814107872634,1.2,1.1488814782730734
rand_W3LYFDFJ89_render_front.jpg,1.2447236184946708,1.2,1.3289875038711376
rand_Z7HBHOWRPI_render_front.jpg,1.2761947912458544,1.2,1.0455258204182032
rand_GTX6KRGKT8_render_front.jpg,1.05,1.2,0.8623153463451029
rand_25N2K5G9MV_render_front.jpg,1.1523996281058404,1.2,1.0
rand_HUGQIA2QTY_render_front.jpg,1.0321757061899839,1.2,1.164995460467562
rand_22I0Y5JF41_render_front.jpg,1.0132235153936398,1.2,1.0
rand_25XNKZE4PN_render_front.jpg,1.2463614056230945,1.2,1.1969891961319858
rand_5ML8UTDJPN_render_front.jpg,1.05,1.2,1.3515805734121398
rand_ZYP9O5V9MP_render_front.jpg,1.1909070171360825,1.2,1.0
rand_KT95A16SHZ_render_front.jpg,1.05,1.2,1.0
rand_TGKZDWBJPR_render_front.jpg,1.065620765820958,1.2,1.0
rand_7II4SVEFJS_render_front.jpg,1.05,1.2,1.0
rand_2EWQJNS22W_render_front.jpg,1.1765069146018166,1.2,1.0
rand_KXXLY4ZOPM_render_front.jpg,1.05,1.2,1.0
rand_AF56OFCL9K_render_front.jpg,1.05,1.2,1.0
rand_ICDCNHT5HJ_render_front.jpg,1.05,2.086856120739487,1.0
rand_YLFH5J4WH5_render_front.jpg,1.05,0.6272282723953811,1.3852716592856194
rand_58BUC8A2J6_render_front.jpg,1.05,1.2,1.0139774112300743
rand_SFQCZNRHGE_render_front.jpg,1.05,2.397937250599549,0.950906127367028
rand_3K0MXD21SA_render_front.jpg,1.05,2.7379368282100054,1.5516192430329956
rand_KGMS52RC9A_render_front.jpg,1.05,3.0560918463235303,1.0
rand_YUTSSS5N2D_render_front.jpg,1.05,1.2,1.0
rand_YFP4OJH9C9_render_front.jpg,1.120901112474666,1.2,1.1375126154109667
rand_A7LSTXLC1J_render_front.jpg,1.05,1.2,1.014093936790563
rand_PN2K37PI66_render_front.jpg,1.264826510382816,1.2,1.57691595132002
rand_CHJCPD4KLC_render_front.jpg,1.1144413376128401,1.831220049792571,1.0
rand_2DN6RRJLGF_render_front.jpg,1.05,1.2,1.0
rand_3ESFYUM3LF_render_front.jpg,1.05,1.2,0.8139344072752634
rand_T76SHY0Z82_render_front.jpg,1.1741298202334474,0.6523273712458834,1.0524099972866539
rand_NVN4SC184R_render_front.jpg,1.05,1.2,1.4127272032741516
rand_TG5H4CH2PF_render_front.jpg,1.1399936039991019,1.2,0.7300828770865705
rand_Z94ITT884N_render_front.jpg,1.05,1.2,1.0
rand_Y6IQOCVGHE_render_front.jpg,1.05,1.2,1.0
rand_0AV43GAPCD_render_front.jpg,1.210243715344959,1.2,1.4881587322815912
rand_ZR274S17VT_render_front.jpg,1.2817319839171315,2.9040134221533602,0.7707847480330828
rand_8LRWRUERKZ_render_front.jpg,1.05,1.2,1.5877677147901996
rand_4VC2YTSS7G_render_front.jpg,1.023329785772255,1.2,1.479358879778872
rand_I1HZPJNLOP_render_front.jpg,1.05,2.5801113767066575,1.0
rand_SC8TZ660KT_render_front.jpg,1.05,1.2,0.8689974320534091
rand_LQR3XLBMHH_render_front.jpg,1.05,1.2,1.3854403182827517
rand_IORZ26YGGQ_render_front.jpg,1.05,0.5967320799692041,0.9664381503044867
rand_41A6FAQQ89_render_front.jpg,1.0981671218497306,1.7822168200286872,0.9438577028712081
rand_Y506ACWPJH_render_front.jpg,1.05,1.2,1.0
rand_NZ8TJFNPYH_render_front.jpg,1.05,1.2,1.0
rand_ZC8CB6PQ86_render_front.jpg,1.1349474803677626,1.2,1.0
rand_LFVVMVGBXY_render_front.jpg,1.0036848412688202,1.2,1.0
rand_CZ8SQQ81SS_render_front.jpg,1.1372040127333103,1.2,1.5884416287304677
rand_Y5A8WGHAIF_render_front.jpg,1.1947640069237937,1.2,1.0
rand_HUJQUH9AX4_render_front.jpg,1.283615301918251,1.2,0.9145925102823975
rand_PUOGD2AHWZ_render_front.jpg,1.05,1.2,1.0
rand_JR424WP53D_render_front.jpg,1.05,1.2,1.4313477179082377
rand_AVIRMTR5OY_render_front.jpg,1.08339955499058,1.2,1.0
rand_M4F9OP9BQG_render_front.jpg,1.2797196083801778,1.2,1.0
rand_7AAFIIX57Y_render_front.jpg,1.0042925271934282,1.2373522823943914,1.1714636086821018
rand_SQRGW2P2LE_render_front.jpg,1.1127558809654965,1.2,1.0872584974817519
rand_WCELXAHRQD_render_front.jpg,1.2910573479556318,3.369819153887163,1.4540239758899705
rand_3KX8JM5XHK_render_front.jpg,1.126524472906262,2.9166481671380633,0.7445211178492868
rand_647A07GX6X_render_front.jpg,1.1668758445289917,1.2,1.4610342842481514
rand_CEIHYJ2FDX_render_front.jpg,1.05,1.2,1.2064040772210773
rand_C3I8LKGG13_render_front.jpg,1.191370103327311,1.2,1.0
rand_69PKWLO4DY_render_front.jpg,1.05,2.239465419380503,1.0
rand_0JO2I2WROC_render_front.jpg,1.05,0.540380332664508,1.0
rand_5O355EDIE3_render_front.jpg,1.1004068514840628,1.594520497129516,1.0
rand_EJBE6DNDJ8_render_front.jpg,1.1831221804360395,1.2,0.8911882349556846
rand_12X76E1ED9_render_front.jpg,1.05,1.2,1.0
rand_Y1MB8JEQHZ_render_front.jpg,1.1344608040826831,1.2,1.0944725003714613
rand_0XDHDEPZ7Y_render_front.jpg,1.1579239629994245,1.2,1.0
rand_NL8YODQ5NU_render_front.jpg,1.1418708571046277,1.2,1.1091358349381557
rand_UTQWGU3JSQ_render_front.jpg,1.05,1.2,1.4467800162850608
rand_46W4YZP1QR_render_front.jpg,1.1605412079474127,1.2,0.9512815921426303
rand_4NO8R0JW64_render_front.jpg,1.0255484377626076,1.2,1.0
rand_XXEPY15GEW_render_front.jpg,1.2961368117123742,1.2,1.0
rand_9PC9WH5ONE_render_front.jpg,1.2915685197727378,1.2,1.0
rand_0KPIEGFOIJ_render_front.jpg,1.2913523151633541,1.2,1.3231954760915112
rand_0LDTU7FCLE_render_front.jpg,1.0342903177603837,1.1384553784932776,1.046415162174422
rand_XL6E9AVJEI_render_front.jpg,1.05,1.2,1.0
rand_WGYO4YR3B0_render_front.jpg,1.110835320939126,1.2,1.1333281877260708
rand_W5AT77L7TN_render_front.jpg,1.1124678980475602,1.2,1.379469227637082
rand_YNEDK02S0T_render_front.jpg,1.0879648782996927,1.2,1.0
rand_JYGYZ72I5V_render_front.jpg,1.05,1.2,1.123988094300714
rand_BWHJC2H9HS_render_front.jpg,1.05,1.2,1.201665610806727
rand_NI7KHJ9G61_render_front.jpg,1.138662855113759,1.8684948657551146,1.1165234066563303
rand_XRRFQCJRUO_render_front.jpg,1.05,1.2,1.0
rand_NHQM5ATKQC_render_front.jpg,1.1586427535920232,1.2,1.0
rand_XRWG05HMKM_render_front.jpg,1.05,1.2,1.5067581632122804
rand_A2ZXFFYG0V_render_front.jpg,1.2779277130977962,1.2,1.0
rand_6CJUC7484W_render_front.jpg,1.017409331400464,2.771652183793507,1.1809037636662216
rand_EH742LHX7Q_render_front.jpg,1.05,1.046652630389818,1.0339601188069558
rand_F4PMRTNOEE_render_front.jpg,1.05,1.2,1.4608311074980815
rand_2ZBHMV56EH_render_front.jpg,1.05,1.2,0.9946911458328245
rand_D4MWFQAESR_render_front.jpg,1.05,1.2,1.0
rand_AR2RKEH96K_render_front.jpg,1.1015038064793583,1.2,1.0
rand_ZOWCGZ9ZPK_render_front.jpg,1.0548929502616222,1.8625939858443146,0.7264167555331215
rand_YTQ1BH4G0Z_render_front.jpg,1.05,1.2,1.3706589957466624
rand_7Q44HSJERB_render_front.jpg,1.05,3.0268087827977554,1.0
rand_PLE3OLNZ9F_render_front.jpg,1.1031700782313727,1.2,0.9558910574142805
rand_FD021VRQRS_render_front.jpg,1.05,2.2522949795205935,1.0
rand_8PVHYXQAFL_render_front.jpg,1.0962612552388602,1.2,1.4020689995957152
rand_UH2YHCNN6R_render_front.jpg,1.03187461428711,2.501776625876442,1.0
rand_P5WH076O8V_render_front.jpg,1.263471285365197,1.2,1.2119770306169713
rand_D3WDAZKL27_render_front.jpg,1.05,1.2,1.281285507576873
rand_I4UNY2B1KK_render_front.jpg,1.05,1.2,1.0
rand_MY0U3YBN1B_render_front.jpg,1.2345958595238622,1.2,0.9340938666141774
rand_L2JHGRETKJ_render_front.jpg,1.0159614841183626,1.9614505090838006,1.0
rand_4M2IM1ZCSG_render_front.jpg,1.05,1.2,1.0
rand_PSRH6ZXDVD_render_front.jpg,1.0629801153788896,0.6208404044936529,1.0
rand_Z1UHNZRTYL_render_front.jpg,1.05,1.2,1.5124530103528373
rand_AFYL9Q695C_render_front.jpg,1.233130794729953,1.2,1.0
rand_AB27PZMGD8_render_front.jpg,1.1675021689961511,2.7806788934131985,1.1438119963887912
rand_ODABFO4TER_render_front.jpg,1.05,1.2,0.7113467670080701
rand_92FZ50ANPC_render_front.jpg,1.1861842915727285,1.2,1.0
rand_CC82K7GU34_render_front.jpg,1.001977882663297,1.2,1.0
rand_FTFY6RBRK4_render_front.jpg,1.0915374803178008,1.2,0.924297123628042
rand_RPS91J4F4Q_render_front.jpg,1.2668869143498604,0.6231647833618028,0.7080659751259373
rand_I0MRBKY8SC_render_front.jpg,1.224402022215155,1.2,1.2884176998437937
rand_OXERP0DAZF_render_front.jpg,1.212168769681672,1.2,0.9767309143743922
rand_SFRGP8IKHR_render_front.jpg,1.05,1.2,1.0
rand_88AR5AJ84T_render_front.jpg,1.2491642826722662,1.2,0.8416157821505327
rand_MBM0DIMP54_render_front.jpg,1.1305473894171179,1.2,1.118149159947071
rand_0VZLWSZ52V_render_front.jpg,1.0823127244518886,1.2,1.2680691342945343
rand_UZI5FRD92J_render_front.jpg,1.2760455257505117,1.2,1.0
rand_AQMCNBQW6F_render_front.jpg,1.0239418212932831,1.2,1.0
rand_9C56X8BC35_render_front.jpg,1.1924168938416533,1.2,1.4687374800523134
rand_LSU6QV6RK7_render_front.jpg,1.1563020099952968,1.2,1.0
rand_KSM88G55VS_render_front.jpg,1.05,1.2,1.0
rand_58DEKIUD4G_render_front.jpg,1.027031900063749,0.71291346743345,1.0
rand_PAKN13A6DY_render_front.jpg,1.0929944105564742,0.7572798659947223,0.9089530260965686
rand_ZY47XCL9CX_render_front.jpg,1.05,1.2,1.022419217634514
rand_C13CKSM42T_render_front.jpg,1.1752910513230068,1.6119752664413531,1.0
rand_RJDL4TYLML_render_front.jpg,1.0306871259329446,1.2,1.0
rand_VZXEI0PMKN_render_front.jpg,1.1151235821015664,2.235392045583219,1.0
rand_AMNKGDMK91_render_front.jpg,1.05,1.2,1.0
rand_TZ17I25M8T_render_front.jpg,1.05,1.2,0.7624384958541094
rand_5WS3TVE41H_render_front.jpg,1.2840210496937923,2.3116533563260053,1.1407671322014377
rand_OOL0VP36OV_render_front.jpg,1.2155719721312916,3.1393396695792464,1.4384924308213365
rand_RHN33GHL67_render_front.jpg,1.1262888329788951,1.2,0.9248501821990283
rand_O1SFXR97GT_render_front.jpg,1.05,1.2,1.4145563287297527
rand_PRSZXM6H2G_render_front.jpg,1.05,1.2,0.7012403454516222
rand_3QDX3BHICK_render_front.jpg,1.1737392014065404,1.6045359130128238,1.0
rand_I8YB5NR7AX_render_front.jpg,1.2452501748040812,2.5616468978242684,1.1073812720118261
rand_XJI565WY3Y_render_front.jpg,1.05,1.2,1.0
rand_8FNU8OJSS0_render_front.jpg,1.1960453160131,1.2,1.1235965895389395
rand_GIGG5N0IW1_render_front.jpg,1.1260965433850778,1.2,1.576290070249331
rand_5BRLNHM62A_render_front.jpg,1.05,0.6036416479978607,1.0
rand_F5B0K5DP14_render_front.jpg,1.05,1.2,1.585724400730846
rand_CFEX9535U4_render_front.jpg,1.05,1.2,1.0
rand_FQ7EYF9HFL_render_front.jpg,1.230445273414107,1.2,1.0
rand_O00DVNZE1F_render_front.jpg,1.2491494854384246,1.2,1.0
rand_76LZJ4RFN9_render_front.jpg,1.2807660727301897,1.2,1.0
rand_L2WIXJINNN_render_front.jpg,1.0737394967497382,1.2,1.0
rand_W3YL7DOZ6K_render_front.jpg,1.091409922163211,1.2,1.199346734708927
rand_WR4NWRWEKY_render_front.jpg,1.2354554849156536,3.465034415387861,1.529113836458373
rand_5BJA8OGKMN_render_front.jpg,1.204686677002493,1.2,0.7917319074145124
rand_VIHL1BT7PS_render_front.jpg,1.05,1.6274817823090095,0.7749706282877113
rand_O08XIS9M1D_render_front.jpg,1.05,1.2,1.4860734199298946
rand_C3Y6KP8CX1_render_front.jpg,1.05,2.8875037874672156,1.412880588032221
rand_FO4BLT87FS_render_front.jpg,1.2718371935180064,1.2,1.0
rand_6MXE7SCOLP_render_front.jpg,1.074177358770659,1.2,1.4611098363393809
rand_1YWZTD3AXR_render_front.jpg,1.0957537732412475,1.2,1.0
rand_NYFUC89O1G_render_front.jpg,1.1417011894440938,2.8133398775593097,1.0
rand_UKNILSWDSC_render_front.jpg,1.1749268800493586,1.0631650012304665,1.2584177349445764
rand_WTZ3MEKIY7_render_front.jpg,1.05,0.7580841801960297,1.0
rand_3UZXRPIGV3_render_front.jpg,1.05,2.454838024236208,1.5857517114768602
rand_JYEZHFD29I_render_front.jpg,1.05,1.779298297045544,1.0
rand_9MUWO9L0J2_render_front.jpg,1.1118446414759264,1.2,1.257005802524654
rand_SJWXWXWTZV_render_front.jpg,1.2044202703587887,1.2405531942825712,1.2741821252067362
rand_S70N0AXSLK_render_front.jpg,1.0490302257460988,2.9364534203247685,0.8625006637798965
rand_NXCSGS82Z6_render_front.jpg,1.05,1.2,1.405961869050391
rand_JN8J9JPWZ6_render_front.jpg,1.05,1.2,1.5146537673321332
rand_DMUOKUE79A_render_front.jpg,1.05,1.2,0.8544695941276933
rand_74IKQ0TZ5D_render_front.jpg,1.0838452354506731,2.018804013463871,1.0
rand_TQKR1C74JM_render_front.jpg,1.141572625459292,1.2,1.310482953345789
rand_6FR2AX9LCB_render_front.jpg,1.0768190578134453,1.2,1.0981030241948142
rand_29CIY84FH8_render_front.jpg,1.0577718611755118,1.2,1.4945577510359356
rand_O31N1IEYWB_render_front.jpg,1.05,1.2,0.9589791114984512
rand_6N09RTWGE6_render_front.jpg,1.05,1.2,1.0
rand_M4Z0YOEJ6V_render_front.jpg,1.05,3.243417311048828,0.8214438581726058
rand_0UXS3J0GYN_render_front.jpg,1.05,1.2,1.1909013064496636
rand_GRZZEA8QA4_render_front.jpg,1.05,1.2,1.0
rand_SYFAOQLWSH_render_front.jpg,1.2238871459148541,1.2,1.2987003632699765
rand_BZ65VVMHRT_render_front.jpg,1.0260766652839994,1.0340476130279987,1.0
rand_9K84N4LRJ3_render_front.jpg,1.1029415447869868,1.2,1.548386122761328
rand_N26JBJBJDF_render_front.jpg,1.05,2.9784177152072115,1.432659026109925
rand_L0J65MD67P_render_front.jpg,1.1318640197005316,1.2,1.1990276980347154
rand_86FF7HFBGU_render_front.jpg,1.1039585379590546,1.2,1.0
rand_52EP4QJLGQ_render_front.jpg,1.05,1.2,1.3562553688040406
rand_QFM5AB6AAM_render_front.jpg,1.0827279307574698,1.2,1.0
rand_JMPMBYBRJ8_render_front.jpg,1.05,1.2,0.9834153681926561
rand_4V18PYF6XI_render_front.jpg,1.2397058370895695,1.2,1.0
rand_5WV2L1QKFW_render_front.jpg,1.0241302595498054,1.2,1.0
rand_GE0WI751IK_render_front.jpg,1.05,3.195007535070636,1.0
rand_KUSPT5A2AD_render_front.jpg,1.05,1.2,1.023829767974519
rand_9M7R7HBE8E_render_front.jpg,1.05,1.2,1.0
rand_IX7B629DW4_render_front.jpg,1.05,1.2,1.2516367568142313
rand_WQAZONDWHS_render_front.jpg,1.05,2.502767945305456,1.0
rand_TXWYZ8S2BM_render_front.jpg,1.0859487303299955,1.2,1.0
rand_NCSXPSTCZP_render_front.jpg,1.05,1.2,1.1961254264224217
rand_DMWVOMO14R_render_front.jpg,1.1782218048072368,1.2,1.0
rand_354SATQSWX_render_front.jpg,1.05,1.2,1.1292969249528906
rand_EYM8FI8B1G_render_front.jpg,1.1327149257387554,3.3539501899661515,1.4977203913819612
rand_CSA6EAXFPU_render_front.jpg,1.0300185060320404,1.2,1.5343896617350035
rand_SL0QRM1QQE_render_front.jpg,1.0361578820741786,1.2,1.0
rand_CIXTBMFTF9_render_front.jpg,1.056713091864516,1.0618683715829036,0.9532985105821892
rand_CWWF6LCLCU_render_front.jpg,1.1117229174158532,1.2,0.7401466856904398
rand_PSCQZ2SHN4_render_front.jpg,1.202154107393514,1.2,1.4463386156719387
rand_GZIR9KTIK2_render_front.jpg,1.05,1.2,1.0
rand_6A6NZ7VDV5_render_front.jpg,1.05,1.2,1.2378045874639467
rand_UFU4TYK6XP_render_front.jpg,1.1874090351596225,1.2,0.9191704013450146
rand_ZBEC2OCCVI_render_front.jpg,1.05,2.9380439302733343,1.0378091794084174
rand_NPRKT7NAE5_render_front.jpg,1.0797526079826325,0.8342354029227216,1.0
rand_KFJCQACEK4_render_front.jpg,1.2851921451015238,1.2,0.8119431424736299
rand_ED4X6VVGCE_render_front.jpg,1.2459983169167055,1.2,0.8127947662137331
rand_FIWC72VCOP_render_front.jpg,1.2171225665112047,1.2,1.0
rand_3BZARB9MX5_render_front.jpg,1.278529665979156,2.8102040792541763,1.3374080591835886
rand_IDWC22OIX7_render_front.jpg,1.05,2.188514485927511,1.5101079804062545
rand_GGCL5DXJXN_render_front.jpg,1.1286826433473722,1.2,1.0
rand_ZXRL801KIJ_render_front.jpg,1.1760253650792178,1.465262869461625,1.4682085459209877
rand_0HM3UVB0FX_render_front.jpg,1.05,1.2,1.0
rand_OPLXKL6JFF_render_front.jpg,1.1583262167772728,2.3178442603933154,1.4483066714997896
rand_40QHYBGIVB_render_front.jpg,1.05,1.2,0.7826632618008468
rand_T1JV2DPS2X_render_front.jpg,1.05,1.2,1.4973474600236267
rand_2H39WPJSBQ_render_front.jpg,1.05,1.2,1.2782535828062946
rand_WLCVZO5HF2_render_front.jpg,1.0001956261846212,1.2,1.0
rand_MFPEKWP5I5_render_front.jpg,1.2102298074786366,0.6559841865527308,0.945595705964052
rand_B179KC9MZ4_render_front.jpg,1.1953822874053037,2.2216792566097436,0.997353614188963
rand_TYK5OIR8G7_render_front.jpg,1.05,1.2,1.0
rand_EVBKR452HC_render_front.jpg,1.0071776387998141,1.2,1.3738119214258395
rand_RSK7OREJNX_render_front.jpg,1.05,1.2,1.0
rand_VM8U5QTFLZ_render_front.jpg,1.05,1.2,1.0614935620548045
rand_E07LPCBPG5_render_front.jpg,1.05,2.14869761250293,1.0
rand_GLVO03NDNG_render_front.jpg,1.05,1.2,1.0
rand_Q1781DDWXI_render_front.jpg,1.2903227389241654,1.2,1.2165800391909591
rand_45H2XRPP5S_render_front.jpg,1.2560380222578498,1.2,1.0
rand_BWTV38Y77Z_render_front.jpg,1.1815250248330413,1.4866359377842684,1.0
rand_0QD4D0GZ76_render_front.jpg,1.05,1.2,1.565912667310003
rand_VY1S7A2QLL_render_front.jpg,1.05,1.2,1.0
rand_13CWFOM17S_render_front.jpg,1.1113002592851018,1.2,1.3893896487969717
rand_EXW372UN4L_render_front.jpg,1.05,1.2,0.8537024954531074
rand_ZDIUIXLREL_render_front.jpg,1.23024054421469,1.2,1.0
rand_4RBPT0X4N5_render_front.jpg,1.1604915598888792,1.2,1.0
rand_BTQSN2B9QA_render_front.jpg,1.05,1.2,1.0
rand_U740QZAH4X_render_front.jpg,1.046170659781434,1.2,1.0
rand_I52X82P96X_render_front.jpg,1.2680471957582617,1.2,1.0
rand_03ED5XAYMM_render_front.jpg,1.2504820725620533,1.2,1.0
rand_S56A9AH46O_render_front.jpg,1.2000719315933857,1.7586183698876159,1.0529392641665807
rand_3XUQ1TZMJ0_render_front.jpg,1.198725295168814,1.2,1.0
rand_KF6674MHGQ_render_front.jpg,1.2783070470670637,1.2,1.4719269107380026
rand_PMCAPOL0OB_render_front.jpg,1.05,1.2,1.4605310097484772
rand_TBAJVLO7Y3_render_front.jpg,1.05,1.2,1.3858586275483553
rand_WDFA393W85_render_front.jpg,1.0122403838690304,3.0987739552424607,1.0
rand_H5CUJHNUZJ_render_front.jpg,1.05,1.2,1.0
rand_OMAV8UJGZM_render_front.jpg,1.05,1.2,1.3554591004151848
rand_D1OJA1HM3W_render_front.jpg,1.0137356404523108,1.2,1.0
rand_8BF1TGECH5_render_front.jpg,1.2595345453271327,1.5715555612674557,0.818638259606911
rand_H1YZMAF3GW_render_front.jpg,1.0079075885983952,1.2,1.4528086715728503
rand_EKP335DY27_render_front.jpg,1.05,1.2,1.1032455265451528
rand_0F3JY14RT0_render_front.jpg,1.2151575153977816,1.2,1.0
rand_IML06SRGAS_render_front.jpg,1.127380080230488,1.2,1.0
rand_F0EYCOSCEF_render_front.jpg,1.05,1.2,0.9615297945585193
rand_DFEIQ2B9DQ_render_front.jpg,1.05,1.2,1.0
rand_Z907S5LP7Z_render_front.jpg,1.253341103737178,2.824394037381122,1.060143367992614
rand_UM9RNX9YNT_render_front.jpg,1.14550844539271,1.2,1.0
rand_4JWGB0GOEW_render_front.jpg,1.2147749290428624,3.3979364236940572,1.0
rand_5YJJJZ3AXP_render_front.jpg,1.2024806155238157,1.2,1.0
rand_OCYJ9TEWHX_render_front.jpg,1.0897259222669076,1.2,1.0
rand_3ZMFU0PMUH_render_front.jpg,1.0699992916595593,1.2,1.4439897352643558
rand_U6SUZWT519_render_front.jpg,1.05,1.2,1.0
rand_GAOGKSLQQD_render_front.jpg,1.0365491895893097,1.2,1.0
rand_SC2X4E3I3V_render_front.jpg,1.05,1.2,1.4143811188778987
rand_TQV49N3A2S_render_front.jpg,1.05,2.5812277553602523,1.0
rand_1GJ4Y6GWZU_render_front.jpg,1.05,1.2,1.0
rand_DEPWPXOA8X_render_front.jpg,1.0243016053551395,1.2926641806492403,0.8987746749247656
rand_OWES067DMU_render_front.jpg,1.2361341716566507,0.5569608259922371,1.1682316806992785
rand_P3OLRMG1GD_render_front.jpg,1.23919710497742,1.2,1.1705489023883449
rand_50FUCT2FL2_render_front.jpg,1.2471532108534806,0.5858958590005762,1.1476668062596396
rand_XNJK000O2Z_render_front.jpg,1.072522559935539,1.2,1.0
rand_K4I0FAN689_render_front.jpg,1.1295312523095957,1.2,1.2632511162901778
rand_ZOEVWMH5O2_render_front.jpg,1.2556468076722398,1.6542941362661199,1.0
rand_GD110XB5LT_render_front.jpg,1.05,1.2,1.0
rand_IU3NAACI2H_render_front.jpg,1.05,1.2,1.0
rand_5V883QD4U2_render_front.jpg,1.05,1.2,1.0
rand_JN4KOZF8SJ_render_front.jpg,1.1384882961946177,1.2,1.268814512156247
rand_CZDXKZNRG3_render_front.jpg,1.05,1.2,1.0
rand_4Y9HIWHNAU_render_front.jpg,1.1708296140204086,1.2,1.4956651919846757
rand_6FCI14BH0F_render_front.jpg,1.05,1.2,1.3142629865260333
rand_UL54A725FT_render_front.jpg,1.05,1.2,1.0120643598445849
rand_HW93XZY9D4_render_front.jpg,1.2657259897124136,1.2,0.8540960915484446
rand_2R2QKYD0JH_render_front.jpg,1.004773297538922,2.8298487736056233,0.9877218081306216
rand_NC6HZPLQWM_render_front.jpg,1.1584020871186775,1.2,1.0
rand_PIFGVDZ8B5_render_front.jpg,1.0651426606733898,1.3008141408335239,1.5769506067315553
rand_206YYQFZ5U_render_front.jpg,1.05,1.2,1.1456570989339454
rand_QBXGGC5J2Y_render_front.jpg,1.0593020049887498,1.2,1.2698239949044847
rand_S90N9UKAF8_render_front.jpg,1.2726231070655407,2.144301520076143,0.8719316440366377
rand_GHGLK9DVI5_render_front.jpg,1.285926804729082,1.2,1.0
rand_VXCJMUSYCN_render_front.jpg,1.0379056244809324,0.6679995500367638,0.8461587063476502
rand_ISFNNTGV2Y_render_front.jpg,1.000827443060707,1.2,1.0
rand_GMXER56PJH_render_front.jpg,1.05,0.7151121382831049,1.1874304021396778
rand_1K2PVCSEVA_render_front.jpg,1.1445464518177912,1.2,1.0696017664919462
rand_U6KNOVG9KM_render_front.jpg,1.2556738347306475,1.2,1.0
rand_L87W8BXGSY_render_front.jpg,1.05,1.2,1.0
rand_K2FJVB3L3I_render_front.jpg,1.0046412163722618,1.2,1.0
rand_0EQSKZHEZF_render_front.jpg,1.0350643868081828,1.2,1.0
rand_QS6AOL3BXR_render_front.jpg,1.05,2.298109595917576,1.0
rand_JKZ7E2MJVP_render_front.jpg,1.05,1.2,1.5846080175416757
rand_9T8699GGWW_render_front.jpg,1.2369360381245946,1.8937331327463727,1.0
rand_TRHYZMFOPG_render_front.jpg,1.0596940326289013,1.2,1.0
rand_I88DFY2AKV_render_front.jpg,1.0539345547912642,1.2,1.0
rand_OSZRVL6VY6_render_front.jpg,1.2205383790508406,1.2,0.8209240435601961
rand_2W0UJFFL0O_render_front.jpg,1.019280106905692,1.2,1.0
rand_5N9TKTAKET_render_front.jpg,1.05,2.04148536014755,0.7691646935050181
rand_KW7FD7MQ5M_render_front.jpg,1.2321843467431628,1.2,1.23750650476621
rand_JWLXYSB6EG_render_front.jpg,1.2861282830330991,1.2,1.4006008982102256
rand_L7MR5GX4DE_render_front.jpg,1.05,1.2,1.3964673369015614
rand_RQ9QQ89XP5_render_front.jpg,1.1260705388947954,1.2,0.8424778979945493
rand_LN1VVMMCK3_render_front.jpg,1.0771605636224308,2.8586609915867855,0.7731539588839383
rand_34QMLANVNP_render_front.jpg,1.05,2.5913308473343246,1.0
rand_7D4NM7T8LP_render_front.jpg,1.1401200733454724,2.51896645749562,0.8621860611347882
rand_7X2S692QJT_render_front.jpg,1.05,1.2,1.0
rand_YS9HPV6EF5_render_front.jpg,1.1840863707150966,1.2,0.7445103814297553
rand_6BI9U56FFF_render_front.jpg,1.1817655369807198,1.2,1.0
rand_GNC4L5SH9J_render_front.jpg,1.05,1.2,1.2397347564700603
rand_V3VU74LWCP_render_front.jpg,1.0406101526789246,1.2,1.0
rand_LMKA2ZFQAU_render_front.jpg,1.05,3.2394424003851356,1.1388011074127748
rand_DZV0AX1AQA_render_front.jpg,1.2460022696339368,1.2,0.9727574194694527
rand_EOXBWV0IM7_render_front.jpg,1.0637521949112483,1.0361726424202833,1.0
rand_VI63UPOXCX_render_front.jpg,1.05,1.2,0.9577447212902965
rand_B64S5OYT42_render_front.jpg,1.05,1.2,1.2834572248479172
rand_PNMO0UQWJZ_render_front.jpg,1.2522762874473665,1.086182603068457,0.8315589002063113
rand_9856HLHUVK_render_front.jpg,1.120618218828119,1.2,1.0
rand_XJYIZ4X244_render_front.jpg,1.205943076104373,1.2,0.9980621703730621
rand_TA4RRUSE8V_render_front.jpg,1.2675240932439107,1.2,1.0
rand_C6PTFIGATE_render_front.jpg,1.05,2.1020791785803725,0.8548820493822871
rand_V854K5GMH8_render_front.jpg,1.0170508709198285,1.8881706181356808,1.145816955265682
rand_8SWG3RNIQZ_render_front.jpg,1.05,1.2,1.5607934630076585
rand_6OFCDCD1N4_render_front.jpg,1.05,1.2,1.0
rand_FMCGM5N6VI_render_front.jpg,1.0533326872358941,1.2,1.466080796669572
rand_ES12HNHVKD_render_front.jpg,1.2277855336366652,3.2437184910963737,0.9586285483866973
rand_G1OTF44A1U_render_front.jpg,1.05,2.016220891752437,1.0
rand_ARTVFMIR1O_render_front.jpg,1.0419352398104518,1.2,1.0
rand_4GGNGJ3E4N_render_front.jpg,1.05,1.2,1.3003479412889933
rand_7DVHZ4Z2QI_render_front.jpg,1.083854446556185,1.2,0.8726973277281056
rand_G1F4MUBHRE_render_front.jpg,1.05,1.2,1.0
rand_SXPMH02A87_render_front.jpg,1.0518824747984739,1.2,1.4786773668064455
rand_71I4K8S021_render_front.jpg,1.1912951398508769,1.2,1.5008075906013767
rand_072Z1RD0W5_render_front.jpg,1.05,1.2,1.0
rand_RT7066MO3D_render_front.jpg,1.05,1.2,0.8575329234786243
rand_HROIYKHCPD_render_front.jpg,1.0439331206721894,1.2,1.3188816194688306
rand_MG8KELMM8Y_render_front.jpg,1.05,1.2,0.7104460899831118
rand_HRWN6DXYK1_render_front.jpg,1.05,1.2,1.1602099019934111
rand_27I32SSWJ0_render_front.jpg,1.0711001282120214,1.2889279856112705,1.0
rand_LF1QJANUJU_render_front.jpg,1.0826662083750134,1.2,0.8142214838466907
rand_PL6H2LALID_render_front.jpg,1.05,1.8548367885137227,1.0
rand_D7OAC0HKEB_render_front.jpg,1.1049274584591682,1.2,1.0
rand_62H0R2XG4R_render_front.jpg,1.2534117648555174,1.2,1.0
rand_NTIK0M5TJF_render_front.jpg,1.2093406577839299,1.2,1.4837334487142493
rand_R7KE50USA1_render_front.jpg,1.0071963233914094,1.2,1.485898524480818
rand_MUBZX78TYW_render_front.jpg,1.2162601865391862,1.6902870809213169,1.0
rand_3DAWRL77EB_render_front.jpg,1.2890938311417046,1.2,1.190965639174021
rand_V7F8J43Q5G_render_front.jpg,1.2896420870044998,1.2,0.7272923129437748
rand_ZKFIWP023W_render_front.jpg,1.05,2.89550904457144,1.3270674076316324
rand_ML93N5FZBG_render_front.jpg,1.05,1.2,1.0
rand_7DBOJ9YSKY_render_front.jpg,1.0831827343750648,1.2,1.3946692103734448
rand_IILGXDSHP9_render_front.jpg,1.2625713935194358,1.2,1.0
rand_8BJJ5DLLJR_render_front.jpg,1.1640975898769472,1.2911437931132812,0.8698508573652359
rand_IVCZUKPLZB_render_front.jpg,1.05,1.2,1.4783940741375272
rand_FQ3S8XD19E_render_front.jpg,1.05,1.2,1.5128394325490317
rand_KNO23G04JX_render_front.jpg,1.05,1.2,1.1057384979247318
rand_OCFD14SP99_render_front.jpg,1.1782640153891215,1.2,0.9398253595008208
rand_2D389BGEVI_render_front.jpg,1.05,1.2,0.9719517604472535
rand_SQ8TAJOH5M_render_front.jpg,1.1259226213061073,1.2,1.446747290223938
rand_6B7B88YGRX_render_front.jpg,1.07271432574082,1.2,1.1600249576898851
rand_CATT0NMT59_render_front.jpg,1.2577523858390647,1.2,1.0
rand_MQFTWF2ISB_render_front.jpg,1.1443852325814747,1.2,1.0
rand_8N6ZJOGDUT_render_front.jpg,1.2550055012040042,1.3693644544178685,1.406422177185223
rand_N3C91YHGWB_render_front.jpg,1.2774133720316647,1.2,1.5881069609824672
rand_MRJNHYI3CH_render_front.jpg,1.11561383764155,1.2,1.5829728145934348
rand_GQ5N2ECVBW_render_front.jpg,1.1735443068005722,1.2,1.5928571643239255
rand_Y77W7ZFJRG_render_front.jpg,1.0449760403460737,1.2,1.0
rand_R3IA5A7XCW_render_front.jpg,1.1933414384145644,1.2,1.1705623937431793
rand_Y5RC6H261B_render_front.jpg,1.05,1.2,0.7505121958272435
rand_N1MGGX9GE5_render_front.jpg,1.05,1.2,0.7930420748001632
rand_VOYT0OHK30_render_front.jpg,1.05,1.2,0.8722753217167277
rand_BL43LQ8DN0_render_front.jpg,1.2006265482558998,1.2,0.7504317994031577
rand_GSV8RZEU8C_render_front.jpg,1.0638175350318257,0.962008939864178,0.815594809168694
rand_UYUTDT9GMD_render_front.jpg,1.100996424545502,2.300287630758375,1.0
rand_FSU27GQL9K_render_front.jpg,1.05,1.855487554446011,0.8551821758203605
rand_FHDHB14O7C_render_front.jpg,1.05,3.293870118031833,1.4705478772140497
rand_V6OQ0JZAMU_render_front.jpg,1.1614834787444843,1.2,1.5368048530961331
rand_U5T2SCPQ52_render_front.jpg,1.2494299169625263,1.2,1.0
rand_QKAFXXW7RL_render_front.jpg,1.05,3.104041514539838,1.0
rand_MQVQR32H34_render_front.jpg,1.05,1.2,1.2018427147598034
rand_PHC6QWDX16_render_front.jpg,1.05,1.2,1.0
rand_P6QN1LBNKW_render_front.jpg,1.1680899241255975,1.2,1.485986750387831
rand_L384OLTM9H_render_front.jpg,1.0966957086472116,1.2,1.290594585292605
rand_WHLZHHDMI2_render_front.jpg,1.1943749241844537,1.2,1.0
rand_TJUIJFPUJR_render_front.jpg,1.2971690720109683,1.4036450305578247,1.0
rand_DOQKA1L5UE_render_front.jpg,1.2407012293165056,1.2,1.0
rand_TUE4JZ0LBB_render_front.jpg,1.050618302255571,1.2,0.8780856173494057
rand_40B81PVUQ2_render_front.jpg,1.2260310683709845,0.6280118596504273,0.7887646990218611
rand_3U0QIQBCX4_render_front.jpg,1.0104111266425695,3.1400368275079007,1.3086071921712104
rand_ZJP73JUKEW_render_front.jpg,1.2212010424636375,1.2,1.0
rand_7USD8IOR7Z_render_front.jpg,1.05,1.2,1.5566399639661115
rand_JNYTHELH0S_render_front.jpg,1.05,2.5040504239791637,1.2922091939347644
rand_1F9X18XIIW_render_front.jpg,1.1627532756954793,1.2,1.0
rand_V6JHCV5XCV_render_front.jpg,1.0839241103059138,1.2,0.8804901104943893
rand_DBOU0V1T3F_render_front.jpg,1.05,2.699651339305589,1.0
rand_J0FDA4J4EX_render_front.jpg,1.0792125711085585,1.2,1.0
rand_828KKFL4TS_render_front.jpg,1.1464713030448703,1.2,1.0
rand_T4OO18VVVL_render_front.jpg,1.05,1.2,1.0
rand_KIR47Q5XTP_render_front.jpg,1.05,1.2,1.0
rand_DBT42Y9XOE_render_front.jpg,1.05,1.2,0.9398310407642622
rand_3Y92U1L4ZI_render_front.jpg,1.104265971000662,2.654017365037948,1.0
rand_8YZSFAW4NT_render_front.jpg,1.05,1.2,1.0
rand_PTVZXH2K8P_render_front.jpg,1.05,1.2,1.5517487225946862
rand_MG2MRYIMND_render_front.jpg,1.05,1.2,0.9573994906265391
rand_P6R6ZXVUT9_render_front.jpg,1.05,1.2,1.5359768970357255
rand_KWDNV3WE12_render_front.jpg,1.05,1.2,0.9688414090249733
rand_H90UH1BYG3_render_front.jpg,1.05,1.2,0.8510777561383395
rand_6F8HMQH5XO_render_front.jpg,1.0834037307484161,1.2,1.0
rand_HNB9F3ZGQR_render_front.jpg,1.05,3.0452047825063278,1.2989579713221087
rand_TIQGHX20MH_render_front.jpg,1.278823927135291,1.2,1.0726717088743647
rand_8ZR004JUK5_render_front.jpg,1.2435727131316647,0.6432177477197007,1.0
rand_WU9Z14CI0Y_render_front.jpg,1.2551269405965397,1.2,1.0
rand_SH5KRXRBFA_render_front.jpg,1.2104840204692944,2.458625998538402,1.415172206695686
rand_FZL9VHVHTN_render_front.jpg,1.1286149797371512,1.6668134928438527,1.3234323477363197
rand_L8PYB6MEMZ_render_front.jpg,1.0812400022000788,2.85935024645573,0.7808070605065598
rand_34POU279LH_render_front.jpg,1.053779411253819,1.2,1.0
rand_UQDP1KAZ8A_render_front.jpg,1.05,1.2,1.1701561333994492
rand_Z368FTEFMQ_render_front.jpg,1.2694907742880237,1.2,0.7903781176715741
rand_SEBW7WZV0F_render_front.jpg,1.05,1.2,1.0
rand_DGFBVE53HA_render_front.jpg,1.05,1.2,1.2977593121519633
rand_N7DVRH0WBA_render_front.jpg,1.05,1.2,1.4911250179268225
rand_MXT3GPHJV6_render_front.jpg,1.05,2.7425696654516525,1.0
rand_KOXR1XW5SK_render_front.jpg,1.223253495527191,1.2,1.0
rand_I6QB1N5WLI_render_front.jpg,1.153914026057794,1.3570080749051354,1.4082225360111236
rand_BS8K1NS7EF_render_front.jpg,1.0701415893840711,1.2,1.0976305931408947
rand_EKXMNTW0VC_render_front.jpg,1.1014552328676683,1.2,1.0
rand_30V4815BMF_render_front.jpg,1.2402594255820445,2.391678064031326,1.0
rand_5ON6A0F107_render_front.jpg,1.05,1.2,1.0
rand_Y1L97JDBIQ_render_front.jpg,1.1300634825309235,1.2,1.4751461847068374
rand_97NFQ1F5IU_render_front.jpg,1.05,1.2,1.5448115050748383
rand_1HVSYIRHH1_render_front.jpg,1.046377194458453,1.2,1.2784328762685302
rand_TZ6OTTSQ3K_render_front.jpg,1.05,2.537498360752407,1.0
rand_JCV4X33WA8_render_front.jpg,1.208517996798943,1.2,1.0
rand_YYFRSF75M9_render_front.jpg,1.165558577969755,1.2,1.2359247675232718
rand_O92YU9T6KU_render_front.jpg,1.129473178397906,3.3929600795052495,1.0
rand_NUS6A09H7Z_render_front.jpg,1.0332784574780682,1.2,1.57866899702766
rand_XB4YN2VXXJ_render_front.jpg,1.05,1.2,1.0
rand_N6YXNBZBYX_render_front.jpg,1.1032501302592912,0.5501679604569555,1.0
rand_S14WEMSOBY_render_front.jpg,1.004284507123478,1.2,1.2567617656934331
rand_PCRRP8295G_render_front.jpg,1.176411049590645,3.1598524166372757,1.0
rand_PMC1DC5RA8_render_front.jpg,1.05,1.2,1.393738535845694
rand_1THSQU7ABL_render_front.jpg,1.150531811070123,1.2,1.4061875158778043
rand_V0T7Q1DOH1_render_front.jpg,1.085306819286312,2.1189940152692603,1.3771377700447323
rand_17MUXG4UWK_render_front.jpg,1.1932033170971936,1.2,1.0
rand_SHBJ14C5GE_render_front.jpg,1.1197578093030227,1.2,0.7425929870661132
rand_5ZKH1P22VX_render_front.jpg,1.05,1.2,1.0
rand_XZ9PJPJOCU_render_front.jpg,1.0241784586736387,1.2,1.0
rand_HRZFZVLQCB_render_front.jpg,1.05,1.2,1.0
rand_W4G7MJFJ8H_render_front.jpg,1.05,1.2,0.787434066971677
rand_L3K62Y2UI6_render_front.jpg,1.0635090423110451,1.2,1.3691171056593017
rand_1YBXFP3A2D_render_front.jpg,1.1592364554635608,2.806118470060233,1.0
rand_LCH4VYCN5G_render_front.jpg,1.05,1.2636665070828341,1.0
rand_PGLNA51RYZ_render_front.jpg,1.05,1.2,1.125471717774798
rand_T4XRRLHWZN_render_front.jpg,1.05,1.2,1.0
rand_4ER1Z3CQI6_render_front.jpg,1.1740323756874314,1.2,1.0722706286972645
rand_FLVEU944RU_render_front.jpg,1.05,1.2,1.0
rand_MHRRSL751P_render_front.jpg,1.1743185387556263,0.938793787649813,1.5145619062437605
rand_NO2S870PUY_render_front.jpg,1.270685233317427,3.205115529786058,1.2086791980466343
rand_90N7WHKXJH_render_front.jpg,1.05,1.2,1.0
rand_WFLX38FA01_render_front.jpg,1.05,1.2,1.0
rand_GB1YAZJLQN_render_front.jpg,1.05,1.2,1.0
rand_6XU2S26IE2_render_front.jpg,1.05,1.2,0.9662801896155464
rand_A4XTRJ626Z_render_front.jpg,1.05,1.2,1.2135823426780519
rand_SWKO7AXF4Q_render_front.jpg,1.05,1.2,1.0
rand_VWTE4MZ3I8_render_front.jpg,1.172372803203003,1.2,0.9325334441194596
rand_5JEXB6PVML_render_front.jpg,1.05,1.2,1.0
rand_5HOXN2348P_render_front.jpg,1.05,1.2,0.9481566599325331
rand_NE9ZK8JFLD_render_front.jpg,1.0528000883737767,1.2,1.0417283176623622
rand_YJNUCJ0FSI_render_front.jpg,1.05,1.2,1.4863067039252287
rand_D3ZXPYA6WA_render_front.jpg,1.216429082464015,1.2,1.0687333412549944
rand_ZKWBQCB5HL_render_front.jpg,1.05,1.2,1.5959301764024494
rand_U5GBA3RL0R_render_front.jpg,1.1391495880237574,1.2,1.4358073229334516
rand_AB7C5J1PI6_render_front.jpg,1.0343980548285676,1.2,1.5548373431855698
rand_35KWDV169U_render_front.jpg,1.089043756393372,0.9150997957995244,1.498896699139297
rand_F8D35WHOAT_render_front.jpg,1.0633553426155462,1.2,0.7037779996654823
rand_ZELK8I45N9_render_front.jpg,1.0175169581403185,1.2,1.0
rand_FK2MD1OXI7_render_front.jpg,1.05,2.175320570330176,1.0
rand_K070UKGHQ8_render_front.jpg,1.05,1.2,0.8639819454484563
rand_6VC5BGX4V6_render_front.jpg,1.05,1.2,1.0
rand_535NNJLYAE_render_front.jpg,1.05,1.2,1.0
rand_K5CHHPWUSA_render_front.jpg,1.2614746814737297,1.2,1.0
rand_P0V5H2I54R_render_front.jpg,1.112287662202708,1.2,1.0
rand_NP4VOHI18C_render_front.jpg,1.05,1.2,0.8269943452230779
rand_ZQZ05Q9GN3_render_front.jpg,1.05,1.2,1.0
rand_SV5HZ1SJLM_render_front.jpg,1.0123489238811936,1.4481506863477982,0.8539784794651484
rand_ZBIGVLPRC4_render_front.jpg,1.275249561313395,1.2,1.2546841829899646
rand_0UWAC9MSFE_render_front.jpg,1.05,1.2,0.8549457108936992
rand_D4ZZFPQJMT_render_front.jpg,1.05,1.5810494402371842,0.8776029544670199
rand_MXTW19Y4T5_render_front.jpg,1.2231032802551909,1.2,1.3897661105667927
rand_R7AFXOAB0E_render_front.jpg,1.270088968244469,1.2,1.0
rand_4FYOMXLSSQ_render_front.jpg,1.0511283056420944,1.2,1.293620090947023
rand_2SKQXSTILZ_render_front.jpg,1.05,1.2,1.0
rand_N3GUQ2M7WJ_render_front.jpg,1.05,1.2,0.876770372885487
rand_QSCYDAGU3Z_render_front.jpg,1.1951658048224234,1.2,1.0831265549107858
rand_V1RG2J808B_render_front.jpg,1.214398609192864,1.2,1.0
rand_JVQ7ABJISK_render_front.jpg,1.05,1.2,1.0
rand_0AO0MRLJ5G_render_front.jpg,1.05,1.2,1.0
rand_OGC92Z9YQO_render_front.jpg,1.086411096327323,1.2,1.3203054229589566
rand_YSZKQRD02H_render_front.jpg,1.0224865762574857,1.2,1.0
rand_TC331523MU_render_front.jpg,1.2935783136331112,1.2,1.0
rand_FUFT5H64P8_render_front.jpg,1.2343013732506518,2.2897020428089885,1.316873235859258
rand_8DIKLGVY4S_render_front.jpg,1.297787690455937,1.2,1.0
rand_HKLR4HWH7W_render_front.jpg,1.05,1.2,1.3936534843145054
rand_WOOLB80UFJ_render_front.jpg,1.2555436765533212,1.2,1.0
rand_K02JZWLU9I_render_front.jpg,1.05,1.2,1.0
rand_CYT17KC43E_render_front.jpg,1.293535218162408,2.443959201539551,1.3194901059353012
rand_PWFFOBVNYV_render_front.jpg,1.2417320951656357,1.2,1.0
rand_E3WEXAWXGJ_render_front.jpg,1.1518080203516492,1.2,1.0613366473097896
rand_CBS9N8T42H_render_front.jpg,1.2326264667274092,1.6469469451819658,1.305959366565392
rand_DGPV3BF6R6_render_front.jpg,1.0742232014520992,1.2,1.0
rand_CYV2S453DF_render_front.jpg,1.05,1.2,1.3209939531978696
rand_WU5VEOUUZS_render_front.jpg,1.05,1.6090254072405739,0.9033360391624745
rand_T5VM4IBI2M_render_front.jpg,1.2496301563624501,1.2,1.526243262939278
rand_5Z39T457A8_render_front.jpg,1.1048378311797986,2.4330621899274467,0.8652727627010413
rand_TUJ8D1ZREK_render_front.jpg,1.28384253263328,1.2,0.7844141159651669
rand_6R6B2J5OEF_render_front.jpg,1.05,3.148908160466681,0.7829881559904057
rand_1Z4IMKM9ZT_render_front.jpg,1.05,3.2314848025526044,1.0
rand_ZSMGTQB5S4_render_front.jpg,1.0991521489368878,3.4754213701170604,1.3606620868727757
rand_W29TA9V048_render_front.jpg,1.1557601045031047,1.2,0.9228683410833376
rand_I0VQEOAKUF_render_front.jpg,1.127994038958188,1.2,1.0
rand_YXL4DO30ZL_render_front.jpg,1.05,2.8053943277697657,1.537584643219848
rand_XDKRLUC95Z_render_front.jpg,1.2258818472891733,3.2680984429638933,1.0422341501865968
rand_KB10IUVVJH_render_front.jpg,1.2566879114854883,2.7903170575715373,1.3802573139109047
rand_A2GT8WTC5A_render_front.jpg,1.051421692223616,1.3288092787588988,1.0
rand_XNHHHY8XY6_render_front.jpg,1.05,1.2,0.7505387556714058
rand_XURQZS81SY_render_front.jpg,1.05,1.2,1.0987312423302773
rand_U48NKAOBBV_render_front.jpg,1.05,3.43606187943267,0.9432321673413158
rand_UL9R0TH4F3_render_front.jpg,1.05,1.2,0.771803595650199
rand_BP0FMHPISQ_render_front.jpg,1.076968535074671,2.8730423063160226,0.8378311369125867
rand_QE1XGFBFET_render_front.jpg,1.1302753443613613,1.2,1.0
rand_YK80QE7TOG_render_front.jpg,1.2453874733486647,1.2,0.8589339376919344
rand_LPU6VCOFA0_render_front.jpg,1.2872699434973027,1.2,1.2792511133117486
rand_0ODXKYU9HT_render_front.jpg,1.05,1.2,0.8086136656706875
rand_3CWAI3O3ZZ_render_front.jpg,1.05,1.2,1.0
rand_F5XAW99SVH_render_front.jpg,1.0005225629369796,1.2,1.363297226647192
rand_DEKSDDAGRH_render_front.jpg,1.2390387111183032,1.2,1.446176471775365
rand_9AQCYIU9FU_render_front.jpg,1.05,1.2,1.0
rand_0T0TI3VUMT_render_front.jpg,1.0044153080297156,1.2,1.1756596102133345
rand_XFQMOS6ROF_render_front.jpg,1.1971237220572173,1.2,0.8132893543804618
rand_9V4K738672_render_front.jpg,1.1279345980539646,1.2,1.0
rand_W1JYZH1SOR_render_front.jpg,1.2173824473380461,1.2,1.0
rand_X0VSV3MR6E_render_front.jpg,1.05,1.2,1.0
rand_NPD80IMWVH_render_front.jpg,1.1425782636448794,1.2,1.0
rand_6VF5X3E1NB_render_front.jpg,1.2649021297047596,1.2,1.2900884949502256
rand_79JR7G68MV_render_front.jpg,1.05,1.2,1.4938177119433673
rand_T8VYI3NU3Y_render_front.jpg,1.2212618921507912,2.234555313105586,1.0
rand_C4VQ6JIUFS_render_front.jpg,1.05,1.2,1.3907715792562025
rand_D5HG48C9NN_render_front.jpg,1.05,1.2,1.213968850077333
rand_D5E8OMQ9XA_render_front.jpg,1.2799979291947234,2.7973461223487286,0.706183396005408
rand_YZHXDY9WNI_render_front.jpg,1.0102757109273168,1.2,1.326121254965452
rand_1QC2ORELVP_render_front.jpg,1.1850351404478727,1.2,0.8348026148297666
rand_O2LYAPEBBZ_render_front.jpg,1.05,2.9857038457553218,1.0
rand_KXGSZND2UT_render_front.jpg,1.005977497896277,1.2,1.0
rand_73F0N2Z9UQ_render_front.jpg,1.05,1.2,1.202699467634043
rand_MJWSP5YQWC_render_front.jpg,1.05,1.2,1.0
rand_WYSUNY93UE_render_front.jpg,1.0037199621207367,1.2,1.0
rand_SNGDON1NQG_render_front.jpg,1.055169143662474,1.2,1.0
rand_YDY45XSZI0_render_front.jpg,1.05,1.2,1.0
rand_0A0Q55CI0F_render_front.jpg,1.05,1.2,1.2488055274714525
rand_IXASXE3XCX_render_front.jpg,1.048945517813239,1.2,1.4784518080312894
rand_6W3RTXSZKW_render_front.jpg,1.0416980298655818,1.2,1.0
rand_X72W4J21MP_render_front.jpg,1.270797147048012,1.2,1.0
rand_M5UV38NLL7_render_front.jpg,1.2106999207722655,1.2,1.0
rand_N36IX1D20W_render_front.jpg,1.1051170444315748,1.2,1.4576502728619674
rand_NH14SNBQFO_render_front.jpg,1.05,1.2,1.3854654335199528
rand_QI113VG552_render_front.jpg,1.1091340945337351,1.2,1.0
rand_RS95QBNS71_render_front.jpg,1.05,2.359203175110649,1.0
rand_WRY1WUILO5_render_front.jpg,1.2469910167702136,1.2,1.3164829266552616
rand_P4BUHMBPRO_render_front.jpg,1.05,1.2,1.5953075864621615
rand_0IXZ477TVG_render_front.jpg,1.0848944386364083,1.2,1.1188530326002524
rand_I576YLPWA8_render_front.jpg,1.0894457578249026,1.2,1.0
rand_6FC6LBJ811_render_front.jpg,1.2594309048444126,1.2,1.0
rand_B6ZO8UTRXX_render_front.jpg,1.05,1.2,0.8007723219564529
rand_HEZVZ3R6ZO_render_front.jpg,1.05,1.2,1.0
rand_JNQM3QSI7R_render_front.jpg,1.2428097848023811,2.2198503833297045,0.8800924786339279
rand_AA4A593E9S_render_front.jpg,1.1385262177953521,1.2,1.0
rand_V656PMGDGS_render_front.jpg,1.2886762838088197,1.2,1.0
rand_EXZXIHS0HZ_render_front.jpg,1.1872459633897492,1.2,1.0
rand_NC5C1PDN0B_render_front.jpg,1.105734149863462,1.3644039790040716,1.0
rand_FJ8ZICGV44_render_front.jpg,1.0577813503295799,1.2,0.7547643760330145
rand_2UJ6LTLN6V_render_front.jpg,1.05,1.2,1.0
rand_TNYM41T44B_render_front.jpg,1.05,1.719816886085375,1.0
rand_9HL4U0YTDB_render_front.jpg,1.05,1.2,1.237746412015465
rand_GF33K539RU_render_front.jpg,1.05,2.4750595288364563,1.5970154251252424
rand_CBTWHWV05E_render_front.jpg,1.05,1.2,1.0
rand_2EMAQNL12F_render_front.jpg,1.05,1.2,1.0
rand_94ZFVT5ZK1_render_front.jpg,1.1566574382830466,1.2,0.7662890213463979
rand_Y0UCUWX79H_render_front.jpg,1.1797708625475982,1.5566643109485825,1.3947261268360336
rand_1H4FZDX1GV_render_front.jpg,1.05,1.8004709647165031,1.0
rand_258W5BARKH_render_front.jpg,1.2538983849573413,2.4824215649692998,1.0
rand_IQTJS3SA21_render_front.jpg,1.05,1.2,1.4990381751656083
rand_7EDWL8GRWA_render_front.jpg,1.0533951836000333,1.2,1.0
rand_8S5CAR4YF9_render_front.jpg,1.2693117680153616,1.2,0.7618255934123332
rand_TEPOP8W0DJ_render_front.jpg,1.226034237250175,1.2,1.0
rand_I3RMFWGOOF_render_front.jpg,1.2929937252170598,1.2,1.0
rand_O5XVBRCKUI_render_front.jpg,1.05,1.2,1.0
rand_3AU8D8P2KL_render_front.jpg,1.1621045593933894,1.4941420597901462,1.0319125017838093
rand_4FIT41GWOP_render_front.jpg,1.1754673661309982,1.2,1.5966224854607634
rand_UP74XQG2PD_render_front.jpg,1.1511334248931884,1.6509081873803655,0.7336581337466468
rand_LV8LX0Q9RE_render_front.jpg,1.2247614027677083,1.2,1.2979711478090563
rand_2ZBZWEJL7B_render_front.jpg,1.05,0.5778473785153021,1.1728714741738744
rand_SI6UJ2OMHO_render_front.jpg,1.05,1.2,0.8992098609689104
rand_ED395J71AM_render_front.jpg,1.05,1.2,0.7607517342642414
rand_2KO21GH4KR_render_front.jpg,1.2426804271494536,1.2,1.045607272343391
rand_5P3B6RED6L_render_front.jpg,1.1982135270379994,2.913930740023137,1.554198778315382
rand_IOASGXNQ5L_render_front.jpg,1.05,3.19328715789079,1.0
rand_RFMX0TFWKL_render_front.jpg,1.063889932942259,1.2,1.0
rand_D7CJSOBAJN_render_front.jpg,1.2883626870266873,1.2,1.3212077768874617
rand_T02SNTKHRF_render_front.jpg,1.05,1.2,0.9411445005078237
rand_GMCE42P6R5_render_front.jpg,1.05,1.2,1.3311199474123165
rand_9ODW604A1O_render_front.jpg,1.05,1.2,1.0
rand_1D6MQ41QNJ_render_front.jpg,1.05,3.4785470225295607,1.5820472589699928
rand_N1ZMFX4FX9_render_front.jpg,1.135105188286576,1.2,1.0
rand_DRGAJQHDPU_render_front.jpg,1.2197804568535067,1.2,1.442402674138307
rand_II3XMGEYXT_render_front.jpg,1.2375623763547798,2.7303765850053168,1.0
rand_GASOBLF6NM_render_front.jpg,1.05,1.2,0.8152361134672909
rand_7K04YHZMP0_render_front.jpg,1.0986005580278717,1.2,1.3158151223456376
rand_BRXVZ8KWNC_render_front.jpg,1.2665424480760648,1.2,1.0
rand_OX1SG0G9D7_render_front.jpg,1.1741662253192537,1.2,1.0
rand_K52GPQFN0E_render_front.jpg,1.2035416750403396,2.3996110749767365,1.0
rand_IW5WYMMP7Y_render_front.jpg,1.28177488575412,1.2,1.0
rand_IAVSTXF47Z_render_front.jpg,1.05,1.2,1.1215602173509354
rand_CQ63OARFJX_render_front.jpg,1.1930212801854334,1.2,1.0710915470666804
rand_X9FJJYPUBY_render_front.jpg,1.15855173744016,1.2,1.0
rand_Y8XCO78HNG_render_front.jpg,1.066221240744398,1.2,1.3321295218474858
rand_ISB9WP8J25_render_front.jpg,1.2577921813258304,1.2,1.2918567315369776
rand_7Q6NXW4HY0_render_front.jpg,1.1807456609021427,2.174425480807055,1.0413804127648905
rand_TDSC62TYE3_render_front.jpg,1.2862092085388963,1.2,0.9037031535101052
rand_L998PBTN16_render_front.jpg,1.2047305784052997,1.2,1.0
rand_D96LKRZ5AX_render_front.jpg,1.056657417861783,1.2,0.9051208335661179
rand_YLIMB0ILBG_render_front.jpg,1.05,1.2,1.5059024531994702
rand_RXUC5TE2HG_render_front.jpg,1.129384516027216,0.5754650360803412,1.0
rand_MK04HGKOJ4_render_front.jpg,1.1930465198460702,1.2,1.0
rand_CT1SRF7IPY_render_front.jpg,1.05,1.2,1.0
rand_0883WEOFDQ_render_front.jpg,1.0863129050380678,0.6868546443633673,0.8755536058824993
rand_M88HWC8EJT_render_front.jpg,1.05,3.336805839766533,1.3770608916501832
rand_NPU6HI4R0M_render_front.jpg,1.0229553623334957,1.2,1.0
rand_H758EV0TMN_render_front.jpg,1.05,1.2,1.3177750445163974
rand_63Y57RO1JI_render_front.jpg,1.0948749525848405,1.2,1.5312708276117364
rand_1XMAKOTWNU_render_front.jpg,1.05,1.2,1.0
rand_684WV57YK5_render_front.jpg,1.05,3.282328537477823,1.3771796719685168
rand_TNQXPRQ3RP_render_front.jpg,1.018873138892412,1.2,0.7922006958226901
rand_VIN6JWWVW4_render_front.jpg,1.0124158385351303,1.2,0.7147577846900147
rand_YDZTOUWXAW_render_front.jpg,1.140477811542132,1.2,1.1121120860623641
rand_FP4M8GGH10_render_front.jpg,1.0975322173496889,1.2,1.5410726691996535
rand_86C7PHS5UR_render_front.jpg,1.0023186532598913,2.450286604511419,1.2465160672813154
rand_ZI4P75YORU_render_front.jpg,1.05,1.2,1.0
rand_07H2LSC7MP_render_front.jpg,1.05,1.2,1.2106104596685312
rand_0B4PVW9R6O_render_front.jpg,1.05,2.5898953622560996,1.0
rand_LUKQMG0MPB_render_front.jpg,1.1337189214124368,1.2,1.0
rand_F8F2NJ86LE_render_front.jpg,1.05,1.2,1.1809870290600406
rand_BP48IL1VCE_render_front.jpg,1.05,1.2,1.4187802032069539
rand_VINZD20HM3_render_front.jpg,1.0707881029732054,1.2,0.8254903492099341
rand_AH13F12A88_render_front.jpg,1.05,1.2,1.4667291680466448
rand_1CD3YYRON6_render_front.jpg,1.2627164765288226,1.2,1.2642436736626925
rand_EAFW33KWME_render_front.jpg,1.1683179057164037,1.2,1.038470417073268
rand_J13NZS2B2X_render_front.jpg,1.05,1.2,1.5246155236128607
rand_7X32Y0X53U_render_front.jpg,1.0384491503427593,1.0041308289113386,1.4120385069367711
rand_9ISFZHFOCS_render_front.jpg,1.1254386331610027,1.2,1.5212379365970232
rand_1UYCEU7P0H_render_front.jpg,1.05,1.2,1.566935330238607
rand_ULBL68VDWQ_render_front.jpg,1.0214084054537258,2.4750326268647758,1.0
rand_XKKVXIEYTX_render_front.jpg,1.05,3.0564026690833215,1.4635796729888777
rand_YC1B8YL83A_render_front.jpg,1.2060908732198807,1.2,1.4108186775609277
rand_GD1NH8M8LP_render_front.jpg,1.1816947641555906,2.0202252177546165,1.0
rand_JOHSILRAG7_render_front.jpg,1.05,3.3137851373437552,1.001873024496755
rand_3H09U16PSQ_render_front.jpg,1.05,2.461633351885899,0.8544690306203968
rand_K59D0SLI5B_render_front.jpg,1.05,1.2,1.3289775771739296
rand_8ACSCBL7TG_render_front.jpg,1.05,0.8992571530233759,1.0
rand_WFHOTMJGET_render_front.jpg,1.0769215303164357,1.2,0.7696766475539969
rand_G75JVA1WZO_render_front.jpg,1.0595630069024513,2.0494406518245363,1.414732027997017
rand_XSG3PZPHCM_render_front.jpg,1.0828826150083548,1.2,1.0
rand_IQLRCJPV3I_render_front.jpg,1.2181196005573547,1.2,1.0
rand_5UTI4KFRVK_render_front.jpg,1.1026006609739647,1.2,1.0
rand_QXK85T326G_render_front.jpg,1.1443832082865228,1.2,1.0
rand_73NKBD3N21_render_front.jpg,1.05,1.2,1.0
rand_1WROKZEHC8_render_front.jpg,1.094357275484558,1.2,1.0
rand_U8DM09PS80_render_front.jpg,1.05,2.581400280197176,1.2880737190365608
rand_IECJGJPB4D_render_front.jpg,1.2578484192718529,1.2,1.0
rand_DC80KVUJQC_render_front.jpg,1.0298132208039081,1.2,1.0
rand_1RZCYWNNZU_render_front.jpg,1.05,1.2,1.3288705730466297
rand_DKUWXH58PQ_render_front.jpg,1.05,1.2,1.0
rand_XNKOCVJN2F_render_front.jpg,1.124029040605103,1.415002775443511,1.0
rand_IT3UOKUHR5_render_front.jpg,1.2581292180791734,1.2,1.0
rand_D2RQRI1ZWS_render_front.jpg,1.2237993218898557,1.2,0.8882249325952604
rand_EXE53952V8_render_front.jpg,1.05,3.4230108061691906,0.9242340624262511
rand_GNNNWY3W5C_render_front.jpg,1.060681682986551,1.2,0.8670980479872452
rand_CRC88ETMAO_render_front.jpg,1.0156211813643399,1.2,1.0
rand_HEBE83UV3S_render_front.jpg,1.1430268751947048,1.2,1.0
rand_XAWFU3IYMX_render_front.jpg,1.05,2.201619408266988,1.0568072768235317
rand_7273S3658C_render_front.jpg,1.05,2.414424237969236,0.9238616393494317
rand_Y0RDIN39MW_render_front.jpg,1.05,2.9316577642902075,1.0
rand_LYDXE82XOI_render_front.jpg,1.05,1.2,1.5709608231668972
rand_H9KQ3KO2VL_render_front.jpg,1.05,1.2,1.0
rand_J58N4XTPW1_render_front.jpg,1.05,1.250378459423923,1.4222752898248667
rand_GBLADVC34S_render_front.jpg,1.05,1.2,1.0949715604809582
rand_S9813Y4P5C_render_front.jpg,1.05,1.2,0.7590510540978158
rand_IRGZECGSAI_render_front.jpg,1.0631609600424363,1.2,1.3080484527164649
rand_CVF0N4FTJJ_render_front.jpg,1.05,1.2,1.0
rand_BAL2KO4Q62_render_front.jpg,1.2638996536751173,3.383782413985066,1.4796592022059614
rand_7J2NR8QIY8_render_front.jpg,1.2014853559917624,1.2,1.0
rand_X5FW7XH70N_render_front.jpg,1.05,1.2,1.0
rand_9I94R1G06F_render_front.jpg,1.2543457610813418,1.2,1.5100793084785034
rand_CK7OZH7OOQ_render_front.jpg,1.1688672113014855,1.2,1.0
rand_03MJK9B32S_render_front.jpg,1.05,1.2,1.0
rand_4IJPPX3FPH_render_front.jpg,1.05,1.2,1.1884196610245992
rand_G87VAAP8FP_render_front.jpg,1.05,1.2,0.910644688571764
rand_PPV2PFREHR_render_front.jpg,1.05,1.2,1.1597297855378637
rand_WCRGR3FKYU_render_front.jpg,1.2277393379226853,2.6607517703140333,1.0
rand_8QCKT870AV_render_front.jpg,1.05,1.2,1.3293276113031602
rand_CTK2QSY7DJ_render_front.jpg,1.05,1.2,0.7806927839245903
rand_AB2N5T08WJ_render_front.jpg,1.05,1.6512172591783323,1.0
rand_O9TNL19U84_render_front.jpg,1.1093731988217408,3.48529766149134,1.2175649419433685
rand_KLMRNCWKVN_render_front.jpg,1.1970863806153578,3.1620785035400907,1.0
rand_6ZMGOCNXW2_render_front.jpg,1.05,1.2,1.0
rand_QMBQ3N8TOB_render_front.jpg,1.05,1.2,1.212003740541384
rand_HKG4VNO2LI_render_front.jpg,1.0639629864162057,2.9549435419236723,1.0
rand_U0ZHT0MLB0_render_front.jpg,1.05,1.2,0.955358501448814
rand_YNFUBTN2LK_render_front.jpg,1.05,1.9515218380774306,0.9271380835238812
rand_YT1RV4VV45_render_front.jpg,1.2551387844510942,1.2,1.4663224216872228
rand_GC5Q2BO3FR_render_front.jpg,1.0038672101019177,1.7884606540088646,1.0
rand_5M024N6GM5_render_front.jpg,1.2459747062564381,0.5313327470664144,1.0
rand_JIVK02ZRWT_render_front.jpg,1.0697830764345004,1.2,0.7525716256153474
rand_YB21UO50VE_render_front.jpg,1.05,1.2,1.0
rand_SSSNMX6NRV_render_front.jpg,1.05,1.2,1.3903716421367704
rand_L0QM7JA1FS_render_front.jpg,1.05,1.2,0.9189988361354371
rand_RS2547M3CU_render_front.jpg,1.05,1.2,1.0
rand_TQ2DG6JNXK_render_front.jpg,1.05,2.645483211725568,1.4871034306103637
rand_L4IF5SRSXX_render_front.jpg,1.05,3.4227419981455087,1.0
rand_2PL6FNIXMP_render_front.jpg,1.0480344797070793,1.2,1.0
rand_6DAJ9S54CB_render_front.jpg,1.145090333956631,1.2,1.0
rand_VU2GJ52O9H_render_front.jpg,1.1654093679286892,1.9356740059807394,1.5146915063095154
rand_SJE5RUJHOA_render_front.jpg,1.05,1.2,1.0
rand_B3LVICPNW3_render_front.jpg,1.2622725021262853,1.2,1.0
rand_94GEJP55IM_render_front.jpg,1.05,3.1547266193345114,1.2526313585507394
rand_W984CHSZPQ_render_front.jpg,1.05,1.2,1.5360877891460876
rand_6YP9WLWKLZ_render_front.jpg,1.1279713448480653,1.7721266378514737,1.31225516054315
rand_MBMMLBA4PL_render_front.jpg,1.0939465496607494,1.2,1.3160440762731813
rand_QBQES3XB65_render_front.jpg,1.05,1.0117603320896085,0.9882356923202292
rand_15K1EV6XP9_render_front.jpg,1.05,1.2,0.8823498437528335
rand_S6L7371WR0_render_front.jpg,1.1690756768570603,1.2,1.1249167837128384
rand_P7C9Q2J2LP_render_front.jpg,1.2151039183186159,1.2,1.002564988056213
rand_0CQVYOX5F6_render_front.jpg,1.2005762152256443,1.2,1.4545670343131514
rand_M6TE0I5IY8_render_front.jpg,1.236826425975749,3.118978615044451,1.0
rand_Q3BDSUCNFD_render_front.jpg,1.05,2.5373183600175637,0.7627164354153784
rand_BKDZ7IXQOB_render_front.jpg,1.051422997322565,1.912393285479564,1.0
rand_Z8V13566SC_render_front.jpg,1.05,1.1898752916090123,1.0
rand_STKWLVHTWK_render_front.jpg,1.217129772470161,1.2,1.0
rand_XFBIYTIL4G_render_front.jpg,1.05,1.2,1.0
rand_8BBNO33DIW_render_front.jpg,1.053855016438089,1.2,1.1048644658253797
rand_2AXFRDHIIF_render_front.jpg,1.012361708316032,1.2,1.1415960194530805
rand_X0F8A9482H_render_front.jpg,1.173359789258682,1.2,1.3741082590564666
rand_HDRVALGM5A_render_front.jpg,1.2641490991139015,1.2,0.9872654647115124
rand_9RIWXOBQ2J_render_front.jpg,1.0833572006277763,1.2,1.0
rand_XO6JSA0J2X_render_front.jpg,1.250644440108241,1.2,1.0
rand_HUERRC9HZ2_render_front.jpg,1.2706788818444024,1.2,1.0751573798562328
rand_NBFGBPYVQV_render_front.jpg,1.1752840269161235,1.8043458339190876,1.0850245567844117
rand_442JHWNKNM_render_front.jpg,1.043153846572683,3.3061870367712443,1.0
rand_RAXVPGNFR2_render_front.jpg,1.05,1.3706729462646416,1.0
rand_WTTK42WCV4_render_front.jpg,1.05,1.2,1.2533248970591524
rand_NBRB6RY2JI_render_front.jpg,1.05,1.2,1.2349265380344177
rand_VJ3UNZWQTH_render_front.jpg,1.2828850306244253,1.2,0.886833191204128
rand_I224ROMXLR_render_front.jpg,1.0439192510405126,1.2,1.0
rand_D5KX7TPSIU_render_front.jpg,1.1581758382132075,1.2,1.0
rand_PAQ9VC9BRJ_render_front.jpg,1.2957612935314495,0.9986190112824593,0.767547111444449
rand_QLQB0MDJ1G_render_front.jpg,1.0179610638659435,1.2,1.0
rand_WU7OS2LQOO_render_front.jpg,1.1465997929822773,2.486613725113846,1.0
rand_FVG4366OFI_render_front.jpg,1.029929541626769,1.2,0.8115996299340741
rand_NT19SEZ4XS_render_front.jpg,1.05,1.2,0.8831142728766439
rand_KVZN7YY3GG_render_front.jpg,1.05,1.2,1.0
rand_707P8KH3RP_render_front.jpg,1.05,1.2,1.4316552128490596
rand_75QWDYNUFM_render_front.jpg,1.2858248963223862,1.2,0.746881426037503
rand_K84JDX3STO_render_front.jpg,1.05,0.8416354837402658,0.7760194559287301
rand_EHKOXR561I_render_front.jpg,1.121045606635743,1.2,1.4225232374900763
rand_9NE8MW1RIJ_render_front.jpg,1.05,1.2,1.0
rand_EYEP92LTXQ_render_front.jpg,1.0695596600110275,1.2,1.1449045080530058
rand_6DN9K4EME9_render_front.jpg,1.1325638552462043,1.2,1.0
rand_8WLNCFL4I6_render_front.jpg,1.184540830251001,0.8963532407041673,1.0
rand_LEX7WN9QIP_render_front.jpg,1.05,1.2,1.4215560952443762
rand_XBSIWZ3XAW_render_front.jpg,1.2204446294602649,1.2,1.5854972459077767
rand_SIFL17FIS1_render_front.jpg,1.05,1.2,0.8959548999319332
rand_TQJ04JGOL5_render_front.jpg,1.2231086025523892,1.2,1.5019915048652694
rand_XS0Q80WA7L_render_front.jpg,1.031377953513513,1.2,0.7269328452757361
rand_C7Y5MRNONL_render_front.jpg,1.0128991450081224,1.2,1.0364737123564614
rand_5P1QB4DMAD_render_front.jpg,1.2129955939583064,1.3822147246194456,1.3935699332760372
rand_AHIIOID70L_render_front.jpg,1.2453833929387625,1.2,1.5825638731672114
rand_WYW3304UEH_render_front.jpg,1.05,1.2,1.0
rand_6FQXW3RQM4_render_front.jpg,1.169835970748896,1.2,1.0
rand_3VVEOIHDZD_render_front.jpg,1.1394750741187232,3.41386195971341,1.0
rand_T37Q389XCJ_render_front.jpg,1.00784466798136,0.5473898679517477,1.0
rand_O80WI4SN0R_render_front.jpg,1.1546563311792313,1.2,1.0
rand_7KKHMXDW7Y_render_front.jpg,1.05,1.2044140028882384,0.8485221724093855
rand_L32E72M8Z5_render_front.jpg,1.056862954568393,1.2,1.340441310266051
rand_Z15JEWZ6ZP_render_front.jpg,1.1155316888756983,1.2,0.7632631655489703
rand_FCBWX480Q8_render_front.jpg,1.1259789828713083,1.2,1.0747048485048865
rand_OFG173G9OT_render_front.jpg,1.0274991360751629,1.2,1.4492074801070727
rand_2M8H83CQJP_render_front.jpg,1.05,2.4364655160798097,1.2616387155064253
rand_NUGYD8JETN_render_front.jpg,1.2888536780610222,1.2,1.082260362755332
rand_4D1FWCDWVQ_render_front.jpg,1.2560819010717577,1.2,1.0
rand_DABIR56ELC_render_front.jpg,1.014377968188845,1.2,1.0
rand_MTHKTLCG0I_render_front.jpg,1.270976091068799,3.035607044297389,1.0
rand_JSIQDO4R3Y_render_front.jpg,1.05,1.2,1.0
rand_RN9FOSEWI1_render_front.jpg,1.05,1.2,1.3916829957494952
rand_6HOJ5E0QLT_render_front.jpg,1.229242296272637,3.1763147051750518,1.299221611332623
rand_KZZK3LHY12_render_front.jpg,1.2190178424831377,1.2001212196008706,1.0
rand_Q7OLN6GU42_render_front.jpg,1.05,1.2,0.8235426880330431
rand_LCSSKZJVTI_render_front.jpg,1.05,1.2,1.0209522536806848
rand_MTM3ZHMLIF_render_front.jpg,1.0857248846933123,1.2,1.0
rand_IRIDVDNJMM_render_front.jpg,1.05,1.2,1.0086681428712518
rand_8N7M0JYBAD_render_front.jpg,1.05,1.4884949181444447,1.0
rand_T9O1Y90I58_render_front.jpg,1.05,1.8432541498332646,1.3981509165995
rand_B17N1USC56_render_front.jpg,1.1689041033529612,1.2,1.1147691142968743
rand_VG6IH2V8NI_render_front.jpg,1.2392920894691035,1.2,1.1804129209405207
rand_M08N81WSLI_render_front.jpg,1.05,1.2,1.4120302021294
rand_QPUSBQUQ69_render_front.jpg,1.05,1.2,1.4709052928573763
rand_OU2LIGS6QP_render_front.jpg,1.0949574938140916,1.2,1.228943532756022
rand_ZCOKHK7XHU_render_front.jpg,1.0514612345129823,1.2,1.2219886154075597
rand_OWKI3EQAV6_render_front.jpg,1.05,1.2,1.0153530123755168
rand_MBHYH9OBU0_render_front.jpg,1.05,1.9719535932165757,1.0
rand_MLZ7KYIY91_render_front.jpg,1.003153599121739,1.2,1.0
rand_5GIMCJ3641_render_front.jpg,1.0388219811174335,1.2,0.8731018384751394
rand_ISC4I0W5VP_render_front.jpg,1.1890346470843114,1.2,1.0
rand_6ICXDB68FO_render_front.jpg,1.05,1.9840752234897079,0.7026375081009796
rand_S93ZN6SUA7_render_front.jpg,1.1441563007635709,1.2,1.0
rand_3XWD6PBRPA_render_front.jpg,1.0803303684973007,1.2,1.0
rand_SSJIJMSMY3_render_front.jpg,1.281136161507069,1.2,1.0
rand_Q5MOSIU8G5_render_front.jpg,1.2504021831982304,1.2,1.0
rand_00MP0SPHA4_render_front.jpg,1.05,3.3618318619427696,0.9719883369430116
rand_YB4L4PBW0V_render_front.jpg,1.2125256608427555,1.4001641195199905,1.3403340743807015
rand_ISTHXBOMVY_render_front.jpg,1.0070088980242482,1.2,1.0
rand_W8986LTDGU_render_front.jpg,1.1725917830883803,1.2,0.9251270588126705
rand_1F8TOK675T_render_front.jpg,1.05,1.2,1.2899622336530996
rand_076MTWGQ6I_render_front.jpg,1.2692431336272365,1.2,0.7737225369727716
rand_H6A804C8FZ_render_front.jpg,1.1047428533964299,0.7350991802291222,1.0
rand_L3J74SCBA3_render_front.jpg,1.0311625022427515,1.6577248704538885,1.0
rand_BYHIJVRBII_render_front.jpg,1.2031255422871183,1.2,1.0
rand_YA1HUV8C27_render_front.jpg,1.2126932764068081,1.2,1.5613247210301622
rand_02RD88HBA7_render_front.jpg,1.0841541602247484,1.582775700075275,1.4766427426722268
rand_Y1I8ZT2U5D_render_front.jpg,1.076484318673253,1.7491455579693902,1.0
rand_QRY8N7UTJX_render_front.jpg,1.05,1.2,0.9426496739485573
rand_DSFACBRTWX_render_front.jpg,1.05,1.2,1.4924404257348807
rand_HKCTV0F1QH_render_front.jpg,1.1916213903180648,2.1439876640565902,1.5973069749766267
rand_YSIOKKH3QG_render_front.jpg,1.2205961584120668,1.2,0.7826563314972642
rand_9FI71Q5EI8_render_front.jpg,1.0866441125957362,1.2,0.9707400655417495
rand_50A05P0GLK_render_front.jpg,1.05,1.2,1.0039337219316247
rand_POGEBWJHKG_render_front.jpg,1.05,1.83024027247561,1.5491068012134013
rand_04O2UOROT1_render_front.jpg,1.0545960798569864,2.6334317023278895,1.173723265553837
rand_MSG24G2AH9_render_front.jpg,1.0162227728350899,1.2,1.303506498691281
rand_4ANWG2DINO_render_front.jpg,1.2636327241797858,3.3886503534865757,1.5815283485539253
rand_4ZKD59R5FC_render_front.jpg,1.137058601330233,1.2,1.5826786284598042
rand_M80U1VNN6W_render_front.jpg,1.2996579834632895,1.2,1.0
rand_D6BKPDOWCL_render_front.jpg,1.238779282126422,1.2,1.0
rand_373313JRSO_render_front.jpg,1.05,1.2,1.0
rand_2R4A43ANWV_render_front.jpg,1.05,0.6397135194370918,1.0
rand_D47MNCD5FU_render_front.jpg,1.1714766131297207,1.2,1.0
rand_87DV58AMI0_render_front.jpg,1.05,1.2,1.2521055176854436
rand_SGUNFG3P1Z_render_front.jpg,1.265970050219477,1.2,0.7420184880483628
rand_TYES8VQS3W_render_front.jpg,1.05,3.0850427911171026,1.2074268099754226
rand_4F7L4N7ZV4_render_front.jpg,1.2399281338611605,2.8992521964987077,1.0
rand_KS398YFCBW_render_front.jpg,1.1356421400814944,3.0668827606073727,1.0
rand_RORTYGVTSE_render_front.jpg,1.05,1.2,1.4629497389694421
rand_4085C5YULR_render_front.jpg,1.05,1.2,1.0
rand_OZ2JNUJHB1_render_front.jpg,1.1011639381638951,1.2,1.0
rand_KK4GGPKC96_render_front.jpg,1.05,1.2,0.9590514537655886
rand_Y8BT5T8NJT_render_front.jpg,1.065665475730851,1.2,1.0
rand_94D87RNMID_render_front.jpg,1.0436898553728509,2.6964413528527955,1.1050634443043834
rand_F6EALBWXTT_render_front.jpg,1.05,1.3120485108711901,1.0
rand_9WLEUKKSES_render_front.jpg,1.2912689094944831,1.2,1.0
rand_IVIE38SXZI_render_front.jpg,1.05,1.2,1.2555151107108786
rand_NLAX0XRNO8_render_front.jpg,1.0665544133236498,0.6397747893492839,1.4334049351439564
rand_QYEWOXQC3J_render_front.jpg,1.141736721726424,3.255883364130956,0.7767306056945744
rand_K1BBUUGHFD_render_front.jpg,1.05,1.2,1.0
rand_84S0X0BUH1_render_front.jpg,1.279131002156248,1.2,1.0
rand_V6FMVRQ4W7_render_front.jpg,1.1859660242019656,1.2,1.0
rand_OINB1PWBRS_render_front.jpg,1.05,1.2,1.0
rand_GS3TM8DZDH_render_front.jpg,1.0286932640002435,1.2,1.0
rand_4KUYS1XZYZ_render_front.jpg,1.05,1.2,1.0
rand_N4ZJB4ZXWS_render_front.jpg,1.05,1.2,1.0
rand_33K33OZ01S_render_front.jpg,1.05,1.2,1.0
rand_D5I1D9WP8U_render_front.jpg,1.0370636378767952,3.392869645460446,1.0
rand_NJXXCMLVX0_render_front.jpg,1.1227298245550998,1.2,1.0070863025002963
rand_JKL6X7LND4_render_front.jpg,1.05,1.2,1.0
rand_Y1QIDDZJ3G_render_front.jpg,1.1956344963366337,1.2,1.4695618378523199
rand_E81HD69NNW_render_front.jpg,1.05,1.2,0.7928579035103549
rand_YFJ30WZM2E_render_front.jpg,1.0982284970203477,1.2,1.0120957495961438
rand_RT4L9TWXJJ_render_front.jpg,1.1019597989141192,1.2,1.0063259023370714
rand_79GC0Z8RWM_render_front.jpg,1.015119687146789,1.2,1.0
rand_9D6UVNBMX9_render_front.jpg,1.150299566187277,2.9088669482311373,1.0689922885585759
rand_WYUZW3H58A_render_front.jpg,1.157255271428171,1.2,1.0
rand_L218UAQ60V_render_front.jpg,1.05,1.2,1.0
rand_IZCBT7WPB9_render_front.jpg,1.05,2.7521824599884877,1.0
rand_OTQPZC6ST2_render_front.jpg,1.1701207906690694,1.2,1.457370996428851
rand_W6EF3K7IBQ_render_front.jpg,1.2095754959212532,1.2,1.1267433203691943
rand_ZR0JFSSH8Y_render_front.jpg,1.2560911193358382,3.3916774444677804,1.0
rand_FKQ1P11XVD_render_front.jpg,1.2512473176315848,1.2,1.0
rand_PGR2IQ7B9N_render_front.jpg,1.05,3.333144184107965,1.0
rand_DA938FYDHB_render_front.jpg,1.1758292250396636,1.2,1.4738612601044405
rand_TREPSVAZS3_render_front.jpg,1.05,1.2,0.8468535883772501
rand_S1NENJWEX9_render_front.jpg,1.0059270820880721,2.72843539156402,1.5349588517258979
rand_T2DTIE2OUT_render_front.jpg,1.2658497170154088,1.2,1.3614110544376263
rand_0QOKU2P8D0_render_front.jpg,1.05,1.2,1.1690021361449192
rand_XYD2ZG5PWZ_render_front.jpg,1.2521764973991245,1.2,1.0
rand_N3VPZCD9B5_render_front.jpg,1.05,1.2,1.0
rand_R9LGPITW3Z_render_front.jpg,1.05,1.2,1.1422562858149088
rand_W1WSLFT0MD_render_front.jpg,1.2340205051857698,1.2,0.771120466348748
rand_U42CSZG7NL_render_front.jpg,1.253917666529961,1.2027261196666854,1.3943467896399142
rand_B2YY50KN3N_render_front.jpg,1.2368853229312053,1.2,1.3721574420295766
rand_Q88MKB3C07_render_front.jpg,1.05,2.35535093429457,0.7345562635523443
rand_2YQZ16SQM1_render_front.jpg,1.05,1.2,1.3094139003968102
rand_RVS1QWPXD0_render_front.jpg,1.05,1.2,1.4565531038261432
rand_JAE80F1A3O_render_front.jpg,1.05,1.2,1.0
rand_BAW4STIJH8_render_front.jpg,1.05,1.2,1.27691207345884
rand_3YRHGVS262_render_front.jpg,1.1968286479332395,1.2,1.0
rand_8KBYF9QDE7_render_front.jpg,1.05,3.2296429249415146,1.0
rand_7XE5MQBR5Z_render_front.jpg,1.1749762468004117,1.2,1.3949414634051114
rand_R5YK7L9ZY1_render_front.jpg,1.0296588860770575,1.2,0.7843138361928085
rand_LYTM71HQAC_render_front.jpg,1.05,1.2,1.0
rand_AEY1RXU4ZW_render_front.jpg,1.1081427621321365,1.2,0.8298951879966209
rand_H9PAZNI5C0_render_front.jpg,1.05,1.2,1.253081372581354
rand_ILZPCU7Y6F_render_front.jpg,1.05,1.927993996433881,1.0662969601694434
rand_XZJBDHNR54_render_front.jpg,1.0777420965350846,3.123078957020228,0.794436445907526
rand_O25ASSKUIH_render_front.jpg,1.0287254721319712,1.2,1.0
rand_G2DAUQACK5_render_front.jpg,1.28212205336821,1.2,0.9116690697484683
rand_C5Q2PK32FK_render_front.jpg,1.05,1.2,1.2100865650763708
rand_JWS2K6YUG2_render_front.jpg,1.1732251195173284,1.2,0.9387393167044975
rand_LYX71707DB_render_front.jpg,1.05,1.2,1.0096352879194657
rand_BNUYC8FDPX_render_front.jpg,1.2847408661213617,1.2,1.0
rand_BOZ75HTPWT_render_front.jpg,1.05,1.6609685465967567,1.1898997871468175
rand_PG5YI68WX6_render_front.jpg,1.05,1.2,1.0
rand_FX7V2SY5LF_render_front.jpg,1.0744647168611543,3.2424244992520146,1.1812629126225664
rand_7VKBTKMJN8_render_front.jpg,1.2031630315433763,1.8460940368355532,1.0151933528646413
rand_GFN6DG7YJ7_render_front.jpg,1.1277144767522738,1.2,1.0
rand_3ZECUVVJVR_render_front.jpg,1.05,3.3329157303167944,1.1086010554826091
rand_85TVJLMFGP_render_front.jpg,1.1658937031927668,0.8307094144486785,1.0121241966864594
rand_6RH1G90HD5_render_front.jpg,1.2839847652462226,1.2,1.3966608769609625
rand_6W2BSI39CL_render_front.jpg,1.05,1.2,1.0
rand_TM1AKI3L7T_render_front.jpg,1.05,1.2,1.0
rand_O1ESRI8HTI_render_front.jpg,1.2452398177053075,1.2,1.5026828577894953
rand_4PE0Z04VI3_render_front.jpg,1.0863640147456906,1.2,1.3418345249066632
rand_1G1MHZ49GG_render_front.jpg,1.0120674282670574,1.2,1.1385292525038038
rand_JKLM0PYXMY_render_front.jpg,1.0969436372923567,1.2,1.0
rand_DW3YZP7MWA_render_front.jpg,1.175076217346495,1.2,0.7226932764717392
rand_7URPB3H9NR_render_front.jpg,1.1977048835188102,1.8471704157768423,0.9341829536616999
rand_7JEGL50KZD_render_front.jpg,1.1676288105161543,1.2,1.0
rand_73GOUTGR0Q_render_front.jpg,1.073425072870352,1.2,1.0
rand_0DI5LMM8WZ_render_front.jpg,1.05,1.2,1.0
rand_NKD6SCLFRB_render_front.jpg,1.1623494004240933,1.2,1.1287562981793482
rand_3FBZCZSSHL_render_front.jpg,1.05,1.049855955805096,1.2180832061791653
rand_8INFNU9QK7_render_front.jpg,1.2933143397941615,1.2,0.9316349849484331
rand_7S4K67RQ8D_render_front.jpg,1.2864378446913949,1.2,1.0
rand_YF6834M5L6_render_front.jpg,1.05,1.2,1.0
rand_HKLD9M1X4I_render_front.jpg,1.05,0.7143321212322871,1.0
rand_LO0VPP61R6_render_front.jpg,1.0058824458327065,1.859017099711623,1.0
rand_FUBF0XNNL1_render_front.jpg,1.05,1.2,1.110142516583987
rand_YK11MGG89W_render_front.jpg,1.0488327622749543,2.9058199083893,0.8437537443308634
rand_XEHR2RAHQW_render_front.jpg,1.0007918307720889,1.2,1.2399956774983436
rand_LU1WZQK0SN_render_front.jpg,1.05,1.2,1.0
rand_3IX65MMCE3_render_front.jpg,1.2056902578360669,0.5452421361312728,1.1639212876778915
rand_ICP8REL29T_render_front.jpg,1.05,1.2,1.0
rand_T10L5YH84F_render_front.jpg,1.1542714189658114,1.2,0.9610912848961365
rand_DU8EN8ETE2_render_front.jpg,1.260582744768581,1.2,1.2985463671645547
rand_6P3WGGF7NV_render_front.jpg,1.05,1.112494559214111,1.0
rand_OIXFIIRJLF_render_front.jpg,1.05,1.2,1.0
rand_C7TS0DEB3C_render_front.jpg,1.070861572606446,2.8527024506456113,1.0
rand_414YH9WX81_render_front.jpg,1.2932242854167002,1.2,1.0
rand_LREQ35ST4E_render_front.jpg,1.1284288046446507,1.2,1.5911664925880724
rand_6NCS19XZP8_render_front.jpg,1.05,1.2,1.4872462270788966
rand_L5F75PP8S9_render_front.jpg,1.002133593130374,1.2,0.7766534435729875
rand_252A7Q9EAG_render_front.jpg,1.1769289276997392,1.2,1.0
rand_YOZD9S9JDR_render_front.jpg,1.182340399994538,1.2,1.0
rand_2Y3MTH3QOY_render_front.jpg,1.1520614166769487,1.2,0.9817617991264649
rand_SKTRQZ64IK_render_front.jpg,1.1632213001886713,1.2,1.0
rand_E2X6ZLVFZX_render_front.jpg,1.05,1.2,1.278022054508891
rand_HLUMQM1DHX_render_front.jpg,1.05,1.2,1.2274233931632035
rand_ZL1ERTQAU5_render_front.jpg,1.1227441328035601,1.2,1.0131082929299546
rand_JWVF79AT32_render_front.jpg,1.2891362498230563,1.2,1.4189605599657038
rand_AF2G5C1G33_render_front.jpg,1.0478941804183306,1.2,1.300149412658293
rand_3OXTINBRD9_render_front.jpg,1.05,1.2,1.5356787387026833
rand_3PJE2FECL6_render_front.jpg,1.05,1.2,1.0
rand_SZRX8TY51T_render_front.jpg,1.0300323815441161,0.5514450181649698,1.0
rand_Q6X7JM48XB_render_front.jpg,1.05,1.1626334330798778,0.7436012247973137
rand_F31L27S5YD_render_front.jpg,1.0941371617361244,2.0961076547788777,1.0
rand_R9JA6DUT59_render_front.jpg,1.1627445232117326,1.800565954039759,1.0
rand_BMD0266VE9_render_front.jpg,1.05,1.2,1.2036130678444574
rand_0AAY3NQH8J_render_front.jpg,1.05,1.0176224302087107,1.0
rand_DL8CTQA0KP_render_front.jpg,1.05,1.2,1.2441636418501638
rand_TYRWE94TMW_render_front.jpg,1.2827773199312367,1.2,0.7297436982388185
rand_HZ39VIEISA_render_front.jpg,1.255115585346827,2.113448525301196,1.0148853341484856
rand_URDU4OZNLC_render_front.jpg,1.1885181101662554,1.2,0.9889828843202493
rand_97J3ZJ3Q9C_render_front.jpg,1.05,1.2,1.574305861672518
rand_0B1T21D8NX_render_front.jpg,1.05,1.2,1.3590242149524634
rand_SD6JYQ3NHE_render_front.jpg,1.0526220597374703,1.321745580486825,1.0
rand_GGEGXZ09BM_render_front.jpg,1.1688819237794201,2.3711452428755697,1.4347724376013244
rand_NT5OYM441J_render_front.jpg,1.1165053921203234,1.2,1.0116092287571241
rand_K0TYZG3UP8_render_front.jpg,1.2725241638460145,1.2,1.4881929102954514
rand_L9UJDDDSUJ_render_front.jpg,1.165108500381812,2.4057805361429994,1.0
rand_Z0HAFUDB4W_render_front.jpg,1.0311306516241643,1.2,0.9196913947466492
rand_5NEQP6XE4X_render_front.jpg,1.140071722195931,2.179620563898334,0.7062840922253115
rand_5SKW8Q0L88_render_front.jpg,1.1917262986126707,1.2,1.1943852769608096
rand_H44RFIGBWV_render_front.jpg,1.05,2.208888229099979,1.0
rand_4WJKPTNEKD_render_front.jpg,1.2930466542426062,1.2,1.56533081564907
rand_5T407DHMCC_render_front.jpg,1.172363785801648,3.423837471965677,1.1732962631367936
rand_JZBOIYVJG5_render_front.jpg,1.1114220408072943,1.2,1.0
rand_0VYSDNJPGY_render_front.jpg,1.0607331387375245,1.2,1.0
rand_WJOQAO1SUU_render_front.jpg,1.2116853445963718,1.2,0.7367047459540754
rand_GKRIPGAR81_render_front.jpg,1.05,1.2,1.0
rand_DBP4IFPGM1_render_front.jpg,1.1638540448740708,1.2,1.0
rand_4HTGAJPPDQ_render_front.jpg,1.05,2.068766803431937,0.7130794086022963
rand_B316XIDLP0_render_front.jpg,1.05,1.2,1.1039050025628063
rand_1NRWZ4LWPC_render_front.jpg,1.2354616754976366,3.2715867905603115,1.3752394393607046
rand_FT9AO58TYJ_render_front.jpg,1.05,1.2,1.2213859172786607
rand_VUWCAG4VZP_render_front.jpg,1.12087702216893,1.2,1.043565360459896
rand_E39IL3GKSD_render_front.jpg,1.05,1.2,1.0
rand_YL8YM6MRUH_render_front.jpg,1.096044007257962,1.2,1.0
rand_2M8JA3LPWR_render_front.jpg,1.00908448752571,1.2,0.9386343651665836
rand_F3WFU62WUC_render_front.jpg,1.05,0.8770966767339088,1.0604090039319396
rand_Z4XO5MSQIY_render_front.jpg,1.0363423273646473,1.2,1.1185364126076152
rand_53EIH0DLFM_render_front.jpg,1.05,1.2,1.0010967831233641
rand_G9YEKEAAEI_render_front.jpg,1.05,1.9651542801663302,1.0
rand_RUU19CMHKT_render_front.jpg,1.2527526710694814,3.3884414762088815,0.9119970418973423
rand_MA84JDZHNY_render_front.jpg,1.298367265326668,1.2,0.7124113252923517
rand_BFTU2HH7BX_render_front.jpg,1.0778850385089398,1.2,0.7724831908688672
rand_ECW9R9XDRA_render_front.jpg,1.1279777050773152,1.9326790534542546,1.0
rand_DJY8B1JXLM_render_front.jpg,1.05,1.2,1.4144619533459042
rand_PVM5WKJZL9_render_front.jpg,1.0263589658524535,1.2,1.0
rand_JRN6XXMKYY_render_front.jpg,1.152730932095716,1.2,0.7035997120167827
rand_7FEX8NROB3_render_front.jpg,1.05,1.5854945690058875,0.7097389075162697
rand_3NEP05MKI0_render_front.jpg,1.0300479380908112,1.2,1.2315299704949356
rand_QJJ0GRUB8Z_render_front.jpg,1.1370524623208367,3.1344871854972123,1.0
rand_HNEA1F4SNC_render_front.jpg,1.05,1.2,1.0
rand_ANRW29KCL1_render_front.jpg,1.222270494780668,2.28141427426565,1.0
rand_CM11FN2AJ2_render_front.jpg,1.287448705797179,1.2,1.0738062574053575
rand_S078N1VR8W_render_front.jpg,1.289632019555587,1.2,0.9057357581073854
rand_WHT1E0DDLV_render_front.jpg,1.1112351174283746,1.6656942697685848,1.5344580685880964
rand_0NOGC387LX_render_front.jpg,1.05,1.2,0.8202164843078943
rand_1EIC7X0JST_render_front.jpg,1.05,1.2,0.823428596767901
rand_M8APRDR4Y5_render_front.jpg,1.0027930711296564,1.2,1.0
rand_MAIJCN5XHA_render_front.jpg,1.2094323451715294,1.2,1.0
rand_5YS26RYTKI_render_front.jpg,1.05,1.2,1.4886129533934962
rand_4TJC1640N1_render_front.jpg,1.2421286195824452,1.2,0.8981056359799655
rand_WTCQ9SU9BU_render_front.jpg,1.2549448433546613,0.650688392079862,1.0
rand_DTHSU0LUKZ_render_front.jpg,1.05,1.2,1.0
rand_XGMOMR5DZ6_render_front.jpg,1.05,1.1441651257382885,1.5440528159661655
rand_SBRRH17A9N_render_front.jpg,1.290818151584772,2.4581870613111243,0.8011911204925485
rand_IITHMZRQFZ_render_front.jpg,1.2833131819799108,1.2,1.0
rand_8C4GVKZS2H_render_front.jpg,1.0684025628993967,2.9870642025314122,0.8879531664081617
rand_ANBA8KN3DP_render_front.jpg,1.05,1.2,1.0
rand_UPYRFVMV5X_render_front.jpg,1.2965167639207613,2.825541342492836,1.2660574558573043
rand_5CZD1V8UT3_render_front.jpg,1.2253796099126486,2.3443856450821157,1.0
rand_05H6WP8PJX_render_front.jpg,1.2513872511926796,1.6499485418643194,1.5193776078248087
rand_NTA9F6967X_render_front.jpg,1.05,3.299306390122273,1.2182007561180874
rand_NRKCZA37BC_render_front.jpg,1.114302636680076,1.2,1.0
rand_B0I0Z066GJ_render_front.jpg,1.05,1.2,1.0
rand_IQG7GB8MCL_render_front.jpg,1.05,2.824946141866941,1.0
rand_ZLTDMPDPJK_render_front.jpg,1.05,1.5434278467495066,1.0
rand_H1RKBQFM6A_render_front.jpg,1.05,1.2,1.0
rand_XM2VF8M2I5_render_front.jpg,1.1567923220023197,1.2,1.0
rand_W6FETFEVOU_render_front.jpg,1.05,1.2,0.7365768220116746
rand_2S8FTYLQC4_render_front.jpg,1.1467845661573608,1.7159736944032007,1.2151355190584678
rand_HTWC3YBD4Z_render_front.jpg,1.05,1.2,1.0
rand_ATDY3AJN0Q_render_front.jpg,1.05,1.2,0.9858860416364966
rand_0LB0U8AY1Y_render_front.jpg,1.05,1.2,1.0
rand_JWR4048NT8_render_front.jpg,1.2161066509510658,2.89692015429243,0.8696959911016487
rand_KO8UGAPN7E_render_front.jpg,1.05,1.2,1.0
rand_WGDYK5NCXO_render_front.jpg,1.05,1.2,0.8369824082274685
rand_Y92PK89KT3_render_front.jpg,1.0536568692253536,2.2672702345501365,1.0
rand_2OBIIXEYM4_render_front.jpg,1.0977835934274753,2.6801700348104918,1.0
rand_YXR5Y3AOOD_render_front.jpg,1.05,2.1133080301119493,1.0354943973626425
rand_JE0L62P85L_render_front.jpg,1.05,1.2,1.3078260647153566
rand_BTIB0T2WT0_render_front.jpg,1.1419250260481855,1.2,1.0
rand_VAHG4DSJ2G_render_front.jpg,1.1750724137761812,1.2,1.0
rand_JI9JG3KE24_render_front.jpg,1.0599827383881368,1.2,1.0
rand_SFEPJJC2QG_render_front.jpg,1.1067532792749426,2.2695531261651753,1.0
rand_TXPQT5V26X_render_front.jpg,1.0827885452177513,1.2,1.0
rand_D9RMV2SYPC_render_front.jpg,1.229128116008538,3.074243612143446,1.0
rand_XDJB5DFNXI_render_front.jpg,1.2359872734028896,1.2,1.4096959452383562
rand_AFHTOCQ6IF_render_front.jpg,1.05,2.070028682326227,0.9141828238149079
rand_01H2S9IZZL_render_front.jpg,1.2687486009915472,1.2,1.0
rand_94CLJ0V41M_render_front.jpg,1.1618565472844007,1.2,1.1742709256046804
rand_GPV3MMFNQ0_render_front.jpg,1.0407487379890608,1.2,1.0
rand_CO4FOOOUGT_render_front.jpg,1.05,1.2,1.2090683987401791
rand_TPHYZUQ5AS_render_front.jpg,1.0901591598081726,3.1206122213755574,1.1252646374254227
rand_6PWQV1HN0I_render_front.jpg,1.05,1.2,1.0
rand_RB7DIBGYI0_render_front.jpg,1.1890968629063463,1.2,1.0
rand_6NXT2QHV30_render_front.jpg,1.05,1.2,1.0
rand_GFQ0STYHXQ_render_front.jpg,1.1095618310170023,1.2,1.1327879283417026
rand_1LKZDRXWOW_render_front.jpg,1.05,1.2,1.0
rand_SU2I8HTCI3_render_front.jpg,1.0096568018285648,2.482526055824393,0.8342866304564929
rand_IC0B0JLZ4K_render_front.jpg,1.2240403885202087,1.2,0.842277129555424
rand_BNDLVRRDVL_render_front.jpg,1.05,0.8439793056127712,1.0
rand_WHT1OBOWZE_render_front.jpg,1.05,1.2,1.4510419738245823
rand_VI59Z8L4Z0_render_front.jpg,1.1538020539008675,1.2,1.2711399849574614
rand_ZRIGLI77CX_render_front.jpg,1.2561314383531108,1.9998063805131734,1.0
rand_07QS0EXUNR_render_front.jpg,1.2549020119602132,1.2,1.066232913000407
rand_ABHE8ICRFU_render_front.jpg,1.2804045326296762,2.334730211092169,1.5534486066097017
rand_XY8XO3LN58_render_front.jpg,1.05,1.2,1.0
rand_RF5EXXLL9U_render_front.jpg,1.05,1.2,1.21468951780109
rand_NYPUSVO7RC_render_front.jpg,1.0842663551028426,1.2,1.0
rand_IC1QXGZ6Q9_render_front.jpg,1.1218698176666255,1.2,1.0
rand_I5H9JEC912_render_front.jpg,1.2058354477802093,2.264442305011779,1.0
rand_5UFSGXG0EA_render_front.jpg,1.0580785093971707,1.2,1.2921681919417352
rand_GKTDGOUG58_render_front.jpg,1.05,1.2,0.830737620602659
rand_2KO1BRUQ26_render_front.jpg,1.2136563507721543,1.8126502869784602,0.8357497631786337
rand_BW0C702IYP_render_front.jpg,1.2753286864164233,1.2,1.0
rand_4SQ28282EI_render_front.jpg,1.2226012373942903,1.2,1.5859807676946813
rand_0HSJBH42VZ_render_front.jpg,1.05,2.369950342491948,1.3490429121339886
rand_CML83OF0KY_render_front.jpg,1.05,3.4457801106479575,1.0
rand_BWCGM9ATHV_render_front.jpg,1.209738121556033,2.3134473170694854,0.8972343791948018
rand_SZMMLUPR1E_render_front.jpg,1.2988321855864522,1.0737929315647277,1.0
rand_GU6W12WPSC_render_front.jpg,1.05,1.2,1.0
rand_PWPDI4ZIWY_render_front.jpg,1.05,3.049444414438725,0.7842202565852806
rand_PEAX9IQARX_render_front.jpg,1.05,1.2,1.0
rand_29UMD7DVK4_render_front.jpg,1.214994350188695,0.516269882932482,0.7503272582726933
rand_GYAUNR7491_render_front.jpg,1.2812619732591628,1.2,1.0641574357909218
rand_5POH1MHN4D_render_front.jpg,1.2125561855505993,1.2,1.0
rand_FKNAJXN2HK_render_front.jpg,1.0717210133567716,2.998481370963121,0.7950429913344051
rand_ECO6VX0MF8_render_front.jpg,1.1207094937744397,1.2,1.1864538286866932
rand_1D8YZD1UAG_render_front.jpg,1.05,1.2,1.0754490582599245
rand_JB2QDTVDOQ_render_front.jpg,1.0618572306485283,1.2,1.0
rand_EVWGEZ96TJ_render_front.jpg,1.2419385097495925,1.2,1.4553923631576136
rand_4XEYDSRD1E_render_front.jpg,1.05,1.2,0.8013872512299097
rand_9XBR2LLQ2S_render_front.jpg,1.2890235039304516,0.9901872743903533,1.5660833868198356
rand_L8JPIDR16V_render_front.jpg,1.05,1.2,1.1438316551840602
rand_OAGQ2GBRAK_render_front.jpg,1.1199760971113373,1.2,1.0
rand_A51KBA8XQP_render_front.jpg,1.1050347549337556,1.2,1.0
rand_B3S5T029OW_render_front.jpg,1.0561180986608323,1.2,1.2720407262930296
rand_3WLVMHEZTC_render_front.jpg,1.05,1.2,1.0
rand_ELX6PGWAER_render_front.jpg,1.05,2.575479274315784,1.0
rand_7Y331GPFMF_render_front.jpg,1.05,1.2,1.0
rand_83LPY6W2OE_render_front.jpg,1.086282047067598,1.408107956658755,1.5121011024509403
rand_SR2XAUUY80_render_front.jpg,1.0155020235652665,1.0937565210572089,1.0
rand_M72XV3PDGJ_render_front.jpg,1.05,1.2,1.0
rand_GHQP9X4KCD_render_front.jpg,1.05,1.2,0.8853812754037272
rand_JS6NGY6YGT_render_front.jpg,1.0600869963821615,1.2,1.0
rand_ZD2TW5SQF9_render_front.jpg,1.05,2.6414419873401984,1.0
rand_U4EOTEF5J3_render_front.jpg,1.05,1.2,1.0
rand_4LRSTE32E9_render_front.jpg,1.2430211154179116,2.613556783251921,1.0
rand_NMITUPDELP_render_front.jpg,1.05,1.2,1.1374297287310327
rand_QYICG2CNPY_render_front.jpg,1.1431628687554312,0.6276580690186828,1.1212509535045072
rand_33Z59CIDW6_render_front.jpg,1.1653712406634742,1.2,1.414123629021462
rand_88GV225NVK_render_front.jpg,1.05,1.3156224873224323,0.827849973465678
rand_GZ8H79BQVJ_render_front.jpg,1.245296362207635,1.2,0.8604418189532543
rand_ANEV4NH357_render_front.jpg,1.1480411808950608,1.2,0.8346328854338099
rand_O39PZ256YO_render_front.jpg,1.05,1.9724697131043234,0.8492532201434619
rand_3CXADRGDB4_render_front.jpg,1.0186832813967748,1.2,1.0930170489631121
rand_QV9DMERFK6_render_front.jpg,1.05,2.430849412309711,1.0
rand_L12WU7204Q_render_front.jpg,1.1025716065345617,1.2,1.0
rand_TSC4GAM9I9_render_front.jpg,1.2036786562550197,1.2,1.0
rand_FM64DAFLYP_render_front.jpg,1.0930093324218575,1.2,1.0
rand_QYRUL3F4S6_render_front.jpg,1.2896365334971134,1.2,1.0
rand_L8O0QXEOJ5_render_front.jpg,1.05,1.2,1.0084824280029745
rand_O3OUKYBZRM_render_front.jpg,1.05,1.0384512345564614,1.0
rand_9RHYNCRRCB_render_front.jpg,1.05,1.2,1.520602596732345
rand_XINSFFDFFV_render_front.jpg,1.0879035211282135,3.305427492905964,1.0
rand_2I5S7YUFIQ_render_front.jpg,1.0588601649911302,1.2,1.4991062543644285
rand_XPSDRZSMJB_render_front.jpg,1.245879913905992,3.0777757780891486,0.958458427722612
rand_H0IVGQ3OSH_render_front.jpg,1.164264401129048,1.2,1.0
rand_229L39FNVK_render_front.jpg,1.05,1.2,1.4116221979647792
rand_PCUUMX0JMC_render_front.jpg,1.05,1.2,1.5185157706980954
rand_HXPBGOW5SW_render_front.jpg,1.2920542706217784,1.2,1.2838007179825257
rand_LKB48P8KRZ_render_front.jpg,1.05,3.1804286513621562,1.111595069580362
rand_BKOR60VHK2_render_front.jpg,1.05,1.2961292649119742,1.573900970431822
rand_2VYGRSMXHI_render_front.jpg,1.05,1.2,1.4581711408766338
rand_248Z665KJK_render_front.jpg,1.1750071954548704,1.2,0.8864360492452502
rand_PTQIAC6C2O_render_front.jpg,1.1612148171681977,1.2,1.0
rand_5G3KZ1HE63_render_front.jpg,1.05,1.2,1.1909711052013103
rand_C8FQRYXK2T_render_front.jpg,1.1304106769061213,1.2,0.7808167601464919
rand_N5WL7NHOEO_render_front.jpg,1.213932848270728,1.2,1.0
rand_6C2X942F8R_render_front.jpg,1.05,1.2,0.8033688484889397
rand_Y7ARXJH6VZ_render_front.jpg,1.051361071578653,1.2,1.063130632839855
rand_9ERGR6OF8Q_render_front.jpg,1.05,1.2,0.9175409533182395
rand_XNN8GBBN99_render_front.jpg,1.05,1.2,0.7270996315803258
rand_P2JLR9RNSI_render_front.jpg,1.05,1.2,1.0852888388046347
rand_7GILJDQPYH_render_front.jpg,1.159783823530213,1.2,0.7371505287845395
rand_HA4JUFTN91_render_front.jpg,1.05,1.2,1.3652155430657233
rand_6YV1U8U04W_render_front.jpg,1.05,1.2,1.0
rand_2DKYG37GB5_render_front.jpg,1.05,1.2,1.0
rand_EQ5NTLVVRL_render_front.jpg,1.0061778856132688,1.2,1.0
rand_T9TLANV5I3_render_front.jpg,1.05,1.2,1.2603721762588922
rand_C8Z8PMXNPX_render_front.jpg,1.1887067608287358,1.2,1.0
rand_90UWF11IFD_render_front.jpg,1.0251709145890913,3.3620360756132968,1.0
rand_JLALI9PQSB_render_front.jpg,1.05,1.2,0.9989550538389234
rand_2FA1ULQYBI_render_front.jpg,1.05,1.2,1.5958185887341845
rand_8PETK28LAN_render_front.jpg,1.0741155163957825,1.2,1.0
rand_T759IOQ9JN_render_front.jpg,1.05,1.2,1.0
rand_EKVTK16KZG_render_front.jpg,1.05,1.2,0.789816253288385
rand_16LZJ9I9YG_render_front.jpg,1.2134910422837786,1.0760383483129936,1.0
rand_7HV4JD7LN4_render_front.jpg,1.2317719826281164,1.2,0.728340897791584
rand_LNS6CVKAJ3_render_front.jpg,1.05,1.2,0.8186914471023189
rand_MTH48L4Z24_render_front.jpg,1.1434240149650878,1.2,1.0
rand_W2A09DL1EZ_render_front.jpg,1.0283412295534222,1.5134379513823006,0.8848110388552783
rand_9QAYO8512D_render_front.jpg,1.05,1.2,0.9307360155800145
rand_L5CPJCCDIU_render_front.jpg,1.2978954640423093,1.2,1.0
rand_0SIJPX9R36_render_front.jpg,1.1745352994227067,1.2,1.0
rand_8X8NV25MTC_render_front.jpg,1.0265836422592507,1.2,0.832682557013739
rand_NZGPTLG342_render_front.jpg,1.1445342222004644,1.2,1.1660019252692613
rand_MAUEJ8Q75D_render_front.jpg,1.1855214132239085,1.8694626120129387,1.3611547627194371
rand_LZ0Y15ZBG7_render_front.jpg,1.05,1.2,1.1257182856137085
rand_FLUVEFYF8J_render_front.jpg,1.2627218648676908,1.4830551657909927,1.0
rand_3U11701WS8_render_front.jpg,1.05,1.2,0.7512536547725535
rand_IU69EY1LRT_render_front.jpg,1.05,0.7704838856345468,1.0
rand_YWRQ5V0ELX_render_front.jpg,1.05,1.2,1.0
rand_5VDE6LOB2A_render_front.jpg,1.05,1.2,1.0
rand_W0TGZ32YWI_render_front.jpg,1.2569130386744347,2.2823276165750865,1.2710255935029373
rand_QAP745SPSA_render_front.jpg,1.05,1.2,1.384855831331746
rand_BYCBDWS1VA_render_front.jpg,1.0947697970384638,1.9607522165287345,1.0
rand_WUIPIM710H_render_front.jpg,1.05,0.8457448264878146,1.0848567266011462
rand_YHUGSYHVM6_render_front.jpg,1.05,1.2,0.8544776759086972
rand_DENF0S4CBB_render_front.jpg,1.1957696118728687,1.8663535320709301,0.926047711943185
rand_JPSXUI4QIA_render_front.jpg,1.2445908573563167,0.889203037606207,1.5726810276484744
rand_HX0L22YKWJ_render_front.jpg,1.1130126095019404,1.2,0.9235094548740199
rand_8F052PWLFA_render_front.jpg,1.05,1.2,1.0
rand_H9VTR16Z0B_render_front.jpg,1.1454142632107212,2.830310959833252,1.061073183448434
rand_8T26O6CWRV_render_front.jpg,1.1573477665197986,1.2,0.8240465887950876
rand_9A9FO1H2NB_render_front.jpg,1.05,1.2,1.5564561511762878
rand_U62U7RAHK9_render_front.jpg,1.0624027526163842,1.2,0.9636868518697561
rand_LHHB1NDL2S_render_front.jpg,1.05,1.2,1.2559114906478912
rand_J3UN8E8Z0X_render_front.jpg,1.1906280614480251,1.2,0.8624521355376392
rand_3GFBE21ZKW_render_front.jpg,1.05,1.2,0.9789063401029244
rand_19V3TE2OTT_render_front.jpg,1.1189095521107544,1.3462445721019833,1.1204784147555584
rand_D3VUHCRO2Z_render_front.jpg,1.1395082437632742,1.2,1.4991157901839385
rand_QM1ESVZV2T_render_front.jpg,1.1218108638137605,1.2325623594107746,0.8804101790160325
rand_1QTI7VQK8W_render_front.jpg,1.2663927227791048,1.2,1.2689066711637478
rand_42FDHOLBX3_render_front.jpg,1.0281753525294353,0.8812578836117281,1.141738162817394
rand_IQC84F1I3Y_render_front.jpg,1.2465987011332431,1.379913272809406,1.4202363396030253
rand_8MQB4VY3K0_render_front.jpg,1.2008891755976037,1.2,0.8120919079120885
rand_Q54GGDKMS4_render_front.jpg,1.05,1.2,1.0790130076511344
rand_LVRBLUOGTQ_render_front.jpg,1.05,0.9060331284818057,1.0
rand_1LEED0NHXS_render_front.jpg,1.05,3.1030202682901677,0.8493049927372714
rand_0G3YRBDWX7_render_front.jpg,1.05,1.1907118226967695,0.8786413847670329
rand_9NWCAE0M80_render_front.jpg,1.1586474531552597,1.2,0.871441574720019
rand_FJO9CY0IVC_render_front.jpg,1.05,1.2,1.0
rand_IDQGNOUSIC_render_front.jpg,1.05,1.2,1.4707449437661162
rand_EW39103SHB_render_front.jpg,1.0234619688467261,1.659262399796686,1.0
rand_QGA9US8EA9_render_front.jpg,1.2476621048988383,1.447173392657623,1.265353720672433
rand_PY6TP6Q2MF_render_front.jpg,1.0262929744484837,1.2,1.0
rand_NIIP83LTBL_render_front.jpg,1.1446728300852453,1.2,1.457620294716108
rand_RR36067AXI_render_front.jpg,1.22492747302887,1.2,1.0
rand_7HY12OGM3L_render_front.jpg,1.05,2.851782758415644,1.0
rand_R39XZW0VW4_render_front.jpg,1.2273689269984465,1.2,0.916694908850074
rand_Q1NJEVCAZL_render_front.jpg,1.05,1.6490745173330241,1.412961019335005
rand_J6S38JE1EH_render_front.jpg,1.05,1.2,1.0
rand_7ZLJZJNYFY_render_front.jpg,1.05,1.2,0.7260746266348717
rand_UBTNI420C3_render_front.jpg,1.1298506599539444,1.2,1.3438421080510554
rand_Q6I0XL21I7_render_front.jpg,1.0932882247616922,1.5801416319389516,1.0
rand_A1SIA3EAD6_render_front.jpg,1.05,1.2,1.501549194740492
rand_JTYYH2AFB6_render_front.jpg,1.1117774033314793,2.9084723480240275,1.0139720443819515
rand_JIX8HCZY0D_render_front.jpg,1.0421072089179746,1.2,1.0
rand_LV51Y3XHM5_render_front.jpg,1.1528483680239245,1.1198417632268187,1.0
rand_1HVSA5XZI5_render_front.jpg,1.2560647761401604,1.2,1.0
rand_87Q2QT3ZP6_render_front.jpg,1.294838381333704,2.3302912800090367,0.7548026883301735
rand_JDOO45X7ON_render_front.jpg,1.05,1.2,1.4745732352630367
rand_EXZ8N6LBWM_render_front.jpg,1.1819402587841434,1.2,0.8126781545643279
rand_A3NTPG3B2H_render_front.jpg,1.0346832301301678,1.2,1.0
rand_R74TENW3ML_render_front.jpg,1.05,1.2349975527169539,1.3226345119417204
rand_42KMW3QM1R_render_front.jpg,1.2419914535365386,0.5542562294276104,1.0
rand_C8RG7LHZ5S_render_front.jpg,1.1330420761365203,1.2,1.4311124572277412
rand_56WFJV6ZRT_render_front.jpg,1.05,1.2,1.1272134128766573
rand_HI187F79GD_render_front.jpg,1.05,1.2,1.0
rand_FFT9I41OC6_render_front.jpg,1.1493262600363376,1.2,1.2283391256579135
rand_HA3DD4QOW3_render_front.jpg,1.2311952801616788,1.6623909754610606,0.850816752423828
rand_OVIEZ1TT8U_render_front.jpg,1.1781388182102603,1.2,0.8615389276591803
rand_BIFM6L6QFR_render_front.jpg,1.1625468809961408,3.279024113066071,1.3139231927697679
rand_KBPE5HA935_render_front.jpg,1.05,3.453214145379074,0.7740025002581213
rand_MZ04PH07QA_render_front.jpg,1.258064193857952,1.646448025438433,1.0
rand_07ZQTVELA0_render_front.jpg,1.05,1.2,1.1001287233611914
rand_QIRK6OR9N4_render_front.jpg,1.27830540420204,1.2,1.0
rand_L6KIU7OWO4_render_front.jpg,1.05,1.2,0.8441454715578288
rand_NF95FEOMW6_render_front.jpg,1.05,1.2,1.0
rand_0YROZT130H_render_front.jpg,1.2460806876391224,1.2,1.5523155864266096
rand_1FV0QQANPN_render_front.jpg,1.05,1.2,1.0
rand_8313UH9JAH_render_front.jpg,1.2495932778535515,0.9888346131777258,1.0
rand_I626ITB1TP_render_front.jpg,1.0255035573511346,1.2,0.706857285698484
rand_S3UVCNV095_render_front.jpg,1.1826922053224331,1.2,1.0
rand_BU2B8B8GU2_render_front.jpg,1.05,2.306293685431254,1.0
rand_U36F09VTK0_render_front.jpg,1.05,1.2,0.902224227426516
rand_2HDUVYCBRB_render_front.jpg,1.1990464156679894,1.2,1.0
rand_ZU7KAFOFCL_render_front.jpg,1.0968294183345395,1.2,0.8516341398209997
rand_IYNKJ9LELV_render_front.jpg,1.1340188034876233,1.2,1.3002611932210038
rand_7JUXOOWT7M_render_front.jpg,1.05,1.2,1.0
rand_DGYUW4HG3N_render_front.jpg,1.05,1.2,1.4800423233156697
rand_QWHNGESD7Q_render_front.jpg,1.260205211548705,2.166027019243231,0.9689072605859801
rand_93JYLV3O9W_render_front.jpg,1.0137343884709984,1.2,1.2138034498255799
rand_VK5N7EDY4Y_render_front.jpg,1.196288405321393,0.7386521153367495,1.464446882756917
rand_OYUUY6Q48P_render_front.jpg,1.05,2.9126774432190516,1.0
rand_0ZVPL5TMY1_render_front.jpg,1.2409442312092829,0.7786992850124008,1.0
rand_CTHGXOMLCU_render_front.jpg,1.1692215524018632,1.2,1.0
rand_0ZRV78AD1S_render_front.jpg,1.03193242232106,1.2,1.0
rand_54KFRYT6NA_render_front.jpg,1.05,2.327881762760126,1.0
rand_UO71H0TWCD_render_front.jpg,1.05,1.2,1.0
rand_FAKV9D60GO_render_front.jpg,1.05,1.2,1.1684426732732747
rand_SW4BD26CHS_render_front.jpg,1.1205442379590547,1.2,1.0
rand_XC5K6QBQED_render_front.jpg,1.05,1.2,1.1164164516738535
rand_SAI4BSU81V_render_front.jpg,1.024747716032968,0.8952142133247936,1.429452072668302
rand_Q4S6V6APZW_render_front.jpg,1.05,0.6411266441561212,0.8734767833284609
rand_GCLS5PYUQZ_render_front.jpg,1.2809982349880238,1.2,0.8175756349731268
rand_YU4WGKTMF8_render_front.jpg,1.149916097353263,1.2,1.0299142948184832
rand_LGK36B8VCS_render_front.jpg,1.1371536791571661,1.2,1.4911134348183221
rand_IBRIITJ54O_render_front.jpg,1.05,1.2,1.0
rand_RZCZE6LM0B_render_front.jpg,1.1479451588554805,1.2,0.8531185055470072
rand_TCDOSIJVDI_render_front.jpg,1.1517960666969527,1.2,0.7993234758050656
rand_JORM7GQ6WK_render_front.jpg,1.1826365119589235,0.7028400760718381,1.0128626636427898
rand_WHEBY3SFYC_render_front.jpg,1.05,1.2,1.0239166659811585
rand_MX2S3P8ONH_render_front.jpg,1.0092025754435454,1.2,1.0
rand_ZPBIVJCWZ8_render_front.jpg,1.05,1.2,1.0
rand_RT707BND5G_render_front.jpg,1.1205125483237395,2.2368544679535813,1.0
rand_SCA75BLSJZ_render_front.jpg,1.0553527620823784,1.3647050109259968,1.0
rand_E1JQFH83GO_render_front.jpg,1.189861931812463,1.2,0.8521340928686748
rand_2A3XWY62XY_render_front.jpg,1.1914611767839074,1.2,1.0
rand_SI1OUCEK3D_render_front.jpg,1.05,1.2,1.0
rand_J0ZJU3CSET_render_front.jpg,1.0550424725151972,2.0818795788374054,1.0
rand_XKD9H2N3ZM_render_front.jpg,1.0192376653135433,2.5257285234046805,1.1648236222246786
rand_HM54VGNHWN_render_front.jpg,1.0971508039472675,0.8364311759957692,1.0
rand_G4MT4KN9L7_render_front.jpg,1.2678223539464932,1.2,0.9260773339273669
rand_QJM8H86EH9_render_front.jpg,1.1605239172269737,1.2,1.0
rand_QN4OBUR4MS_render_front.jpg,1.05,1.6891424167540272,1.2860380867038814
rand_46DRYPE9HD_render_front.jpg,1.235276955239708,2.5220104896273234,1.410299251515473
rand_6FNAS5G562_render_front.jpg,1.1899425733727371,1.2,0.9922912091647833
rand_YBMTVKYXJF_render_front.jpg,1.0199619590372258,1.2,1.3026659057723993
rand_38WV8ROG9V_render_front.jpg,1.05,1.7508109205187015,0.7973104620670983
rand_ZNORXCDG5Y_render_front.jpg,1.05,1.2,1.00125873087352
rand_4TCLGET64H_render_front.jpg,1.05,1.2,0.9443554187324051
rand_KSVM5O4Z9T_render_front.jpg,1.283657582874717,1.2,0.8020751542957222
rand_F0UQSBFB3N_render_front.jpg,1.0637670395562937,1.2,1.0
rand_6D15IYOYDP_render_front.jpg,1.1394117571850606,1.2,1.0
rand_0UAQ4EFU48_render_front.jpg,1.0319634784503966,1.2,1.0
rand_761SQ5PCGU_render_front.jpg,1.05,1.2,1.0
rand_6QNK9W4N2X_render_front.jpg,1.2972858597793164,1.2,1.0
rand_QTFAMYE3RC_render_front.jpg,1.05,1.2,0.8280364996385108
rand_GEDWLHM0VX_render_front.jpg,1.05,1.2,1.455652267443957
rand_GKDBDVA6PL_render_front.jpg,1.021485098499161,3.0059662066913155,1.0
rand_ETDHDYBKZU_render_front.jpg,1.0476247767382731,1.2,1.0
rand_X2QRIDNBO9_render_front.jpg,1.05,1.2,1.0
rand_1BWZ5ZSN0I_render_front.jpg,1.05,0.6663741912546421,1.0
rand_GUKU8ONG0N_render_front.jpg,1.1120518972923272,1.9895131324606656,1.2176760710711414
rand_X15TI27ELK_render_front.jpg,1.05,1.2,1.0
rand_M3LLV2MLA5_render_front.jpg,1.05,1.2,0.7951784633058169
rand_1NU9QBCEPW_render_front.jpg,1.0877328841739138,1.2,1.1700738721463908
rand_9XPPMB1HIJ_render_front.jpg,1.1748320528601992,1.2,1.0
rand_ZNFV9IOT9A_render_front.jpg,1.05,1.7049382537738809,0.7861655476932804
rand_K1V9OH2SXB_render_front.jpg,1.293542990407833,1.1222351601211007,1.3037036266325723
rand_IL01DB7P03_render_front.jpg,1.05,1.2,1.2821198949018595
rand_VTCTPQ412C_render_front.jpg,1.1002494101625744,2.3741575155231747,1.0
rand_MNM1T0XC4X_render_front.jpg,1.05,1.2,1.0
rand_CLU2072L2Z_render_front.jpg,1.1208735672233607,3.385706737193495,0.9851337488911491
rand_NY0JRWKKGU_render_front.jpg,1.0607202408745982,1.2,0.8545081003577025
rand_SAC11NRGXL_render_front.jpg,1.05,1.5500592004082652,0.7980795550470837
rand_1V9EKF7XL6_render_front.jpg,1.1992817286097404,1.2,1.0
rand_JTO4QV1U6Y_render_front.jpg,1.05,1.2,1.0
rand_7K7VYG66BD_render_front.jpg,1.0397185716513457,1.2,1.2707144606750125
rand_2Y5K74W50F_render_front.jpg,1.05,1.2,1.0
rand_PUWGOROHZO_render_front.jpg,1.0620595651789229,1.5177162223727119,1.0430977690161949
rand_63MJ2TYOFP_render_front.jpg,1.05,1.2,0.7394710556907473
rand_KVCHG6NZ2J_render_front.jpg,1.05,1.2,1.1784918606493955
rand_4IH94NZT45_render_front.jpg,1.05,1.2,1.4774242557608752
rand_I1LHN7CQQL_render_front.jpg,1.1379288508766727,1.381205241304864,1.3189005784694006
rand_I7JLPNN8Z2_render_front.jpg,1.0504395710883236,2.1103589159746647,1.4040896445125308
rand_RVFZSAWGIF_render_front.jpg,1.1210442513885812,1.2,1.5497902282880138
rand_1E6EZ39VWX_render_front.jpg,1.034138294542814,1.2,1.4615531858504034
rand_9OBG61BUZX_render_front.jpg,1.2154142324948705,1.2,0.9719559548740071
rand_ZNBK0O39GQ_render_front.jpg,1.0777129468090016,1.2,1.0123669619498292
rand_03VA7ZYYHZ_render_front.jpg,1.0528851114170112,1.2,1.0
rand_B5SPS96G6N_render_front.jpg,1.2803312658701693,1.2,1.0
rand_AAV16Y7J3R_render_front.jpg,1.2568128152967917,0.650461217200293,0.8185112232677673
rand_JH3DO9CLFZ_render_front.jpg,1.069361002955759,1.2,0.8039306879831609
rand_93EBUQZ29E_render_front.jpg,1.094445305343793,2.046787514898737,1.2188808273422347
rand_8Y8GV764GG_render_front.jpg,1.1564115356065698,1.2,0.7255634955899964
rand_9ICOVO6LFD_render_front.jpg,1.05,1.3512964036144988,1.0
rand_XALL3STTWO_render_front.jpg,1.2204554269355823,1.2,1.0
rand_JHW7V6SAMY_render_front.jpg,1.2692328683175158,1.2,1.0
rand_LI6U8MJHW5_render_front.jpg,1.0457985342443137,2.36809021101891,1.5687576236620087
rand_FOMTA7W2NL_render_front.jpg,1.1456007536808144,2.649078910536076,0.781106454036744
rand_G91HQ2ZAQ9_render_front.jpg,1.1404109461544119,1.2,1.0158094247869505
rand_8GQHXF6W88_render_front.jpg,1.1060399334588804,1.2,0.883013664066144
rand_ZCFN3QU73V_render_front.jpg,1.05,1.2,1.0
rand_YFB7MC506A_render_front.jpg,1.05,1.2,1.0
rand_MW61XJ4DD3_render_front.jpg,1.1896669257960144,1.2,1.4223151281632143
rand_C1RTHEPPAK_render_front.jpg,1.1176434001174558,1.2,1.3386471726584426
rand_BX766KUZ6A_render_front.jpg,1.202120300600567,1.2,1.1200249355672083
rand_313PNLEFQR_render_front.jpg,1.0145805601897546,1.2,1.0
rand_L34KBZQR8B_render_front.jpg,1.186598765909726,1.2,1.0
rand_P96XZHPI6A_render_front.jpg,1.0170019224715037,1.2,1.0
rand_OOZ9SLANJY_render_front.jpg,1.2814898890403787,1.2,1.1630642090147805
rand_JXLNO52F0K_render_front.jpg,1.161977359223509,0.5516365750421186,1.1299508902260427
rand_U7BKBILMJ8_render_front.jpg,1.05,1.2,1.0
rand_KZQORFCZYX_render_front.jpg,1.287151725548213,3.090205208217349,1.0
rand_JF7Z0O7K5T_render_front.jpg,1.05,2.9866098504507703,1.0
rand_3UPF6999CY_render_front.jpg,1.046124914173627,1.2,1.0
rand_JBHLQL55PV_render_front.jpg,1.05,1.2,1.0
rand_6K4VQC8DRN_render_front.jpg,1.05,1.2,1.0
rand_DG6Z780K3J_render_front.jpg,1.05,1.2,1.4059021454501992
rand_5LHWEKGT70_render_front.jpg,1.05,1.2,1.0
rand_ABCNLRIJBX_render_front.jpg,1.0046381913839213,1.2,1.3858798511490384
rand_F8EDMMB2V9_render_front.jpg,1.041395862321503,1.2,0.9460159405418082
rand_12QC12TU75_render_front.jpg,1.05,1.2,1.5150634884934053
rand_0CZFZ5YSTY_render_front.jpg,1.05,1.2,0.8030731333370313
rand_DSWI854YJ0_render_front.jpg,1.05,1.2,0.9741670226159928
rand_JREGV6GCKK_render_front.jpg,1.1667355297331052,1.2,0.7598208283662244
rand_SLOVEP7RCA_render_front.jpg,1.05,1.2,1.0886683492678304
rand_DZIEJ2AWVG_render_front.jpg,1.2130617329593893,1.2,0.7110791573616474
rand_84SY75VS9B_render_front.jpg,1.1773188696433758,1.6585750262943502,1.172845282535394
rand_YZ9BSO5JWH_render_front.jpg,1.05,1.2,0.9647882442713788
rand_KQIGP450Z8_render_front.jpg,1.05,1.2,1.0455248381100462
rand_GZZRKWWASM_render_front.jpg,1.2481569448897467,1.2,0.8108968682032552
rand_AB5BL8CKAA_render_front.jpg,1.2841932137086036,1.2,1.0
rand_6T1JN6MPP1_render_front.jpg,1.05,1.2,1.0
rand_P15SZ7TIM0_render_front.jpg,1.2009757392791491,1.2,0.9820193454393146
rand_5AZH65AGBK_render_front.jpg,1.1643684802833643,1.2,1.0
rand_488LHIZ8YO_render_front.jpg,1.077028821684803,1.2,1.440996167228134
rand_FM5EGYTH1D_render_front.jpg,1.1085664401927169,1.2,0.9328713191763432
rand_K3HZBC9J0J_render_front.jpg,1.05,1.2,1.0
rand_H3IU7NILSS_render_front.jpg,1.2757457342389626,1.2,1.1461865206956512
rand_Y0RS6J4L8O_render_front.jpg,1.05,3.0992997162929408,1.5709844540012785
rand_67MYWW0AEK_render_front.jpg,1.131290931047531,1.2,1.0
rand_3V4OSLNV63_render_front.jpg,1.05,1.2,1.0
rand_YB1MCMAH2E_render_front.jpg,1.1982406712434652,1.2,1.150379254076013
rand_TJC5MPH2VR_render_front.jpg,1.0128227724628704,1.2,1.0
rand_XE3T5KTC6C_render_front.jpg,1.05,1.2,1.0
rand_O3E8WJR6M1_render_front.jpg,1.05,1.2,1.0
rand_9K4MVNMNN9_render_front.jpg,1.1417927703074229,1.2,1.5299738801246419
rand_DUWQV9G0UI_render_front.jpg,1.1648318011440268,1.2,1.4743109318559413
rand_3DG3WI18J0_render_front.jpg,1.0883450467354503,1.2,0.9037405607209517
rand_4TVSB2HNTB_render_front.jpg,1.05,2.2900654134936413,1.0
rand_B8WLV2RVU4_render_front.jpg,1.05,1.2,1.5202024620052637
rand_WNU4KVAQG4_render_front.jpg,1.1609114978134243,1.2,0.7522211919014846
rand_AOOKKBR0HM_render_front.jpg,1.1656736651532102,1.286965585736595,1.0
rand_XOMH19N4A5_render_front.jpg,1.0903134184093675,1.2,0.7483678151155118
rand_RZD29IL4DI_render_front.jpg,1.05,1.2,1.273576891322079
rand_JB6PF1RFRR_render_front.jpg,1.0164709368866112,3.0815452251496116,0.9102043322629757
rand_DIBQDUQ7YV_render_front.jpg,1.1949054333117288,1.2,1.0
rand_5WBTCQYR2B_render_front.jpg,1.210544963953506,1.2,1.2479456828596849
rand_DWB0R71UDY_render_front.jpg,1.10195583024203,1.2,0.7715552353500046
rand_NONQ4HQ1X7_render_front.jpg,1.283358259755915,1.2,1.0928308776920586
rand_CM3QENKJAX_render_front.jpg,1.05,1.2,0.7951248492041174
rand_2YK3BLMWEE_render_front.jpg,1.180475125753799,1.2,0.9292682445238369
rand_RTUDPBKMGG_render_front.jpg,1.0233461856622905,2.3207734096079973,1.0
rand_OCJGHDFCDG_render_front.jpg,1.05,1.2,0.8875964275761974
rand_ROUCW9BJX1_render_front.jpg,1.05,1.2,1.0
rand_LYRBWLZAWZ_render_front.jpg,1.024989291006331,1.2,1.0
rand_7Y815PPWP6_render_front.jpg,1.2625771238076022,1.2,1.0
rand_MYD8FTGAHQ_render_front.jpg,1.05,1.2,1.5881707573562607
rand_WSTTZ0U5L4_render_front.jpg,1.0034862447477102,1.2,1.0
rand_GDPYK3R978_render_front.jpg,1.2313216236021216,2.627548327365951,1.0
rand_543GNUXYUW_render_front.jpg,1.1392666917285257,1.2,0.8576303116634875
rand_34MX2PWN68_render_front.jpg,1.05,1.2,1.0
rand_OZ9OG87EZU_render_front.jpg,1.0779273865949968,1.2,1.5596532739077689
rand_MORILQYT6M_render_front.jpg,1.05,1.2,1.0
rand_MDRSSVZOFM_render_front.jpg,1.05,1.2,1.0
rand_KLNKIPETFQ_render_front.jpg,1.05,0.9627583566020993,1.1272997490741699
rand_MUVKSW0RFO_render_front.jpg,1.05,1.2,1.1775769986886726
rand_N5QIMGYIVV_render_front.jpg,1.05,1.3497655639215873,1.0
rand_0BYYF4ET0T_render_front.jpg,1.247692146514763,1.2,1.062207148628096
rand_VSJ7LK5TUB_render_front.jpg,1.2882419438198356,1.2,1.0
rand_RDB665EA5S_render_front.jpg,1.05,1.2,0.9433627562714582
rand_GL2SEG8TD1_render_front.jpg,1.05,0.5176779305159118,1.0
rand_4GW1RT7ZVY_render_front.jpg,1.0879041970655863,1.2,1.0
rand_PFLF5AMK7Y_render_front.jpg,1.1648580832477324,0.9478253694720304,0.8537288603842439
rand_6V04J0GEO6_render_front.jpg,1.05,1.2,1.0
rand_J73FR93CNT_render_front.jpg,1.05,1.2331487866882282,1.3508540609334037
rand_NARZHAX4TP_render_front.jpg,1.0606725672812565,1.2,1.4337812961045722
rand_182E5ECH53_render_front.jpg,1.05,1.2,0.8552346434932365
rand_8MPHIILDLN_render_front.jpg,1.0497085158599964,2.2072486971388487,1.3003331257282091
rand_MYJW8ORUXO_render_front.jpg,1.2703015445067778,1.2,1.2815215394811306
rand_NTK16Z3Y10_render_front.jpg,1.2737124153824735,1.2,0.7299348780423539
rand_OE27GCR9B9_render_front.jpg,1.05,1.2,1.0
rand_75XLQL73JN_render_front.jpg,1.2197816419370207,1.2,0.9529273337730725
rand_FB3J6XXE5S_render_front.jpg,1.2258710622311948,1.2,0.871450530382978
rand_4OFTR2Q4TD_render_front.jpg,1.0928031521705754,1.2,1.156017223540469
rand_G5WSRCD4C7_render_front.jpg,1.0414648741138413,1.2,1.575103377769841
rand_67NEXPPJ96_render_front.jpg,1.289843212614814,1.9151285895552126,1.4329699628369803
rand_KXY5PVTBZO_render_front.jpg,1.1505266849193776,1.2,1.0
rand_5VPR5KPMZI_render_front.jpg,1.2383805706096793,1.2,1.0
rand_P5EDQ6FH4E_render_front.jpg,1.174861463824722,1.0658745894120512,0.8918681821358853
rand_C27HQAEIG0_render_front.jpg,1.2845978925454116,1.2,1.0
rand_FAOA596NA6_render_front.jpg,1.0598640348129629,1.2,1.0
rand_D51MCA3PRS_render_front.jpg,1.1606498246831167,1.3708600391934076,1.3203271637262908
rand_ONWA8H84KP_render_front.jpg,1.05,1.1270171581275577,1.4750087772878193
rand_3BL69R6AOD_render_front.jpg,1.1092224774482278,3.3618819012123557,1.0
rand_CCCUHBOTLL_render_front.jpg,1.2918975501915042,1.2,1.1665654735126894
rand_AGPSRU8LPQ_render_front.jpg,1.05,1.2,1.0
rand_GELNTHKOI1_render_front.jpg,1.2426250016266744,1.2,1.0920529562799097
rand_A19QJE19JJ_render_front.jpg,1.0971540590178586,1.2,0.7878400381054163
rand_NOGUF3JFNO_render_front.jpg,1.05,2.9300703502377043,1.3677886861689168
rand_Y5F5HU29JL_render_front.jpg,1.1008548137777796,1.9779143330718698,0.8856579925653854
rand_JU2B4V4Y60_render_front.jpg,1.0079671153835723,1.2,1.0
rand_30ILHRBT4Z_render_front.jpg,1.2558343592232097,3.2942149716176985,1.4392915145524054
rand_28T397A12V_render_front.jpg,1.2906669409809561,1.2,1.1108390710236846
rand_47XXKGSCCO_render_front.jpg,1.104158156907345,1.2,0.9084318620639368
rand_JDHD83Q2EH_render_front.jpg,1.05,2.000411368506402,0.7525057980307172
rand_YNFM2OGGRK_render_front.jpg,1.241178446887272,1.2,0.8242485755377871
rand_SZ0NQ0LLYK_render_front.jpg,1.05,0.7068324657878726,1.3981463749598202
rand_FZYAG21I4Q_render_front.jpg,1.0169577617062804,1.2,0.8343578496092876
rand_1PFSHHX6HB_render_front.jpg,1.1258717847135522,1.2,1.0
rand_EDMFSA9KJG_render_front.jpg,1.05,1.2,0.9272446558187866
rand_MHT8CYTJUP_render_front.jpg,1.0654476629906813,1.2,1.0
rand_H7T4UDB3NK_render_front.jpg,1.1040608959741594,1.2,1.3811711181100284
rand_UYGLITH8N3_render_front.jpg,1.05,1.2,1.040750879867792
rand_AUXKX9XQF8_render_front.jpg,1.0567088349523357,1.2,1.3897951318345583
rand_WL8WBCNTFH_render_front.jpg,1.1324817668213951,2.051451344820378,1.3992074250520448
rand_EHNZCPR7T1_render_front.jpg,1.05,1.2,1.0
rand_YSHG68P1TV_render_front.jpg,1.05,1.2,1.0
rand_2QCQUZPLFK_render_front.jpg,1.2642802870821557,1.2,1.0
rand_FGZI4DPIHN_render_front.jpg,1.0366718950237699,1.2,1.0
rand_AZHWS951Q0_render_front.jpg,1.05,2.6108705735449735,1.0
rand_SZN2BD1VBW_render_front.jpg,1.2679157101198562,2.9458105273173354,1.0
rand_SVUCY3YLRE_render_front.jpg,1.0138003504754416,1.2,1.220161363827292
rand_1XYCI6SPUI_render_front.jpg,1.0665436236470969,1.2,1.0
rand_2SPQL57DVX_render_front.jpg,1.05,1.2,1.2266041251717823
rand_I40VVS2V97_render_front.jpg,1.186738683838269,1.2,1.0
rand_PEFJI8FNUY_render_front.jpg,1.031988350719282,1.2,1.5307634671482664
rand_5XCIXHIOID_render_front.jpg,1.1642213160846802,1.2,1.443061442473471
rand_TBYTRE01NH_render_front.jpg,1.0133626198549268,1.2,1.5911485946493746
rand_3CFTQAEPKH_render_front.jpg,1.05,1.2,0.9052614588002342
rand_7PIGHYNRHV_render_front.jpg,1.156653614459037,1.2,0.7702926348269967
rand_OB7Z78HDIP_render_front.jpg,1.2545286264428772,1.2,1.1752275505881937
rand_NBHAQOX3O7_render_front.jpg,1.05,1.2,1.2498768672556244
rand_9HPURHGZX6_render_front.jpg,1.1515131662863938,0.9720078074196741,1.0
rand_E6RY88JPSV_render_front.jpg,1.05,2.3390774726254273,1.0
rand_OG17KCEUQU_render_front.jpg,1.1731926082232362,3.037004990462342,1.3551006473187357
rand_AB06OSARF2_render_front.jpg,1.05,1.2,1.0
rand_5OOEYTOD3W_render_front.jpg,1.2030430247314226,1.2,0.9883009294638786
rand_OJ56TZJ0PA_render_front.jpg,1.05,1.2,0.9089016336497369
rand_YYRHT0MYZS_render_front.jpg,1.0436852931119507,1.2,1.4293101844590494
rand_18FIVQX1WS_render_front.jpg,1.0285814452636732,1.2,1.0596827829348305
rand_JQ53V4RI97_render_front.jpg,1.05,1.2,1.0
rand_JZC6RG7BYB_render_front.jpg,1.05,1.2,1.0510030021221735
rand_RLJSNLDXQX_render_front.jpg,1.1898979682187232,1.2,1.254428296479281
rand_0A6EZQVATK_render_front.jpg,1.05,1.8735066738318764,1.0
rand_OFV4KNU9UD_render_front.jpg,1.0370237977597405,1.2,1.3158950867209058
rand_BEGGUY96DL_render_front.jpg,1.05,1.2,1.0
rand_D2B1PCXQX7_render_front.jpg,1.1744712002969866,1.2,0.7919374453718905
rand_OBK77NVXJV_render_front.jpg,1.05,1.2,1.3954735699920562
rand_P61WH9ZW6F_render_front.jpg,1.05,1.2,1.2595233209520176
rand_XESMQ2GQMZ_render_front.jpg,1.05,1.2,0.9053987871457986
rand_U5UPQS98MP_render_front.jpg,1.2520602263141793,2.4630821276580654,1.4248811375676698
rand_ZWAMNK1KCK_render_front.jpg,1.2772995734609607,2.9202068121539786,1.0
rand_84F7MO2RD9_render_front.jpg,1.0542191198626272,1.2,1.0
rand_EKSI94KE6N_render_front.jpg,1.1700369235468955,1.2,0.7420004524785745
rand_NLXP5CH6NT_render_front.jpg,1.05,1.2,1.583928997277933
rand_125AEM45MO_render_front.jpg,1.142835070663947,1.2,1.0
rand_PPX61HABMD_render_front.jpg,1.2990890134656201,1.2,1.036351044829924
rand_GAQXC0DFR1_render_front.jpg,1.05,1.2,1.0403080178254587
rand_0RCJ3KAAMF_render_front.jpg,1.0739067662970077,1.2,1.0
rand_NQVLJCBJV1_render_front.jpg,1.0389013257291968,1.2,1.0
rand_XR3BSYE4JW_render_front.jpg,1.05,1.2,1.0
rand_55ON7OBAT6_render_front.jpg,1.0679270677218065,0.8133898162142731,1.4239659207870106
rand_5FCSGI0MRC_render_front.jpg,1.05,1.2,1.5670807941767397
rand_J0LGJ3VQI4_render_front.jpg,1.05,1.8724052724979332,1.0
rand_2IOVWQGJNP_render_front.jpg,1.05,1.2,1.208081685200828
rand_P2B1USR60N_render_front.jpg,1.05,1.2,1.2749468361361833
rand_18GU2GADHJ_render_front.jpg,1.0189654158648191,2.8097516907883096,0.8465887914508705
rand_0LNJQEWROQ_render_front.jpg,1.1126153179949667,1.3977218578214312,1.1930411258494462
rand_2FND0XM5IU_render_front.jpg,1.2942642117250909,1.2,1.0
rand_7L0BMWQFA4_render_front.jpg,1.0403196786949989,1.2,1.0
rand_QQX9GYVVTN_render_front.jpg,1.05,1.2,0.9796413019411165
rand_RLLIJ31NHA_render_front.jpg,1.0357224146665855,1.2,1.204838221737187
rand_GDTGI3LPN8_render_front.jpg,1.2050642915856582,1.2,1.512554045118204
rand_SHN98G56C5_render_front.jpg,1.05,1.2,1.4762928889753772
rand_2CCCFHC6CM_render_front.jpg,1.2871206585503037,1.4258686877186117,1.0
rand_RCJJVZ1Y5K_render_front.jpg,1.1237404082165552,1.2,1.0
rand_H7G8CN35FD_render_front.jpg,1.05,1.2,0.9955748403912562
rand_0ILCE4RBCG_render_front.jpg,1.05,1.2,1.5276683003135374
rand_TL6OSG9ZXU_render_front.jpg,1.05,1.9137694444186844,1.0976102831729255
rand_1H2R2PGFTC_render_front.jpg,1.0000784372752372,1.2,1.455875733092749
rand_OOALD0OKL4_render_front.jpg,1.2998702255168093,1.2,1.0
rand_VRUQAXCQ23_render_front.jpg,1.05,1.2,1.0
rand_ZV4RUHM0X6_render_front.jpg,1.1183762868956892,1.2,1.3727508457420052
rand_Y7MOKFW3IC_render_front.jpg,1.061731979106155,1.2,1.0
rand_UQXF4CJT39_render_front.jpg,1.05,1.2,1.0
rand_3KY6DUGC36_render_front.jpg,1.05,1.2,1.1859332464071362
rand_P1L07W84MA_render_front.jpg,1.2923518023837914,2.548764589762521,1.0
rand_OGYRM9HAV0_render_front.jpg,1.05,1.2,1.1400412405083842
rand_ICR79SSFME_render_front.jpg,1.2363022472421947,1.2,1.4113001448131404
rand_T62ZXGZTR0_render_front.jpg,1.05,1.2,1.2453981970956733
rand_PEQZAX9F9H_render_front.jpg,1.011385935359859,2.0812143383089623,1.0
rand_T6AKI6C9SO_render_front.jpg,1.205995528577413,1.2,1.3560331920888826
rand_LNFBQC3TI5_render_front.jpg,1.1656347413782857,1.2,1.0
rand_OLVSBMGNZ0_render_front.jpg,1.05,2.590077980539156,1.0
rand_52HWDMP88Q_render_front.jpg,1.05,1.2,0.7409781994196983
rand_OOU0PY537C_render_front.jpg,1.05,1.2,0.8081117407498984
rand_HVUXN4N586_render_front.jpg,1.05,1.2,1.326227444626015
rand_A6QDJYMRUI_render_front.jpg,1.276003239089874,1.2,1.0
rand_J8QMPEHICF_render_front.jpg,1.05,1.9858888759369298,1.0
rand_VYPNFVMG0L_render_front.jpg,1.05,1.2,0.7515181812115524
rand_EQCQEMX5I1_render_front.jpg,1.0754457579601093,1.2,1.2079210970989136
rand_7SU8KTXKEV_render_front.jpg,1.1455235947908682,1.2,1.0
rand_4104BNJZ5O_render_front.jpg,1.05,1.2,1.0
rand_UEW1A9MTWJ_render_front.jpg,1.05,1.2,1.5181236235498017
rand_IMYIMXC00P_render_front.jpg,1.0513984088506356,1.2,1.504889754429157
rand_X1GOLCKQT5_render_front.jpg,1.05,1.3416776704433735,0.9244836933956342
rand_WRK67EX6S6_render_front.jpg,1.05,1.2,1.4479288490913795
rand_LRLG8Y643Y_render_front.jpg,1.2408328534497128,1.2,1.0
rand_D3W83DHV26_render_front.jpg,1.2234248028651438,1.2,1.1155419246162088
rand_ODD9L7MA2P_render_front.jpg,1.05,1.2,1.0724983223956848
rand_A59V8B2QAV_render_front.jpg,1.297894174572098,0.7019844398004479,1.0
rand_3DV2TP1VB8_render_front.jpg,1.2775697250654754,1.2,1.145615609889859
rand_UAJEC6B3GM_render_front.jpg,1.05,1.2,1.2237382374384755
rand_BLM6Y8WI1R_render_front.jpg,1.234936028165879,3.1221426275934396,1.0497212978239312
rand_A16ZJ4Q917_render_front.jpg,1.1844812040290562,0.5500430262760632,1.4264636419607595
rand_8CWSMFZUPY_render_front.jpg,1.05,1.2,1.0
rand_72PKKZ7KQO_render_front.jpg,1.0981002863971736,1.2,1.0
rand_6VRZU3AZU1_render_front.jpg,1.2459143362395408,1.2,0.8012054837113683
rand_4FTJVAOOXW_render_front.jpg,1.0766347815301653,1.2,1.2660748267309407
rand_MZ86NI2U8M_render_front.jpg,1.088915212910838,2.7622237352324372,1.0
rand_ONX4055Z3P_render_front.jpg,1.18292287309916,1.2,0.7515867285186916
rand_ID0XXOHG7D_render_front.jpg,1.160401953280524,1.2,0.8651956448072456
rand_63ZC07PQTP_render_front.jpg,1.2822238359441693,2.396731056810699,1.0913160441736505
rand_2Q30IIICNE_render_front.jpg,1.138222830018233,1.2,1.0
rand_LV1P7WRUTP_render_front.jpg,1.1748998504072485,1.2,1.0
rand_CWQXB7I2YM_render_front.jpg,1.1342048862216072,1.2,1.0
rand_6OVB44A996_render_front.jpg,1.1547883715496796,1.2,1.2616760939277012
rand_DIJ9HE6OZD_render_front.jpg,1.05,1.2,1.3837063213825846
rand_X32ISKUEHN_render_front.jpg,1.05,1.2,0.8084192985864407
rand_9D87B5F7XY_render_front.jpg,1.05,1.2,1.0
rand_DZVB9BOO30_render_front.jpg,1.1579118164517561,1.2,1.5631182443840783
rand_N767LQR3N8_render_front.jpg,1.05,1.2,1.1232281390288992
rand_GQ7KTZI1QX_render_front.jpg,1.0818578423590728,1.2,1.0
rand_9LEHV4ODST_render_front.jpg,1.1156596319303667,2.8545898409192314,1.0323291584326553
rand_05TEHN2CKS_render_front.jpg,1.1797907210300689,1.2,0.8170611529241917
rand_WBNTH56ZO3_render_front.jpg,1.0471912353432422,1.2,1.0212729887658598
rand_PTOX1R5L9Q_render_front.jpg,1.0085359770181332,1.2,1.0
rand_LUN3321IWI_render_front.jpg,1.05,1.2,0.840034292277981
rand_4GQXDPSCGI_render_front.jpg,1.1008461792263968,2.5542014133333057,0.7872482501851545
rand_VZDBUZC6ZH_render_front.jpg,1.05,1.2,1.4240884042776465
rand_CPY5QU0KDM_render_front.jpg,1.05,1.2,0.9974767058540961
rand_GNXSMM981R_render_front.jpg,1.0783867832228962,2.1115296515066593,1.4511264237766592
rand_PF1QTRC837_render_front.jpg,1.2563493706510727,1.2,1.4282205901786609
rand_MEALY329TM_render_front.jpg,1.151535279918403,2.753272166483303,1.0698375916648166
rand_MPMLNGI49K_render_front.jpg,1.1749109624913237,2.493025676826414,1.1721231235105036
rand_QRB4W9YYSM_render_front.jpg,1.1542642522070814,1.2,1.1339758379240785
rand_A4ZIASGXLT_render_front.jpg,1.0241403712823116,1.2,0.7384344857413753
rand_M1ML0VV2QP_render_front.jpg,1.1743273609350926,1.2,0.9248138973412366
rand_V1LS41H3SP_render_front.jpg,1.05,1.2,1.3056734741226705
rand_L9GX1XVCUL_render_front.jpg,1.0898948143690237,2.2151095325154335,1.2795724649453102
rand_V8B20T9JR5_render_front.jpg,1.10962629276954,1.2,1.095191682805768
rand_JM0QU12JBT_render_front.jpg,1.286090831798599,1.2,1.0
rand_RGF9Q3NI23_render_front.jpg,1.1589525458255774,1.2,1.0
rand_DQ8BLZ3XUV_render_front.jpg,1.05,1.2,0.7743151001112409
rand_UNKWIGUTX9_render_front.jpg,1.2058449208605313,2.8333564612389393,1.0
rand_NIVSN4DWDN_render_front.jpg,1.1752360731132971,1.8485233297639883,0.7387739300401294
rand_ACOMY9IYTQ_render_front.jpg,1.1793379704254974,1.2,1.0
rand_QIEL35CT2Y_render_front.jpg,1.194007521289783,0.9024900745778521,1.493125066510778
rand_UZ1UNRR141_render_front.jpg,1.1293187668913676,1.2,1.211144360105746
rand_PCBBHRGUMA_render_front.jpg,1.0316716495906735,1.2,1.0992851827608003
rand_3T2IO849QH_render_front.jpg,1.05,1.2,1.3034902090477003
rand_CTGHU7VZZT_render_front.jpg,1.1610214714861669,1.2,1.0
rand_K9PZNTKM17_render_front.jpg,1.0021482421198833,2.204748180946085,1.0
rand_95PWEPL8SZ_render_front.jpg,1.05,3.036950099592399,1.0
rand_KZ9BKAMFJQ_render_front.jpg,1.05,1.2,1.1845615633933368
rand_2J3UOGEKR6_render_front.jpg,1.1795754672612777,1.2,1.0443789998104114
rand_JWM8V8O4GE_render_front.jpg,1.208768987645223,1.2,1.306789378918026
rand_CE9BDC6YWP_render_front.jpg,1.05,1.2,0.8495309270474573
rand_2E443L77XZ_render_front.jpg,1.2042580053408893,1.0019509874115389,1.0
rand_3Y8OTNYDDG_render_front.jpg,1.1818209570515261,1.4641059830115317,1.0485483006124567
rand_KMBQJ3ZLWF_render_front.jpg,1.0381256155746266,1.2,1.0
rand_MOI445B9LY_render_front.jpg,1.1463741437818649,3.2251357511220204,1.4338756762185376
rand_NRRTYNZZLW_render_front.jpg,1.05,1.2,0.9188465833496897
rand_NCPFIOQYW4_render_front.jpg,1.2464028175891757,2.4186762083154543,1.0
rand_Z8NV4WNIPE_render_front.jpg,1.1671305022569136,1.7452958072381017,1.1297087975246893
rand_2QIQRNL2BL_render_front.jpg,1.0379402248445222,3.2124166881382825,1.5418084271892627
rand_J6PFXRZX62_render_front.jpg,1.05,1.2,0.7041613377706301
rand_C40ML5U13Y_render_front.jpg,1.0398315708091905,1.2,0.8572291980764187
rand_XL8XNPANI3_render_front.jpg,1.0384752781727196,1.2,0.9584396725844067
rand_ZH77B4LAMU_render_front.jpg,1.2030833538010988,1.2,1.0
rand_2AB3B4YP5E_render_front.jpg,1.0663445950360044,1.2,1.0
rand_IEBJ6XMK1S_render_front.jpg,1.05,1.2,1.0
rand_8Q5G2N95KP_render_front.jpg,1.05,2.0327279566987992,0.828416658950706
rand_WYX7W2RTFB_render_front.jpg,1.05,1.2,1.264756578544647
rand_WVOZX0HURP_render_front.jpg,1.05,2.4863636420804696,1.0
rand_G3J1K24Z7I_render_front.jpg,1.1250720285189744,1.6070266905723976,0.9665167239887215
rand_RG3HCQ7HGU_render_front.jpg,1.05,1.2,0.7041412119470756
rand_HQRZUEBI5Q_render_front.jpg,1.05,1.2,1.0
rand_FZUPF53INA_render_front.jpg,1.1520118557363286,1.2,1.0
rand_Q0NG4NXROV_render_front.jpg,1.05,1.2,1.0
rand_OJSEF39X5B_render_front.jpg,1.05,1.2,1.0
rand_AI8KXDS7ZK_render_front.jpg,1.05,1.2,1.0
rand_1JHH55RUHX_render_front.jpg,1.1130773053085639,1.2,1.0
rand_U5YESGRCXH_render_front.jpg,1.05,1.2,1.0085636149701085
rand_TWXKPN4D5H_render_front.jpg,1.05,1.2,1.4351717750375264
rand_24LNDZK1TM_render_front.jpg,1.1987081320714246,1.2,1.4267485802995477
rand_MQFQHZ2C0C_render_front.jpg,1.0488985869494616,1.2,1.0
rand_8NP99O8N39_render_front.jpg,1.1522944221690217,1.2,1.2807670169499392
rand_CQ5BSVODE5_render_front.jpg,1.05,1.2,1.1663324820768683
rand_ECZLZGM06E_render_front.jpg,1.0259122986231057,1.460391360120335,0.9637776239484442
rand_RRM2RTEHKD_render_front.jpg,1.05,1.2,1.0
rand_ZYQ71SZ60N_render_front.jpg,1.061593900061451,0.7070191386466916,1.2543611828752668
rand_99XJ8Y5YQN_render_front.jpg,1.05,0.7620048292463439,1.5777891988612924
rand_UAFGTDDPU1_render_front.jpg,1.05,1.2,0.9943054597924822
rand_WS4IPMOIBZ_render_front.jpg,1.1474910797912266,1.2,1.0
rand_JZF1NUJLSW_render_front.jpg,1.2295308912388379,1.2,1.5513490482007954
rand_EPNY2V7YAD_render_front.jpg,1.05,1.2,1.3028711296969953
rand_JUSPG9EV0V_render_front.jpg,1.2696956976830895,1.2,1.4119053429132733
rand_RZWNT4YS0K_render_front.jpg,1.05,1.2,0.832593387072274
rand_WDJO1L4P55_render_front.jpg,1.05,2.31361078251645,1.1141293332718087
rand_X3SHZW7I86_render_front.jpg,1.0441489948271083,1.2,0.9532721372187887
rand_Q2OTSTAZ84_render_front.jpg,1.106658581042111,0.5294039844471963,1.0
rand_KIMK1C5GVQ_render_front.jpg,1.2842739871308637,1.2,1.0
rand_0KWOF4K3PW_render_front.jpg,1.05,1.070419004111904,1.0
rand_G78KVPZB0W_render_front.jpg,1.05,1.2,0.7370537881741475
rand_GMSLZXQMDK_render_front.jpg,1.1212531687787435,1.2,1.4461472186492235
rand_8A2HPHT43Y_render_front.jpg,1.051523699711439,1.2,1.1189202598461476
rand_C8NQ8X24LI_render_front.jpg,1.19956093418793,1.2,1.462368519927262
rand_1ZPIRK2XNQ_render_front.jpg,1.0621742691447356,1.2,1.4669903773301773
rand_JJQ7HDO9FS_render_front.jpg,1.05,1.2,1.0
rand_WTGHP0HZE2_render_front.jpg,1.05,1.2,0.7064871737067051
rand_9M73T7RFM0_render_front.jpg,1.2436621516317674,1.2,1.0
rand_HOABXNV9IS_render_front.jpg,1.0976126479395727,1.2,0.9590528567799012
rand_3LB6N6HXAQ_render_front.jpg,1.05,2.6167681085898735,0.9130553836612628
rand_6UWIK3E1WF_render_front.jpg,1.05,1.2,1.5482327205948825
rand_NT7MEYKOCC_render_front.jpg,1.1475643503020951,1.2,1.1346465832973442
rand_OUUE94DW16_render_front.jpg,1.275662697123488,1.2,1.0
rand_F6K3FN2YO4_render_front.jpg,1.05,1.2,1.0
rand_8S7QKKNAA0_render_front.jpg,1.05,3.114937533837703,1.0
rand_O33CD8RB1S_render_front.jpg,1.05,1.2,1.5588212101403864
rand_SYECDZLYBT_render_front.jpg,1.067257215253378,1.2,0.9107246389598451
rand_23BLKKML24_render_front.jpg,1.05,1.2,1.0
rand_6IP7FE5D2X_render_front.jpg,1.0103752383697757,1.2,1.0
rand_T4X01GUTBI_render_front.jpg,1.137058846497339,2.4928803529095154,1.5506001134089697
rand_DRX77EXMI4_render_front.jpg,1.05,1.2,1.4510239227732897
rand_P9IGTWYE8J_render_front.jpg,1.2340982266439053,2.1012888184010605,1.4976260438203017
rand_22HS9D1W83_render_front.jpg,1.1316055415657087,1.2,1.0
rand_AWYJLL5JJS_render_front.jpg,1.1360252992765156,1.0792431047710704,1.5656637631794255
rand_ZWAY9M1IUW_render_front.jpg,1.1877796560802343,1.2,1.0
rand_ASGA6837II_render_front.jpg,1.05,1.2,1.2484354178581558
rand_249PILOD2G_render_front.jpg,1.2677929558569752,3.2999437916911765,1.0
rand_3E09L1CVT7_render_front.jpg,1.1729542062924225,2.9883444058078057,1.074834585696278
rand_IORUF5PJ7M_render_front.jpg,1.05,1.2,0.9908591021498054
rand_NYGRTILO8N_render_front.jpg,1.05,1.2,1.2318664509661903
rand_U07ECK07FN_render_front.jpg,1.0558185562839602,3.005601946720353,1.0958585436467212
rand_LUBK50GGI8_render_front.jpg,1.0825638844198924,1.2,1.5783729226287542
rand_LDRM8LXNCX_render_front.jpg,1.05,1.2,1.0
rand_XC86EUUGM9_render_front.jpg,1.1219413556457356,1.2,1.0
rand_VISH6RBGAP_render_front.jpg,1.2553319980287911,1.2,1.4677771863897768
rand_4KVH89DU2L_render_front.jpg,1.2784799214171847,1.2,1.0
rand_Y5HBM0KSDQ_render_front.jpg,1.067757817529639,2.230665531882307,1.5678294515369777
rand_OKMMS73DTF_render_front.jpg,1.2019467024738832,1.2,0.9438454902797181
rand_99YLZZGB6N_render_front.jpg,1.05,1.2,1.0
rand_UFEA6B9UD6_render_front.jpg,1.0479617787487596,1.2,1.2444936479695725
rand_KYQ5W496HA_render_front.jpg,1.09779431101108,1.9106312018629652,0.8359038146442049
rand_5PO6W0PPAY_render_front.jpg,1.05,1.2,1.0
rand_485J9YNDZM_render_front.jpg,1.1830872846231335,1.2,1.2855258838570052
rand_BRQYZFUM9Y_render_front.jpg,1.05,1.2,0.9234048821449639
rand_IVHBEM6R6S_render_front.jpg,1.0184776810094653,1.2,0.749542849223707
rand_9BYIMYD1SB_render_front.jpg,1.2462359338341291,1.2,0.86365827222278
rand_TLK86RFRI8_render_front.jpg,1.0236305969434443,1.2,0.7649465220131192
rand_TFFE71624T_render_front.jpg,1.05,1.5324672841444467,0.8897419537779667
rand_F7KK2KFKPK_render_front.jpg,1.2754287916423612,1.2,0.8654104608602217
rand_9V6WTGC8AH_render_front.jpg,1.05,1.2,1.023900198729265
rand_430UTB6MOA_render_front.jpg,1.05,1.2,1.4058286941537723
rand_PSNA1DWSTM_render_front.jpg,1.1682380988248666,2.2207949365214543,1.5587412697284497
rand_Y5Q4CYSDXJ_render_front.jpg,1.1610094982252117,1.2,1.4332258045877035
rand_CZ2I883VQW_render_front.jpg,1.05,3.223074249319497,1.0
rand_M5U4UAQ2LD_render_front.jpg,1.243302873532814,1.2,1.259013781970872
rand_R0NW40D6MG_render_front.jpg,1.1257528659097045,1.2,1.588544947569832
rand_6DCP0UAOZL_render_front.jpg,1.05,1.2,1.0
rand_B32KOAGHI0_render_front.jpg,1.05,1.816323567438081,1.0
rand_2GSLQXHGP8_render_front.jpg,1.2451810331551572,2.444208738231076,1.0
rand_KW83H9ZGDN_render_front.jpg,1.0181423658572069,1.2,1.4875959284999785
rand_QO00MLQFNK_render_front.jpg,1.2832986286307277,1.2,1.0
rand_64QEJ9XK5J_render_front.jpg,1.2636239142772157,1.2,1.3990640739075142
rand_UDH4ZEBLTK_render_front.jpg,1.211962836544056,1.2,1.004840931005703
rand_HDJIJCW8QZ_render_front.jpg,1.0897521219244284,1.2,1.0
rand_493ROAS33C_render_front.jpg,1.1573401265678143,0.7762590915742893,1.0
rand_72LASZW93A_render_front.jpg,1.0455899473032906,1.2,1.0
rand_C79ZB2FQU7_render_front.jpg,1.0695778886033342,1.4119347020355169,1.0
rand_8IQGZFG6P3_render_front.jpg,1.1879125487100832,2.3181529953309443,1.3134460443905192
rand_I14OWT2XIU_render_front.jpg,1.2660844448755948,1.2,1.0
rand_KS1UB76FUF_render_front.jpg,1.2792142094527381,1.211050477449652,1.0
rand_50TUUFWQ5D_render_front.jpg,1.05,1.2,1.0
rand_AKBI2OR18M_render_front.jpg,1.05,1.2,1.0
rand_4PJPEGAYOE_render_front.jpg,1.05,1.2,1.2051262543357317
rand_CL48THYSPN_render_front.jpg,1.05,1.2,1.0
rand_1XHYW3WQLI_render_front.jpg,1.1982217863593243,1.2,1.4259571531906508
rand_TGN3EIQZHZ_render_front.jpg,1.05,3.182808874856098,1.0
rand_LOD3NZVIJ2_render_front.jpg,1.0086816137069048,1.2,1.2648551402856687
rand_0GV8HQME58_render_front.jpg,1.2257227784908549,1.2,1.0
rand_3I08EKHVFP_render_front.jpg,1.1282270981050013,2.5081529545079824,1.1144760573172139
rand_SEAO1D05OT_render_front.jpg,1.05,0.8409800995124396,1.0
rand_24C0WR5YIG_render_front.jpg,1.0385336337884408,1.2,1.0
rand_2B7W3QNDBE_render_front.jpg,1.0154370682962857,1.2,1.425290741291659
rand_C93S32KZBX_render_front.jpg,1.2539427910716148,1.2,1.493250092750236
rand_ZQAGQ2KBIG_render_front.jpg,1.214291994485593,2.0009349336250595,1.072523197446636
rand_MW92E3WRLU_render_front.jpg,1.2157894478599083,2.158561268350546,1.0096027394920968
rand_GQTIKUMV3B_render_front.jpg,1.2993591976956511,1.2,1.2421014808582491
rand_EOHPTOIN8N_render_front.jpg,1.05,2.1437951988558854,1.386808447800857
rand_3DGGUPQLKL_render_front.jpg,1.1400664218114582,3.412678212769003,1.0
rand_4IPL5PFBM7_render_front.jpg,1.1950420620330502,1.2,1.0926833954474424
rand_ZIPP5BU7O0_render_front.jpg,1.05,2.663384826973788,1.5314707433167944
rand_NLDBU370ZN_render_front.jpg,1.0655146995182132,1.291026511502194,1.0
rand_8KLA23O853_render_front.jpg,1.042548872863086,1.2,1.4188007516374013
rand_49LBT1FE8X_render_front.jpg,1.034214436826968,1.2,1.0
rand_H5ZVJEEP4W_render_front.jpg,1.1274401778614018,1.2,1.0
rand_QPTLOPER6M_render_front.jpg,1.186476231311421,0.6757303387585983,1.2871002816970942
rand_HHY5RSRFXG_render_front.jpg,1.1966492093332552,2.766420855564955,1.0
rand_ORB3LSYM4X_render_front.jpg,1.2416330208688402,1.2,1.2590758943490847
rand_WL5Q8YBDXQ_render_front.jpg,1.05,0.7916922016165149,1.2934913145807827
rand_JJJJHJ89JA_render_front.jpg,1.05,1.2,1.4866024871696892
rand_HA49UIFNCH_render_front.jpg,1.222149191286629,1.2,1.0
rand_9LYDZYM0FB_render_front.jpg,1.2433971267572246,1.2,1.5518593676808288
rand_RESZJX89F2_render_front.jpg,1.05,1.2,1.3094777266638515
rand_5904JGEEUK_render_front.jpg,1.2491871313972376,2.185189140524487,1.0
rand_6TPO2AM9GV_render_front.jpg,1.0069560350835787,1.7156951134560354,1.0
rand_6R7VMXUJBR_render_front.jpg,1.05,1.2,1.0
rand_TQ1T1SMVXJ_render_front.jpg,1.2956823711754728,1.4653892631233798,1.0
rand_LRKYI0CU53_render_front.jpg,1.2309135636261614,1.2,0.8598043029296442
rand_Q3032XYCKQ_render_front.jpg,1.148602353550489,1.2,1.1811214296448393
rand_XDR5D9IFKB_render_front.jpg,1.1853490336096664,1.2,0.9917506498326711
rand_CBFKE3WT4H_render_front.jpg,1.05,1.2,1.3914217055747131
rand_FIPT4BJS2F_render_front.jpg,1.05,1.2,0.7005444063948357
rand_OJNHGTPGU3_render_front.jpg,1.1079361544557298,1.2,0.8364585232856313
rand_X3A1LIBIBK_render_front.jpg,1.271891470380158,1.2,1.0
rand_GMCH5D830L_render_front.jpg,1.05,1.2,1.0
rand_367195B03L_render_front.jpg,1.1380051831629239,0.994266596759439,1.0
rand_XG07JQ26FM_render_front.jpg,1.1131578559786084,1.0318046208789662,1.2651945963397089
rand_WYRW4YC0ZH_render_front.jpg,1.05,2.121156709371573,1.0
rand_WT8FRNLQ1K_render_front.jpg,1.0874545087737795,1.2,1.0
rand_E4KWAFH6KS_render_front.jpg,1.2029955565621746,1.2,0.8706392154589891
rand_XWKNLIIEFS_render_front.jpg,1.05,1.3818854192900538,1.1495392789155445
rand_RJW59ZHYUY_render_front.jpg,1.05,0.5809319252207881,1.2636474220360556
rand_INPXSJP9F1_render_front.jpg,1.271638036921651,1.2,1.3355106724094374
rand_VM1667Y41X_render_front.jpg,1.05,1.2,1.360701517116992
rand_KE7GYW0MGD_render_front.jpg,1.201945706262434,1.2,0.9091192311705809
rand_J921UUO05F_render_front.jpg,1.19284476218525,1.2,0.7513109692281079
rand_28AJPR6XTM_render_front.jpg,1.1977382202881335,1.2,1.595467979962958
rand_166TVX8TI3_render_front.jpg,1.05,3.4048986620199955,0.7215974728304847
rand_RCKDDDSBIA_render_front.jpg,1.2861726112621272,1.2,0.709975007272491
rand_3D5WGR1NHO_render_front.jpg,1.148815159321408,3.297244954174345,1.0283296456022888
rand_1I3YGU31K3_render_front.jpg,1.05,1.2,1.0
rand_WPVFALZT2H_render_front.jpg,1.0436711939542551,1.394880981876605,1.0
rand_7KLCX4UIO8_render_front.jpg,1.28382254925385,1.2,1.0
rand_4P0XNB42CN_render_front.jpg,1.2423601684542955,1.2,1.3237429235188432
rand_ZQNFVIHN18_render_front.jpg,1.05,1.0327351605744264,1.0
rand_63W1PX3FN3_render_front.jpg,1.1312334620778273,1.2,1.0
rand_V81RLQH7XB_render_front.jpg,1.0866176152756264,2.0617393124056624,1.0
rand_LR1FOY32WZ_render_front.jpg,1.2506283174046755,0.5350273138541942,1.3003698990998922
rand_IW3PP5Y2TW_render_front.jpg,1.1943569278261599,1.2,1.0
rand_DIVV7NZMOJ_render_front.jpg,1.05,1.2,1.0
rand_Z5G1ASNTG7_render_front.jpg,1.2325867223793923,1.2,1.0
rand_QNCE2TF46Y_render_front.jpg,1.05,2.0191360565274774,1.0
rand_PJGA3QUN56_render_front.jpg,1.05,0.6916747575612759,1.0
rand_6A3M4OX3Y1_render_front.jpg,1.058707404822374,1.2,1.259407371154357
rand_XWTW0GNV2Z_render_front.jpg,1.2743174909733246,0.9570095116061204,1.0
rand_XU7POB206L_render_front.jpg,1.140795385766619,1.2,1.2295077286833114
rand_SW3P32DM3S_render_front.jpg,1.05,1.2,1.0
rand_LWZJAZCSRY_render_front.jpg,1.001529150434859,1.2,1.0
rand_H6UVTHINGY_render_front.jpg,1.1174474159746446,1.2,1.3181923706344842
rand_2Q3BVE0NUL_render_front.jpg,1.0756247009963125,1.2,1.0711923498468794
rand_LVUMVHUQFV_render_front.jpg,1.1587253464801202,1.2,1.0
rand_675RNMBU0L_render_front.jpg,1.206649261091052,1.2,1.3831422049405844
rand_ZHCSB8QY22_render_front.jpg,1.05,1.2,1.102949787915101
rand_LZ6O9IVWJI_render_front.jpg,1.1104061519137012,1.2,0.7781333583335648
rand_WH2TQ2JQTU_render_front.jpg,1.05,2.1935051137451045,1.0
rand_4MSEFRFCQP_render_front.jpg,1.2226481466668846,1.2,1.550418166068375
rand_FXLCSDLAPV_render_front.jpg,1.242104428820789,1.2,1.2904910744912867
rand_6XO8WZUWPN_render_front.jpg,1.0394141217318233,1.5150731424559671,1.2937708960291454
rand_E39SLCG34T_render_front.jpg,1.05,1.2,1.0
rand_MCVW9D2F10_render_front.jpg,1.05,1.2,1.0
rand_UQ9AVNC8IT_render_front.jpg,1.05,1.2,1.0
rand_FIFV3JGW9P_render_front.jpg,1.2277194997335998,1.2,1.0
rand_MWBIJJVQ05_render_front.jpg,1.1460549351011702,0.9510824118246578,1.0
rand_0ZFOV1QU2B_render_front.jpg,1.05,1.2,1.0
rand_F3TBMP71JM_render_front.jpg,1.05,1.2,1.0
rand_8COHTY2K7H_render_front.jpg,1.0217229306029838,1.2,1.0
rand_4HPRKGJ0ED_render_front.jpg,1.05,1.2,0.7336712670055779
rand_05UL8K3AHM_render_front.jpg,1.05,1.2,1.0
rand_4I0IH3RXPU_render_front.jpg,1.033883942473545,1.2,0.775790749573601
rand_0AOGL2ANXT_render_front.jpg,1.05,1.2,1.0
rand_Z1INOYUWGP_render_front.jpg,1.05,1.2,0.9516853660751234
rand_C47DJAHRD8_render_front.jpg,1.05,1.2,1.4686866966432923
rand_YBY74A0AW4_render_front.jpg,1.2996167822358389,3.4202966248184152,1.284020521631223
rand_1L391F0KO6_render_front.jpg,1.05,1.2,1.2455103372548502
rand_RE3L6NVTDA_render_front.jpg,1.1175803393013044,0.911923741190256,1.3368365119000227
rand_5EDQDK7XOL_render_front.jpg,1.070454538113938,1.2,0.7202216886394416
rand_OCH4MUCFLE_render_front.jpg,1.05,0.5578253757378793,0.7985646487602028
rand_GDPSSFK1BK_render_front.jpg,1.05,1.2,0.8491236129261945
rand_N6HAG59U3W_render_front.jpg,1.2765480708637462,0.5297226974039804,1.0559705359249079
rand_2SL8KBYREX_render_front.jpg,1.05,1.2,0.7277284992776001
rand_OYXR7AK5MV_render_front.jpg,1.234230668999802,0.8361629314810616,1.0
rand_F1M4Y57SVO_render_front.jpg,1.249593353994147,1.2,1.0
rand_X2Q9BP53FQ_render_front.jpg,1.1888745094932618,1.3592460273144913,1.0
rand_AHPOOVMJS8_render_front.jpg,1.139304200504053,1.2,0.7424223848004854
rand_GTTFYW9YJ9_render_front.jpg,1.2821642434099747,0.7082138050068817,1.0788930317857781
rand_FP7AFPO3W5_render_front.jpg,1.05,2.78013029352773,1.1657223226868978
rand_YOY8FTP7ZO_render_front.jpg,1.286208422216335,1.2,0.9530544962567146
rand_IT1T6G0WKP_render_front.jpg,1.05,1.2340337167110578,1.0
rand_2CJWZOZHYS_render_front.jpg,1.05,1.2,1.0
rand_PK9SIYGC2M_render_front.jpg,1.2472597235199188,1.2,1.5561657564593816
rand_AONK8VSQIP_render_front.jpg,1.1082834853080699,1.2,1.1677606129579194
rand_MJ7H0JL2EA_render_front.jpg,1.05,1.2,1.5383206914010514
rand_RWAMVKCU5P_render_front.jpg,1.1622026948135824,1.2,0.9025347290907287
rand_SY7GU8QYKZ_render_front.jpg,1.2041261034256314,1.2,1.0
rand_70ZGIP94UO_render_front.jpg,1.0508686622859198,1.2,1.4366329992524214
rand_DTREZ7NTMF_render_front.jpg,1.1967828536005747,1.2,1.0
rand_ORQCMLLL86_render_front.jpg,1.05,3.441317916721946,1.0293505325919936
rand_QKRH61Y0EZ_render_front.jpg,1.1292869149377678,1.2,1.0
rand_H0Q0P3UYDR_render_front.jpg,1.05,1.2,1.0
rand_EPYQSVB725_render_front.jpg,1.05,2.9862266358143676,1.0
rand_QPCRZX4BMS_render_front.jpg,1.0726156154644833,1.2,1.0893879840095344
rand_ZUI0Q16FIC_render_front.jpg,1.2280161146077737,1.2,1.3036675233333679
rand_QBYVOYYI5P_render_front.jpg,1.0147630340234879,1.2,1.0
rand_D5ZYCUAMYZ_render_front.jpg,1.05,1.2,1.0443860996495984
rand_00CXQDTPMH_render_front.jpg,1.05,1.2,1.311923528781883
rand_DHUMUX0NYC_render_front.jpg,1.2082641332073503,1.2,1.0
rand_AB23TIXLGK_render_front.jpg,1.250346837192909,2.9565999801362226,1.0
rand_PQKLGGNM8A_render_front.jpg,1.05,1.5533696380906652,1.1300943384495281
rand_Q2FUP9MDYS_render_front.jpg,1.0964447253643843,1.2,1.0
rand_SI9FHR4CNF_render_front.jpg,1.05,1.2,0.9079312835423636
rand_OW4JSZLTYL_render_front.jpg,1.05,1.7192583018292735,0.9325679664667251
rand_YVWPFTU07S_render_front.jpg,1.05,1.2,1.5248949628362223
rand_RRSODOJ4FG_render_front.jpg,1.2903199349101202,1.2,0.8240740788481284
rand_BTK1Z0PPLG_render_front.jpg,1.2262213429962114,2.1372369632703077,1.4243253763659878
rand_8W9HWT3IRX_render_front.jpg,1.0750027545426002,1.2,1.4294931417575043
rand_JQTYV1PEAH_render_front.jpg,1.2252248711810048,1.2,1.0
rand_EJDAUS4E14_render_front.jpg,1.05,2.7148419696716255,1.2449989653242635
rand_XZOMTM6TBJ_render_front.jpg,1.05,1.2,1.4178596006844346
rand_H8M37QED0G_render_front.jpg,1.05,1.914864672882895,0.7816477624020853
rand_9EMZ9URTQ4_render_front.jpg,1.05,1.2,1.5043790223478357
rand_3L00B3NDOO_render_front.jpg,1.0700565882907824,1.2,1.0
rand_LTXHIE2K5T_render_front.jpg,1.05,1.2,0.9642772135506481
rand_8PPZ4N9M1B_render_front.jpg,1.135778682734839,1.3702664721993156,1.5567616685774848
rand_Z3P6GVTJYP_render_front.jpg,1.2932560909368918,1.2,1.1321120527408457
rand_9KNUUPIS5J_render_front.jpg,1.0019051025213241,1.2,1.0
rand_6OCQ3NJLOV_render_front.jpg,1.05,1.2,1.0
rand_6DEU0RV4CV_render_front.jpg,1.05,3.3881690994261753,0.9661441030435425
rand_1Q0WT40K2N_render_front.jpg,1.05,1.2,0.9288075559406141
rand_AG02ZF0FJY_render_front.jpg,1.05,2.1394629888733183,1.0
rand_3PMR52UWHN_render_front.jpg,1.0180477625638686,1.2,0.9283741513758392
rand_ARCJNJPPUY_render_front.jpg,1.2060485392681384,2.8370327777078552,1.3748087905280943
rand_5EOU6FNRWE_render_front.jpg,1.05,1.2,1.288464443538808
rand_RPDGUVTXR5_render_front.jpg,1.1035290354004736,2.741682026530374,1.00023732788839
rand_UTSRKUM8BA_render_front.jpg,1.153883868933008,1.2,0.908435270194788
rand_TP2OUVXKN5_render_front.jpg,1.1154231183799905,3.1258765495161565,1.0
rand_TXMGXUVKZ8_render_front.jpg,1.05,1.8320694396062482,1.1289743865762447
rand_8XROCCBBQS_render_front.jpg,1.05,1.2,1.0
rand_XLOR2W206Y_render_front.jpg,1.016518153640253,1.2,1.1344526648402147
rand_Q3F6MRZRN6_render_front.jpg,1.05,1.2,0.8501025304341063
rand_0B1Q071ZV0_render_front.jpg,1.183897511603206,1.2,1.0
rand_PJ8U61VXUM_render_front.jpg,1.05,1.2,1.0
rand_2BKK8VHKI8_render_front.jpg,1.05,1.2,1.0
rand_CQW3M4GHGN_render_front.jpg,1.05,1.2,1.0
rand_AG8HU4GBKI_render_front.jpg,1.05,1.2,1.0
rand_VDNW68ECFL_render_front.jpg,1.2545701551173756,1.2,1.0
rand_TNMYE0N4B3_render_front.jpg,1.1181247225673316,1.2,1.0
rand_U32UJ1FZ0S_render_front.jpg,1.1856282165038614,1.2,0.8659104560824368
rand_OYAMYQX0FX_render_front.jpg,1.05,2.315899845083261,1.3050868194785177
rand_257XLAF482_render_front.jpg,1.0309450645571065,1.2,1.2626250898871492
rand_2JL1QW4MNU_render_front.jpg,1.2763081810219377,1.2,1.154444281519801
rand_09BRZNB13T_render_front.jpg,1.1725234898359296,1.2,0.7480323039778225
rand_5SW8P2EU3S_render_front.jpg,1.2318282611750662,1.8393198029179758,1.0
rand_CD9BREOXBU_render_front.jpg,1.1415982828865217,1.2,1.159896984999531
rand_DWPSUB1O7Z_render_front.jpg,1.05,1.2,1.0
rand_894LHRODRY_render_front.jpg,1.1003635584607012,1.2,1.2154235915106912
rand_S8QAC1QJFE_render_front.jpg,1.1408161504497638,1.2,0.846162228794413
rand_5NUPNF33RQ_render_front.jpg,1.05,1.2,1.0
rand_HGLXJ7A92B_render_front.jpg,1.230713563805657,2.7379463591699866,1.273076726561666
rand_R0UU9XH86D_render_front.jpg,1.2140435302499797,1.2,1.4607507536940436
rand_XES1EQZZGQ_render_front.jpg,1.132276084747123,1.2,1.0
rand_T1N86XKSTW_render_front.jpg,1.1004571408327406,1.2,1.0
rand_8I11BCPDHM_render_front.jpg,1.05,1.2,1.1011955722256013
rand_87JG48QGU5_render_front.jpg,1.05,1.8304705624954076,1.230166517180709
rand_YMF4REFOX6_render_front.jpg,1.05,1.2,1.0
rand_4ETTUOF1KU_render_front.jpg,1.1237593276567475,1.2,1.2603698322381052
rand_FOE6W9VZP9_render_front.jpg,1.05,3.2687290681956904,1.0
rand_TS1NSDGH7X_render_front.jpg,1.080347600396499,1.2,0.7208731258907041
rand_3OTWVQNZR7_render_front.jpg,1.15107313112848,3.214741075472993,1.0
rand_DM5CN9J19O_render_front.jpg,1.05,1.2,1.25899583394269
rand_3F83YWFDRI_render_front.jpg,1.2778489170273184,1.2,1.3495583535917324
rand_3VXG67Y63W_render_front.jpg,1.0508462316534006,1.2,1.3811058817724704
rand_RQ67PXQVR2_render_front.jpg,1.05,0.5910845056251165,1.0
rand_0XQOWJR8TB_render_front.jpg,1.05,1.2,0.9757548292094179
rand_X5F9YGYYYH_render_front.jpg,1.0709958765790992,1.2,1.0
rand_US3IHQPPZM_render_front.jpg,1.081545437307773,1.2,1.0
rand_3V8VJJ5GXL_render_front.jpg,1.05,1.2,0.9002869893320121
rand_ONLSUHJ0QT_render_front.jpg,1.05,1.2,1.0
rand_C0RL1FT4GL_render_front.jpg,1.2306791977301705,0.7255784234815436,1.0
rand_6YP9BMAJ22_render_front.jpg,1.2519737463751934,1.2,1.5454181979476298
rand_4GYSLUC7JZ_render_front.jpg,1.1608051425361583,1.2,1.5829315878271122
rand_JJH3DZCJAE_render_front.jpg,1.204465588622885,1.2,1.0972728965484648
rand_8HPY8X2JKD_render_front.jpg,1.0012642839087307,1.2,1.0
rand_471D6C3C3B_render_front.jpg,1.1861147139658579,1.2,1.154036412928747
rand_3GPEVJPK61_render_front.jpg,1.05,1.9597613252237722,0.9929302468327421
rand_8JHS3CABZ4_render_front.jpg,1.2541292472989398,1.7671088457093411,0.958979754374597
rand_7DK5RLKRQA_render_front.jpg,1.0664139107343842,1.2,0.7808672928503484
rand_F9LWWOZP6I_render_front.jpg,1.0506976949466262,1.2,1.0586126314604396
rand_52H9K4OJ7W_render_front.jpg,1.0272957018311204,1.2,1.0
rand_8FRBW85OVH_render_front.jpg,1.271473104438234,1.7514480803772283,1.0
rand_P81SQULWF5_render_front.jpg,1.2549433302949136,1.739640728528366,1.0
rand_KENV2A9NAG_render_front.jpg,1.023933637621507,1.2,1.239024158937001
rand_GXVI25VPP5_render_front.jpg,1.05,0.7329275512585353,1.0
rand_JLD6CMS0T8_render_front.jpg,1.05,1.2,0.7098277652727504
rand_PD1EP739P6_render_front.jpg,1.0959579313005123,3.2723350687094612,1.4493808126302472
rand_M2OIAEJ22Q_render_front.jpg,1.093494098548183,1.2,1.0
rand_7V99KGTGB9_render_front.jpg,1.188140577653555,1.2,0.9320916113395652
rand_RNWJH07PT2_render_front.jpg,1.05,1.2,1.3393831378729972
rand_IJBCV1642B_render_front.jpg,1.05,2.1271517683368257,1.0
rand_RHVO1WNTTZ_render_front.jpg,1.2012701075446448,1.2,0.9019657916703564
rand_UXZC5UTFQF_render_front.jpg,1.05,1.2,1.4678857924203315
rand_3O6BIIFMCO_render_front.jpg,1.1572390896444855,1.2,1.4510940062803201
rand_IC80IH8NCV_render_front.jpg,1.0892183460460727,1.2,0.8917643258928767
rand_KKOS9LC935_render_front.jpg,1.0705455797925507,2.156379561816268,1.0
rand_JGIGSPKECR_render_front.jpg,1.05,2.3063394933855728,1.0293886717004423
rand_VLRIHS57RZ_render_front.jpg,1.2393166096684118,1.2,1.13604544304405
rand_LP6XVOZ5Q5_render_front.jpg,1.2117912846540433,1.2,1.4198860349363938
rand_Z8SG3CLBM0_render_front.jpg,1.05,1.2,0.8023231711908861
rand_KB46Y6F1CF_render_front.jpg,1.05,1.2,1.5519551597983021
rand_HEWD1I8GHT_render_front.jpg,1.05,1.3802042223199047,1.0
rand_KHW3SK87PY_render_front.jpg,1.05,1.2,1.4356309127200237
rand_OBDSM18HA8_render_front.jpg,1.2822848089274608,0.8901659782714303,0.7268522458082656
rand_D0HJZ7K0XA_render_front.jpg,1.05,2.1138356668652896,0.717587532111623
rand_5IMMU7CWMO_render_front.jpg,1.0217195557369925,1.2,0.7566649788082738
rand_AISNHOFXML_render_front.jpg,1.05,1.2,0.7965731653595686
rand_WWKXQ30Y5S_render_front.jpg,1.05,1.2,1.0
rand_FNRERZQJYQ_render_front.jpg,1.1569757983165694,1.2,1.0
rand_97LSHDK6TA_render_front.jpg,1.05,1.2,1.0
rand_EEM5HFUJOD_render_front.jpg,1.1332423817843704,0.9476125823256377,1.5018934120442364
rand_3JJHIC8L2N_render_front.jpg,1.05,1.2,0.937515161296033
rand_Z0N6TTW9NM_render_front.jpg,1.05,1.2,0.846983995366472
rand_4Y922GZE64_render_front.jpg,1.1458149832672115,1.2,0.7692456443411719
rand_676Q2QUZ4T_render_front.jpg,1.2346105042085072,1.2,0.9050452550086272
rand_IK5FUEPO9V_render_front.jpg,1.05,1.546814123814257,1.0
rand_ILP01O238H_render_front.jpg,1.0842789007527855,1.2,1.0
rand_TLGFNH1CY9_render_front.jpg,1.05,1.2,1.0
rand_1EK588H239_render_front.jpg,1.05,1.2,1.3261497092791315
rand_6UVBMJ5MUU_render_front.jpg,1.2119871748317042,1.2,1.083664711344755
rand_IC7VOYWUSJ_render_front.jpg,1.05,3.4198971254662776,1.0556793812797296
rand_OYHW2F7OQT_render_front.jpg,1.05,1.2,1.4723150754996213
rand_3CBW1KTWDB_render_front.jpg,1.05,1.2,1.0
rand_YNR2CB2M1G_render_front.jpg,1.05,1.6461257452488645,1.26590210865297
rand_RTIQNQ91N0_render_front.jpg,1.1444453471411082,1.2,0.9269714585436503
rand_MYQ1T12899_render_front.jpg,1.05,1.2,1.0
rand_J9950V4I15_render_front.jpg,1.05,1.2,0.9086481316107036
rand_0DGH540E96_render_front.jpg,1.05,1.2,1.0
rand_5SBAIJBN1Z_render_front.jpg,1.251827903572225,1.2,0.8548202809323616
rand_ZFGBXT8MFS_render_front.jpg,1.05,2.221994958887172,1.0
rand_IMNE1T8BU9_render_front.jpg,1.1231037423596804,1.2,1.477378811357916
rand_328P7DYIXW_render_front.jpg,1.1163931302688728,1.2,1.4258961165478947
rand_1SMCHYUXER_render_front.jpg,1.05,1.2,1.0088837821943213
rand_F37S6GV194_render_front.jpg,1.186662701288852,1.2,1.089133324471156
rand_61KRISBRVQ_render_front.jpg,1.05,1.2,1.2079362507485176
rand_1E5NSANWXW_render_front.jpg,1.05,2.5046273292308108,0.7592055361640038
rand_4DBJLIXUHG_render_front.jpg,1.05,1.2,1.0
rand_MXMB96Z22M_render_front.jpg,1.2196021995949142,2.547174539305998,1.0
rand_ZICEG2MT0P_render_front.jpg,1.0966743061387423,1.2,1.0
rand_TV519CR311_render_front.jpg,1.0584380201998924,3.489322145602768,1.0
rand_G9M5BW1KJT_render_front.jpg,1.1460454129885047,1.2,1.0
rand_RMMI0QTQQV_render_front.jpg,1.05,2.2188051611237025,1.402553445817595
rand_FG5IXRA1PO_render_front.jpg,1.189429519012722,1.2,1.4216973550638623
rand_N5HRZ5IPTW_render_front.jpg,1.05,1.2,1.2406304605765888
rand_9S78SV5TGH_render_front.jpg,1.2051788540972947,1.8722867772818363,1.2007320675748585
rand_GKO6AQ63XN_render_front.jpg,1.2057487561841111,1.2,1.3497581100332192
rand_KDIOO31WKK_render_front.jpg,1.2369150648775549,1.2,1.0
rand_30TPHFOYE0_render_front.jpg,1.2628524590503705,1.2,0.8568914395096603
rand_Y1OCXL9NMU_render_front.jpg,1.05,1.2,0.8506831552213076
rand_7LT3N4STWH_render_front.jpg,1.05,1.9101942058148322,0.7400957861777702
rand_OFOMISLNXG_render_front.jpg,1.0581012230081184,1.8512647011172116,1.4942623512946323
rand_P1GFD6HQUW_render_front.jpg,1.2898960911131236,1.8088183848567718,1.0
rand_GDXBHNGCZI_render_front.jpg,1.2684851180710468,1.7830181379481014,1.0
rand_1PVFPZE9QT_render_front.jpg,1.1688895351110102,1.2,1.33038482775085
rand_A9MSAPG3OM_render_front.jpg,1.1767797301411156,1.8460185961267108,1.2580068363268744
rand_X1ZLL66JDD_render_front.jpg,1.1515800286801954,0.9079203914689897,1.0
rand_101EAP1X9W_render_front.jpg,1.2507015734761606,0.5879658528145064,1.4442380716893535
rand_R68SAZAJUM_render_front.jpg,1.1723159257271534,1.2,1.0
rand_JL8VBN9XAM_render_front.jpg,1.206162070092195,1.2,0.8944924757233135
rand_LQCZWCXGD1_render_front.jpg,1.208714605595741,1.756126443410341,1.2634696947019557
rand_W18CL8PE68_render_front.jpg,1.0054621023186858,0.9516675548996308,1.5698171479886858
rand_S2RMBQL084_render_front.jpg,1.05,1.2,1.0
rand_C022DA59PM_render_front.jpg,1.0806090957459462,1.2,1.0
rand_R1O4NFP90X_render_front.jpg,1.1845602577560537,1.2,0.8291461610589569
rand_VT53CENXSM_render_front.jpg,1.120426547255966,3.2768355224286716,1.0
rand_UD14MTJNEJ_render_front.jpg,1.05,1.2,1.0
rand_M5ZMAFW57E_render_front.jpg,1.1729204913933124,1.2,1.1538028307099235
rand_N7NSBY3C7O_render_front.jpg,1.0847192319876755,1.2,1.0
rand_1P31PVUEPB_render_front.jpg,1.05,1.2,1.0
rand_TMBCDOCSYR_render_front.jpg,1.0689833600573695,2.2592214644900075,0.7912474629058777
rand_SQUP25CM4W_render_front.jpg,1.05,1.2,1.282418561989925
rand_VJDCUII8TU_render_front.jpg,1.05,1.2,1.0
rand_KGQ7W8HHZP_render_front.jpg,1.138356255013456,0.9873440701972848,1.0
rand_51QQ6LC2BK_render_front.jpg,1.0055283374935968,1.2,0.7318816197894803
rand_F8M5O5MMT5_render_front.jpg,1.05,1.056774663428171,1.1347872972467659
rand_TA2XI3MHAZ_render_front.jpg,1.05,1.2,1.0
rand_B2LIOUKAUC_render_front.jpg,1.05,0.9476570503393343,1.3361207975409966
rand_E1909N9EKN_render_front.jpg,1.2604485733899398,1.2,1.0
rand_GF7AEV5DT5_render_front.jpg,1.257538332592142,1.2,1.0
rand_WW307JHB02_render_front.jpg,1.1457960299197945,1.949453902507729,1.341355340220464
rand_0O0DJJWFIT_render_front.jpg,1.207413696828473,1.2,1.1935365087241299
rand_JI369120WZ_render_front.jpg,1.1985010763018158,1.2,1.1076941043861863
rand_XP2YEIKZMI_render_front.jpg,1.1042100392344738,1.2,0.8251632950493659
rand_XVM4FW9SW2_render_front.jpg,1.1922911593788634,2.3433427602880923,1.0
rand_M2PDSIPURV_render_front.jpg,1.0266206037416135,1.2,1.5194347622230944
rand_AA2WVJ3CJP_render_front.jpg,1.1885146302779699,1.2,1.0851157417648165
rand_A64SAETF6G_render_front.jpg,1.05,1.2,1.1027942613740698
rand_CU4EPFOPY3_render_front.jpg,1.0042451146313827,1.2,1.073681796653956
rand_PN6FG4YURB_render_front.jpg,1.05,1.2,1.0
rand_P23G0TF0VF_render_front.jpg,1.05,3.392603985921189,0.9241259136870144
rand_FND20OJFIL_render_front.jpg,1.1038018171098973,1.2,1.0
rand_BD4MDH23H7_render_front.jpg,1.05,1.2,1.3136639303883155
rand_ZNW1LN2LHF_render_front.jpg,1.2162927587926633,1.2,1.0
rand_M26LOOZ5XO_render_front.jpg,1.05,1.2,1.0
rand_J3OSC736C2_render_front.jpg,1.082384196570727,1.2,1.4799750541031207
rand_O1PDJTDM57_render_front.jpg,1.2531186278644348,1.2,1.0896740100044067
rand_FRNPLENMEP_render_front.jpg,1.05,3.4808192860310436,1.0247767318043521
rand_LZ5FYHNNNE_render_front.jpg,1.2398428637016081,1.2,1.0
rand_R5LYUC4FM5_render_front.jpg,1.05,1.2,1.0
rand_VA8FD6DPL4_render_front.jpg,1.2708144016592235,1.2,1.0
rand_05V1M7JE75_render_front.jpg,1.05,1.2,1.2917056415346413
rand_4PGJ5FZESK_render_front.jpg,1.024594446499495,1.2,0.7994168003790367
rand_0LIA8CT5QT_render_front.jpg,1.2509524040530076,1.3429306320074401,1.0
rand_GIAVBI2EQC_render_front.jpg,1.16811891931554,1.0180699858045763,1.1382028738608339
rand_BJIQF8ZHDH_render_front.jpg,1.05,1.2,1.0
rand_HFS4D6M3G5_render_front.jpg,1.05,2.444781496273511,1.0
rand_1GLL11GYFZ_render_front.jpg,1.1272126530343818,1.2,1.046096843816418
rand_LEI8MBB2JL_render_front.jpg,1.05,1.2,1.4121850571972308
rand_X31L4ZC193_render_front.jpg,1.0346133440497225,1.2,1.0
rand_X2KKSLKOB1_render_front.jpg,1.05,1.2,0.8389979717207979
rand_6D06T3MPMK_render_front.jpg,1.0089347983979562,1.2,1.0
rand_HRS724LT59_render_front.jpg,1.2028957062700174,1.2,1.2969852132266355
rand_93OEEYP09C_render_front.jpg,1.0254397202325956,1.2155616951031143,1.0
rand_ZR3Y5U73GX_render_front.jpg,1.122235129957698,1.2,0.9732108139741451
rand_XNO5QCRTI9_render_front.jpg,1.1871585071739736,1.2,1.2382748460965312
rand_BX9ILGFUGO_render_front.jpg,1.05,1.2,1.3175780694922055
rand_O7XAIMBU12_render_front.jpg,1.1584174611449038,1.2,1.0
rand_82WUKLZ0GN_render_front.jpg,1.05,1.2,1.0
rand_4H29SLGZ0Z_render_front.jpg,1.2014520324768103,1.8601663101755541,1.5874210873184416
rand_WD7D61XL9O_render_front.jpg,1.2319685387534869,0.8475687544221816,0.8528939828644096
rand_U2U405V3IK_render_front.jpg,1.2927933317237903,2.143487241977381,0.8625057408531267
rand_SDJQAO3WD7_render_front.jpg,1.1995576431226374,0.5940078636632339,1.4233088160707799
rand_YAKTL8N7IW_render_front.jpg,1.0280050978910777,1.2,1.2058349398246655
rand_N52ADG7QFZ_render_front.jpg,1.05,2.1448271416761395,1.0
rand_QHNTUMJC2W_render_front.jpg,1.1211695259350782,2.657740596557602,1.029144566172846
rand_YJIMMLVETB_render_front.jpg,1.05,1.2,0.9529758623969913
rand_ZMHNFC04VU_render_front.jpg,1.05,1.2,1.5835358789618326
rand_HP83K946ZX_render_front.jpg,1.2197652894955806,1.2,1.115303026994571
rand_GGDN4H4GAK_render_front.jpg,1.05,1.1624474336060104,1.0
rand_II4K19XH1M_render_front.jpg,1.05,1.2,1.5970536867788618
rand_E2SC3GLMSL_render_front.jpg,1.05,1.2336246790422747,1.0
rand_XZNLVO1PPU_render_front.jpg,1.1768242125568988,1.2,1.0
rand_LP75F8MNSL_render_front.jpg,1.05,1.2,1.0
rand_X4J7SJNZPT_render_front.jpg,1.1610768624702628,3.3879154854398417,1.0
rand_39XGZEX36T_render_front.jpg,1.281677355208824,1.2,1.0
rand_B5D6100EBJ_render_front.jpg,1.0366823202799433,1.2,1.297437751935517
rand_TB13XAK4DR_render_front.jpg,1.05,1.2,1.0
rand_QLAI4K4AK4_render_front.jpg,1.05,1.2,1.0
rand_C9DWTR1I28_render_front.jpg,1.2385246533040135,1.2,1.2215979693247332
rand_M86OUJKSMC_render_front.jpg,1.107043752302535,1.2,1.4775155162468456
rand_8SZBY9RJHI_render_front.jpg,1.2923526851259188,2.266035162602839,1.367823174809336
rand_Q32M5AOC3A_render_front.jpg,1.0687218061106658,1.2,1.1716977664200163
rand_A0RT126EGJ_render_front.jpg,1.05,1.2,1.0
rand_FEN15J626P_render_front.jpg,1.167960237940494,1.6510315341434303,1.4326452422619913
rand_K0DAQNPG0J_render_front.jpg,1.1460647598677212,1.2,1.0
rand_THJEMQ0MHI_render_front.jpg,1.0612092732199676,1.2,1.484491641076942
rand_NDGABNK1HE_render_front.jpg,1.2110615459134502,2.4181259367384946,1.3833134071395197
rand_FUGU3HDSZX_render_front.jpg,1.1022885555944253,2.019412363043583,1.0
rand_RLKF1H04C8_render_front.jpg,1.1730991252024365,1.2,1.4414192661820582
rand_8BDRWVLOGF_render_front.jpg,1.089250481790504,1.2,1.0375676856934772
rand_3TAWUDGKQJ_render_front.jpg,1.2082728248705805,1.4201319214193848,1.0777764124585145
rand_UVZGMNGA4W_render_front.jpg,1.0698205527948836,1.2,1.0
rand_Z9RAAPU3B8_render_front.jpg,1.05,1.2,1.1553074218133577
rand_VTNQJBNMIE_render_front.jpg,1.05,1.2,0.9490895653492528
rand_A51QG3ME3O_render_front.jpg,1.1044252110465642,1.2,1.0
rand_995XY6BTXI_render_front.jpg,1.1442083409856618,1.2,1.5754090798312883
rand_E380VVE1V1_render_front.jpg,1.05,1.2,1.4314119565217096
rand_LCRDXGPL6E_render_front.jpg,1.05,1.2,1.2306993244671154
rand_FNQBWP9XK3_render_front.jpg,1.0483567212699598,1.5061564108755585,1.3630132754261552
rand_6NWQCGPD7C_render_front.jpg,1.05,1.2,1.0
rand_9L2HBBLJOV_render_front.jpg,1.0375581191184036,1.2,0.8097738811928974
rand_VV82G8HXST_render_front.jpg,1.250860706903624,1.2,1.0
rand_V9VMSYNKZD_render_front.jpg,1.05,1.2,0.9240616058958387
rand_64ENY0YG3P_render_front.jpg,1.05,2.7106517637732006,1.1726424912024482
rand_IEZ5D8R2GZ_render_front.jpg,1.1447055798779406,1.2,1.0
rand_X65PF5FOAL_render_front.jpg,1.0894144701606892,1.2,0.7538103912805223
rand_ZQFHURJ27G_render_front.jpg,1.05,1.2,1.1619712854009743
rand_2YEVFDAKWX_render_front.jpg,1.1642976710463837,1.2,1.0
rand_8PFW9BPB2T_render_front.jpg,1.2103612861436392,1.2,1.0
rand_VFOGKB7SLQ_render_front.jpg,1.05,1.2,1.0
rand_NE3GPR5DOD_render_front.jpg,1.05,1.2,1.0
rand_82SIPQEQ1G_render_front.jpg,1.0964314513660405,1.2,1.5463247230987496
rand_9L1XAX7SLU_render_front.jpg,1.009192385667617,1.2,1.5377621031891033
rand_14S3RGMSRG_render_front.jpg,1.1554412077266907,1.2,1.4999890342954916
rand_A3BXDAC2LT_render_front.jpg,1.05,2.9597914938798384,0.8347090416820352
rand_BUQADF09J6_render_front.jpg,1.0847259295292468,1.2,1.0621977662755708
rand_9PH2YG4HLP_render_front.jpg,1.05,1.2,1.0
rand_36WUMWA085_render_front.jpg,1.0070698676691316,1.5241208333616725,1.0716846864519485
rand_SN16IMB8R3_render_front.jpg,1.0233847983007358,1.2,1.0
rand_RSS1ZQ0P9M_render_front.jpg,1.2053608313011657,1.2,1.48421859232222
rand_636PYTRBLZ_render_front.jpg,1.05,1.2,1.241239608269917
rand_962EV6LUTS_render_front.jpg,1.1842688234345273,1.2,0.9473277223981864
rand_CWL8OXO114_render_front.jpg,1.05,0.6274738702325618,1.4463186103056358
rand_I3PU595L7U_render_front.jpg,1.05,1.2,1.0
rand_V9PGXW8X3Z_render_front.jpg,1.0294028611922634,1.2,1.0538548981676579
rand_4RR0AAIIIY_render_front.jpg,1.05,1.2,0.8439152403896606
rand_2C1TE3U7QA_render_front.jpg,1.05,2.3683055791598955,1.0
rand_AYBBF90BFS_render_front.jpg,1.05,1.2,1.0109754405902267
rand_DY6FFE6YTB_render_front.jpg,1.05,3.186799220463117,1.3208510645635543
rand_OM0GPSYAE1_render_front.jpg,1.05,1.2,1.0
rand_552IQ6BSYN_render_front.jpg,1.1982831793806756,1.2,1.585253970156893
rand_F0EEVPENK4_render_front.jpg,1.0607182291126684,1.2,1.0
rand_UN9D2NGKPK_render_front.jpg,1.0758636418704182,1.2,0.918232973090248
rand_OSBPUVRHOC_render_front.jpg,1.05,1.2,1.0
rand_3VQDDEGO8R_render_front.jpg,1.2155601667977756,1.2,0.9193707198622617
rand_FNS8NO9V5Y_render_front.jpg,1.05,1.2,1.3260466371259398
rand_PEOFLWOS24_render_front.jpg,1.075723464245775,2.143408635777791,0.8999095255094188
rand_YKQC0FH4J6_render_front.jpg,1.05,1.2,1.583147667884396
rand_1GXIPUDAK2_render_front.jpg,1.1866063798472133,1.2,1.0
rand_9PI5ESO6XC_render_front.jpg,1.2453384363743392,1.2,1.3823695133571305
rand_VUUI93WA12_render_front.jpg,1.05,1.2,1.0
rand_6XGBSLNMAT_render_front.jpg,1.0752392254339638,1.2,1.1455845879813789
rand_3LFR3G4DLP_render_front.jpg,1.1501216927985238,1.2,1.268463728859492
rand_3B3FKIRROF_render_front.jpg,1.0863179411839263,1.2,0.9446991327544211
rand_AP927NWFOI_render_front.jpg,1.241581268111147,2.0457197136532064,0.8224027894541628
rand_HFLKTLZP3E_render_front.jpg,1.1458228903649674,1.81756014434314,1.4492621409963071
rand_1ZTLDGVYXC_render_front.jpg,1.2396212143029937,1.2,1.0
rand_2KWOD6Q107_render_front.jpg,1.05,1.2,1.4984362048920004
rand_I6W193RUNJ_render_front.jpg,1.0258893946319663,1.2,1.2814366140560756
rand_04EQHMVVZ4_render_front.jpg,1.2789668572660002,1.2,1.0
rand_20BAO8NDPQ_render_front.jpg,1.2707502526729608,1.2,1.0
rand_AYRNT706XG_render_front.jpg,1.2276545482664192,1.2,1.3825160501535243
rand_3AUY9EZOOK_render_front.jpg,1.2121815071319282,1.2,0.8885066489124271
rand_6JYRHPOQ1P_render_front.jpg,1.1414724901387483,2.0236103790991735,0.8392834399129474
rand_KRHLHL7KU2_render_front.jpg,1.074762143894124,1.2,0.9786913939810441
rand_X12H8BGG4Y_render_front.jpg,1.0692900739801572,1.2,1.3425278630992925
rand_G2D2GZKI1I_render_front.jpg,1.0957991808274448,1.2,1.244080854777894
rand_7V6TH6SHMV_render_front.jpg,1.0783777994556194,1.2,1.0
rand_T8MHY79QS1_render_front.jpg,1.05,1.2,1.0
rand_JNFA353YCE_render_front.jpg,1.0004101315305425,1.2,1.0
rand_TEUGR4926D_render_front.jpg,1.05,1.2,1.0
rand_151PYCP4K4_render_front.jpg,1.241995590554923,1.2,1.0
rand_CFG15K84WB_render_front.jpg,1.078226051070625,1.2,1.4730187285273875
rand_1HDVM3S25V_render_front.jpg,1.1463256633160455,1.260331306160367,1.0
rand_2SLK6RGV8K_render_front.jpg,1.2145507844101917,1.2,1.1919704033769933
rand_I8UQD3PCL5_render_front.jpg,1.242619410574111,1.2,1.267261528167015
rand_N46U2TZQAC_render_front.jpg,1.05,1.2,1.1682765715556827
rand_MM8HFEXW3L_render_front.jpg,1.284399293598888,1.2,1.5242021318685226
rand_3IE1SL43UW_render_front.jpg,1.0070988704317554,3.473517780350217,0.9494975469716977
rand_MOYBRIF9IZ_render_front.jpg,1.161730711593815,1.3116659987731178,1.4298494412360108
rand_FL43J41CZX_render_front.jpg,1.0217773012081346,1.5393420913386242,1.1497102739385407
rand_4YD41BKDQR_render_front.jpg,1.2191827796129997,1.2,1.157020970125808
rand_TSQFL5IWFJ_render_front.jpg,1.032768656118151,1.2,1.597447792007439
rand_6HQ81RTY3Y_render_front.jpg,1.05,1.2,0.9249578793697057
rand_57WONYG7E6_render_front.jpg,1.192370796766347,1.6980665559715047,1.0
rand_6LPOMMSUJ6_render_front.jpg,1.082869519107101,1.2,1.491175405639829
rand_XDGZ0SR1ZS_render_front.jpg,1.2952940570025335,1.2,1.0
rand_05PQL1BU0S_render_front.jpg,1.05,1.2,1.0
rand_MNCFIW70P3_render_front.jpg,1.2718326156071382,1.2,1.0
rand_6RUJXWC06J_render_front.jpg,1.0826566428373743,1.4150623585443536,0.8759375260442468
rand_SJWELLXSHB_render_front.jpg,1.05,1.2,1.0
rand_0R3KEWI7YP_render_front.jpg,1.1642111912767104,1.2,1.5387690354526926
rand_SQ4S5I93ZT_render_front.jpg,1.05,1.2,1.2144634133895988
rand_F38J013VAJ_render_front.jpg,1.1902913688250634,1.2,1.4033300457347204
rand_E3C52I01MR_render_front.jpg,1.05,1.2,1.0
rand_54ZRP54WBF_render_front.jpg,1.1199209819666214,1.2,1.5813924074362375
rand_OEU9D5RKII_render_front.jpg,1.2817923981536663,1.2,1.0
rand_ZK86FXT3PE_render_front.jpg,1.05,1.2,1.4383726093158382
rand_V9X3P4D7PB_render_front.jpg,1.05,1.6681482853069334,1.2798238230621215
rand_Y4WIDJI37M_render_front.jpg,1.001060077168339,1.2,1.0
rand_BA559FHOK8_render_front.jpg,1.1416464594973827,1.2,1.0
rand_F05AR1Q0YT_render_front.jpg,1.263454289357647,3.1851768543701455,0.9439429044823457
rand_34PN3WYU4G_render_front.jpg,1.2512115385262141,2.401341659277854,1.0
rand_DWD3D0H45U_render_front.jpg,1.0685600957416408,1.2,1.4840041446056556
rand_RWFZMUL7G5_render_front.jpg,1.000391581006868,1.2,1.2336736583213712
rand_NW8K9OO146_render_front.jpg,1.2659587601426439,1.2,1.0169058375092304
rand_2C06MES7VJ_render_front.jpg,1.2205702858326812,1.2,1.0
rand_LBWK2RT328_render_front.jpg,1.241197011235928,1.2,1.0
rand_7QB4UNV7V0_render_front.jpg,1.05,1.2,1.2849230823121667
rand_ODBSKY17RA_render_front.jpg,1.1760909036366496,1.8016588931428292,1.2646899474093836
rand_85LOX29TIS_render_front.jpg,1.2993170038204138,1.2,1.0
rand_MGDW1NNDLP_render_front.jpg,1.1866463859385072,1.2,0.9269028796734348
rand_MZMA23QEY1_render_front.jpg,1.1775010091519256,1.223019533989844,1.0
rand_D6MBYTIEI7_render_front.jpg,1.05,1.2,1.0
rand_0IQLMC4K63_render_front.jpg,1.2924887272236505,1.2,0.971244662522535
rand_JLQ0UEHX4N_render_front.jpg,1.05,1.2,1.0
rand_HPNTG2A23O_render_front.jpg,1.2963171672576648,0.5905709130856845,1.0
rand_FLZY6FXO99_render_front.jpg,1.2641604404145264,2.9490317485075233,1.0922433995079248
rand_ZDYA8ZUHTZ_render_front.jpg,1.1934041510075555,1.2,1.2679627560837394
rand_T7FRCUNZI9_render_front.jpg,1.05,1.2,1.496661090809289
rand_O8VKJ3SF99_render_front.jpg,1.05,1.2,1.0
rand_LOOEHNZWNV_render_front.jpg,1.0889560344568554,1.2,1.0
rand_337BAB093Y_render_front.jpg,1.05,1.2,1.4755861490427304
rand_LWZ32B17N5_render_front.jpg,1.197703748659409,2.391692112526955,1.3129249121789441
rand_XT4PSDZ69P_render_front.jpg,1.05,1.2,1.0
rand_YZJS2XJMUV_render_front.jpg,1.05,3.391691614181115,1.0
rand_RJ2TSFV4HS_render_front.jpg,1.05,2.400686926819979,1.0493870371139604
rand_IIH8KJ0GJD_render_front.jpg,1.05,2.4995581085204828,1.0
rand_KNM34BTZFT_render_front.jpg,1.05,2.9490370691061636,1.0
rand_JQ7LPUQ7CD_render_front.jpg,1.0279504834952733,1.2,0.9916367898153986
rand_9K6DRMVN0F_render_front.jpg,1.036926803673535,1.2,1.0
rand_M1IKN8D2R2_render_front.jpg,1.0424731891376802,1.2,1.0
rand_IHUYR1854U_render_front.jpg,1.05,1.2,1.0
rand_SMFWDCHSWE_render_front.jpg,1.05,2.469281388416712,1.0
rand_SXY0UU33BS_render_front.jpg,1.180653478583071,1.2,1.2076596775631288
rand_3R1WNNCX6K_render_front.jpg,1.1176141673667337,1.30132078580849,1.2329529965784993
rand_EC6LNBYLJZ_render_front.jpg,1.05,0.5308153958141202,1.0
rand_0OXVB520OF_render_front.jpg,1.2412709533496429,1.2,1.2244491406018492
rand_VXDT30FL6C_render_front.jpg,1.05,1.2,1.356350253311427
rand_0Y6PBH3Y9U_render_front.jpg,1.28169040437592,1.2,1.0363033628703873
rand_OYDWHJK5JG_render_front.jpg,1.2148292170971777,1.2,1.0
rand_W58Q8N86T4_render_front.jpg,1.106188203956741,3.242847066947177,1.1851895034401578
rand_M8H21MOIGC_render_front.jpg,1.05,1.2,1.0139416076759653
rand_W4EH2ELQ4Q_render_front.jpg,1.05,1.2,1.0
rand_347RAO249O_render_front.jpg,1.093149409670541,1.7694932404505597,1.0
rand_KAUWPFZEKE_render_front.jpg,1.2894780491066427,2.8345636925941027,1.5537712680811002
rand_9CL4DU4AJI_render_front.jpg,1.0104068991359194,1.2,1.4406978181707344
rand_3UAUBDOQFE_render_front.jpg,1.2086823228294303,1.2,1.1480235849906477
rand_FGN0H03YEC_render_front.jpg,1.0983958368546243,1.2,1.4230581947817529
rand_4B1X62NQDU_render_front.jpg,1.1495709916843506,1.2,1.0
rand_RR6BX54NCI_render_front.jpg,1.05,1.2,1.0
rand_YS2KATC83C_render_front.jpg,1.2366416621645568,1.2,1.0
rand_2SM0ZCHGVJ_render_front.jpg,1.05,1.2,0.8290541678467751
rand_JK6KJG8GT6_render_front.jpg,1.0916711587873278,1.2,1.5013969270857097
rand_LO5A1AHFZ0_render_front.jpg,1.1434373998413419,1.2,1.505599011602665
rand_1544247ZUO_render_front.jpg,1.1371757213802658,1.2,1.0
rand_7DL60W09NS_render_front.jpg,1.1730274395907359,1.2,0.9542677229346942
rand_VFOBN3LEAP_render_front.jpg,1.05,2.763532571077508,1.3554161361124735
rand_4SW76WOOXO_render_front.jpg,1.200437740947029,2.903882679185875,0.8680571334787146
rand_8GVJTBOUB7_render_front.jpg,1.05,1.9264750485334592,0.8572364825236766
rand_FLULFSDI5J_render_front.jpg,1.05,1.2,1.0
rand_I55XOYVWXM_render_front.jpg,1.05,1.2,1.0
rand_29UANJYKU6_render_front.jpg,1.1238025482068816,1.2,1.0
rand_I1TRZC71KU_render_front.jpg,1.098259079241573,1.2,1.1588287481801454
rand_H41DRSYOS7_render_front.jpg,1.05,1.2,1.5188837851188983
rand_0UFNU9Z3I9_render_front.jpg,1.2279152867209508,1.2,0.9042133993914775
rand_I0B9ZLANXN_render_front.jpg,1.1866635262150618,1.0819197873544888,1.0
rand_3YTFHQ9LFU_render_front.jpg,1.205788329239274,1.2,0.7832566627799598
rand_KR6K710GOG_render_front.jpg,1.05,2.179815620428422,0.7797010551646142
rand_W8681A4EWD_render_front.jpg,1.05,1.2,1.4653625115979576
rand_TZ42L4ZGG0_render_front.jpg,1.1172560312883928,3.1790661023877504,1.0
rand_8ETV84UHKD_render_front.jpg,1.1570365821184256,1.2,1.0
rand_T1CNKYRQCK_render_front.jpg,1.062586584144095,1.2,0.7182812296278706
rand_7RCDPTRTZ0_render_front.jpg,1.1566983055262172,1.2,1.0
rand_O0QMYH7G9R_render_front.jpg,1.05,1.2,1.160637548924801
rand_HXHHZQKHZE_render_front.jpg,1.0524185907958603,1.8692894007512317,1.0
rand_6G757CA43H_render_front.jpg,1.05,2.0676167541666897,1.0
rand_6WM9RJI164_render_front.jpg,1.05,1.2,1.0
rand_08FQDNWC80_render_front.jpg,1.0376352191725033,2.9554792472550524,1.0
rand_586OGR0NPP_render_front.jpg,1.05,1.2,1.2631445034324984
rand_4L2CG2L5K8_render_front.jpg,1.070512063475971,1.2,1.3370497792857559
rand_I43DGUU4WY_render_front.jpg,1.1441191450038848,1.2,1.3177059346735072
rand_SZYW6UANLK_render_front.jpg,1.0610506756323501,1.2,1.0
rand_SH5NTK00O9_render_front.jpg,1.05,1.2,1.0694596262659577
rand_I1RBBRVMDQ_render_front.jpg,1.0515511780873024,1.2,1.3671534552663034
rand_WZXY75DOWE_render_front.jpg,1.05,1.2,1.3516047876360644
rand_CVRAGKZ50Y_render_front.jpg,1.266791460280102,1.2,1.133453106103915
rand_K9MZJ28P5I_render_front.jpg,1.05,1.2,1.5398182145802282
rand_Y75EUJ3G7R_render_front.jpg,1.235875526338757,1.2247008544863558,1.4495787064902275
rand_NP4E8B5QM4_render_front.jpg,1.05,2.6039635331084234,1.0
rand_8NCCJ74TIG_render_front.jpg,1.2377933775077858,1.2,1.0
rand_FH7RHEL3ZK_render_front.jpg,1.131185584489116,1.2,0.818526292279883
rand_UNQ3M0TT74_render_front.jpg,1.05,1.2,0.8451552234725707
rand_K2IE45JCM3_render_front.jpg,1.2074884651469624,2.4846702691205342,1.0
rand_OQ75K4I3J0_render_front.jpg,1.1554117849874532,1.2,1.0
rand_QMPX2I6YRL_render_front.jpg,1.13761267282788,1.2,1.0
rand_HCUKY4FIZE_render_front.jpg,1.1483586786426598,1.9835967529994694,1.2037493341914007
rand_2FMG6OJW42_render_front.jpg,1.0560972202668937,1.2,1.247202184236555
rand_VHGQUHX9Z5_render_front.jpg,1.05,1.2,1.32686935366069
rand_D6R8365HSC_render_front.jpg,1.05,1.2,1.0
rand_EIUGLI5QMV_render_front.jpg,1.156441752534573,1.2,1.169420863647261
rand_DNIBA5XZGP_render_front.jpg,1.05,1.2,1.5543286143195387
rand_70M0P3RB7I_render_front.jpg,1.2774250098580613,1.2,1.0
rand_X67D2EXO0F_render_front.jpg,1.1647557176562704,1.2,1.0
rand_385M475CKI_render_front.jpg,1.05,1.0432532836661648,0.7891173915257226
rand_RE0YN8HUGI_render_front.jpg,1.2717908991736502,1.2,1.0388559440407552
rand_BD2PS9HB75_render_front.jpg,1.036937774543074,0.7984600800298453,1.1597166083440382
rand_HBUCY25RS4_render_front.jpg,1.2673709009809455,0.5443209296727404,1.0
rand_81NP9VRNOR_render_front.jpg,1.099703585032524,1.2,1.3927048233893773
rand_U9ACDI1KNX_render_front.jpg,1.1369649204486032,1.2,1.0
rand_WGR5JJUPC4_render_front.jpg,1.0107776147264886,1.2,1.223951734173987
rand_97ABI9ORNR_render_front.jpg,1.0137335035234505,1.2,1.3419602905653467
rand_DMD1A0JVP2_render_front.jpg,1.0955523842314019,3.436596385922911,1.348040104038898
rand_1GX1YYLOKU_render_front.jpg,1.0847824373740418,1.2,1.0
rand_UBG8N2BP8P_render_front.jpg,1.0518244836299337,2.5588751585003955,1.314311443084479
rand_5925ZGHRV7_render_front.jpg,1.05,1.2,0.7772639308445044
rand_7X3CS09J1O_render_front.jpg,1.0505503236015687,1.2,1.0
rand_BN11D727E2_render_front.jpg,1.05,1.2,1.1986015201401692
rand_BG6804NHUM_render_front.jpg,1.1800726166126092,1.2,0.7427172174513358
rand_NC8MKYW643_render_front.jpg,1.05,1.2,1.0
rand_ZYNRXD8LJY_render_front.jpg,1.05,2.875424986021197,1.0
rand_11BCYICJ0Y_render_front.jpg,1.115960606544522,2.1076655904832933,0.7327532268813728
rand_BLNOHTV0MQ_render_front.jpg,1.05,1.2,1.0
rand_GY6LD9BX6U_render_front.jpg,1.0487625028091192,1.2,1.0575492191041735
rand_UPRGMTAWWW_render_front.jpg,1.1348059653545868,1.673609328333347,1.3912665243225248
rand_M40D3B4S31_render_front.jpg,1.05,1.2,1.0
rand_3ZLJDLGVHG_render_front.jpg,1.05,2.295782610529289,1.2711954977422943
rand_1J2CKQ3MAQ_render_front.jpg,1.05,1.2,1.5211723148374687
rand_SU86AONQLS_render_front.jpg,1.0486603292918129,1.2,1.0
rand_S5GYGPS6IO_render_front.jpg,1.254049941723569,1.2,1.390737630218085
rand_Z3C3IJ93TK_render_front.jpg,1.05,1.2,1.4247992334351856
rand_6E7Y2AUERL_render_front.jpg,1.1300113256161919,1.8648691499461914,0.8708599472509428
rand_GB8ZFNEE98_render_front.jpg,1.1151927103040626,1.1102964331591836,1.0
rand_Z6L9DZPL4R_render_front.jpg,1.2686414196280524,3.233910618129312,1.4675472209376257
rand_NCN3GMEXE2_render_front.jpg,1.0157871015106876,1.2,1.0
rand_L91CTHL2DI_render_front.jpg,1.05,1.2,0.9461760810315633
rand_HXC7IBP602_render_front.jpg,1.0440914040623177,1.2,1.0
rand_TCNJUPYIXE_render_front.jpg,1.1361724862560365,1.2,1.2544525034826226
rand_T2HNG98K7L_render_front.jpg,1.05,1.2,0.965283634289344
rand_0PGKZS94SS_render_front.jpg,1.0654634678049089,1.2,1.0
rand_8VPZSXCN5T_render_front.jpg,1.05,1.2,1.0
rand_N346070VNC_render_front.jpg,1.05,1.2,1.5196914638386878
rand_SZARHQ0H9F_render_front.jpg,1.009262925887881,1.9686663370383766,1.0
rand_VMJXKKBQ1G_render_front.jpg,1.1467865308045604,1.2,0.9428827264705277
rand_NIWWJTF3G7_render_front.jpg,1.1053858313060256,1.2,1.0
rand_IPUXDUR8D4_render_front.jpg,1.1586033466527261,1.2,1.1508967522936362
rand_UPBIVT48FR_render_front.jpg,1.117497420753851,1.2,0.8028791832274258
rand_IWW3UUXT79_render_front.jpg,1.0131389027633535,2.199616222297254,0.8421984638103794
rand_F2UUD3XM71_render_front.jpg,1.0931273387540594,1.2,0.8836369490914137
rand_UZIV7XVJRD_render_front.jpg,1.2139424850884757,1.2,1.0
rand_KJI9NIZLOW_render_front.jpg,1.05,2.9175980830776713,1.0
rand_2FRK437VBO_render_front.jpg,1.05,1.9390043885736667,1.0
rand_8ZJWUC8Z7Q_render_front.jpg,1.2601261106302435,1.2,1.073363234046362
rand_G0HQX4ALBN_render_front.jpg,1.1026988394357888,1.2,0.9569980122952453
rand_NA8Y8943MI_render_front.jpg,1.2378548205205397,1.2,1.0
rand_AD2VCJOCXW_render_front.jpg,1.0916478985658111,1.2,1.0
rand_NOB52HBRH5_render_front.jpg,1.2754827429402318,1.2,1.0
rand_U21EUV998O_render_front.jpg,1.05,2.5837781118759375,1.1036812263076636
rand_BZ3IIMEXLN_render_front.jpg,1.2108315547056177,1.2,1.0
rand_IVMR5Q8SUB_render_front.jpg,1.215143829337041,1.2,1.0
rand_6KSXO4M8YG_render_front.jpg,1.05,1.2,1.0022196779213652
rand_SIRMJQ7VVE_render_front.jpg,1.060521703963286,1.2,1.0
rand_YJV9EUFQBL_render_front.jpg,1.2715811763539315,1.2,1.1331963061756931
rand_ST0OO0NK67_render_front.jpg,1.2155743519580544,1.2,0.7376301881312761
rand_HZIMY5BKOV_render_front.jpg,1.0430398640671714,1.2,0.9565913802770274
rand_O658BSJNIJ_render_front.jpg,1.05,1.7296311395121031,0.9895561935741881
rand_EYLBPOJKUU_render_front.jpg,1.2854378784949467,1.619584264044773,1.0222842575870743
rand_6PXQ5J1D5T_render_front.jpg,1.2844996803852857,3.1927093588978117,1.0
rand_1LPME2B4A7_render_front.jpg,1.2702895610036897,1.2,1.244196763829167
rand_XSRWDTQLQI_render_front.jpg,1.05,0.8814140899980573,1.0
rand_WTG0TK881X_render_front.jpg,1.05,1.2,0.8239165816476396
rand_DG3L369ZLI_render_front.jpg,1.13413052844374,2.8129229098891355,1.0
rand_48AM48U96O_render_front.jpg,1.1631827207687129,0.5143877475500238,1.2719855813904775
rand_6DTZZXDGI3_render_front.jpg,1.0931019319416575,1.2,1.5484454163561652
rand_4Y1S3O4ZW1_render_front.jpg,1.05,1.2,0.8127775528128904
rand_2FL857NSB7_render_front.jpg,1.05,1.2,1.3005126893506722
rand_HX9ZGKEBA4_render_front.jpg,1.05,1.2,0.7693613548580152
rand_J90W0DVDAS_render_front.jpg,1.05,1.2,1.1370247129243076
rand_EV1VOA0YAC_render_front.jpg,1.05,2.256944683912266,1.5293258099653928
rand_BP3OMRYRE2_render_front.jpg,1.1056717384062722,1.2,0.7991552242262725
rand_JO72OG9POG_render_front.jpg,1.05,1.2,0.719131032602034
rand_HSQRNANJJT_render_front.jpg,1.05,1.2,1.1780584394331175
rand_RWJ7WF7T3Q_render_front.jpg,1.1455181002242039,1.2,1.18053529278435
rand_W30VV5Q3WR_render_front.jpg,1.1315247422438983,1.2,0.928030371665482
rand_H1HW5UW5S7_render_front.jpg,1.05,1.2,1.0
rand_757UA22T1I_render_front.jpg,1.1459634847480333,1.2,1.0
rand_1PHG1C3H80_render_front.jpg,1.05,2.8910687138827758,1.1851305716067857
rand_C422Z2L2TC_render_front.jpg,1.05,1.2,1.2987881715753686
rand_P25F5S1ARE_render_front.jpg,1.05,1.2,0.8235596652854198
rand_UNND7SS1XE_render_front.jpg,1.1632284624122364,1.2,1.0
rand_72SEFMKT2T_render_front.jpg,1.05,1.2,1.2531334676408656
rand_DPHZ50U50S_render_front.jpg,1.1501210453725874,1.2,0.8398842467492723
rand_LG19IPUF9O_render_front.jpg,1.2831992844060809,1.2,0.744420618155285
rand_11OSBUKK3W_render_front.jpg,1.2009096546669435,2.200646510217425,0.7178164959887786
rand_T62MT3G5UB_render_front.jpg,1.0343986273192711,2.7236881966143205,1.0
rand_7A3NK3RDDZ_render_front.jpg,1.0162257022486167,1.2,1.3650585997094056
rand_ZUH68RCP25_render_front.jpg,1.2847953256402151,1.2,1.0
rand_57NYY2ND30_render_front.jpg,1.05,1.2,1.20998475577608
rand_8ECY54AG4D_render_front.jpg,1.1652362869068025,0.633217486220013,1.0
rand_ODLV47UZ98_render_front.jpg,1.1360974210772867,1.2,1.0
rand_QTXYOGGN3U_render_front.jpg,1.05,2.833227776917932,1.2581838078163798
rand_4GPZDKENQZ_render_front.jpg,1.1955594251498334,1.2,1.0
rand_L2Z2049USO_render_front.jpg,1.2160044001692736,1.2,1.5038758792274423
rand_X0AC32QE4L_render_front.jpg,1.014411652397505,3.0812508836780133,1.068006519395048
rand_LILVHIXTJX_render_front.jpg,1.2083949783052226,1.2,1.4445297120451195
rand_2FYZSQUEBY_render_front.jpg,1.0569787735244898,1.2,1.0
rand_W6GGNBBZDS_render_front.jpg,1.05,1.2,1.0
rand_NG2JRR5PNQ_render_front.jpg,1.2033578979196162,1.2,1.0764289379913843
rand_7XYAHFSTZH_render_front.jpg,1.05,2.8309157978908104,1.0
rand_AD2ISFT4G0_render_front.jpg,1.2391156024509942,1.2,1.1400565159305196
rand_VKZ8MGOXCE_render_front.jpg,1.267698083444768,1.2,1.0
rand_806YXAZXXK_render_front.jpg,1.0185432661383738,1.2,1.0927153518754802
rand_PXIKEPILBP_render_front.jpg,1.0929194091517225,1.8020874423670725,1.0
rand_LLBN5F1BPY_render_front.jpg,1.088519763920397,1.1795666729283418,1.1012425176311254
rand_W648XYGO9K_render_front.jpg,1.05,1.2,1.0
rand_4G8NTA88B3_render_front.jpg,1.2371211605821617,1.2,0.8367909903344356
rand_AMY1HKTNRC_render_front.jpg,1.05,1.2,1.0398668350692444
rand_4N02BS39Y8_render_front.jpg,1.05,1.2,1.0686631996476894
rand_PEDLTXH3OW_render_front.jpg,1.1440429231141183,1.2,1.0
rand_B7IKYREJR0_render_front.jpg,1.035628201421503,0.7811028703497752,1.0
rand_D7SDO2ZN9L_render_front.jpg,1.2013174960007174,1.2,1.0
rand_L4RESQUJZE_render_front.jpg,1.2058311337127676,1.2,1.3162041094758186
rand_CW13SZNBM2_render_front.jpg,1.2028683796533706,1.2,1.0
rand_U02AA2YIZQ_render_front.jpg,1.0857837072227814,1.2,1.1944841105683595
rand_UZT8QW6TNH_render_front.jpg,1.0655135808619984,1.2,1.5594118662682996
rand_YW7F9M16Z6_render_front.jpg,1.1717147881546635,1.2,1.5779785634755876
rand_8M04KRM76C_render_front.jpg,1.157513803456967,1.2,1.0
rand_HD045RVJBW_render_front.jpg,1.05,1.5842702191225326,1.0
rand_T7YUHKV35Z_render_front.jpg,1.1688168367281488,2.03221463877131,1.0
rand_MJA8OAZ0IE_render_front.jpg,1.05,1.2,1.0
rand_X562PZRL91_render_front.jpg,1.1798177874221762,1.2,1.0
rand_HSO5AILY00_render_front.jpg,1.05,1.2,1.0
rand_L02K6CU0DL_render_front.jpg,1.05,1.2,1.0
rand_7OUPQ20XGR_render_front.jpg,1.05,0.8117484992444122,1.3517790542300472
rand_ZUH7B4R3TK_render_front.jpg,1.0566895801808083,0.9897409478536169,1.0
rand_2R201MQ70W_render_front.jpg,1.1689447585424533,1.2,1.0
rand_CLXA2WJ36U_render_front.jpg,1.05,1.960375281885819,0.9651084227164406
rand_YY6X37OBAU_render_front.jpg,1.2630618825427007,1.2,0.9381334956002422
rand_HKFLHPMN0N_render_front.jpg,1.05,3.2904606646327847,1.0
rand_OSL0Y5HZHB_render_front.jpg,1.2063660406653978,1.0522122645583596,1.0
rand_HA2JMMN6Q5_render_front.jpg,1.0924520253354504,1.2,1.0
rand_OAG0YWPIRR_render_front.jpg,1.05,3.30353407109057,1.0
rand_JBE9C6YSW3_render_front.jpg,1.05,1.2,1.0
rand_WXL9PGRGZP_render_front.jpg,1.05,1.2,1.1775241354921473
rand_K0YROUA3OG_render_front.jpg,1.2960576768121552,1.2,1.5096739472638943
rand_LLUWOJF5K9_render_front.jpg,1.05,2.8228681426678808,1.0
rand_5OT03VSC6I_render_front.jpg,1.1543698829051317,1.2,1.0
rand_H63SSYNB8C_render_front.jpg,1.184297832284267,1.2,1.4748047451440867
rand_VDPN8GNDZ4_render_front.jpg,1.05,1.7759887314363962,1.0
rand_KIE8UDM3ME_render_front.jpg,1.05,1.2,1.0
rand_JUQIOIALVH_render_front.jpg,1.24858593587633,1.2,1.140068343944895
rand_T0XKRW0MMR_render_front.jpg,1.0406262338255552,0.6197540668660088,1.0
rand_COBDVCP9QH_render_front.jpg,1.05,1.7334783134423004,1.0
rand_19JTGZW434_render_front.jpg,1.05,1.828678567073315,1.0
rand_DT7EOKNQOP_render_front.jpg,1.05,1.2,1.0
rand_17K0TGI4DV_render_front.jpg,1.270259342381262,1.6056901383866276,1.2668605908244102
rand_0N2HFRGRNV_render_front.jpg,1.1824136202875604,1.2,1.5560396150346023
rand_FFM8TECGBX_render_front.jpg,1.1819762668394995,1.2,1.3696878454857981
rand_IYF3AMZMI4_render_front.jpg,1.1432654490973317,1.2,1.0
rand_C9W6ESTRNQ_render_front.jpg,1.05,1.4822697868021295,1.0
rand_OXCNWQQVNC_render_front.jpg,1.0968130059076788,0.9554143562948311,1.0260374536466053
rand_5UC1FL5O72_render_front.jpg,1.05,3.270637254762247,1.545508863084627
rand_L9090NLV3H_render_front.jpg,1.1717191174146553,1.2,1.2287387720176874
rand_CT9365544U_render_front.jpg,1.137488838262749,3.089686304088512,0.8147190727224377
rand_IKAOAUYW89_render_front.jpg,1.0922631296053653,1.070832181840828,0.7783516696321343
rand_6YGLO1BHYF_render_front.jpg,1.2457053825642321,1.2,1.2170659503843706
rand_D1V9NGLIRG_render_front.jpg,1.0096335823388185,1.2,1.0
rand_1WBZVJCBB3_render_front.jpg,1.05,1.2,1.5958396155109666
rand_SLOWMEJ2QE_render_front.jpg,1.05,1.2,1.4733793299513365
rand_5U8IEPHWYG_render_front.jpg,1.05,1.2,1.2907474247826585
rand_OMT4TOFXYV_render_front.jpg,1.05,2.38497303551502,1.0
rand_51OEZPD65H_render_front.jpg,1.0925262493200332,2.369490269185529,1.4614290640132448
rand_VZK766PCYK_render_front.jpg,1.05,2.603415364160709,1.0
rand_UB7HA2E4SU_render_front.jpg,1.05,1.2,1.0
rand_69D1U2IEMC_render_front.jpg,1.0814748691206166,1.7999455803898432,1.1486231708339205
rand_Y6KY448B7X_render_front.jpg,1.1983710545761104,1.2,0.9884218141796492
rand_C32OPZP25T_render_front.jpg,1.05,1.2,1.0
rand_RRTAM3PBNV_render_front.jpg,1.0703900805914386,1.2,1.0
rand_P5UYQW0KZ7_render_front.jpg,1.05,1.2,1.0
rand_ZI1Q69VYE3_render_front.jpg,1.05,1.2,1.5717766464220801
rand_G6TWKOWXMS_render_front.jpg,1.0533290099729817,0.5261464311968658,1.1742871264390744
rand_7E6XT3NDIY_render_front.jpg,1.0766512149516723,1.2,1.3316117127822338
rand_EEJB50M54W_render_front.jpg,1.05,1.2,1.0009063035905537
rand_5NBQ03E9EH_render_front.jpg,1.05,0.7827256587732113,1.0
rand_GEPTGK3CCX_render_front.jpg,1.05,1.2,0.9793101807820319
rand_R8QQFXB7DD_render_front.jpg,1.05,1.2,1.0
rand_NNLWIFSY0K_render_front.jpg,1.0674527152481326,0.9226566047995101,1.0
rand_D74XR6442D_render_front.jpg,1.116357687071011,1.2,1.0
rand_2ED690X03S_render_front.jpg,1.262799680674036,1.5953814638576853,1.0
rand_26PYSAOLYF_render_front.jpg,1.1328127568265316,1.2,1.0
rand_BA94J3LE0E_render_front.jpg,1.05,1.6620752784540989,1.0
rand_PXTG6AFBAJ_render_front.jpg,1.0574750535503201,1.2,1.0
rand_Q9U1J0B2XW_render_front.jpg,1.0401132568607974,1.2,1.2955312309798497
rand_BYLNINRU11_render_front.jpg,1.05,1.2,1.0853417696501098
rand_GJ7IRQ23XO_render_front.jpg,1.2918589733761594,1.2,1.0
rand_CS9QP7R1Z5_render_front.jpg,1.05,1.2,1.0
rand_I98Z8M7QJ4_render_front.jpg,1.0856358475036518,0.701731125786965,1.0800867018996245
rand_9M3GW01CRB_render_front.jpg,1.235299691089561,3.1551919131936055,1.2784359269706171
rand_UTB1A24Y27_render_front.jpg,1.1867938560333695,1.310975767870843,1.0
rand_EQ40UQSR4F_render_front.jpg,1.230576389978149,1.2,1.2212464369082021
rand_1H61FM17LX_render_front.jpg,1.2220993227676364,1.2,1.1240469887566715
rand_IE9W2WYHUH_render_front.jpg,1.05,2.722062633354838,1.0
rand_K5DPMFJ2ED_render_front.jpg,1.05,1.2,1.1407747648461912
rand_BGD2O3Z6U1_render_front.jpg,1.2843372972325058,0.573155990710048,1.050765969429277
rand_IEHBILMEAU_render_front.jpg,1.1745106016117985,3.1333493111867092,1.2481232099832913
rand_9WM9MM2VZ2_render_front.jpg,1.2957895850089374,1.2,1.0
rand_V9N46GQYVJ_render_front.jpg,1.05,1.2,1.4475626128029309
rand_TJURDSALV9_render_front.jpg,1.05,2.4241169955534474,1.0768802074684634
rand_BNWSZNFQ6F_render_front.jpg,1.111264963010371,1.2,0.8429166105326317
rand_BFEEXIODDM_render_front.jpg,1.05,1.2,1.0
rand_GDUFESEZ4B_render_front.jpg,1.1512996302943272,1.2,1.3595730446816137
rand_LTI1TQ4C4M_render_front.jpg,1.05,2.957335041694232,1.026196133606501
rand_WEB2QM7MWW_render_front.jpg,1.05,1.2,1.0
rand_UUXR0I0EI8_render_front.jpg,1.05,1.2,0.9570535896801164
rand_TZCQIGTBOA_render_front.jpg,1.05,1.2,1.0
rand_YH9SS7PHKG_render_front.jpg,1.05,1.2,1.1108331681406232
rand_ESRNC2TPU1_render_front.jpg,1.111446118688538,0.8225410688347481,1.4700285363297367
rand_AO2V8S7CHW_render_front.jpg,1.2325883888433706,1.0894340632511101,1.3890756957243449
rand_R97J8RODC4_render_front.jpg,1.05,1.2,1.431928182220389
rand_QVBYWQYGOD_render_front.jpg,1.05,1.6907685409149336,1.3175558003489392
rand_UQFM45VRX8_render_front.jpg,1.05,1.2,1.0772034523575027
rand_T4JC28TLAO_render_front.jpg,1.193351897090927,1.2,0.9145781916338195
rand_4WBQWP81AN_render_front.jpg,1.148936138625145,2.8401082894017966,1.0
rand_MA26B7VIMW_render_front.jpg,1.2253099053300576,1.2,1.5388775801640289
rand_V8KRLX3LHM_render_front.jpg,1.05,1.6949431793933103,1.0
rand_E3IN9RH60H_render_front.jpg,1.05,1.2,1.0735249711630748
rand_H2IJBROLPT_render_front.jpg,1.05,1.2,1.2766897589099326
rand_XKRZLUU5Z1_render_front.jpg,1.0308432692747764,1.2,0.719672808786707
rand_IWPOEO28BU_render_front.jpg,1.05,1.2,1.0
rand_M4MUKANX3B_render_front.jpg,1.2040726276202665,1.2,1.2358579212225105
rand_3DMDAU2SWP_render_front.jpg,1.133825745012325,0.9569804215860106,0.8887506029808026
rand_ELCDBSPIF4_render_front.jpg,1.1807524749081304,3.015760770652411,1.0
rand_WHFDDGEJTF_render_front.jpg,1.1271732598621556,1.2,1.0
rand_GMC172KOXX_render_front.jpg,1.0946566456525455,1.2,1.0
rand_3HRVE16K8S_render_front.jpg,1.1820970635347907,2.688872532674046,1.1686865597783194
rand_U66O5ELQTA_render_front.jpg,1.0543380262094357,1.2,1.0
rand_479XSCBNPY_render_front.jpg,1.252980483373269,1.2,1.4207854616525895
rand_9O55NVP045_render_front.jpg,1.2370945852088127,1.786140304772915,1.1039064631913051
rand_MZ46LKLTJZ_render_front.jpg,1.1348799691496545,1.2,1.0
rand_7TQCMVTZ9Z_render_front.jpg,1.05,1.2,1.384380958879367
rand_IIKC0DL4IH_render_front.jpg,1.05,0.9121831378261367,1.0
rand_GAXBD67EZB_render_front.jpg,1.05,1.2,0.7602715288589077
rand_S28B0RSRHL_render_front.jpg,1.042478062990803,2.954893053458238,1.0
rand_ORKKZDDR3W_render_front.jpg,1.2228251209285625,1.2,1.519909184663959
rand_KCQNA1CJJT_render_front.jpg,1.05,1.2,1.4320213898276282
rand_OCDLV89B8O_render_front.jpg,1.2580980293121018,1.2,1.0
rand_6A9NDY4SG7_render_front.jpg,1.05,1.2,1.0
rand_GX37TG4XLT_render_front.jpg,1.05,1.2,1.0
rand_EE8ZGTOYBA_render_front.jpg,1.05,1.2,1.0
rand_KQ890FDQ8X_render_front.jpg,1.05,1.2,1.441654544922387
rand_3SOO88QX5T_render_front.jpg,1.05,1.2,1.0
rand_Z2BGAZLSXD_render_front.jpg,1.2521124710902367,1.450788816021825,0.8970228328908278
rand_OXYJLQ94WL_render_front.jpg,1.05,1.2,1.2757543159411386
rand_U10CKJLWN0_render_front.jpg,1.160076408751542,0.6155754245534212,1.0
rand_C5BJ6QRDB0_render_front.jpg,1.1992974449936697,1.2,1.560860757080653
rand_5T77T1W1EU_render_front.jpg,1.05,1.2,0.707466379027852
rand_MYWTWT3CSY_render_front.jpg,1.0538552292799648,1.2,1.428293161177589
rand_IKHE8XBEA5_render_front.jpg,1.1189320875366189,1.2,1.0
rand_Z9KTA67UWJ_render_front.jpg,1.0576626063077779,1.9448329569313243,0.7363361011477826
rand_OHJGUECNFB_render_front.jpg,1.05,1.2,1.3338862846442152
rand_4S0158QFAX_render_front.jpg,1.05,1.2,1.486499916155653
rand_IUKIWPSCOJ_render_front.jpg,1.05,1.2,1.0
rand_4NB51KJC65_render_front.jpg,1.0865563547805592,1.1266222350352526,1.0
rand_8KO96XO6CJ_render_front.jpg,1.2867210463734597,1.5552304806131536,1.0
rand_J276O4U96D_render_front.jpg,1.0426083161042226,1.2,1.0
rand_YOQWY4RZP8_render_front.jpg,1.05,1.2,1.0
rand_2XHO4MYZMQ_render_front.jpg,1.05,1.2,1.0
rand_EYIA730RHO_render_front.jpg,1.288932044751732,1.2,0.7507211286529627
rand_T3AM5YNTJ3_render_front.jpg,1.05,1.2,0.9857840523296082
rand_E18XAKO94M_render_front.jpg,1.0625588672407535,1.2,0.8959156773528177
rand_GSYFFY1GET_render_front.jpg,1.05,1.2,1.0
rand_JRQEX33LXT_render_front.jpg,1.1408868751268018,3.0908822679799144,1.1076266978065457
rand_S9BZBNAPGS_render_front.jpg,1.1198592487661438,1.737105607472945,1.0
rand_YBVONXRS2D_render_front.jpg,1.05,2.0337013028850377,1.4670720348696982
rand_1KDDNJTP8X_render_front.jpg,1.0906390816535996,2.774882663387255,0.8069372227259972
rand_NWBBQIYJTN_render_front.jpg,1.05,0.8941210147875147,1.0
rand_YJCD5MZ51Q_render_front.jpg,1.1560733200432503,1.2,1.0
rand_2I37YZH8J2_render_front.jpg,1.1845455887211302,1.2,0.7395209602217819
rand_9BS5EHED3K_render_front.jpg,1.05,1.2,1.209851554140411
rand_O7A7HRV6EP_render_front.jpg,1.004252288059005,1.2,0.7814087634999811
rand_TNEE5NI4BF_render_front.jpg,1.05,1.2,1.3453082946774646
rand_J0Q9CTB7K8_render_front.jpg,1.05,1.2,1.3386110517938445
rand_ZT1EALL22U_render_front.jpg,1.05,1.2,0.8544884504297061
rand_8WOI52W3DG_render_front.jpg,1.2401763184777397,1.2,1.0
rand_LAH83EKEXB_render_front.jpg,1.2203045205293226,1.2,1.5723927806021947
rand_4UN70H1Q8V_render_front.jpg,1.05,1.6925871635615861,1.2202924793326897
rand_C7NEITUELL_render_front.jpg,1.05,1.2,0.8397135425486573
rand_E8PFU4F3YJ_render_front.jpg,1.05,1.2,1.2521366003118664
rand_IB9PEP7QUM_render_front.jpg,1.05,3.2239205913660434,1.0
rand_MPGK783J8Z_render_front.jpg,1.05,1.4653768654154131,1.1184615923133236
rand_TNWDYMFFCL_render_front.jpg,1.1324282301035347,2.856576253866545,1.4699455460204152
rand_RKKVILXSNW_render_front.jpg,1.260957036459191,1.2,1.2564989607456831
rand_Q9Q2RC3RZ8_render_front.jpg,1.071770042098365,1.2,0.834545339602796
rand_HX2T6UMMBL_render_front.jpg,1.2242754779908136,1.2,1.230341721476387
rand_WYLBSH1DFW_render_front.jpg,1.2558256935113281,1.2,1.0
rand_RCUGOKSU90_render_front.jpg,1.05,1.2,1.1806067884479683
rand_JL9MMV1LS4_render_front.jpg,1.05,1.2,1.5500832137155354
rand_9PK35MK1VU_render_front.jpg,1.05,1.2,0.858891265397478
rand_RCP24OQYIY_render_front.jpg,1.05,1.2,1.587878905262121
rand_3ZJ5KQXBPV_render_front.jpg,1.05,3.0839407159273793,1.2232298898865623
rand_PPBAEKYOOW_render_front.jpg,1.0414861313762003,2.2026277292849397,1.5976269638075262
rand_1VTJGQ86O0_render_front.jpg,1.0579807637641365,1.2,0.8360266519765717
