File Name,suns
rand_HARVFM1OQE_render_front.jpg,1.6317577529688887
rand_QKRH61Y0EZ_render_front.jpg,0.2538997872633646
rand_UZTH8341UI_render_front.jpg,1.7869960814827952
rand_ZRDD4B7MIM_render_front.jpg,1.1314180549249693
rand_71JKUKX30K_render_front.jpg,0.9834537506443095
rand_00CXQDTPMH_render_front.jpg,1.638869894143382
rand_ZUI0Q16FIC_render_front.jpg,1.5088602266315931
rand_6OCQ3NJLOV_render_front.jpg,0.9341358392821821
rand_9KNUUPIS5J_render_front.jpg,1.5916918746287927
rand_QSVO2JTL45_render_front.jpg,0.4323867647241141
rand_8PPZ4N9M1B_render_front.jpg,1.32663079668789
rand_RRSODOJ4FG_render_front.jpg,1.3029376619972046
rand_FVG3YR27CA_render_front.jpg,1.3362288348403262
rand_AG02ZF0FJY_render_front.jpg,1.146483026637579
rand_VJ1BOIY9Q5_render_front.jpg,1.0419348609695276
rand_YAB0P92PS1_render_front.jpg,1.5825850992750778
rand_97I0G2FIR5_render_front.jpg,1.506253572407358
rand_YROLT1M5MI_render_front.jpg,0.29772112883232216
rand_J34PO1LFBJ_render_front.jpg,0.3088038463629582
rand_ACAVWZDL9M_render_front.jpg,1.0459367439436569
rand_UAZ7T7QDRJ_render_front.jpg,1.477175578339153
rand_17PWELCLK8_render_front.jpg,1.7139529155296733
rand_ARCJNJPPUY_render_front.jpg,0.9697648231911802
rand_3PMR52UWHN_render_front.jpg,1.4548303319295521
rand_OYAMYQX0FX_render_front.jpg,1.769836875721427
rand_TNMYE0N4B3_render_front.jpg,0.6152187569422797
rand_VDNW68ECFL_render_front.jpg,1.1556101759925017
rand_2BKK8VHKI8_render_front.jpg,1.249151596948429
rand_5LUXAE7G4C_render_front.jpg,1.248205281067373
rand_0B1Q071ZV0_render_front.jpg,1.4419160930888202
rand_0UHRIDT4ZQ_render_front.jpg,1.0028049027698394
rand_5ZNE8V1XB8_render_front.jpg,0.4188011277012508
rand_QH7ZNEZK61_render_front.jpg,0.22537965959432776
rand_0MGW5YEOOW_render_front.jpg,1.2968478813061686
rand_C0SO3XD3HR_render_front.jpg,0.5022900009637469
rand_QCK157SV3K_render_front.jpg,0.5459978912521607
rand_H3YYNO6WEK_render_front.jpg,1.294941070172881
rand_WRU7C21HI8_render_front.jpg,0.5103690974756268
rand_KUEVBB0C3L_render_front.jpg,0.13384392210368265
rand_GIGLIL5TKD_render_front.jpg,1.5021555510251385
rand_XES1EQZZGQ_render_front.jpg,0.6748864085817519
rand_N61JKH6OG6_render_front.jpg,1.6333507593325325
rand_IQXKJP9F7B_render_front.jpg,0.7294837834132875
rand_1NKO547NCV_render_front.jpg,0.24255188641836942
rand_3OTWVQNZR7_render_front.jpg,0.40712767060384014
rand_TS1NSDGH7X_render_front.jpg,1.9271157365583536
rand_FOE6W9VZP9_render_front.jpg,1.8667992126743698
rand_GUOARU6VQZ_render_front.jpg,0.12746243224198428
rand_JJH3DZCJAE_render_front.jpg,0.5469252452562329
rand_US3IHQPPZM_render_front.jpg,0.17698296112452905
rand_L15ZCTVM5F_render_front.jpg,1.0876816637727682
rand_0XQOWJR8TB_render_front.jpg,0.2859086540113911
rand_YPZ62DOWYT_render_front.jpg,1.295988386501179
rand_HQSE5EDIYU_render_front.jpg,0.43315807396049355
rand_R1DXZDOYR3_render_front.jpg,0.19259177522052776
rand_8JHS3CABZ4_render_front.jpg,0.3103505886959563
rand_QKOHXI93QH_render_front.jpg,1.779214560962005
rand_28AONKZ3RY_render_front.jpg,0.7813842147019389
rand_P81SQULWF5_render_front.jpg,0.40273906239647284
rand_6VBCSAIJZ3_render_front.jpg,1.458221555681608
rand_AJO0F6EY91_render_front.jpg,1.2247219882732525
rand_ONCKO7BM7Q_render_front.jpg,0.9715316313581548
rand_KB46Y6F1CF_render_front.jpg,1.7475900597506158
rand_B72BFTUJJ4_render_front.jpg,1.252168728425082
rand_4OHIXWV6W8_render_front.jpg,0.25492010090123673
rand_JGIGSPKECR_render_front.jpg,0.755594155543262
rand_OBDLX7B1ZM_render_front.jpg,0.5677103903051836
rand_ZTT0UROS17_render_front.jpg,0.24309421477728868
rand_5LN7TT2XQP_render_front.jpg,0.7162576553349482
rand_3ZZWAJSGMJ_render_front.jpg,0.7143717906523802
rand_PJ99BABZE3_render_front.jpg,0.46344271614068366
rand_GQTIKUMV3B_render_front.jpg,0.8749803480658994
rand_81652GX969_render_front.jpg,0.5159362604339048
rand_MFG1EZAU8P_render_front.jpg,0.13202232312865853
rand_YMETSOHICF_render_front.jpg,0.6293294693229292
rand_1T4TDFQH7C_render_front.jpg,0.6596602720162862
rand_24C0WR5YIG_render_front.jpg,0.8285780414765047
rand_14GCQ0YOEF_render_front.jpg,1.262948480439775
rand_9LR2XG2O1L_render_front.jpg,0.3510274620727698
rand_CJ8GZ4JURH_render_front.jpg,1.1814461704778136
rand_8KLA23O853_render_front.jpg,1.0389632786415597
rand_6Q3K2QPZXC_render_front.jpg,1.1529699542082488
rand_SD3JPIKKED_render_front.jpg,1.4383994163932106
rand_5904JGEEUK_render_front.jpg,0.3169781632384039
rand_9LYDZYM0FB_render_front.jpg,0.10439582880205096
rand_O0HZWA9MLT_render_front.jpg,0.9746744380916834
rand_JJJJHJ89JA_render_front.jpg,1.0990660929300262
rand_X3A1LIBIBK_render_front.jpg,0.6297004519480423
rand_ICHYYFDV1T_render_front.jpg,0.5322757220666715
rand_OJNHGTPGU3_render_front.jpg,1.4917997223395705
rand_CBFKE3WT4H_render_front.jpg,0.6267610917918484
rand_WT8FRNLQ1K_render_front.jpg,1.7029911043748078
rand_PIW7KVSQMB_render_front.jpg,0.7346997277105326
rand_7AXBQ9TRL9_render_front.jpg,0.5299561601428201
rand_XG07JQ26FM_render_front.jpg,0.5717021765281898
rand_1I3YGU31K3_render_front.jpg,1.5428806042498657
rand_UY83XULJO3_render_front.jpg,0.745970500999198
rand_BY9NN7FNP2_render_front.jpg,0.2883255480879102
rand_3D5WGR1NHO_render_front.jpg,1.3059020365350813
rand_E4KWAFH6KS_render_front.jpg,0.9376193004001463
rand_KE7GYW0MGD_render_front.jpg,0.16907770661481683
rand_B4A4PBLXHC_render_front.jpg,0.32493738980866227
rand_6RT5XP2JHT_render_front.jpg,0.18771448312462075
rand_PF7AI3EOF7_render_front.jpg,0.3230330651872714
rand_0PVUPT1AP8_render_front.jpg,0.19855490205358237
rand_P2O4GSXN11_render_front.jpg,0.30232588903549124
rand_Z4AXI9D9UU_render_front.jpg,0.7486468731348703
rand_V81RLQH7XB_render_front.jpg,1.2876946104343663
rand_8SAL96YJAP_render_front.jpg,0.7145693048928178
rand_F0NC4GOWE2_render_front.jpg,0.7424962546058131
rand_AEKAU0BALC_render_front.jpg,1.0245028037524642
rand_Z5G1ASNTG7_render_front.jpg,1.3591617729457743
rand_T37ZTBXH7O_render_front.jpg,1.7282092070178556
rand_H6UVTHINGY_render_front.jpg,1.6844168453080186
rand_KK9ZJZK6HQ_render_front.jpg,0.1812646677447287
rand_LWZJAZCSRY_render_front.jpg,0.13214694768423157
rand_4MSEFRFCQP_render_front.jpg,1.0585657544354437
rand_WH2TQ2JQTU_render_front.jpg,0.49175474872123126
rand_F3TBMP71JM_render_front.jpg,1.4140927994610595
rand_UQ9AVNC8IT_render_front.jpg,1.1942736268523926
rand_FZJBSTT5NC_render_front.jpg,1.105629214083042
rand_MWBIJJVQ05_render_front.jpg,1.4439604079083324
rand_15BJWWYFUU_render_front.jpg,0.5390767208003635
rand_M3TS0681VH_render_front.jpg,1.7834019341366405
rand_0ZY50Q5AU3_render_front.jpg,0.3302922559171152
rand_0AOGL2ANXT_render_front.jpg,1.900289765933776
rand_VA06ENYSNX_render_front.jpg,0.2914466356827362
rand_05UL8K3AHM_render_front.jpg,1.1287121365166768
rand_SZJDODOE6Z_render_front.jpg,0.11422328676411696
rand_5EDQDK7XOL_render_front.jpg,0.6172153267397378
rand_G4XWDRT2MK_render_front.jpg,1.0590462414030533
rand_1L391F0KO6_render_front.jpg,0.40609242369356047
rand_HQ24GBG3QS_render_front.jpg,1.8921495308522578
rand_EY8V928ERR_render_front.jpg,1.7725026732755766
rand_V12MJXJDKN_render_front.jpg,0.38662923048996733
rand_59DYS4RI9O_render_front.jpg,0.5357582318898222
rand_Z1INOYUWGP_render_front.jpg,0.9189560664397766
rand_GTTFYW9YJ9_render_front.jpg,1.317896740635066
rand_YD8ZS3W513_render_front.jpg,0.2359102298716311
rand_GDPSSFK1BK_render_front.jpg,0.5557298105394932
rand_RX9CMZWMK1_render_front.jpg,1.8673757335615286
rand_G5F7G9YROI_render_front.jpg,1.043700232474457
rand_O7VFBS5LV6_render_front.jpg,1.9154176674359973
rand_TB13XAK4DR_render_front.jpg,0.16695684171662023
rand_2A7XOPQVJ2_render_front.jpg,0.5010154022444622
rand_LP75F8MNSL_render_front.jpg,1.2107995822130286
rand_X3C6JLVH0C_render_front.jpg,0.19990441754503452
rand_E2SC3GLMSL_render_front.jpg,0.34143912237362795
rand_QZNIQZVWMK_render_front.jpg,0.7480806533501375
rand_NDGABNK1HE_render_front.jpg,0.9993066851624745
rand_K0DAQNPG0J_render_front.jpg,0.6838902459122113
rand_5RU7PT7J5A_render_front.jpg,0.2235148298821449
rand_0J7WOGCLKS_render_front.jpg,1.4930174899554696
rand_A0RT126EGJ_render_front.jpg,1.1095842045418358
rand_8SZBY9RJHI_render_front.jpg,0.11794009059156013
rand_M86OUJKSMC_render_front.jpg,0.746687114946476
rand_QLAI4K4AK4_render_front.jpg,0.549696990530448
rand_DIGZFBZRGR_render_front.jpg,0.3850893892763132
rand_FNQBWP9XK3_render_front.jpg,0.47196085065033755
rand_TZ4VEFWNEQ_render_front.jpg,1.674048852856507
rand_VTNQJBNMIE_render_front.jpg,0.9464360275617499
rand_3O6NDT95XY_render_front.jpg,0.5220997885346853
rand_IEZ5D8R2GZ_render_front.jpg,0.6575883984315787
rand_X65PF5FOAL_render_front.jpg,0.20039633315240857
rand_V9VMSYNKZD_render_front.jpg,1.919196723802173
rand_EP0ATC54YQ_render_front.jpg,1.0185960792024797
rand_E0WMIOOF8B_render_front.jpg,0.5302534132223004
rand_0ZIZZVYANH_render_front.jpg,0.2711765339269969
rand_8PFW9BPB2T_render_front.jpg,0.33033034889522156
rand_C3J6DT9VQ3_render_front.jpg,1.1790904693225646
rand_LM7YUSPI5Q_render_front.jpg,0.4514047427498826
rand_CV9ACSA4G5_render_front.jpg,0.9652779507815047
rand_9PH2YG4HLP_render_front.jpg,1.6573866965256923
rand_Q22PP3YN1U_render_front.jpg,0.5413462977001616
rand_E9O77GIM0D_render_front.jpg,0.4051242795734368
rand_IZ33K5P39Z_render_front.jpg,1.600413932952203
rand_4RR0AAIIIY_render_front.jpg,1.649370353601348
rand_S5F51J8RI9_render_front.jpg,0.22522650299937627
rand_QH8L4OBOVL_render_front.jpg,1.2439221341176725
rand_2C1TE3U7QA_render_front.jpg,0.16342377767739336
rand_DSYSFVPZH6_render_front.jpg,0.9992082409435259
rand_CMHIQ72AXJ_render_front.jpg,0.19032672427345798
rand_OSBPUVRHOC_render_front.jpg,0.744803099500452
rand_1MU1PCRA0I_render_front.jpg,0.16546134847550997
rand_F0EEVPENK4_render_front.jpg,0.6893162450087523
rand_JZ8FOVBU8D_render_front.jpg,1.845065623390413
rand_JSQ29IM6B8_render_front.jpg,1.5476255178594873
rand_FCMK6F2MJP_render_front.jpg,1.6012658607346741
rand_IKBZGMQZOB_render_front.jpg,0.26097985374977983
rand_FNS8NO9V5Y_render_front.jpg,1.4691075032631067
rand_3GK5D4P9H0_render_front.jpg,0.6900369820211444
rand_3VQDDEGO8R_render_front.jpg,0.8510275853019263
rand_MEOLJPOHS8_render_front.jpg,0.6771528904205052
rand_9PI5ESO6XC_render_front.jpg,0.321574435588156
rand_GXPVFDY2JA_render_front.jpg,1.39962230618869
rand_YOODRXGPDA_render_front.jpg,1.7343960680218917
rand_6XGBSLNMAT_render_front.jpg,0.48627017776206494
rand_011R6U208P_render_front.jpg,1.760344920628688
rand_RM84XGNFZZ_render_front.jpg,0.8773877162356466
rand_6VFYUI3EF9_render_front.jpg,0.9488738818819193
rand_GJAW0X3R61_render_front.jpg,1.4152189301190616
rand_XLGVC1B04S_render_front.jpg,0.4905267620689737
rand_N5X9IP40X4_render_front.jpg,1.0222367130317953
rand_8YDDE7ZSO5_render_front.jpg,0.5490466575211879
rand_AP927NWFOI_render_front.jpg,1.6267162115746965
rand_1ZTLDGVYXC_render_front.jpg,0.783626057569616
rand_HFLKTLZP3E_render_front.jpg,1.0116383469130026
rand_6SA2430ZRA_render_front.jpg,0.46906382186347084
rand_KRHLHL7KU2_render_front.jpg,0.1142241635302929
rand_1I3GDBPOTT_render_front.jpg,0.4470974878395205
rand_CSPLL2LT3T_render_front.jpg,1.6758778716151523
rand_42QX1MYP2C_render_front.jpg,0.5545670349078503
rand_RSZPQ5DU4Q_render_front.jpg,1.8431857301687888
rand_1HDVM3S25V_render_front.jpg,0.7647283684375793
rand_I8UQD3PCL5_render_front.jpg,0.2878428036515456
rand_AHNE5VS939_render_front.jpg,0.6566694962778229
rand_GYVDQ9Q3WN_render_front.jpg,1.404066322280998
rand_676Q2QUZ4T_render_front.jpg,0.4418432212144673
rand_Z0N6TTW9NM_render_front.jpg,1.3518794383360768
rand_7XFC92AY9S_render_front.jpg,1.8795487879863173
rand_KANNQVDSYV_render_front.jpg,0.31667503935281976
rand_3PZVZM30GL_render_front.jpg,0.8076999090725635
rand_ZPBXPE6K18_render_front.jpg,0.686096248273017
rand_OYHW2F7OQT_render_front.jpg,1.8799209966448238
rand_1SMCHYUXER_render_front.jpg,1.8154897023031578
rand_5SBAIJBN1Z_render_front.jpg,1.7244254561987777
rand_4U55PV6CRO_render_front.jpg,0.26740864065532943
rand_J9950V4I15_render_front.jpg,0.1996078268561946
rand_RMMI0QTQQV_render_front.jpg,0.9145052768549503
rand_FG5IXRA1PO_render_front.jpg,0.9748601634108578
rand_1E5NSANWXW_render_front.jpg,0.19192694841141933
rand_E9J789XOAF_render_front.jpg,0.983073693968325
rand_OFOMISLNXG_render_front.jpg,0.45330972023152605
rand_YACBY8HRG8_render_front.jpg,0.20168849439954378
rand_1PVFPZE9QT_render_front.jpg,1.1704799119398532
rand_Y1OCXL9NMU_render_front.jpg,0.5298177268992419
rand_GKO6AQ63XN_render_front.jpg,1.0014278284336198
rand_30TPHFOYE0_render_front.jpg,0.8351920555767158
rand_UD14MTJNEJ_render_front.jpg,1.844433238525914
rand_DVP4I0ARW0_render_front.jpg,1.189704951689112
rand_C022DA59PM_render_front.jpg,0.155432444283714
rand_VZ743NTD0C_render_front.jpg,0.29427775573736425
rand_ELGVCQSZWG_render_front.jpg,0.8923926530275934
rand_1P31PVUEPB_render_front.jpg,0.12069649838964214
rand_51LYDA80CJ_render_front.jpg,0.16588693828057882
rand_N7NSBY3C7O_render_front.jpg,1.3703908844421624
rand_CFUALUISHQ_render_front.jpg,1.2866208725022519
rand_VPLOLXDWIA_render_front.jpg,0.5298262253983479
rand_OFGT2WOVJE_render_front.jpg,0.11020866422830355
rand_51QQ6LC2BK_render_front.jpg,0.10209822850156888
rand_GHYAPEHOVO_render_front.jpg,0.8769071969684827
rand_KGQ7W8HHZP_render_front.jpg,1.1636296129578918
rand_M2PDSIPURV_render_front.jpg,0.4561719563322667
rand_DTI9DPEHKG_render_front.jpg,1.394027896941054
rand_F5U1YDMC8K_render_front.jpg,1.0157081790266955
rand_8IPHKO2YFF_render_front.jpg,1.2481082742364054
rand_XVM4FW9SW2_render_front.jpg,0.5385838072627366
rand_QP9IIG5G16_render_front.jpg,1.5267903037662027
rand_HZ8TFYJPNU_render_front.jpg,0.16507140610342275
rand_E1909N9EKN_render_front.jpg,1.0930304393370882
rand_GF7AEV5DT5_render_front.jpg,0.36652791581220145
rand_KXXNP54I2L_render_front.jpg,0.7166280287242403
rand_E6I6HXJOJ7_render_front.jpg,0.8244201188502561
rand_ZNW1LN2LHF_render_front.jpg,0.19236421166388043
rand_FND20OJFIL_render_front.jpg,1.5446075178596836
rand_BD4MDH23H7_render_front.jpg,0.1423511489756267
rand_PN6FG4YURB_render_front.jpg,1.4530990901887295
rand_P23G0TF0VF_render_front.jpg,0.9816544359893253
rand_4PGJ5FZESK_render_front.jpg,0.38316642318861216
rand_R5LYUC4FM5_render_front.jpg,1.1283527323126974
rand_1GLL11GYFZ_render_front.jpg,1.0606917649901142
rand_LEI8MBB2JL_render_front.jpg,0.2175929821009953
rand_70T6C36REZ_render_front.jpg,0.32518296192029217
rand_BJIQF8ZHDH_render_front.jpg,1.3822361033331096
rand_4VLKW376FX_render_front.jpg,0.8260274939437614
rand_0LIA8CT5QT_render_front.jpg,1.0154810369217775
rand_93OEEYP09C_render_front.jpg,1.3306870835229223
rand_HRS724LT59_render_front.jpg,0.13899204282278105
rand_KPMVMAXYBU_render_front.jpg,0.33367456607151763
rand_8QA9CM9YVW_render_front.jpg,0.29618189521339866
rand_ZR3Y5U73GX_render_front.jpg,1.0405941969706127
rand_WE30DWLQWJ_render_front.jpg,0.9634699593019675
rand_EOEH750119_render_front.jpg,0.21651903732061034
rand_BUQGKGETHY_render_front.jpg,0.10903009037157893
rand_1BLNIJI0YM_render_front.jpg,1.6272880045886233
rand_CCPBQ8X8FY_render_front.jpg,1.067903971967621
rand_21WX4KSQA2_render_front.jpg,1.3041969105105762
rand_KQTKIXUCPQ_render_front.jpg,0.36407378450484895
rand_K2IE45JCM3_render_front.jpg,1.8357508958124038
rand_5925ZGHRV7_render_front.jpg,1.8030913110255493
rand_UBG8N2BP8P_render_front.jpg,1.3295565800703153
rand_97ABI9ORNR_render_front.jpg,1.7835038785769044
rand_ZHOBTVWEAT_render_front.jpg,0.2600036472466569
rand_GY6LD9BX6U_render_front.jpg,0.2886155670659133
rand_M40D3B4S31_render_front.jpg,1.106236598346727
rand_UPRGMTAWWW_render_front.jpg,1.0944934717849872
rand_9KW6Z2TVVJ_render_front.jpg,0.6264212078630129
rand_9HBR73REY0_render_front.jpg,0.5382746081261554
rand_K3NM6YIALW_render_front.jpg,0.5126434675932928
rand_S1RL0COYPS_render_front.jpg,0.19998445023506994
rand_Z1MDJFSSTS_render_front.jpg,0.5191987598082229
rand_6E7Y2AUERL_render_front.jpg,0.6522898155686984
rand_AQ9J8PZFV9_render_front.jpg,0.46553798263295043
rand_C3I3FJZRW5_render_front.jpg,0.21007541588296758
rand_G2W3KJ3G83_render_front.jpg,0.8420319597776953
rand_6B0TRO9IK4_render_front.jpg,1.3832222957454572
rand_1J2CKQ3MAQ_render_front.jpg,0.23939096200954005
rand_4BFCBMMIDF_render_front.jpg,0.3354896933011457
rand_Z2BIQE3JIU_render_front.jpg,1.8883979478179607
rand_IDFZCW4AA3_render_front.jpg,0.1536129227517496
rand_0PGKZS94SS_render_front.jpg,1.326555616029412
rand_SO9L072HIL_render_front.jpg,0.21731406910977769
rand_PY6WGAV001_render_front.jpg,0.5282036691269191
rand_BMMOAPAUEN_render_front.jpg,0.7809913196215988
rand_09OHSXSIJE_render_front.jpg,0.24437104562641104
rand_WLPFSJD4G9_render_front.jpg,0.4784332247119204
rand_EN1BZPDYFA_render_front.jpg,1.481696772855059
rand_G0HQX4ALBN_render_front.jpg,0.44094016235092726
rand_2FRK437VBO_render_front.jpg,1.5818322776850873
rand_IU2OCYP3TQ_render_front.jpg,0.5923282893007003
rand_B13NECQ3LD_render_front.jpg,0.46933562042339994
rand_WBRP09LPBL_render_front.jpg,0.20478050584230878
rand_ME9NADIZHL_render_front.jpg,1.0105135683551598
rand_DHRYGTWCA8_render_front.jpg,1.0207054351462002
rand_6KSXO4M8YG_render_front.jpg,0.45265985849410084
rand_1LPME2B4A7_render_front.jpg,0.5610321982987198
rand_MP7WC40WT1_render_front.jpg,1.8651952678786818
rand_XSRWDTQLQI_render_front.jpg,0.786495113059142
rand_5VAV5NV3TJ_render_front.jpg,0.3143786454860768
rand_CL9JJZ566U_render_front.jpg,0.4236823998300714
rand_J90W0DVDAS_render_front.jpg,1.1528802493792734
rand_UNND7SS1XE_render_front.jpg,0.7254086015021283
rand_H1HW5UW5S7_render_front.jpg,0.26828229218052135
rand_C422Z2L2TC_render_front.jpg,1.2642186518602048
rand_1PHG1C3H80_render_front.jpg,0.15150909213794111
rand_BP3OMRYRE2_render_front.jpg,1.8383552702573098
rand_7A3NK3RDDZ_render_front.jpg,0.18142348735147662
rand_DNE23XZX75_render_front.jpg,0.318099816027157
rand_L2Z2049USO_render_front.jpg,0.24517397548316272
rand_83CN4XI20L_render_front.jpg,0.32433873995161966
rand_4GPZDKENQZ_render_front.jpg,0.3445705484422653
rand_KCZRIGB1AA_render_front.jpg,1.8783788631461533
rand_42UE630015_render_front.jpg,0.5434404178651684
rand_WAA4ASTOC2_render_front.jpg,0.44380051797730047
rand_6HQ81RTY3Y_render_front.jpg,1.8989974285876234
rand_QZR946FQBR_render_front.jpg,0.11512847867187488
rand_9STL8YIVBY_render_front.jpg,0.8717800871982228
rand_FL43J41CZX_render_front.jpg,1.5479912280917676
rand_MOYBRIF9IZ_render_front.jpg,1.6743239994821757
rand_ATMPLQP6KY_render_front.jpg,0.378351085650376
rand_F38J013VAJ_render_front.jpg,0.674423461814655
rand_DKOX295PH4_render_front.jpg,1.2725818956363193
rand_0R3KEWI7YP_render_front.jpg,1.200594829345581
rand_MNCFIW70P3_render_front.jpg,0.9686074000791461
rand_N6KYF3XRRA_render_front.jpg,1.5745863815875263
rand_DWD3D0H45U_render_front.jpg,1.718712339878316
rand_QTLHS2BDVD_render_front.jpg,0.6594685622201188
rand_F05AR1Q0YT_render_front.jpg,1.6078799301895887
rand_ZKL35WRT8B_render_front.jpg,0.23780419170908512
rand_37G3ICUQE2_render_front.jpg,0.48874914979471673
rand_KL3TKCCUCD_render_front.jpg,1.9432196337494052
rand_ZK86FXT3PE_render_front.jpg,0.4464169302595614
rand_6ASN15QTDF_render_front.jpg,0.8142876800063238
rand_7QB4UNV7V0_render_front.jpg,0.35944129210299547
rand_1XH5WVWCAY_render_front.jpg,0.16428251059304663
rand_ELXRPKNR5Z_render_front.jpg,0.3881786454128645
rand_RWFZMUL7G5_render_front.jpg,0.5619258534300356
rand_Z90XKHLHA8_render_front.jpg,0.25904339761894335
rand_0IQLMC4K63_render_front.jpg,1.6149238156242967
rand_85LOX29TIS_render_front.jpg,0.46997302871988245
rand_L7DUAZ79XZ_render_front.jpg,0.18669881893348977
rand_JXFCF0UDEB_render_front.jpg,0.18175349445807096
rand_N2OUS0PGNY_render_front.jpg,0.4701392896398221
rand_3FZ68RA9U7_render_front.jpg,0.7034460385204196
rand_YB3GDI85XH_render_front.jpg,0.8915356014336114
rand_IIH8KJ0GJD_render_front.jpg,1.2874959380144255
rand_2FDESQ15Q6_render_front.jpg,0.3007546514006484
rand_QQMUIW3YU1_render_front.jpg,0.4146762628020517
rand_LWZ32B17N5_render_front.jpg,0.8477903604317115
rand_YSVNLC3H52_render_front.jpg,0.2858486330884763
rand_ND46UX8IXB_render_front.jpg,0.3702773625369602
rand_4NR8EVJB97_render_front.jpg,1.2087835356844538
rand_PVKTB0DW0G_render_front.jpg,0.4238831066814406
rand_2NFLGJQPCL_render_front.jpg,1.433197583053709
rand_347RAO249O_render_front.jpg,0.3417623742087825
rand_TE79OSI4W3_render_front.jpg,1.5158523257412715
rand_7T45EXB1NL_render_front.jpg,0.9548506324205734
rand_9CL4DU4AJI_render_front.jpg,1.228635768464312
rand_ASDW2VRY18_render_front.jpg,1.139558457793268
rand_3QL547CC4A_render_front.jpg,0.2517637673909747
rand_P4GLHSYE9H_render_front.jpg,0.1425601568453454
rand_Y4OF9TNS2Y_render_front.jpg,0.46988999743559334
rand_29UANJYKU6_render_front.jpg,1.264872345771031
rand_WFSPC9HL5G_render_front.jpg,0.4157612378196879
rand_YFITIJA013_render_front.jpg,0.45048253719508835
rand_R9ZGEEWHCF_render_front.jpg,1.1668762374401884
rand_6N8ZV0QG6S_render_front.jpg,1.1658257303205504
rand_0UFNU9Z3I9_render_front.jpg,1.4671442046430634
rand_I1TRZC71KU_render_front.jpg,1.7004555992687322
rand_K35DN4DC23_render_front.jpg,0.49158756244951496
rand_PPCFT5O9ND_render_front.jpg,1.0943716909616021
rand_8ETV84UHKD_render_front.jpg,1.4427567850688539
rand_T1CNKYRQCK_render_front.jpg,0.15949259346039263
rand_Z452CZITG5_render_front.jpg,1.1273229324239613
rand_4ZRRY8CP35_render_front.jpg,1.435187105703422
rand_PLN9QLEMSH_render_front.jpg,1.006812068198376
rand_ZIHJZM4PFL_render_front.jpg,1.8806482953671424
rand_TZ42L4ZGG0_render_front.jpg,1.7388031421246493
rand_VAY6GJFSL1_render_front.jpg,1.771244677610129
rand_JL3I8X5ZYN_render_front.jpg,0.4365163393467911
rand_PCB7SELMKQ_render_front.jpg,1.5346401809637968
rand_FH2YD235DF_render_front.jpg,0.582216392316693
rand_CUL6VQZ621_render_front.jpg,0.7329649841816369
rand_6G757CA43H_render_front.jpg,1.357519126391069
rand_586OGR0NPP_render_front.jpg,1.7089698149404593
rand_O0QMYH7G9R_render_front.jpg,0.41503535007796377
rand_FOI0NWTG9X_render_front.jpg,0.7734348625473509
rand_VKN5GACIFI_render_front.jpg,0.29797408337910225
rand_8NCCJ74TIG_render_front.jpg,0.24857160777535403
rand_NG5938RV9B_render_front.jpg,0.5361192401031568
rand_Y75EUJ3G7R_render_front.jpg,1.2223176813011385
rand_NP4E8B5QM4_render_front.jpg,0.7844649683054451
rand_P1R67DQO2R_render_front.jpg,1.837071171590522
rand_LIDJZALFNJ_render_front.jpg,1.257710436492752
rand_TJURDSALV9_render_front.jpg,1.589844117713565
rand_3IMBJJN1BE_render_front.jpg,1.3827904380675247
rand_YH9SS7PHKG_render_front.jpg,1.1303707128419147
rand_TZCQIGTBOA_render_front.jpg,1.014225538062824
rand_TBXSHGH8J4_render_front.jpg,0.39940706212659804
rand_01L2T9IFAL_render_front.jpg,0.45662528583370465
rand_3DMDAU2SWP_render_front.jpg,0.5580840919403683
rand_4CCX6OV2Q2_render_front.jpg,0.45149611878071316
rand_M4MUKANX3B_render_front.jpg,0.2076980160655582
rand_MX8HW91P2Y_render_front.jpg,1.3272290089539178
rand_3HRVE16K8S_render_front.jpg,1.243631122066738
rand_MTFHA9NCL0_render_front.jpg,1.287820226964031
rand_WHFDDGEJTF_render_front.jpg,0.45142350311295076
rand_GMC172KOXX_render_front.jpg,1.4277102343123564
rand_NUH85PAIX7_render_front.jpg,0.9532180439514558
rand_8WMZJB9F5C_render_front.jpg,0.3990570338782531
rand_FWF63RMELJ_render_front.jpg,0.3492622333237247
rand_8H7JUFF0Q1_render_front.jpg,1.8450147302092563
rand_QEXJI2LPD2_render_front.jpg,0.28413588819866986
rand_ASKNOJ0BNI_render_front.jpg,1.4101769066298058
rand_CP3E1EVX80_render_front.jpg,0.5780846076151894
rand_KCQNA1CJJT_render_front.jpg,1.6577406360242375
rand_L33ZJL5JF2_render_front.jpg,0.46805033400102014
rand_SN0HL9G8C8_render_front.jpg,0.7312930300623243
rand_BCTM2FLADL_render_front.jpg,0.1006941063963758
rand_XU1OKSQ7OO_render_front.jpg,1.64465406304644
rand_ZKXZR27KXH_render_front.jpg,0.5181892482554991
rand_KGJGGM4WUG_render_front.jpg,1.8137285805902226
rand_IKHE8XBEA5_render_front.jpg,0.8928663021031187
rand_MYWTWT3CSY_render_front.jpg,1.577838361727268
rand_5T77T1W1EU_render_front.jpg,1.680047963286415
rand_LLQ4HH131J_render_front.jpg,1.0790020403675529
rand_KQ890FDQ8X_render_front.jpg,0.5461816207940993
rand_Z2BGAZLSXD_render_front.jpg,1.2654842935887007
rand_1AH3GT8PTO_render_front.jpg,0.1012025341355086
rand_GO398VCBHP_render_front.jpg,1.8425432089592813
rand_OHJGUECNFB_render_front.jpg,0.5868077810034414
rand_78YYEAKNZV_render_front.jpg,0.807807594406583
rand_JRQEX33LXT_render_front.jpg,0.3716675462505935
rand_N14SUA1FK5_render_front.jpg,0.46678554667232675
rand_T3AM5YNTJ3_render_front.jpg,0.382903902458137
rand_4XJJRNH3DN_render_front.jpg,0.6131658355495366
rand_7N9ROC02H1_render_front.jpg,0.1010666118398889
rand_J276O4U96D_render_front.jpg,0.9265317692989001
rand_TPQJ5BC55C_render_front.jpg,0.13137842491666404
rand_PIUQNJCCV2_render_front.jpg,1.4303524526199907
rand_7U31RWQEE4_render_front.jpg,0.9168663493008602
rand_UWSB48KLI0_render_front.jpg,1.234245158076555
rand_WATY11C6HT_render_front.jpg,0.2823876236472942
rand_2QPNU9PXFC_render_front.jpg,0.44687436288888793
rand_O3WVE6IATM_render_front.jpg,0.6131642853952651
rand_E8PFU4F3YJ_render_front.jpg,0.6045570416941183
rand_Q9Q2RC3RZ8_render_front.jpg,0.12400110649341582
rand_2I4VZ4SXFX_render_front.jpg,0.512276276699216
rand_MZVJA47115_render_front.jpg,0.23934622653644166
rand_PPBAEKYOOW_render_front.jpg,0.7494242095996533
rand_09RJPU2VKT_render_front.jpg,1.8935610935644094
rand_X7C6PP29IR_render_front.jpg,0.7828892169638547
rand_RCP24OQYIY_render_front.jpg,0.6992812482710294
rand_N02KUP2JWR_render_front.jpg,0.11358462657942395
rand_QQ4GQ1K33M_render_front.jpg,1.0916168993232338
rand_M3IE1TVUJH_render_front.jpg,0.35074381120704967
rand_DB46VWEOPM_render_front.jpg,0.5946428652610739
rand_4G8NTA88B3_render_front.jpg,1.0344641535564691
rand_C7R3JY1XDK_render_front.jpg,1.780532952956677
rand_2W1ARDYTQA_render_front.jpg,1.0314052400254168
rand_LLBN5F1BPY_render_front.jpg,1.5001106535486275
rand_7SUHORO96H_render_front.jpg,0.35167230610721156
rand_5Q24JVIYFD_render_front.jpg,1.3353432513192318
rand_ZQ3LW6I4S5_render_front.jpg,0.11146589792077559
rand_2FPTWA78B3_render_front.jpg,0.58294228017739
rand_Y2U35I40HS_render_front.jpg,0.8553847899616523
rand_0HPKKSOCCM_render_front.jpg,1.5552230174568324
rand_GT5XRR9IRL_render_front.jpg,0.35964142090788365
rand_HD045RVJBW_render_front.jpg,0.4234966831100129
rand_8M04KRM76C_render_front.jpg,0.5155524365979729
rand_T7YUHKV35Z_render_front.jpg,0.584011135005374
rand_6IQXS560QY_render_front.jpg,1.6279107921836276
rand_UZT8QW6TNH_render_front.jpg,0.7118025282371384
rand_MO2EDXRYJ7_render_front.jpg,0.5906849969624111
rand_YW7F9M16Z6_render_front.jpg,1.2502943141144234
rand_AFPB5IOPTY_render_front.jpg,0.7811471880596041
rand_2R201MQ70W_render_front.jpg,0.2694601939834883
rand_3NLA679VJF_render_front.jpg,0.5155593956286826
rand_OA9TA2CO43_render_front.jpg,1.2458188765482205
rand_SE3WDQ8JI4_render_front.jpg,0.4269161053633602
rand_HSO5AILY00_render_front.jpg,1.0088034571761408
rand_7NVV58EE6R_render_front.jpg,0.39977980806166646
rand_6636K6MNQM_render_front.jpg,0.2214798845099814
rand_EB0G939E6Z_render_front.jpg,0.9181650934514377
rand_OAG0YWPIRR_render_front.jpg,1.3498707836703006
rand_BI4FQFC6J1_render_front.jpg,0.19886924006475304
rand_OSL0Y5HZHB_render_front.jpg,0.5590401320538501
rand_K7ADV5C9M3_render_front.jpg,1.0970795667777413
rand_JUQIOIALVH_render_front.jpg,1.3979088745568637
rand_FCI8EF61ZC_render_front.jpg,0.11807976744102525
rand_NF88NT0X4Q_render_front.jpg,0.8564427849281196
rand_L0U9AVWILY_render_front.jpg,1.9401104396295759
rand_3CSQ2NDMNI_render_front.jpg,0.7086829735230514
rand_H63SSYNB8C_render_front.jpg,0.5352092664355845
rand_VDPN8GNDZ4_render_front.jpg,1.047242418906952
rand_4KA3S9QXN4_render_front.jpg,0.5022612706522117
rand_NNVJBL8B15_render_front.jpg,0.2403974221949676
rand_9DMBA89C7Q_render_front.jpg,0.2745796292331841
rand_HOW6R4EPDW_render_front.jpg,0.6661980819309256
rand_QSQOMAHSTA_render_front.jpg,0.16558746100441346
rand_E0AU5NYYE5_render_front.jpg,1.0337310026866626
rand_NE5A8V2QAN_render_front.jpg,0.37375012381517214
rand_IKAOAUYW89_render_front.jpg,0.3083814127222757
rand_L9090NLV3H_render_front.jpg,1.8358531394866122
rand_TNYEKW2YA5_render_front.jpg,1.3208507221590673
rand_QHU4BNJKQR_render_front.jpg,0.9892638447086919
rand_UL85X8ND54_render_front.jpg,1.9048744618518278
rand_OMT4TOFXYV_render_front.jpg,0.3136365305944595
rand_0MBY846ZGF_render_front.jpg,0.5226220575345534
rand_PZKX5Z4OGX_render_front.jpg,0.5723799759822568
rand_6YGLO1BHYF_render_front.jpg,0.7646097743842669
rand_Y6KY448B7X_render_front.jpg,0.8477627995501132
rand_C32OPZP25T_render_front.jpg,0.8601305432914563
rand_5I3OE0EHUJ_render_front.jpg,0.6872425522071863
rand_UB7HA2E4SU_render_front.jpg,0.36363186049508445
rand_ZMVZQSF9QS_render_front.jpg,0.4961891063874597
rand_EEJB50M54W_render_front.jpg,1.9300526370872328
rand_7E6XT3NDIY_render_front.jpg,0.5876394330168337
rand_P5UYQW0KZ7_render_front.jpg,0.43754143429676695
rand_CIIKN0F3J2_render_front.jpg,0.1039516394719584
rand_G55BL88EZF_render_front.jpg,0.21737467817952846
rand_1GYOCYM934_render_front.jpg,0.4924775656716318
rand_4ISHFE2JC2_render_front.jpg,0.6862952334470406
rand_NNLWIFSY0K_render_front.jpg,1.9131600483933688
rand_GWFVMVQNVP_render_front.jpg,0.8561364276796377
rand_BA94J3LE0E_render_front.jpg,0.47941791937208156
rand_N0ECK9CMIY_render_front.jpg,0.6733591207444634
rand_PNTYAI5ML7_render_front.jpg,0.30076727235801026
rand_CS9QP7R1Z5_render_front.jpg,0.39662881900768987
rand_JY76Q61T5A_render_front.jpg,0.44167844859646843
rand_8DAJ68PSC6_render_front.jpg,0.6490479823555328
rand_64QPJLJG5I_render_front.jpg,0.11053017738964682
rand_6V8U5DA18Y_render_front.jpg,0.160053877340479
rand_0NJY4WUB2P_render_front.jpg,0.5646157524506505
rand_BGD2O3Z6U1_render_front.jpg,1.5684506924787542
rand_HP70ZRBELJ_render_front.jpg,1.3973199755915235
rand_K5DPMFJ2ED_render_front.jpg,0.3150600248641486
rand_WG2MYBMLD5_render_front.jpg,0.7163705185288799
rand_ONTB2Y23YM_render_front.jpg,0.22723249122125688
rand_WPB672N5M3_render_front.jpg,0.7306916132600765
rand_3OXTINBRD9_render_front.jpg,1.25210422477148
rand_AF2G5C1G33_render_front.jpg,0.8811888666147106
rand_LLHJVCZ1BK_render_front.jpg,1.202155032441905
rand_VNWH8TXEQO_render_front.jpg,1.003478725859315
rand_17OFXQ6IZF_render_front.jpg,1.685885064837702
rand_8CGE3GU9E9_render_front.jpg,0.49195444638566044
rand_SZRX8TY51T_render_front.jpg,1.0498227353807326
rand_3PJE2FECL6_render_front.jpg,1.6430724748936165
rand_ALE6R7AQQP_render_front.jpg,0.7310845358707077
rand_97J3ZJ3Q9C_render_front.jpg,0.8803404686357897
rand_DL8CTQA0KP_render_front.jpg,1.2667246448047087
rand_0AAY3NQH8J_render_front.jpg,0.3990543928067687
rand_L9UJDDDSUJ_render_front.jpg,1.396915159349238
rand_WJOQAO1SUU_render_front.jpg,0.9561585405152311
rand_JZBOIYVJG5_render_front.jpg,0.7497613278197853
rand_0VYSDNJPGY_render_front.jpg,1.8508942586576427
rand_V8BE9753WU_render_front.jpg,0.3826803046936288
rand_F5KXWKZDFH_render_front.jpg,0.3016609054137696
rand_5SKW8Q0L88_render_front.jpg,1.4110031368518094
rand_4WJKPTNEKD_render_front.jpg,1.006844126868688
rand_58Z6H5TI8M_render_front.jpg,0.3717062729579298
rand_2HQEJ5LVL4_render_front.jpg,1.0198387600640337
rand_5NEQP6XE4X_render_front.jpg,1.613055502342663
rand_FT9AO58TYJ_render_front.jpg,0.6124290847763568
rand_6JNB25T8XJ_render_front.jpg,1.6121685224806994
rand_1NRWZ4LWPC_render_front.jpg,0.9888398759573293
rand_GKRIPGAR81_render_front.jpg,1.3756827393322393
rand_PISGY1N8OG_render_front.jpg,0.37134693843227085
rand_4HTGAJPPDQ_render_front.jpg,0.38988931173794406
rand_ECW9R9XDRA_render_front.jpg,0.5300237586483508
rand_BFTU2HH7BX_render_front.jpg,1.1766295178568016
rand_PBVHM8F5W1_render_front.jpg,0.9913347678345391
rand_WAGOCFCFMH_render_front.jpg,1.0133683228063788
rand_SAOPZKTE7A_render_front.jpg,0.2116160939751407
rand_S2FRM6RYCP_render_front.jpg,0.3248159766648779
rand_JRN6XXMKYY_render_front.jpg,0.3761560776145749
rand_RPNJ4SX4PK_render_front.jpg,0.9857509542535714
rand_RQW86SAP97_render_front.jpg,0.989114159962478
rand_MAIJCN5XHA_render_front.jpg,0.7348973944703706
rand_FOWJGGYZG8_render_front.jpg,0.37723958173036454
rand_CM11FN2AJ2_render_front.jpg,0.34037057737327325
rand_DLT4QMNREB_render_front.jpg,0.4968533592127017
rand_XGMOMR5DZ6_render_front.jpg,1.6430368758746579
rand_5U2NQK2T1D_render_front.jpg,1.3280533138110122
rand_M3YF6PJTE7_render_front.jpg,0.10634917550200967
rand_4TJC1640N1_render_front.jpg,1.4832921572223374
rand_B2P9TSXNS7_render_front.jpg,1.048108861819584
rand_B0I0Z066GJ_render_front.jpg,1.8764875522253166
rand_UG3Q06SOYP_render_front.jpg,1.945396803192163
rand_9D6GUJPPCV_render_front.jpg,0.3042706852268994
rand_22CMEGP7XN_render_front.jpg,0.9374479478823738
rand_SQ5S6OVLPG_render_front.jpg,0.1506776381047526
rand_JXBZOQTTHP_render_front.jpg,0.18684266224488016
rand_HIB1L3V39L_render_front.jpg,0.9112712188220687
rand_W6FETFEVOU_render_front.jpg,1.2052840051067193
rand_IQG7GB8MCL_render_front.jpg,1.8403394555758896
rand_JM81NQMYB4_render_front.jpg,0.5240240620554435
rand_EG5ZN3A6N6_render_front.jpg,1.4918111748315248
rand_MD8ZPWT0CW_render_front.jpg,0.7846974242941508
rand_2WV10CDJSA_render_front.jpg,1.671393301149815
rand_JWR4048NT8_render_front.jpg,0.3423312453219425
rand_89BU5D7HT9_render_front.jpg,0.6663353162679694
rand_XDJB5DFNXI_render_front.jpg,0.9866957860394725
rand_GPV3MMFNQ0_render_front.jpg,0.11349125866924119
rand_CO4FOOOUGT_render_front.jpg,0.36781174389727866
rand_2OBIIXEYM4_render_front.jpg,1.6024395585537214
rand_ECDH4GOS9U_render_front.jpg,1.0619359272065327
rand_6NXT2QHV30_render_front.jpg,0.3094883658860559
rand_TPHYZUQ5AS_render_front.jpg,1.1019024941635325
rand_5USGSEKN5X_render_front.jpg,0.46930000533111915
rand_UQR0DVFMMK_render_front.jpg,1.7595488578718403
rand_US3UHJ4P69_render_front.jpg,0.46562622284416777
rand_5KIUTZPHUJ_render_front.jpg,1.0157864011265778
rand_MR2XWLUDEE_render_front.jpg,1.420370322641949
rand_95PWO420LM_render_front.jpg,0.2160078404454886
rand_02RD88HBA7_render_front.jpg,0.5938651079766032
rand_Y1I8ZT2U5D_render_front.jpg,1.1919497223218225
rand_BYHIJVRBII_render_front.jpg,0.5577213546603714
rand_Q5N49YQOCX_render_front.jpg,0.3290068661432673
rand_7WG2VRLCBK_render_front.jpg,1.7603813408893159
rand_YSIOKKH3QG_render_front.jpg,0.8151547135931354
rand_M80U1VNN6W_render_front.jpg,0.3883297899137612
rand_KK4GGPKC96_render_front.jpg,0.39776459504452644
rand_87DV58AMI0_render_front.jpg,1.155694301909307
rand_AH92EJU013_render_front.jpg,0.7105306730463181
rand_AHR4VIKETG_render_front.jpg,0.9750622058747949
rand_4TKQBST74P_render_front.jpg,0.674193340757184
rand_F6EALBWXTT_render_front.jpg,1.0791966163034394
rand_8URJ9QQCVT_render_front.jpg,0.8542363799854579
rand_X2T3IP3ORV_render_front.jpg,1.2599999097715013
rand_8VR7G0HXBX_render_front.jpg,1.0047323451464774
rand_W1BBPW5M08_render_front.jpg,1.1150760937212025
rand_YFKMTZT4G5_render_front.jpg,0.8591821163585625
rand_Y1QIDDZJ3G_render_front.jpg,0.22417819267569908
rand_4VVG1KAW6V_render_front.jpg,0.3675913457583385
rand_0IO65ELOGG_render_front.jpg,0.4394417021724031
rand_LNU0K64SSB_render_front.jpg,0.13010434714269326
rand_PGR2IQ7B9N_render_front.jpg,1.8153622847362854
rand_RVS1QWPXD0_render_front.jpg,0.13411469979373364
rand_Q88MKB3C07_render_front.jpg,0.29475694233265126
rand_LTYJM5F8Y6_render_front.jpg,0.39602405454763456
rand_0QOKU2P8D0_render_front.jpg,0.15808356193323436
rand_XYD2ZG5PWZ_render_front.jpg,1.073189740624146
rand_A407QTE7IL_render_front.jpg,0.19646031945336728
rand_XZJBDHNR54_render_front.jpg,1.4444325488663758
rand_ILZPCU7Y6F_render_front.jpg,1.7800604837497196
rand_EG7ZHVO4RE_render_front.jpg,0.3658750705876246
rand_AEY1RXU4ZW_render_front.jpg,0.31039702698533567
rand_R5YK7L9ZY1_render_front.jpg,1.4673564471052436
rand_4R1OKVQ3F4_render_front.jpg,0.20326552800915237
rand_8KBYF9QDE7_render_front.jpg,0.9500301005932865
rand_LYX71707DB_render_front.jpg,1.1224166969066618
rand_TCCPBSG29Y_render_front.jpg,0.6769904457202145
rand_BOY8FQBWBU_render_front.jpg,0.16957875519934743
rand_BNUYC8FDPX_render_front.jpg,1.6493332858659915
rand_C5Q2PK32FK_render_front.jpg,1.3304332126843563
rand_JBNAD3JRHL_render_front.jpg,0.3926453488945286
rand_GUM8AB63QF_render_front.jpg,0.3225300966584783
rand_GW4LJ5R0ZT_render_front.jpg,0.6311172563954933
rand_SAZ0PCE3ZC_render_front.jpg,1.8434480543444431
rand_UBOPOYLJRZ_render_front.jpg,0.2619750182487577
rand_G2DAUQACK5_render_front.jpg,0.4091602875307404
rand_GFN6DG7YJ7_render_front.jpg,0.4343207815104311
rand_3ZECUVVJVR_render_front.jpg,1.6687093579873222
rand_PG5YI68WX6_render_front.jpg,1.8700775369183418
rand_6OV3QJ5LB9_render_front.jpg,0.46869693900298726
rand_1G1MHZ49GG_render_front.jpg,0.9666880260824464
rand_M2JBGMCQDJ_render_front.jpg,0.7331388360844469
rand_F5ZG9N8KB1_render_front.jpg,1.1753883898036004
rand_VL46DH6EK4_render_front.jpg,1.5680140424836198
rand_974IQAGU7W_render_front.jpg,0.14941666628178338
rand_MNWJYP97T9_render_front.jpg,0.45225095719446884
rand_U0QUJROKQC_render_front.jpg,1.3414115414754604
rand_1QOT9HRFUA_render_front.jpg,1.2251218551067293
rand_6YCGWMORN9_render_front.jpg,1.492281537253263
rand_YK11MGG89W_render_front.jpg,0.6609589841919458
rand_M84FVRL3BB_render_front.jpg,1.0022359660561564
rand_DF6AH7UQFM_render_front.jpg,0.9596904467112587
rand_HKLD9M1X4I_render_front.jpg,0.4599851390044093
rand_KVMU5I0QMF_render_front.jpg,1.434162823417406
rand_TAWGUCAJ5I_render_front.jpg,0.42733517852953096
rand_BRJ9THPJID_render_front.jpg,0.6900944922788743
rand_C7TS0DEB3C_render_front.jpg,0.6477240890164554
rand_8L5C2F28RH_render_front.jpg,1.551062748195619
rand_T10L5YH84F_render_front.jpg,0.6464781092076713
rand_JQIRAX3HYC_render_front.jpg,0.5111133826345213
rand_IZ44HEEYNT_render_front.jpg,0.7013481352983246
rand_OJJTRH6TP6_render_front.jpg,0.8728640536943894
rand_8F052PWLFA_render_front.jpg,1.6006637292536532
rand_D3VUHCRO2Z_render_front.jpg,0.6545429748896572
rand_81XJWYQHRK_render_front.jpg,0.13401415032267344
rand_K2T6Y2003S_render_front.jpg,1.6228278837086219
rand_J3UN8E8Z0X_render_front.jpg,0.24705370312739441
rand_U62U7RAHK9_render_front.jpg,1.2720790587909356
rand_9A9FO1H2NB_render_front.jpg,1.9089871454771028
rand_LVRBLUOGTQ_render_front.jpg,0.13394956766509658
rand_1IDXQTOEQO_render_front.jpg,0.13477713900194402
rand_7L20HPNNFV_render_front.jpg,0.3796779393086507
rand_8MQB4VY3K0_render_front.jpg,1.4561669194710052
rand_BGBQ80U3UI_render_front.jpg,0.36893982222947574
rand_EW39103SHB_render_front.jpg,0.6091045089426891
rand_QGA9US8EA9_render_front.jpg,0.5540903081588787
rand_112OSFSEX7_render_front.jpg,0.122096084396808
rand_X4OP35UD86_render_front.jpg,0.7425114359519771
rand_RTM5LEEU92_render_front.jpg,0.6904340651720229
rand_9P01LN7D0J_render_front.jpg,0.1567183292712168
rand_22312U97J5_render_front.jpg,1.4686854585964975
rand_ZC5MVWPXE2_render_front.jpg,1.0902585286075988
rand_DHPW5YYXO5_render_front.jpg,0.6169316002130424
rand_7UHY8FN5G3_render_front.jpg,1.5392440421461386
rand_3D5CEOZZF3_render_front.jpg,0.2787203898005873
rand_5P2MPPG76S_render_front.jpg,0.746620393697288
rand_M3MJGRLQ6C_render_front.jpg,0.582434020498616
rand_42KMW3QM1R_render_front.jpg,1.3102845632932458
rand_C8RG7LHZ5S_render_front.jpg,0.46049816736063
rand_9CQL2TLGNR_render_front.jpg,1.3054251641733465
rand_56WFJV6ZRT_render_front.jpg,0.18871420844284068
rand_1HVSA5XZI5_render_front.jpg,1.2798408795177407
rand_H5K6YKXKUC_render_front.jpg,0.29476693434135015
rand_FFT9I41OC6_render_front.jpg,0.22838025704631107
rand_2HDUVYCBRB_render_front.jpg,0.3733291580909568
rand_I626ITB1TP_render_front.jpg,0.6731515986382015
rand_0YROZT130H_render_front.jpg,0.15610430541497933
rand_8OBB8DISVB_render_front.jpg,0.4096680768548643
rand_TFAJ7V9Y72_render_front.jpg,0.4147063284774599
rand_6KQQIZWB4F_render_front.jpg,1.2791816394840947
rand_1L6PLMKW3P_render_front.jpg,1.3053132012028437
rand_M1T93KCG7E_render_front.jpg,0.5239912768515109
rand_VK5N7EDY4Y_render_front.jpg,0.31299246505793044
rand_V7GPCTV9FS_render_front.jpg,1.5444046594929026
rand_MZ57ILJ024_render_front.jpg,0.49125729470296375
rand_GCLS5PYUQZ_render_front.jpg,1.7563280053664065
rand_PONRCAX04E_render_front.jpg,0.45263601407392895
rand_O7WS5J4C3D_render_front.jpg,0.8640729183466493
rand_Q4S6V6APZW_render_front.jpg,1.896580945405582
rand_FDI6YGX040_render_front.jpg,1.2896308049690173
rand_SAI4BSU81V_render_front.jpg,1.572472975233423
rand_BVUYZLPYQ5_render_front.jpg,1.8276089402556819
rand_HB1BM193BZ_render_front.jpg,0.4566960180463753
rand_NEK3V06LHD_render_front.jpg,0.2121373988354972
rand_FAKV9D60GO_render_front.jpg,1.1456097091029518
rand_WHEBY3SFYC_render_front.jpg,0.29299745745524
rand_IBRIITJ54O_render_front.jpg,0.8706028851667514
rand_UAPVX6AWNB_render_front.jpg,0.42705562877107905
rand_46DRYPE9HD_render_front.jpg,0.5991556888291819
rand_QJM8H86EH9_render_front.jpg,1.6686073408697268
rand_QN4OBUR4MS_render_front.jpg,0.26980710681732195
rand_6FNAS5G562_render_front.jpg,0.34394213294236364
rand_UOC2ORM9LO_render_front.jpg,0.911407424481147
rand_D7YNRIQU3E_render_front.jpg,1.3567010931530805
rand_74Q6AYBVG8_render_front.jpg,0.4279688608473241
rand_QQXH1MRK7T_render_front.jpg,0.7556863852795699
rand_XKD9H2N3ZM_render_front.jpg,1.3235868959480133
rand_86AJOVPZ82_render_front.jpg,0.2884357179167194
rand_XITTBM88U0_render_front.jpg,0.6461072988727297
rand_N7G4ECZJ7Y_render_front.jpg,0.7008242840775899
rand_DYXSF1X4ZY_render_front.jpg,0.22179773304536993
rand_VI59Z8L4Z0_render_front.jpg,1.6816299230425795
rand_XYZZH4RX6C_render_front.jpg,0.2986904141549905
rand_BNDLVRRDVL_render_front.jpg,1.7890343400101962
rand_56ADU48BAH_render_front.jpg,1.1642196043007689
rand_J2MTP5SDPK_render_front.jpg,0.1846396531980205
rand_D8RGQ63663_render_front.jpg,1.6524267969235682
rand_IYKNB23SG5_render_front.jpg,1.2629779819346583
rand_IC1QXGZ6Q9_render_front.jpg,0.19767702152154384
rand_RQP83XID3E_render_front.jpg,1.496190650706043
rand_PEAX9IQARX_render_front.jpg,0.732565796977525
rand_29UMD7DVK4_render_front.jpg,0.6366092698428962
rand_PWPDI4ZIWY_render_front.jpg,1.7410402238090106
rand_4SQ28282EI_render_front.jpg,1.2213542779717879
rand_DZCKGEIKQ1_render_front.jpg,0.4248770251010682
rand_4UNNOBHCOD_render_front.jpg,0.5100249217976252
rand_A51KBA8XQP_render_front.jpg,1.3643398187472666
rand_WWG6LLXRA6_render_front.jpg,0.602468419743345
rand_4XEYDSRD1E_render_front.jpg,1.3859907949424133
rand_UHVPIBEH5B_render_front.jpg,0.5629054363168835
rand_8DLUVPOI9D_render_front.jpg,0.2233820919144096
rand_M72XV3PDGJ_render_front.jpg,0.6485773283894535
rand_83LPY6W2OE_render_front.jpg,1.355928972445687
rand_RSW151WP0G_render_front.jpg,0.17227864555422223
rand_5ENCFLKTFI_render_front.jpg,0.49272672764220127
rand_O39PZ256YO_render_front.jpg,1.8299942969452594
rand_ANEV4NH357_render_front.jpg,1.296209620396035
rand_GZ8H79BQVJ_render_front.jpg,0.24944606280450668
rand_QYICG2CNPY_render_front.jpg,0.1396544013355759
rand_HUBOJVFGSO_render_front.jpg,1.3711036655713287
rand_U4EOTEF5J3_render_front.jpg,0.25346923959364687
rand_HNKHCG72KN_render_front.jpg,0.5803611655692241
rand_403L3EDLPI_render_front.jpg,0.7036452083884823
rand_7QI5T2VU4S_render_front.jpg,0.6501989516114994
rand_RWVRI1YTPD_render_front.jpg,0.29510441619689975
rand_9RHYNCRRCB_render_front.jpg,1.907326450968935
rand_VMW1OK7XTY_render_front.jpg,0.1727086196348102
rand_NJO02GYQSQ_render_front.jpg,1.947100238701518
rand_WF80T3RQGG_render_front.jpg,0.6727231571024144
rand_ZFRAUWRBUZ_render_front.jpg,1.1605433409235502
rand_XINSFFDFFV_render_front.jpg,1.1736259262722597
rand_UQVPI21U08_render_front.jpg,0.3038676211329388
rand_HXPBGOW5SW_render_front.jpg,1.4036784841710601
rand_GAGSWQFXG5_render_front.jpg,0.6081438744656379
rand_L7NGCK6RR4_render_front.jpg,0.14691182642146033
rand_DNIBX3E4OY_render_front.jpg,1.3488939955173196
rand_7ZC6DU3LEU_render_front.jpg,0.7095926583285279
rand_9ERGR6OF8Q_render_front.jpg,0.34242123474327957
rand_C8FQRYXK2T_render_front.jpg,1.787243974230495
rand_G64WULSQMB_render_front.jpg,0.552172579823684
rand_WU2GIAAJPZ_render_front.jpg,0.6284855107812668
rand_T9TLANV5I3_render_front.jpg,0.18488141788374335
rand_KG86TAUDBS_render_front.jpg,0.221044658225108
rand_O8F641FT2U_render_front.jpg,1.0121000167521625
rand_67VVL44C5G_render_front.jpg,1.2092353520957038
rand_2BQIWYJHBS_render_front.jpg,0.13152723326336177
rand_6JJTJBYY7P_render_front.jpg,0.3258263339857359
rand_KOA2I3JMO6_render_front.jpg,1.7210767303616057
rand_SVR5Z4ZKEI_render_front.jpg,0.9694365459598165
rand_9QAYO8512D_render_front.jpg,0.20132201487376966
rand_JWDNQKIK2O_render_front.jpg,1.6378445003187037
rand_Q4N8UWJRXX_render_front.jpg,1.8501587743888412
rand_W2A09DL1EZ_render_front.jpg,1.888709498486343
rand_LNS6CVKAJ3_render_front.jpg,0.45413343932853323
rand_7HV4JD7LN4_render_front.jpg,0.20316465115691842
rand_16LZJ9I9YG_render_front.jpg,1.9460794509861663
rand_FLUVEFYF8J_render_front.jpg,1.1828506532289973
rand_NZGPTLG342_render_front.jpg,0.188989622158397
rand_AGYBO94UUH_render_front.jpg,1.4278077719485613
rand_LZ0Y15ZBG7_render_front.jpg,0.12781475412987048
rand_WHRX8C9I0Q_render_front.jpg,0.22135832938873157
rand_8X8NV25MTC_render_front.jpg,0.5895716935116238
rand_BYEZAHREDU_render_front.jpg,0.7305613141898639
rand_440LP8C3EP_render_front.jpg,0.2658991279392021
rand_FVZB2B67HN_render_front.jpg,0.36733474324135784
rand_N5QIMGYIVV_render_front.jpg,1.4615598524580222
rand_MORILQYT6M_render_front.jpg,1.514338447463999
rand_6JEC93RC8X_render_front.jpg,0.7014623649983996
rand_MDRSSVZOFM_render_front.jpg,0.4332422819536973
rand_6COKKPXXRC_render_front.jpg,0.5785930211521862
rand_0BYYF4ET0T_render_front.jpg,0.3363428430174431
rand_ZKKP81V44G_render_front.jpg,0.19940810456812502
rand_OHHOUKH07T_render_front.jpg,1.4803835720728178
rand_N82AVE8WJ3_render_front.jpg,0.21995059547476542
rand_NTK16Z3Y10_render_front.jpg,0.39724036949895725
rand_OE27GCR9B9_render_front.jpg,1.7028479821153575
rand_M4QQUARKSP_render_front.jpg,0.8924593763093757
rand_6V04J0GEO6_render_front.jpg,0.8649634180203973
rand_J73FR93CNT_render_front.jpg,0.5436748117368029
rand_8XRGBX24MS_render_front.jpg,1.0079685486169079
rand_PHQ2VXSGWH_render_front.jpg,1.276460087174916
rand_FB3J6XXE5S_render_front.jpg,1.295668835608699
rand_8DR2RJGRPI_render_front.jpg,1.580901740591753
rand_AGPSRU8LPQ_render_front.jpg,0.21717030319292924
rand_QCEKVWCP72_render_front.jpg,1.8378968878674946
rand_K2BK1BVV7C_render_front.jpg,0.34742113490417736
rand_ONWA8H84KP_render_front.jpg,0.529741519502902
rand_FKHOR95SG9_render_front.jpg,0.7449794601893022
rand_QKNB2479ZE_render_front.jpg,0.6465683719516185
rand_IOECLDSY85_render_front.jpg,1.4224892865218193
rand_GELNTHKOI1_render_front.jpg,0.7477235639964727
rand_Y5F5HU29JL_render_front.jpg,1.3798654232873775
rand_8COMMSM0D9_render_front.jpg,0.6301162147427388
rand_MICA6KDWP3_render_front.jpg,1.217779460994345
rand_EHNZCPR7T1_render_front.jpg,0.3033001125741678
rand_H7YXMCFW8V_render_front.jpg,1.298674958008852
rand_A7Z61KD8YM_render_front.jpg,0.39455487353812124
rand_CWHZYMYOE1_render_front.jpg,1.9140687829621439
rand_2QCQUZPLFK_render_front.jpg,0.3884696294681603
rand_4Z7TSQW1CN_render_front.jpg,1.0964305975346647
rand_UWEBJX15NM_render_front.jpg,0.1681523545469566
rand_H7T4UDB3NK_render_front.jpg,1.0140032464576139
rand_FZYAG21I4Q_render_front.jpg,0.5146217345736204
rand_5U9I0AZNMT_render_front.jpg,1.3948754295373238
rand_Q3BYV5XN2T_render_front.jpg,1.5307650267944064
rand_E8DJYJXXUA_render_front.jpg,1.0326813025069153
rand_1XYCI6SPUI_render_front.jpg,0.5233676883962843
rand_7PIGHYNRHV_render_front.jpg,1.2500883722469245
rand_8UXJFGMMOX_render_front.jpg,0.1564265831160437
rand_9ES20RXBWB_render_front.jpg,0.7117902556995737
rand_JQ53V4RI97_render_front.jpg,0.8856899725624778
rand_EIKKZ3FOT0_render_front.jpg,1.2379060229064807
rand_GAQXC0DFR1_render_front.jpg,0.22584792399901588
rand_U5UPQS98MP_render_front.jpg,0.24752260681640315
rand_ZWAMNK1KCK_render_front.jpg,0.4997008626210929
rand_7L0BMWQFA4_render_front.jpg,0.5073128599373469
rand_2O342R1R14_render_front.jpg,0.21420361182703554
rand_2FND0XM5IU_render_front.jpg,0.28879834942496596
rand_P2B1USR60N_render_front.jpg,0.6867553164788144
rand_F2VNY2F9YH_render_front.jpg,0.15095715712561672
rand_J0LGJ3VQI4_render_front.jpg,1.1205100746243206
rand_RCJJVZ1Y5K_render_front.jpg,0.6490003475042571
rand_2CCCFHC6CM_render_front.jpg,1.5763431022914909
rand_662XCMYYPZ_render_front.jpg,0.27516504131272135
rand_1MEERT1VNZ_render_front.jpg,1.8622886476410503
rand_10XSDFMD58_render_front.jpg,0.2450256885663521
rand_4DQ8ZHITV1_render_front.jpg,0.4920283039413307
rand_EZ57PMK9JZ_render_front.jpg,0.38197995149052455
rand_NZXK9YVEGA_render_front.jpg,1.0954452343100074
rand_KZZSTC5C37_render_front.jpg,0.45408150838437733
rand_MSNRK0T5SU_render_front.jpg,0.9592888009954978
rand_ZHN3I73O2X_render_front.jpg,1.0037972935182335
rand_BW280KP2PH_render_front.jpg,0.23079161146483354
rand_761SQ5PCGU_render_front.jpg,0.5254978153085363
rand_05CIBMETWL_render_front.jpg,1.6452902132856388
rand_LXP1WTWT2R_render_front.jpg,0.5286057702407827
rand_1NU9QBCEPW_render_front.jpg,1.0409895720679776
rand_UJFTVUV285_render_front.jpg,0.16750576890545407
rand_X15TI27ELK_render_front.jpg,0.21452867428589686
rand_TT9S7YWXQD_render_front.jpg,1.4702170281676554
rand_IL01DB7P03_render_front.jpg,1.0293106288453262
rand_DIILRTL67U_render_front.jpg,1.7784764643602222
rand_AWINX03G8G_render_front.jpg,0.9118848363752826
rand_ZNFV9IOT9A_render_front.jpg,1.5300011828355349
rand_2R2FIAM9KA_render_front.jpg,0.5792045858883544
rand_L0PXAGE8C9_render_front.jpg,0.23804122579013667
rand_XNQGFBTDRO_render_front.jpg,1.4672756094085855
rand_MTUJ1L3TTV_render_front.jpg,1.1982301557564565
rand_APTOKT83BY_render_front.jpg,0.7817880883721908
rand_Y63KD5ZLA0_render_front.jpg,0.6114769369203157
rand_QT2ZEROA07_render_front.jpg,1.3220072749550151
rand_0H0SI2N1FL_render_front.jpg,0.19411344425757418
rand_J1B2HTPIMP_render_front.jpg,0.22243969072071845
rand_KVCHG6NZ2J_render_front.jpg,0.7657726103576564
rand_5HE1O9AT6N_render_front.jpg,1.5159833619794942
rand_2Y5K74W50F_render_front.jpg,0.5445106846860333
rand_2GG2Q1BZGY_render_front.jpg,0.39398393827349143
rand_MA9XKJ7HEX_render_front.jpg,1.4180313368241628
rand_QCAKFQKFNI_render_front.jpg,0.551929695801071
rand_STBIJ2RM93_render_front.jpg,1.361410395196198
rand_FOMTA7W2NL_render_front.jpg,1.6965842667727749
rand_93EBUQZ29E_render_front.jpg,1.2434633707155751
rand_OHS6GPA5V3_render_front.jpg,0.5639228641581266
rand_MW61XJ4DD3_render_front.jpg,0.6654945575888684
rand_74S737VXV3_render_front.jpg,0.6278015559793324
rand_I2NGU0JH6Y_render_front.jpg,0.39982947814156
rand_8GQHXF6W88_render_front.jpg,1.5243897436726517
rand_ZCFN3QU73V_render_front.jpg,1.8628321034457709
rand_G91HQ2ZAQ9_render_front.jpg,1.8016278472902607
rand_ZASJXLPWS7_render_front.jpg,0.5845228224683218
rand_4P9CXPHWSB_render_front.jpg,1.7673623893839148
rand_EVTCHEX5PI_render_front.jpg,0.7773771098774758
rand_U7BKBILMJ8_render_front.jpg,0.3025388589133159
rand_KZQORFCZYX_render_front.jpg,0.41605569793602803
rand_L34KBZQR8B_render_front.jpg,0.6318897972049256
rand_P96XZHPI6A_render_front.jpg,0.9231105383238888
rand_93R5EQK9J0_render_front.jpg,0.3335995354747868
rand_PUTXN18JDR_render_front.jpg,1.0664888761485518
rand_1SR34YTITJ_render_front.jpg,1.0539675219905487
rand_BX766KUZ6A_render_front.jpg,0.9885543200661694
rand_5BFNO0SL5V_render_front.jpg,0.6837323524704587
rand_0CZFZ5YSTY_render_front.jpg,0.8791755506170171
rand_XND2OHFQVK_render_front.jpg,1.9059533970473221
rand_12QC12TU75_render_front.jpg,0.8408255480825685
rand_539CW0ZGMF_render_front.jpg,0.7748392796258597
rand_6K4VQC8DRN_render_front.jpg,1.038973663417721
rand_6T1JN6MPP1_render_front.jpg,0.8069399736387458
rand_GZZRKWWASM_render_front.jpg,1.2555222857915953
rand_SPHGP7KYYJ_render_front.jpg,1.8327634923318261
rand_AFO6RYPF20_render_front.jpg,0.19728815719633563
rand_35BIETX1LS_render_front.jpg,0.553278947530551
rand_R2ITQIWHJP_render_front.jpg,1.3083093733868019
rand_L7OKAYAXOM_render_front.jpg,0.11682660862327499
rand_S86ABSMCR9_render_front.jpg,0.6420970874922297
rand_5AZH65AGBK_render_front.jpg,0.24191669994702075
rand_FUAMIAF728_render_front.jpg,1.699426895735504
rand_TJC5MPH2VR_render_front.jpg,1.469252744898495
rand_YB1MCMAH2E_render_front.jpg,0.381195194569085
rand_7H3QYO8I3D_render_front.jpg,1.0958643232299576
rand_E6PG29YXWD_render_front.jpg,0.2945740852794012
rand_5WBTCQYR2B_render_front.jpg,0.6189561514939074
rand_UUSLXTIVQQ_render_front.jpg,1.9226170065183903
rand_KFDKRCMQ3Z_render_front.jpg,0.6992081495258706
rand_B8WLV2RVU4_render_front.jpg,1.8454216728920083
rand_AOOKKBR0HM_render_front.jpg,1.5313732725199667
rand_CM5USHP23L_render_front.jpg,0.17017928132346996
rand_7Y815PPWP6_render_front.jpg,0.5278890907601917
rand_WSTTZ0U5L4_render_front.jpg,0.5907479628695244
rand_OCJGHDFCDG_render_front.jpg,0.39111093138972997
rand_NONQ4HQ1X7_render_front.jpg,0.7637868068637199
rand_P8NA8RCUIJ_render_front.jpg,0.6349163545926367
rand_CM3QENKJAX_render_front.jpg,0.18266487003713722
rand_DWB0R71UDY_render_front.jpg,0.6196504384521051
rand_WYX7W2RTFB_render_front.jpg,0.9382545293399785
rand_NAD4NIRNPL_render_front.jpg,1.3259360640941373
rand_8HN4UHO260_render_front.jpg,1.3405215486212545
rand_2AB3B4YP5E_render_front.jpg,0.11869115962508514
rand_B8Z9W3867M_render_front.jpg,0.52702536393426
rand_YRLC4G6FUK_render_front.jpg,0.71599155684216
rand_ZYIU7U4922_render_front.jpg,0.10362650570787234
rand_U5YESGRCXH_render_front.jpg,0.8216060425904532
rand_R1WRWPENKR_render_front.jpg,0.24558423876054303
rand_E4OK445PGH_render_front.jpg,0.8741309063419086
rand_BCPZZE3BJK_render_front.jpg,0.5406585818292345
rand_EPNY2V7YAD_render_front.jpg,0.3113955965884744
rand_3JT53N3NWC_render_front.jpg,1.5509825680167908
rand_WS4IPMOIBZ_render_front.jpg,0.1045417255389805
rand_UAFGTDDPU1_render_front.jpg,1.0309417056808141
rand_E1C14S922N_render_front.jpg,1.8553065916767906
rand_9CYUTS1QA5_render_front.jpg,1.1123860489898019
rand_99XJ8Y5YQN_render_front.jpg,1.865301402689102
rand_24LNDZK1TM_render_front.jpg,1.7890473061571512
rand_CQ5BSVODE5_render_front.jpg,0.43656190122454375
rand_ECZLZGM06E_render_front.jpg,0.9336476367390807
rand_AKS7S180W3_render_front.jpg,0.1710788125197074
rand_FAEXV1X6CK_render_front.jpg,1.5134097306790641
rand_GF3TUMMMBV_render_front.jpg,0.5269109626899944
rand_8A2HPHT43Y_render_front.jpg,1.562543301830755
rand_MQ98VUSXFN_render_front.jpg,0.9989349430553658
rand_8G1UOFIIAQ_render_front.jpg,0.3149221843702478
rand_CNS8JVPN58_render_front.jpg,1.5285896391225455
rand_SR3HJ2EZ48_render_front.jpg,0.6657135128241135
rand_QEBDIZ58GO_render_front.jpg,1.6079795334906521
rand_I5UX4H8150_render_front.jpg,1.252572421909435
rand_OUUE94DW16_render_front.jpg,1.7806092025404425
rand_WLAMG1WJ3O_render_front.jpg,0.4247225137524573
rand_HOABXNV9IS_render_front.jpg,1.1695205290398616
rand_WTGHP0HZE2_render_front.jpg,0.10780841742059889
rand_EZWA12HDHS_render_front.jpg,0.46018012024756116
rand_249PILOD2G_render_front.jpg,0.5783755543369403
rand_WKXJFBVZ7R_render_front.jpg,1.7857721982586598
rand_22HS9D1W83_render_front.jpg,0.644431916316319
rand_ZTN3IFMFWN_render_front.jpg,0.1491794038629886
rand_OKMMS73DTF_render_front.jpg,0.5498377741866665
rand_UFEA6B9UD6_render_front.jpg,1.3920000022409036
rand_99YLZZGB6N_render_front.jpg,1.0086041724248986
rand_JSNLZVWQ1J_render_front.jpg,0.7168403370801387
rand_E1S932E8Y9_render_front.jpg,0.8556871215479995
rand_X5YJ18PZIN_render_front.jpg,0.7916939641817501
rand_485J9YNDZM_render_front.jpg,1.7988354394737283
rand_JXX6WKE4SO_render_front.jpg,0.7255804513455917
rand_9V6WTGC8AH_render_front.jpg,0.6159204926228519
rand_3XIWQOE63G_render_front.jpg,0.23392109949472192
rand_TLK86RFRI8_render_front.jpg,0.4349841796293432
rand_B32KOAGHI0_render_front.jpg,0.9738377619350017
rand_RJHF6Z4UX5_render_front.jpg,0.4666339760699465
rand_R0NW40D6MG_render_front.jpg,0.8355007592577091
rand_PSNA1DWSTM_render_front.jpg,1.2288949978130161
rand_ZO3PT8YGYU_render_front.jpg,0.5091783109271973
rand_493ROAS33C_render_front.jpg,1.9145720473713517
rand_MQPYH4PWCH_render_front.jpg,1.2042724064366146
rand_RCNA20IKGY_render_front.jpg,0.17345505034385633
rand_KW83H9ZGDN_render_front.jpg,1.0888528078159099
rand_9ALZV7HLNF_render_front.jpg,0.1032393083512025
rand_C79ZB2FQU7_render_front.jpg,1.3555169655986494
rand_C5HF5Q612C_render_front.jpg,0.7618549266342798
rand_72LASZW93A_render_front.jpg,1.0163177416413318
rand_UZ8P9JK598_render_front.jpg,0.7047793299111754
rand_GZH8PCH6XU_render_front.jpg,0.4361364216283652
rand_2XGUYOFFG6_render_front.jpg,1.4038250460423904
rand_44V8ZSPGWA_render_front.jpg,1.0801580208148585
rand_YSGW7SG8AK_render_front.jpg,1.2480357664508155
rand_CL48THYSPN_render_front.jpg,1.1610446662897156
rand_A5BMRX4246_render_front.jpg,0.2520094269150368
rand_Y7MOKFW3IC_render_front.jpg,0.5217839021709317
rand_26WOIYTDU1_render_front.jpg,0.29053235112479925
rand_P4V3YQWI46_render_front.jpg,1.5367323440282643
rand_LNFBQC3TI5_render_front.jpg,0.6029440171016649
rand_CS9FSZS416_render_front.jpg,0.4233389941457405
rand_43FFGR0D0O_render_front.jpg,0.95094252661113
rand_Y84FBI7QCO_render_front.jpg,1.3209714245192368
rand_3KY6DUGC36_render_front.jpg,0.6595594545293613
rand_RCX124DQMT_render_front.jpg,1.5807033259371144
rand_ICR79SSFME_render_front.jpg,0.687164477358709
rand_3G1DDHTG0K_render_front.jpg,1.5389062403681013
rand_UQXF4CJT39_render_front.jpg,0.9588356871476216
rand_5XQU9ZV1A0_render_front.jpg,0.7639433709446092
rand_OZ6BT4FT6N_render_front.jpg,1.116562715588608
rand_OOU0PY537C_render_front.jpg,0.805341285353778
rand_K2UVVBCUCP_render_front.jpg,0.9315509565312068
rand_7SU8KTXKEV_render_front.jpg,1.7465139222290706
rand_THFP3PSIRG_render_front.jpg,0.4289409379915873
rand_U22TOJNMK5_render_front.jpg,0.13227179038522446
rand_X93U4Z74Y2_render_front.jpg,0.8853762276508603
rand_K1BGHOLA3C_render_front.jpg,0.33353601383864
rand_6O9ON561HO_render_front.jpg,0.24641726740954956
rand_RFOQJZZOG9_render_front.jpg,0.6049645334869749
rand_V7OEROU0NB_render_front.jpg,1.286859014051634
rand_D3W83DHV26_render_front.jpg,1.5731049517385194
rand_IYJXCNS1II_render_front.jpg,0.2334844129968281
rand_X1GOLCKQT5_render_front.jpg,0.5687080095774306
rand_F7FSOZ3721_render_front.jpg,0.37880147476652226
rand_MB68NHO8DH_render_front.jpg,0.6276396556452253
rand_BLM6Y8WI1R_render_front.jpg,1.401663727411949
rand_WPCGF9NTXU_render_front.jpg,0.20343580016421095
rand_7RXTK6IU7K_render_front.jpg,0.4339200705091488
rand_BZIL6VZTUH_render_front.jpg,1.2897380593483767
rand_1BROAWODUK_render_front.jpg,0.8599586649778083
rand_NPV3T6C634_render_front.jpg,0.102968252924868
rand_5LNA3DD267_render_front.jpg,0.7099552719399463
rand_9Z6HE8U6RS_render_front.jpg,1.2481196867370814
rand_MZ86NI2U8M_render_front.jpg,0.7436268221304223
rand_4FTJVAOOXW_render_front.jpg,0.7888036068757571
rand_SK6VEO20IG_render_front.jpg,0.7635705891759399
rand_2Q30IIICNE_render_front.jpg,0.16320368123249557
rand_RIBDBYOKLE_render_front.jpg,0.24066990619449133
rand_N8F2N1PIXX_render_front.jpg,1.1013216872387108
rand_PEEBWEO2VN_render_front.jpg,1.5494221218436652
rand_UZLCNVVHYP_render_front.jpg,0.9653758445589286
rand_GQ7KTZI1QX_render_front.jpg,0.9461079359862699
rand_DIJ9HE6OZD_render_front.jpg,1.1205164360834792
rand_X84MHEE8IE_render_front.jpg,0.4621793439065286
rand_MG425IHTJD_render_front.jpg,1.6310227966086077
rand_Y91ONA48P8_render_front.jpg,0.8732541274008021
rand_AO04L3GAZ6_render_front.jpg,0.39292688423757693
rand_CWQXB7I2YM_render_front.jpg,0.4463540969757167
rand_RMPB1WVFIX_render_front.jpg,0.5279225212323212
rand_A7BE70CRH0_render_front.jpg,1.4268426763279576
rand_CPY5QU0KDM_render_front.jpg,0.6853166422436705
rand_KJ24JF9VIO_render_front.jpg,1.430909106506618
rand_HPAB9QRCGV_render_front.jpg,0.6972090978338514
rand_M1MMIWD7HK_render_front.jpg,0.9197311098632287
rand_K2T0XV9UGQ_render_front.jpg,0.7476224404190247
rand_QRB4W9YYSM_render_front.jpg,1.534626899330927
rand_QIEL35CT2Y_render_front.jpg,1.4086904595950227
rand_J0RV3R5T5Z_render_front.jpg,0.3728049473708558
rand_TZZVR6A3NQ_render_front.jpg,0.698513324644825
rand_ACOMY9IYTQ_render_front.jpg,0.12069522872796744
rand_9K5HBK6UIW_render_front.jpg,0.9357576930151521
rand_1NKG6I69HH_render_front.jpg,0.7064250937830363
rand_UZ1UNRR141_render_front.jpg,0.1420233127395789
rand_NRRTYNZZLW_render_front.jpg,0.8764957023413927
rand_GG1487H6SQ_render_front.jpg,1.2438800007307853
rand_KZ9BKAMFJQ_render_front.jpg,1.573840831484251
rand_2J3UOGEKR6_render_front.jpg,1.102122682321117
rand_65M89VPO7D_render_front.jpg,0.3801076427856883
rand_KXO4VAYBN5_render_front.jpg,1.8670376962525401
rand_XL8XNPANI3_render_front.jpg,0.3962081663158534
rand_Z8NV4WNIPE_render_front.jpg,1.1400753755406954
rand_O6PLRYH368_render_front.jpg,0.31470322094324926
rand_R7PP830DYB_render_front.jpg,1.2734787391615217
rand_6EW5PUR2OU_render_front.jpg,1.7925561088485649
rand_H38TFKFX2K_render_front.jpg,1.6628904111199
rand_B8FNUM8EPS_render_front.jpg,1.2622515111163464
rand_ZFGGU6PRTP_render_front.jpg,0.1486266871519748
rand_N2NZQ3G5K6_render_front.jpg,1.3270759699695498
rand_NHQM5ATKQC_render_front.jpg,0.9183270301871018
rand_574W13Y62D_render_front.jpg,0.173623919632833
rand_JYGYZ72I5V_render_front.jpg,1.2558253626584046
rand_FWFMIQ9ZP6_render_front.jpg,0.5928306030969308
rand_GMPZWOKTDT_render_front.jpg,1.231849021877667
rand_CT5PEHJ898_render_front.jpg,0.8667058120137535
rand_BQ3VJFKSUD_render_front.jpg,0.35017943844392807
rand_2ZBHMV56EH_render_front.jpg,0.9305878918276657
rand_F4PMRTNOEE_render_front.jpg,1.534177914420995
rand_B63GJ6NOB2_render_front.jpg,0.47984019748567097
rand_P5WH076O8V_render_front.jpg,0.3537028088986075
rand_UH2YHCNN6R_render_front.jpg,1.0024904043690936
rand_XUK4AUN2VI_render_front.jpg,1.1221449633640477
rand_YRGZ3FUT1W_render_front.jpg,0.5957671414823263
rand_AQBX6H4D97_render_front.jpg,0.49849614463868375
rand_ZOWCGZ9ZPK_render_front.jpg,0.23737072707275117
rand_YTQ1BH4G0Z_render_front.jpg,0.7331705027088168
rand_AR2RKEH96K_render_front.jpg,0.20162137745801922
rand_GHVPV46MS2_render_front.jpg,0.9068425984307931
rand_L2JHGRETKJ_render_front.jpg,1.3273801175502637
rand_D1UJX0TM2L_render_front.jpg,0.4957269190705518
rand_PJKAH7BSAI_render_front.jpg,0.48860612133349723
rand_MY0U3YBN1B_render_front.jpg,0.16718521420593346
rand_92FZ50ANPC_render_front.jpg,0.603644042293211
rand_FTFY6RBRK4_render_front.jpg,0.39268148922295976
rand_8IU4GSQSBF_render_front.jpg,0.6943542900822276
rand_EG4F91WFKE_render_front.jpg,1.2510039341424215
rand_KS51ATTHPY_render_front.jpg,0.4190134951878344
rand_R5BWTURZ87_render_front.jpg,0.9629068168500339
rand_2YV0SWYVC9_render_front.jpg,0.4562621006303025
rand_28TCTHHN3J_render_front.jpg,0.4730685880359585
rand_V0S25UMQDY_render_front.jpg,0.2585261715544711
rand_GWV5W2CYCI_render_front.jpg,0.8676830292210115
rand_YPOVDVOI6V_render_front.jpg,0.6829388104668598
rand_QBNNFPRD4R_render_front.jpg,0.9130280762292862
rand_A3YIJADOKC_render_front.jpg,0.46839998042081543
rand_MXHOREZ7G7_render_front.jpg,0.30386881990621406
rand_VZXEI0PMKN_render_front.jpg,1.086418139193588
rand_C13CKSM42T_render_front.jpg,1.07841144796333
rand_40CI3UJ2GM_render_front.jpg,1.3921997743018784
rand_4ZMOY9E6CL_render_front.jpg,0.9379125321597432
rand_7AHXILIYK3_render_front.jpg,0.2635998773885311
rand_OOL0VP36OV_render_front.jpg,0.15635298561316682
rand_0DAMUIVDHG_render_front.jpg,0.4009988495020761
rand_5WS3TVE41H_render_front.jpg,0.3679872400232558
rand_9E7F8XWFC4_render_front.jpg,1.340562447403904
rand_UP7ODK1M0Q_render_front.jpg,0.4548220720587849
rand_AMABQSITYW_render_front.jpg,0.13787879585184615
rand_WR4NWRWEKY_render_front.jpg,1.93865947155141
rand_Z9WLNV2V8I_render_front.jpg,0.2137088473033024
rand_OBAJBSIO0U_render_front.jpg,0.48278525254006954
rand_FQ7EYF9HFL_render_front.jpg,1.1095629776191358
rand_VXIRCPV55U_render_front.jpg,1.4146293689001925
rand_8FNU8OJSS0_render_front.jpg,0.2051985444750078
rand_C3Y6KP8CX1_render_front.jpg,1.044874487482145
rand_93B04AS5C4_render_front.jpg,0.43431999648860864
rand_FO4BLT87FS_render_front.jpg,1.1911143762134724
rand_YNR99YKHOW_render_front.jpg,0.2506743972039274
rand_A2OTJEBAXQ_render_front.jpg,1.625082523665333
rand_7FN9GKW8QO_render_front.jpg,0.5757309456608231
rand_74IKQ0TZ5D_render_front.jpg,0.8728255355941473
rand_Q4WY6TA6SI_render_front.jpg,0.36201051725601363
rand_5T2Q7JA5DL_render_front.jpg,0.4467374226160462
rand_T32GQ982X4_render_front.jpg,0.7184062976672206
rand_S70N0AXSLK_render_front.jpg,1.006653789382218
rand_KTPXWVMD7V_render_front.jpg,0.7466944485697803
rand_EB5SR1OKJ0_render_front.jpg,0.6978253032184153
rand_6EMVS2569O_render_front.jpg,0.4452177810834199
rand_K8YDFH52CG_render_front.jpg,0.851169003026677
rand_B77GWY37MF_render_front.jpg,0.7350211073959796
rand_EIOIRZCS4J_render_front.jpg,0.9124622492756504
rand_FR6G4G29Z1_render_front.jpg,0.6011577259116627
rand_ZMCX7SBZ83_render_front.jpg,1.816114828737468
rand_59ALBWGAYZ_render_front.jpg,1.4165986137635853
rand_9FVZJXNIIR_render_front.jpg,0.7337647294484559
rand_OPWIY2R8Q3_render_front.jpg,1.5060383079340764
rand_RDRK01D9AC_render_front.jpg,0.908742815887992
rand_1JEVVA8A3Y_render_front.jpg,0.3804520318972535
rand_2DTO226KCB_render_front.jpg,0.2059018155535331
rand_G81XBN148A_render_front.jpg,1.8183125853176574
rand_9T0BBXD1NO_render_front.jpg,0.57865955369406
rand_NG13KJQOGY_render_front.jpg,1.0871577436458981
rand_R2D7JIR0NJ_render_front.jpg,0.8505923056741918
rand_TYRZQ3CE8U_render_front.jpg,1.534288787802484
rand_63ULCZ9SP8_render_front.jpg,1.0101235422271502
rand_0M2VKD7HPN_render_front.jpg,0.1675710317703548
rand_W1L1PM9FCW_render_front.jpg,1.8543192912365116
rand_7A5FEFHQFY_render_front.jpg,1.010077816521564
rand_WSXNCG385V_render_front.jpg,0.9240370949695502
rand_FMTZXLWBTE_render_front.jpg,0.2900469114711653
rand_RIOIRM0NTM_render_front.jpg,0.4541040781619772
rand_PFBMCUDKM7_render_front.jpg,0.7638142933914229
rand_COMEHXS0VU_render_front.jpg,0.4490474526335414
rand_I3NLMVG8X8_render_front.jpg,0.22319364550122783
rand_9YZ14T72UQ_render_front.jpg,0.8123868684990116
rand_VSWOK1VVNW_render_front.jpg,0.19598396380339653
rand_O5C7Q0ZEYV_render_front.jpg,1.8443200350662021
rand_Z7HBHOWRPI_render_front.jpg,0.5840252766877689
rand_W3LYFDFJ89_render_front.jpg,1.3140180547987586
rand_6K4VFSGAFS_render_front.jpg,0.45037711661886193
rand_IV1C25S7XT_render_front.jpg,1.8205792394107458
rand_5559ZCUI67_render_front.jpg,0.3099252898991189
rand_YLFH5J4WH5_render_front.jpg,1.0074611370379347
rand_KXXLY4ZOPM_render_front.jpg,1.2692482543404322
rand_AF56OFCL9K_render_front.jpg,0.4470074957926172
rand_TLSLI0YE7P_render_front.jpg,1.8165976985413252
rand_A9ENE65UKC_render_front.jpg,0.5884959793219269
rand_6JYNJXWNIU_render_front.jpg,0.9691438411737662
rand_CHJCPD4KLC_render_front.jpg,1.7353544262381373
rand_2DN6RRJLGF_render_front.jpg,0.3455091968614161
rand_5UQT5D3GWQ_render_front.jpg,0.5747995632898458
rand_4ITDPJ0CQ5_render_front.jpg,1.118068226863279
rand_5VPBJBP2YS_render_front.jpg,0.6902187016759012
rand_I1HZPJNLOP_render_front.jpg,0.8687889506394785
rand_ZR274S17VT_render_front.jpg,1.7350851864102528
rand_TG5H4CH2PF_render_front.jpg,1.2319580108857053
rand_LFVVMVGBXY_render_front.jpg,1.656192876480919
rand_PC93Z6OWG2_render_front.jpg,0.570875321092553
rand_6TPMXT1D7X_render_front.jpg,0.6513678025401961
rand_41A6FAQQ89_render_front.jpg,0.36526115352397637
rand_O8H78CZJIK_render_front.jpg,0.9834525196816892
rand_FUWJERX7XG_render_front.jpg,1.5414646539406138
rand_SQRGW2P2LE_render_front.jpg,0.7198655186092792
rand_Y5A8WGHAIF_render_front.jpg,1.0656595593874798
rand_69PKWLO4DY_render_front.jpg,1.5912918142735843
rand_5O355EDIE3_render_front.jpg,1.4911652268216715
rand_O98WOBOZDN_render_front.jpg,0.22474805130864722
rand_CQSA9AMN7W_render_front.jpg,1.3355124341918703
rand_647A07GX6X_render_front.jpg,0.6507198707936407
rand_RN41QRRBZW_render_front.jpg,0.5947277497561834
rand_76QDPHDJ3I_render_front.jpg,0.5351760649833667
rand_Y1MB8JEQHZ_render_front.jpg,0.49962258867194453
rand_BD9JT3C7RS_render_front.jpg,0.39075506414631533
rand_CZDXKZNRG3_render_front.jpg,1.0700408270470727
rand_YMG4OPKRGO_render_front.jpg,0.20022656992228421
rand_IU3NAACI2H_render_front.jpg,0.5005160005223546
rand_9Q3W75QXRE_render_front.jpg,0.5196122628401605
rand_4OMS1TCSOT_render_front.jpg,0.2846980504827108
rand_0YUFS79FZF_render_front.jpg,1.1704392241786563
rand_UL54A725FT_render_front.jpg,0.22972734387555513
rand_FORONJN67Z_render_front.jpg,0.6079973155833631
rand_IT64T8IQA8_render_front.jpg,0.7097260856180956
rand_2I2SLU872U_render_front.jpg,0.15820835050149934
rand_206YYQFZ5U_render_front.jpg,1.665966043996652
rand_3B4RG0DR59_render_front.jpg,0.1537013621922835
rand_65THU9GZHR_render_front.jpg,0.44943757664433015
rand_K2FJVB3L3I_render_front.jpg,0.8585234125937893
rand_U6KNOVG9KM_render_front.jpg,0.11451250500060788
rand_M6QMM456GO_render_front.jpg,0.7652324958888415
rand_O5WU47H31X_render_front.jpg,0.45168041125707625
rand_MEJHNJSLTQ_render_front.jpg,0.3727119648788685
rand_RTSKY23880_render_front.jpg,0.5367762494922562
rand_D9O1P91N2U_render_front.jpg,0.2869417079902774
rand_5N9TKTAKET_render_front.jpg,1.159098958160173
rand_JKCLTZ9I94_render_front.jpg,0.4894211270733848
rand_JKZ7E2MJVP_render_front.jpg,0.8569650942864928
rand_LN1VVMMCK3_render_front.jpg,1.773808007577477
rand_MTUQYXJ2VR_render_front.jpg,0.9287132795446273
rand_RQ9QQ89XP5_render_front.jpg,1.2365397799552802
rand_16W8ARYM6G_render_front.jpg,1.3419714048962577
rand_E2U26ZJ304_render_front.jpg,0.6575812979009638
rand_V3VU74LWCP_render_front.jpg,0.6784646640577225
rand_WUCGU5J01Y_render_front.jpg,1.4479640924106267
rand_6BI9U56FFF_render_front.jpg,0.4138107545090982
rand_4J7HKDTEJN_render_front.jpg,1.052971443754047
rand_7D4NM7T8LP_render_front.jpg,0.11276550983303081
rand_S6E84MY4DW_render_front.jpg,0.20066141371139168
rand_0WZDTSY8BE_render_front.jpg,0.3730520449216892
rand_EOXBWV0IM7_render_front.jpg,1.7732872767959786
rand_EZCSCXZ0SH_render_front.jpg,0.21790809251052784
rand_ES12HNHVKD_render_front.jpg,1.5054540839383095
rand_1MQJR75Q15_render_front.jpg,0.10971931721499786
rand_V854K5GMH8_render_front.jpg,0.7150239855862506
rand_8TL4C2FDT9_render_front.jpg,0.34930656944620975
rand_TCD1BS0CBR_render_front.jpg,1.7738070853895103
rand_NYU147FNW8_render_front.jpg,0.8603790990134549
rand_SKREYVAG4D_render_front.jpg,0.32062012415714125
rand_1EXE7X1JYE_render_front.jpg,1.7826642808684825
rand_S4JIFTBQC8_render_front.jpg,0.5049811818994192
rand_ND0X7E0BQW_render_front.jpg,0.5388881099192814
rand_XWJND2JF8D_render_front.jpg,0.666511032521251
rand_SXPMH02A87_render_front.jpg,0.2607000782044213
rand_4GGNGJ3E4N_render_front.jpg,0.8270338792539811
rand_62H0R2XG4R_render_front.jpg,1.0660466171500387
rand_FDBA3X0F5U_render_front.jpg,0.5915896958424299
rand_MXFYP6XAVP_render_front.jpg,0.24683529153007755
rand_HROIYKHCPD_render_front.jpg,0.11457748045292204
rand_3MAF4FV7TM_render_front.jpg,0.2936610807367029
rand_8BJJ5DLLJR_render_front.jpg,1.6797480039796848
rand_WID9I3NL9P_render_front.jpg,1.3472177365339386
rand_63PFHMQZI4_render_front.jpg,0.8925095993345789
rand_ZYP4C88ZNV_render_front.jpg,0.9169335805619651
rand_69DBMTU8C2_render_front.jpg,0.807945295932549
rand_XLH6TSUX84_render_front.jpg,1.5845612101909194
rand_IWTFPQBDWU_render_front.jpg,0.6678850757404039
rand_5IC5XIEBFC_render_front.jpg,0.1509500422873219
rand_8N6ZJOGDUT_render_front.jpg,1.5371013081888774
rand_UKGAHXBFRG_render_front.jpg,1.0562808044765777
rand_6B7B88YGRX_render_front.jpg,0.6426701658052799
rand_NFLRMON165_render_front.jpg,0.3312565016866095
rand_R835GNJQCI_render_front.jpg,0.8948677927217532
rand_KHS33MKVCM_render_front.jpg,0.22223206005040108
rand_8Q38FAGDQV_render_front.jpg,1.3429204043400824
rand_H2EEG8H3GC_render_front.jpg,1.3990454101004837
rand_1206DKC5IN_render_front.jpg,0.5621776092183571
rand_SK2BAEICPZ_render_front.jpg,0.12276202597788803
rand_F05M1CL7BJ_render_front.jpg,0.3091932625850624
rand_JMPMBYBRJ8_render_front.jpg,1.7762912041724261
rand_86FF7HFBGU_render_front.jpg,0.1376408553327888
rand_354SATQSWX_render_front.jpg,1.2347082128077174
rand_R5PFB42R1H_render_front.jpg,0.5212199135942082
rand_0FU48H5R3N_render_front.jpg,1.4571768059928951
rand_UVYV9OGQEL_render_front.jpg,0.8149638154867807
rand_5WV2L1QKFW_render_front.jpg,1.8955229799023954
rand_4V18PYF6XI_render_front.jpg,1.9290103778409575
rand_9M7R7HBE8E_render_front.jpg,1.3097061237072716
rand_I4LPDPOT5Z_render_front.jpg,0.5978328585551467
rand_FQPQL0PR8N_render_front.jpg,0.21355098834941344
rand_QAUPM9BWWR_render_front.jpg,0.45150974808484123
rand_CIXTBMFTF9_render_front.jpg,0.22536027045593185
rand_CWWF6LCLCU_render_front.jpg,0.2685394809745232
rand_6130G2A3QF_render_front.jpg,1.107934978440447
rand_SL0QRM1QQE_render_front.jpg,0.6313276917818549
rand_9IDHR2KL53_render_front.jpg,0.33877679836970537
rand_TNCTZV7X46_render_front.jpg,1.7026413232365412
rand_E91P8Z6U5O_render_front.jpg,0.4057830226175002
rand_PSCQZ2SHN4_render_front.jpg,0.22103746721891687
rand_F234OK9CDN_render_front.jpg,0.7403757157084148
rand_GC6CY1C7GO_render_front.jpg,0.5723357362430614
rand_ZXRL801KIJ_render_front.jpg,0.8384034756067769
rand_GGCL5DXJXN_render_front.jpg,0.5957901868660547
rand_E8QHANCM1Y_render_front.jpg,0.1038593850084199
rand_LGZCW8YYRN_render_front.jpg,0.5812307306392243
rand_NPRKT7NAE5_render_front.jpg,1.880211293604111
rand_T1JV2DPS2X_render_front.jpg,0.7324410697804568
rand_HV7DGITDA3_render_front.jpg,0.2158713653393074
rand_72NUHHXO3T_render_front.jpg,0.9952773659779369
rand_QEZWLQLDOU_render_front.jpg,1.0543385077044567
rand_RSK7OREJNX_render_front.jpg,1.0146166131767982
rand_62K92YWQU3_render_front.jpg,1.1549286623506487
rand_TYK5OIR8G7_render_front.jpg,0.6795330353463027
rand_EVBKR452HC_render_front.jpg,0.561101167555484
rand_B179KC9MZ4_render_front.jpg,0.2530388557995493
rand_QKV0WQETSG_render_front.jpg,0.31371575984789296
rand_UQBCU8HNV4_render_front.jpg,0.7868224171129337
rand_45H2XRPP5S_render_front.jpg,0.6613422173055356
rand_03ED5XAYMM_render_front.jpg,1.1149783392583046
rand_HIMRGAQB7U_render_front.jpg,0.5692932354590613
rand_8HA77T67HY_render_front.jpg,0.7357162851649408
rand_IL5N0KSI28_render_front.jpg,0.5517474056032504
rand_WDFA393W85_render_front.jpg,0.2049667479489371
rand_XK2M5LBGYX_render_front.jpg,1.9433939993774307
rand_FKOVYV09NK_render_front.jpg,0.6154582346114134
rand_3XUQ1TZMJ0_render_front.jpg,1.3480762610848407
rand_W683GQS73E_render_front.jpg,0.435303219575086
rand_0F3JY14RT0_render_front.jpg,1.7521929628314514
rand_3WMM7BDZF4_render_front.jpg,0.4020039383613032
rand_Z907S5LP7Z_render_front.jpg,0.8688462293385265
rand_F0EYCOSCEF_render_front.jpg,1.7990948879917599
rand_RK9EBKZ4EB_render_front.jpg,0.6345903732196608
rand_ZLUFNMINFN_render_front.jpg,0.5686252466125394
rand_3ZMFU0PMUH_render_front.jpg,0.12753148495544872
rand_4JWGB0GOEW_render_front.jpg,0.7907298606797543
rand_K4I0FAN689_render_front.jpg,0.25303350726536733
rand_5O73X5BYGW_render_front.jpg,0.8079170266445969
rand_50FUCT2FL2_render_front.jpg,1.4833452016268063
rand_RHY0J1J59Y_render_front.jpg,0.639061492054374
rand_DEPWPXOA8X_render_front.jpg,0.9229477433883913
rand_P3OLRMG1GD_render_front.jpg,1.289293881061154
rand_GAOGKSLQQD_render_front.jpg,1.120795358827128
rand_1TTI9P3JB5_render_front.jpg,0.24934959046796587
rand_LZOX82JWAY_render_front.jpg,0.9536618489800244
rand_R7AFXOAB0E_render_front.jpg,1.0656286734732245
rand_G8AF7LEVND_render_front.jpg,1.1356726090335914
rand_JDQ1WH4VAF_render_front.jpg,1.4061328636005084
rand_DCGKLHQEYK_render_front.jpg,0.5040149838428463
rand_ZBIGVLPRC4_render_front.jpg,0.2106445608591937
rand_YSZKQRD02H_render_front.jpg,1.0616266638811334
rand_0AO0MRLJ5G_render_front.jpg,1.0517346555964986
rand_CMJNOIBK4Q_render_front.jpg,0.4643886785651633
rand_UARHFOIU16_render_front.jpg,0.2020231777003859
rand_PWFFOBVNYV_render_front.jpg,1.4559734769315527
rand_AHRT3669JS_render_front.jpg,0.22561736707559527
rand_K02JZWLU9I_render_front.jpg,1.6749883861138322
rand_H6C0GV071N_render_front.jpg,0.6826017027002774
rand_VSVNPDZU48_render_front.jpg,0.2593480360002428
rand_KPP9V65447_render_front.jpg,1.1420956522696561
rand_BNSA3NN40K_render_front.jpg,1.2322585903338752
rand_XNHHHY8XY6_render_front.jpg,1.521868654317919
rand_YXL4DO30ZL_render_front.jpg,0.5682688783599823
rand_I0VQEOAKUF_render_front.jpg,1.3403383401998832
rand_QE1XGFBFET_render_front.jpg,0.3822056832034211
rand_JSXI1TUD7U_render_front.jpg,1.0868426606576704
rand_U48NKAOBBV_render_front.jpg,0.6639665782813012
rand_UL9R0TH4F3_render_front.jpg,0.9009212675029296
rand_N9VE386MEE_render_front.jpg,1.5016292917269396
rand_0SUKOBPQ3O_render_front.jpg,0.515853501745611
rand_29MEJDNOTB_render_front.jpg,1.6033750217453464
rand_XFQMOS6ROF_render_front.jpg,0.8884990446236259
rand_F5XAW99SVH_render_front.jpg,1.6075055193235634
rand_3CWAI3O3ZZ_render_front.jpg,0.5654283553093361
rand_Z5Z38LJ1IX_render_front.jpg,0.3770756111320863
rand_9CRUC9U7IO_render_front.jpg,0.7893205153041969
rand_LPU6VCOFA0_render_front.jpg,0.7285590507665927
rand_PKWIYHCKB9_render_front.jpg,0.4523802064015773
rand_D5HG48C9NN_render_front.jpg,0.44334298121316207
rand_FP6IAUGHX3_render_front.jpg,1.4864085670462504
rand_OJCG3CCBR6_render_front.jpg,0.3962719083569596
rand_T8VYI3NU3Y_render_front.jpg,1.769226059395461
rand_9AMGIX80X1_render_front.jpg,1.2725224046085053
rand_NPD80IMWVH_render_front.jpg,0.6234226288872619
rand_V2LWP9TBHJ_render_front.jpg,0.3492536565995028
rand_51RI3MN5OP_render_front.jpg,0.259266131053903
rand_SNGDON1NQG_render_front.jpg,0.9737561217428585
rand_1QC2ORELVP_render_front.jpg,0.3514629083079246
rand_YZHXDY9WNI_render_front.jpg,1.16147354105786
rand_73F0N2Z9UQ_render_front.jpg,1.3587427285153748
rand_R19OHQZ77W_render_front.jpg,0.20208739347167143
rand_IXASXE3XCX_render_front.jpg,1.2506457990608597
rand_YZ5S6CID02_render_front.jpg,0.1224183473996795
rand_NH14SNBQFO_render_front.jpg,0.11683050796205721
rand_QI113VG552_render_front.jpg,0.773503266123586
rand_EXZ643SOW9_render_front.jpg,1.7711683334153194
rand_8XZU4JNH5W_render_front.jpg,1.2597034637405753
rand_AA4A593E9S_render_front.jpg,0.2764020214183116
rand_HEZVZ3R6ZO_render_front.jpg,1.1623385482355
rand_8GBIRYQYRW_render_front.jpg,0.2519764542578208
rand_NE99HYVJCS_render_front.jpg,0.362623190792858
rand_56DHQSF4PV_render_front.jpg,0.9046790622865972
rand_9HL4U0YTDB_render_front.jpg,1.836989358699588
rand_GKTOB9G7HE_render_front.jpg,0.16347650307124176
rand_78R7RUWMTZ_render_front.jpg,0.18709916536132487
rand_2UJ6LTLN6V_render_front.jpg,1.1236555801915764
rand_NC5C1PDN0B_render_front.jpg,0.3061888089635584
rand_TR0T9TKMJQ_render_front.jpg,0.9147000187596985
rand_IQTJS3SA21_render_front.jpg,1.0375362599660247
rand_VKUKU4SPXN_render_front.jpg,0.5791513069718945
rand_6EOES887F3_render_front.jpg,1.2542620512233311
rand_Y0UCUWX79H_render_front.jpg,1.6510633579995269
rand_94ZFVT5ZK1_render_front.jpg,1.286984127613823
rand_X90MPK9FPK_render_front.jpg,0.22609502131389278
rand_XP4ICMUXAD_render_front.jpg,0.4685304000680798
rand_PS9I7ME5DV_render_front.jpg,1.8727175065426191
rand_8SQBBOGB69_render_front.jpg,0.5213676159815399
rand_I3RMFWGOOF_render_front.jpg,1.799505237698292
rand_RKBSHVXSWD_render_front.jpg,0.179694755708343
rand_QP64VZ1AT2_render_front.jpg,1.0781111928537341
rand_K1BYW1NCGL_render_front.jpg,1.746403393929539
rand_0PKJZ47Y56_render_front.jpg,0.9743287072341797
rand_N7079IV8BF_render_front.jpg,1.0104426491059877
rand_2KO21GH4KR_render_front.jpg,0.6553800039865539
rand_UP74XQG2PD_render_front.jpg,1.7188120252558945
rand_2ZBZWEJL7B_render_front.jpg,0.4085104622304707
rand_SX97RPS8AD_render_front.jpg,0.5663499694430167
rand_CFVN8A92IO_render_front.jpg,0.6135804114889338
rand_QKAFXXW7RL_render_front.jpg,1.1270323186966411
rand_GU858OQ5PF_render_front.jpg,0.6898113269961679
rand_SA4DXVUH57_render_front.jpg,1.8624141479998726
rand_3W3DXKRE0V_render_front.jpg,1.5284633837438053
rand_ZLS7ZXA332_render_front.jpg,1.9072268105745422
rand_QDVUODYO0T_render_front.jpg,1.5420589009934396
rand_JHXSXVPRZK_render_front.jpg,0.3451121169190495
rand_3154H91670_render_front.jpg,0.12044783686344403
rand_ZJP73JUKEW_render_front.jpg,0.7784496241365173
rand_7USD8IOR7Z_render_front.jpg,0.7382971615932606
rand_E7OPCE192C_render_front.jpg,0.7797374332981895
rand_87SOTZ54MI_render_front.jpg,0.5278272763058242
rand_95SCBM7HQM_render_front.jpg,0.22181842810403268
rand_40B81PVUQ2_render_front.jpg,0.287460547248351
rand_EMQ965GLCE_render_front.jpg,1.1407529387917292
rand_J0FDA4J4EX_render_front.jpg,0.1597084579196702
rand_VBD3L6KDI1_render_front.jpg,0.31125864116425955
rand_EQFXFBELGY_render_front.jpg,1.518111911978328
rand_6WO1N1ORUD_render_front.jpg,1.762264974517578
rand_DBT42Y9XOE_render_front.jpg,1.9040136641714243
rand_AYDHRKE416_render_front.jpg,0.9877299884699223
rand_WU9Z14CI0Y_render_front.jpg,0.9019815951643831
rand_2Y69CQ08JE_render_front.jpg,0.2852525600703484
rand_YP8Q05IIZ3_render_front.jpg,1.8013452232877958
rand_HNB9F3ZGQR_render_front.jpg,0.9375371956982089
rand_X98DT5ESV6_render_front.jpg,1.3172695948115702
rand_8VFYHBDOYO_render_front.jpg,0.17162911245873846
rand_KOXR1XW5SK_render_front.jpg,0.3091700067151586
rand_XZ0LP3XKVQ_render_front.jpg,0.18881235698903603
rand_DGFBVE53HA_render_front.jpg,0.9336391402115237
rand_HBWLC4QFH2_render_front.jpg,0.2530794162262062
rand_INRP2EG4QA_render_front.jpg,0.7158648934179443
rand_SH5KRXRBFA_render_front.jpg,0.9314843273129748
rand_8XNSZGK39J_render_front.jpg,0.3044355073726222
rand_4YKMCOJ1KA_render_front.jpg,1.0727614007179884
rand_EKXMNTW0VC_render_front.jpg,1.8344804868859426
rand_I6QB1N5WLI_render_front.jpg,1.3683809938807985
rand_F3HSBC5MGM_render_front.jpg,0.4333718802048455
rand_WZTY1CIF39_render_front.jpg,0.19106603756531543
rand_Y1L97JDBIQ_render_front.jpg,0.25543726097689995
rand_ZLZNLUAO52_render_front.jpg,0.3270329798939472
rand_HAIKR9HMFM_render_front.jpg,0.322996706650069
rand_ZRZEVH82QN_render_front.jpg,0.13688718944427292
rand_N6YXNBZBYX_render_front.jpg,1.406854561224723
rand_NUS6A09H7Z_render_front.jpg,1.3210145246717484
rand_USZJ1ND9FY_render_front.jpg,0.98026093114042
rand_H7SB2JUQZ0_render_front.jpg,0.8235245707503936
rand_XZ9PJPJOCU_render_front.jpg,0.22652531127880216
rand_T32RIOJLIF_render_front.jpg,0.5644380285679786
rand_7YM80UV5M0_render_front.jpg,0.6062033181735385
rand_PGLNA51RYZ_render_front.jpg,1.1983764779531554
rand_MNBRHM8GQJ_render_front.jpg,1.057050999277925
rand_WSNWVPBS7J_render_front.jpg,0.6550115011885962
rand_YJNUCJ0FSI_render_front.jpg,0.5506785139776709
rand_DGN7OHQEOB_render_front.jpg,1.0607270103196071
rand_KGS21CX59N_render_front.jpg,0.18026669057165023
rand_QYLA7ZOL17_render_front.jpg,1.0212088601827634
rand_RA9A5S1WGU_render_front.jpg,0.7225897968274426
rand_MLHJWBUBVA_render_front.jpg,0.5387277411748613
rand_CYMV7QX2LY_render_front.jpg,0.430118289082279
rand_94GEJP55IM_render_front.jpg,1.8630054620067076
rand_SJE5RUJHOA_render_front.jpg,0.4650328761644795
rand_VU2GJ52O9H_render_front.jpg,0.24824860328089154
rand_XHHJYSLVFE_render_front.jpg,0.6353948030738736
rand_6FN2X51DOE_render_front.jpg,0.6729243208231023
rand_PNH087ZI4Z_render_front.jpg,0.34099008897026256
rand_JCP978VLHV_render_front.jpg,0.25536276259393786
rand_P0ZP2T732H_render_front.jpg,1.4796172276786292
rand_W984CHSZPQ_render_front.jpg,1.757938837752899
rand_S6L7371WR0_render_front.jpg,0.8999455758155367
rand_M6TE0I5IY8_render_front.jpg,1.554802911296659
rand_MPSYCZMT3X_render_front.jpg,0.43349448376592126
rand_2UKFBAWXX1_render_front.jpg,1.21502045615318
rand_CIFM3PUGDK_render_front.jpg,0.24832244713879953
rand_15K1EV6XP9_render_front.jpg,0.7374378373596591
rand_6YP9WLWKLZ_render_front.jpg,0.4745393579417987
rand_STKWLVHTWK_render_front.jpg,0.4671694544077847
rand_CY1J8VFWBF_render_front.jpg,0.8768765074265
rand_3JTWSJ7E0R_render_front.jpg,0.5005787251549338
rand_BKDZ7IXQOB_render_front.jpg,0.6264635546923085
rand_CHO6YXJLZ7_render_front.jpg,0.8450676593262094
rand_S6ZR56FFDV_render_front.jpg,0.3118404326651403
rand_NGO97QFT6J_render_front.jpg,1.3486921162990384
rand_XO6JSA0J2X_render_front.jpg,0.12256638870659836
rand_OKALK46GBC_render_front.jpg,0.6375558899126211
rand_HDRVALGM5A_render_front.jpg,0.8909508471538328
rand_OW4J5K56GX_render_front.jpg,0.6752618876729147
rand_8BBNO33DIW_render_front.jpg,1.6748472453869658
rand_X0F8A9482H_render_front.jpg,1.423651240644432
rand_V53FDTJ6MM_render_front.jpg,1.3206235441500653
rand_0NQZUVZTQO_render_front.jpg,0.5935083785208106
rand_XLNVVDCI3O_render_front.jpg,1.0411907743162092
rand_4GENR2E0FI_render_front.jpg,0.3054751685973203
rand_DR4J6QZ23R_render_front.jpg,1.0532024607049622
rand_N3G9OVQEL2_render_front.jpg,0.3550892116088481
rand_3AT91EDX94_render_front.jpg,1.6331021178656957
rand_GHOF4HMSLD_render_front.jpg,1.5472767839680701
rand_PAQ9VC9BRJ_render_front.jpg,1.2701790764933307
rand_BON82CXETT_render_front.jpg,0.9268814965452977
rand_SZ55RX5ECF_render_front.jpg,0.1861968535804046
rand_K84JDX3STO_render_front.jpg,1.3047883808771081
rand_NY1W84DJH8_render_front.jpg,0.4814009531455583
rand_0HMFEO5BJJ_render_front.jpg,1.1661016183165847
rand_6V0M1JFODS_render_front.jpg,0.44775390278843263
rand_UPZRJR9IAP_render_front.jpg,0.1534921565697008
rand_FVG4366OFI_render_front.jpg,0.20303707735168852
rand_V4LNHI3Q7E_render_front.jpg,1.3012536242330641
rand_LEX7WN9QIP_render_front.jpg,0.8812196954733549
rand_WM5B9T931D_render_front.jpg,1.0427560232466353
rand_30AXIXV08B_render_front.jpg,0.6562588186357949
rand_9X3TS4TWLG_render_front.jpg,0.20804156413307023
rand_WYW3304UEH_render_front.jpg,1.9101335891909423
rand_6FQXW3RQM4_render_front.jpg,1.6914270565153282
rand_HUP6HEDD1D_render_front.jpg,0.42364648182683395
rand_XS0Q80WA7L_render_front.jpg,1.832392875750771
rand_C7Y5MRNONL_render_front.jpg,0.4730483559375004
rand_O80WI4SN0R_render_front.jpg,1.4255238625455575
rand_P8HWUAWEYI_render_front.jpg,0.5450996024688347
rand_JGA96EXQ7D_render_front.jpg,1.1869342427916998
rand_3VVEOIHDZD_render_front.jpg,1.0938942302075612
rand_PNTREKPCMH_render_front.jpg,0.31460471264915557
rand_YA82DSWJ4D_render_front.jpg,0.7544588159945905
rand_59IOWT9HFB_render_front.jpg,1.0129869797244908
rand_OFG173G9OT_render_front.jpg,0.5972311607478797
rand_Q7OLN6GU42_render_front.jpg,1.7516715155357185
rand_JSIQDO4R3Y_render_front.jpg,1.3954044303255027
rand_YKFATOHB67_render_front.jpg,1.2202982435852412
rand_IBZ1EYSWTI_render_front.jpg,0.7695652108088401
rand_RIQ8EJ5EWQ_render_front.jpg,0.575425944672608
rand_9Z5QDPXPQP_render_front.jpg,0.5931591975919754
rand_B17N1USC56_render_front.jpg,1.8208886805856788
rand_8N7M0JYBAD_render_front.jpg,0.7451001298713694
rand_1DSQTVZD89_render_front.jpg,0.37341950211526675
rand_MPKFRBSPUM_render_front.jpg,0.4974871346841946
rand_7ST06O54OC_render_front.jpg,0.2867159502204828
rand_QF4BW3XQSC_render_front.jpg,1.3792794002427093
rand_OU2LIGS6QP_render_front.jpg,0.10573774739356658
rand_FYYE8S51W3_render_front.jpg,1.2979766715820893
rand_ISTHXBOMVY_render_front.jpg,1.8266054011603503
rand_L3J74SCBA3_render_front.jpg,0.4224541074412729
rand_1F8TOK675T_render_front.jpg,0.267044876405222
rand_OWOYP5ILUH_render_front.jpg,0.1633944373764678
rand_YB4L4PBW0V_render_front.jpg,0.7802132085734886
rand_W1DXP87LZY_render_front.jpg,0.4017165321810001
rand_38F6I965FR_render_front.jpg,0.6729279898945368
rand_X4P1S4N7KY_render_front.jpg,0.22584242979411742
rand_6ICXDB68FO_render_front.jpg,0.10420255456303723
rand_TQ2VGNZZVW_render_front.jpg,0.15615419828399868
rand_2TUNZLVQDO_render_front.jpg,1.6160625999199252
rand_DRGAJQHDPU_render_front.jpg,1.6759701400664087
rand_LYE9X39EEN_render_front.jpg,0.12047716303801943
rand_G7UUQRA2LK_render_front.jpg,1.9380083650371742
rand_9ODW604A1O_render_front.jpg,1.0987853564114227
rand_CQ63OARFJX_render_front.jpg,0.8450852997682391
rand_CTBYW2U25D_render_front.jpg,0.6117569842739788
rand_IW5WYMMP7Y_render_front.jpg,1.9165196629654666
rand_L998PBTN16_render_front.jpg,0.7827394453310942
rand_7Q6NXW4HY0_render_front.jpg,0.6193891100974527
rand_T9YFPKEUWZ_render_front.jpg,1.1992834837637776
rand_HVMG1NFCAJ_render_front.jpg,1.36654273516091
rand_NPU6HI4R0M_render_front.jpg,1.2657565483215683
rand_ZI4P75YORU_render_front.jpg,0.20095775636663382
rand_FP4M8GGH10_render_front.jpg,1.6163230828470119
rand_OKL7RCYA68_render_front.jpg,0.3075689421088954
rand_YDZTOUWXAW_render_front.jpg,1.1577910129123214
rand_5M1NUK28JU_render_front.jpg,1.19527841059312
rand_IA7Q9Q4BVQ_render_front.jpg,0.5918674686364324
rand_684WV57YK5_render_front.jpg,0.1793807267007138
rand_Z2OHQP1XDJ_render_front.jpg,1.3777153774218278
rand_Q8DWYCXDWU_render_front.jpg,0.7396410724644578
rand_4LQHCJHZF8_render_front.jpg,0.26496324009961325
rand_9ISFZHFOCS_render_front.jpg,0.7352472687340942
rand_11SEFBSFKK_render_front.jpg,0.5928778111484835
rand_GA4UHIK18H_render_front.jpg,0.765177138225245
rand_D6LFB117NV_render_front.jpg,0.5819183127199055
rand_UJY1XPH5H1_render_front.jpg,1.0295206472617051
rand_NUL3XSSHA2_render_front.jpg,0.8744038676395919
rand_ZLT6C0PY8B_render_front.jpg,1.1174853334896215
rand_BOYMR9O5MW_render_front.jpg,1.1281043739855134
rand_73NKBD3N21_render_front.jpg,0.42873871138754316
rand_M6PFYXM0E1_render_front.jpg,0.7484046622708864
rand_5UTI4KFRVK_render_front.jpg,0.221163210708791
rand_YWZN7N88H5_render_front.jpg,0.6093766758473693
rand_FDA3B6PYVW_render_front.jpg,1.5045016425303437
rand_G75JVA1WZO_render_front.jpg,0.6467053447946974
rand_GD1NH8M8LP_render_front.jpg,0.6829244630613418
rand_PXMKJDO9I4_render_front.jpg,0.5625902532813236
rand_D2RQRI1ZWS_render_front.jpg,0.795693436745422
rand_A8AF2KUIYG_render_front.jpg,1.904677479018088
rand_03EQU44RFB_render_front.jpg,0.7131923389324281
rand_Y9QLWBNSSU_render_front.jpg,0.20208478813464387
rand_1RVRQDB8SP_render_front.jpg,0.3653517292218603
rand_Y0RDIN39MW_render_front.jpg,0.47948920913564386
rand_LYDXE82XOI_render_front.jpg,0.6821433516482975
rand_F0TQCROK5C_render_front.jpg,0.1917036436823193
rand_8AFVLEABHA_render_front.jpg,0.3210368734319232
rand_OP1DX8FIJO_render_front.jpg,1.280348663719504
rand_BWAHN494YU_render_front.jpg,0.7173331184819796
rand_CK7OZH7OOQ_render_front.jpg,0.1474012021748947
rand_7J2NR8QIY8_render_front.jpg,1.3524497634051649
rand_NF3KKDJQX4_render_front.jpg,0.8807237701897213
rand_UZRF91OZOI_render_front.jpg,0.8174284359706981
rand_ZJ06D81T9X_render_front.jpg,0.616950320880919
rand_2PL6FNIXMP_render_front.jpg,0.12319359053987208
rand_RS2547M3CU_render_front.jpg,0.6533831373255262
rand_BY1I14K6PV_render_front.jpg,0.5861109709381445
rand_SSSNMX6NRV_render_front.jpg,1.393736064383238
rand_U9W0GC7OFQ_render_front.jpg,0.7868452021237591
rand_RAKLFGU4IW_render_front.jpg,0.8410034422043566
rand_04ANOD2PBA_render_front.jpg,0.8720468530840537
rand_ADC9SBFTHA_render_front.jpg,0.4188418777187741
rand_X2J3567CGB_render_front.jpg,0.410929016933577
rand_PI6VUL50EL_render_front.jpg,1.0828453551131978
rand_TY7OI1PC1V_render_front.jpg,0.23803976702389706
rand_NRZWLTROXD_render_front.jpg,0.3499889038721582
rand_QA3WLVGP9J_render_front.jpg,0.6828639358360014
rand_33TVO9K7FH_render_front.jpg,1.122983767829848
rand_TJN8R2VV4X_render_front.jpg,1.8423493524627583
rand_XCBM5C6HYG_render_front.jpg,0.8141358251320824
rand_1VSTTKOUQK_render_front.jpg,0.12128695938426058
rand_10Q2SE2U1C_render_front.jpg,0.5546150663337139
rand_EPLXQLN3FA_render_front.jpg,1.6787733613066005
rand_5FHPHDE1JU_render_front.jpg,1.6464100113080222
rand_LH4HOT1RSV_render_front.jpg,0.6099241976631854
rand_1430HD0STX_render_front.jpg,0.8317054731679553
rand_FSMW5MOE99_render_front.jpg,0.2043288849624949
rand_1V8RADMOM3_render_front.jpg,0.5460452466241185
rand_K98D7R0D6T_render_front.jpg,1.8186408136743564
rand_NOLX4V40CV_render_front.jpg,0.3296800364851459
rand_ZKMKL2S7LL_render_front.jpg,0.2501146447190954
rand_RQMVMRX1HB_render_front.jpg,0.12314896311714116
rand_G2JJHLY6PO_render_front.jpg,1.618962373845852
rand_0NOC72K27D_render_front.jpg,0.2139182153486283
rand_0P4YK6HW9O_render_front.jpg,0.6468447057193359
rand_FUCR9P2XYT_render_front.jpg,1.7224832003454418
rand_IAA7IEXHWL_render_front.jpg,0.7857825284503813
rand_L36RWH3QCG_render_front.jpg,0.6585016936362813
rand_SM13QQFO1N_render_front.jpg,0.9135342783968645
rand_KQEE02PCEL_render_front.jpg,0.2633954373597408
rand_2OJGLLAH3H_render_front.jpg,0.13788574573753876
rand_44WTVDOUVY_render_front.jpg,1.3100311594629617
rand_9T9GPUVHKM_render_front.jpg,1.565365555690104
rand_YVWKWS9TF8_render_front.jpg,1.4387351329809586
rand_HUNTO71Q76_render_front.jpg,1.6740390759266313
rand_IY1Z03QY54_render_front.jpg,0.41394015853770494
rand_HULY4CJ4V0_render_front.jpg,1.2970605951190899
rand_IKEGUFJC9L_render_front.jpg,1.027557895428346
rand_PNF5X73OUV_render_front.jpg,0.5028297058536473
rand_RUVV2T25Q3_render_front.jpg,0.3076246639719449
rand_0DJ4LQD99C_render_front.jpg,0.5012871799968998
rand_2TDZTPXPTX_render_front.jpg,0.35685516238037795
rand_IZRA61ZKCB_render_front.jpg,1.5830241557938793
rand_OGAV1V5HCP_render_front.jpg,0.4736329498584374
rand_TO1O7LLUJX_render_front.jpg,0.291834356381502
rand_F1MWXEXL0Y_render_front.jpg,0.3191507386627394
rand_NTBMB0NV0R_render_front.jpg,0.6318916072258918
rand_E456A909WU_render_front.jpg,0.9443234854606073
rand_Q0SM8CMXC8_render_front.jpg,0.6680972457020464
rand_48WPWYEQ1W_render_front.jpg,0.12026927706838361
rand_WPQ1PBRNLT_render_front.jpg,0.5322422836679511
rand_GCE1NF3HHM_render_front.jpg,0.5091788958539191
rand_TMOPMD90WR_render_front.jpg,0.5830304821316852
rand_ZTVKFE9PFQ_render_front.jpg,1.1647558370150841
rand_EO25989WJW_render_front.jpg,0.7307095302256544
rand_7E15O3SB5F_render_front.jpg,0.39420355478996694
rand_EAZKPYTULP_render_front.jpg,0.7540096096388956
rand_3DU4H85FWN_render_front.jpg,0.19274228599403853
rand_3L3E87Z5PT_render_front.jpg,0.414934599435154
rand_MRAL3BPVRZ_render_front.jpg,0.10939308112213524
rand_4130OEI5J4_render_front.jpg,0.9671458106208445
rand_IESNQOWHUQ_render_front.jpg,0.4028309708525787
rand_OPZGO9X7YF_render_front.jpg,0.17790429400848345
rand_4D67COCM29_render_front.jpg,1.7962233069330933
rand_3R8JB1W3P1_render_front.jpg,1.7791841573095282
rand_EDOV8CMMAJ_render_front.jpg,1.802244406796783
rand_YMP71YQ0Q7_render_front.jpg,1.0037081128767487
rand_VQ3RAIAOJD_render_front.jpg,0.1212302325519
rand_1AZFMG4LTR_render_front.jpg,0.38955466036315534
rand_4RQQB8NYDX_render_front.jpg,1.6939690275098547
rand_HUZDOU50W3_render_front.jpg,0.9070710052428698
rand_TW1UPMZ08X_render_front.jpg,0.36648913656613835
rand_S5O6GVDRPM_render_front.jpg,0.2402433335318611
rand_IVQ6LXIPC4_render_front.jpg,1.5890810509125144
rand_GP9TM4Z8W7_render_front.jpg,0.4536692962809017
rand_5OO1IJNXE3_render_front.jpg,0.29239327558341016
rand_AD01KPY1LZ_render_front.jpg,1.4459279482070597
rand_EGXA7Y36BX_render_front.jpg,0.16535893437019927
rand_A5SGS7GTM3_render_front.jpg,0.7035564845372915
rand_68K47Z9S3O_render_front.jpg,1.1330764072889365
rand_1ETXMH92AU_render_front.jpg,0.6697510568838562
rand_5G933ER7SN_render_front.jpg,0.3215707345200437
rand_SXBX5SG7EJ_render_front.jpg,1.7265871713618124
rand_6HHP248EDQ_render_front.jpg,0.4622884151359016
rand_9IBFV4GJ6Z_render_front.jpg,1.1407795863565238
rand_549V0PON6E_render_front.jpg,1.6195800897155035
rand_HB21HR58J6_render_front.jpg,0.2520091563491551
rand_Y6ATPD90XB_render_front.jpg,1.8851247210922146
rand_6DIY7RYHX5_render_front.jpg,1.2204704511958158
rand_3PB1EL1ZGT_render_front.jpg,0.21768869139004576
rand_A7BSBSGXNP_render_front.jpg,0.9431840842347888
rand_N4CP8TEI6R_render_front.jpg,1.3380075449187925
rand_J836MT5YA3_render_front.jpg,1.4080091506034758
rand_LYC5NW2W5I_render_front.jpg,0.5785107917365774
rand_FEU8BYO98Q_render_front.jpg,0.18036240862842162
rand_VOQFL088AY_render_front.jpg,0.8348195246156398
rand_5422HGD42D_render_front.jpg,1.8884904071987463
rand_810HJ2IUOM_render_front.jpg,0.21741648992896984
rand_JYO1DHSFGH_render_front.jpg,0.10586889094606447
rand_VWJVNT1MMH_render_front.jpg,0.3181529421238129
rand_5EVQPI9O9P_render_front.jpg,1.0780878024602114
rand_IV2EVAIATO_render_front.jpg,0.22125104145311367
rand_RLQ3QPNVUK_render_front.jpg,0.22511460708887376
rand_N8HP2NPN0U_render_front.jpg,0.44129297424520186
rand_5V1GJ9H10Z_render_front.jpg,0.1612133476623181
rand_5KZXZMQ0Z6_render_front.jpg,1.409871089455194
rand_1TDTWJLQZ9_render_front.jpg,0.7344572113375691
rand_MPGL2NAXVZ_render_front.jpg,0.1660275088284385
rand_G7MYB1LHDY_render_front.jpg,0.8660587416091112
rand_WC8OCYJS60_render_front.jpg,1.6520457520882856
rand_K63KXTQ53J_render_front.jpg,1.3088247839432336
rand_2W5DPAO0PS_render_front.jpg,0.5519339179057666
rand_7LYZN76B6L_render_front.jpg,0.2600047713613269
rand_FY4W4I0QT6_render_front.jpg,1.8972821650196199
rand_N8LVDCIBBC_render_front.jpg,1.4229011597213883
rand_0XE7PZWP00_render_front.jpg,1.4123671459952207
rand_UE2DLKRA61_render_front.jpg,0.11621502625884526
rand_Z4BZVJQ7B1_render_front.jpg,1.6118304805812622
rand_MQV7T2KSLZ_render_front.jpg,0.856106020956549
rand_CK0TK3OC8C_render_front.jpg,0.7117636923864872
rand_TV4IYVBWOS_render_front.jpg,0.419285406951013
rand_B4WEAQO1I4_render_front.jpg,1.4259993213014093
rand_BIWAIVFQCZ_render_front.jpg,1.816980118915065
rand_7L2WMLJVS0_render_front.jpg,0.5035906468917725
rand_DCCEXATI2I_render_front.jpg,1.1761507421689257
rand_MTFI1YC5BS_render_front.jpg,0.38927368025532294
rand_B6FLKGIR15_render_front.jpg,1.4208855599343861
rand_QF5DCAK56M_render_front.jpg,0.22165810253330034
rand_4XTNP0MTHK_render_front.jpg,1.6006247232309951
rand_7KL5OMJ0TF_render_front.jpg,1.6106468202775779
rand_FE4DCGNFFG_render_front.jpg,0.31683665994753435
rand_MV2NHNCD5F_render_front.jpg,0.8499299480008792
rand_XA0NA550BE_render_front.jpg,0.19889375243652888
rand_IHY1V0XQJ5_render_front.jpg,0.5301230013144552
rand_43OJT7LSEC_render_front.jpg,1.6852322142446905
rand_VFVTQX43IT_render_front.jpg,1.0737065979182066
rand_J8UEODBJP5_render_front.jpg,0.9134953061755806
rand_TJBPZVY36S_render_front.jpg,1.5607107597843006
rand_DFUT90GMTC_render_front.jpg,0.8985006571782932
rand_PD0V2BRPP7_render_front.jpg,0.860004898345302
rand_6MFQMNH8XV_render_front.jpg,0.3637598310053798
rand_QHAMR0JPLK_render_front.jpg,1.9042102757246606
rand_WYY351GXAE_render_front.jpg,0.7241861125788644
rand_PEDXBWN00K_render_front.jpg,0.8209252744202213
rand_PKD0FJ3J6O_render_front.jpg,0.11270372779810597
rand_OV207TG5TG_render_front.jpg,0.4249601633431843
rand_DMXVEWQH3W_render_front.jpg,1.4199158175213358
rand_94N2ZST1AP_render_front.jpg,0.7162420934260503
rand_O9QFDD222X_render_front.jpg,1.4477739787687998
rand_QPRNLXH1Q1_render_front.jpg,1.300587535456502
rand_TY6ZKRG60B_render_front.jpg,0.8408662068934368
rand_20UY60BYB1_render_front.jpg,0.7992371698465501
rand_OYCUOVD1BO_render_front.jpg,1.3921015547022813
rand_1NCR15V3Q7_render_front.jpg,0.2965835148189877
rand_MOLAXCDE57_render_front.jpg,0.35879505781939713
rand_V8CV1OHM5V_render_front.jpg,1.2717994063238995
rand_C0Z8NW0629_render_front.jpg,0.6447005549484351
rand_NB33U5LRDB_render_front.jpg,0.5969550923863767
rand_44QS1HSR6P_render_front.jpg,0.48354318372732863
rand_3LJXT22NL0_render_front.jpg,1.328471133667093
rand_JN1FUPQMXJ_render_front.jpg,1.5984730834443677
rand_5FGHQVYZPU_render_front.jpg,1.0537258781687258
rand_JFJI583DSM_render_front.jpg,0.5461155865232127
rand_TH192T3MAJ_render_front.jpg,0.15101156347986322
rand_WR2637ALGV_render_front.jpg,0.5692612782734038
rand_QXK06MNX02_render_front.jpg,0.12703205664591763
rand_WDZQ406Z5N_render_front.jpg,1.1579929372405764
rand_P96VKL21PE_render_front.jpg,0.4033107510860987
rand_GYDI06DK68_render_front.jpg,1.7248902288433177
rand_ZQY8C3BQCI_render_front.jpg,0.9281279685903848
rand_QNVD2TT3DP_render_front.jpg,0.8036369081733401
rand_WQOZ4J5QNI_render_front.jpg,1.2332091454913685
rand_FJ5I4XATEH_render_front.jpg,0.5240829982571578
rand_BF4WQ3ZSXE_render_front.jpg,1.2505176088940155
rand_AKNXKRTUAX_render_front.jpg,1.7744878659852659
rand_TWDZPHSCOI_render_front.jpg,0.12866594372537887
rand_79WUAI4ZIH_render_front.jpg,1.8856313237900053
rand_W59GRP789O_render_front.jpg,0.310543742749876
rand_4A1QOY7369_render_front.jpg,0.37619737562957356
rand_3PWPL5GLNZ_render_front.jpg,1.6422957774730484
rand_THHG5PT1YF_render_front.jpg,0.14942695076559426
rand_COMW8DRISI_render_front.jpg,0.43742399800144316
rand_9K1SF35KU2_render_front.jpg,0.8912114012753976
rand_0FRNVLDXLN_render_front.jpg,1.1142162498515067
rand_8Q32MLGBSY_render_front.jpg,1.1769433556561453
rand_VFADJN6Y4U_render_front.jpg,1.094522706739742
rand_2G1QPJJ47F_render_front.jpg,1.3992219940502177
rand_9ZOEBRJJ2S_render_front.jpg,0.3575387300667897
rand_SXJX754N61_render_front.jpg,0.1475577278854498
rand_W90DU2SUWG_render_front.jpg,0.14706670737370306
rand_THRHK3XZJ5_render_front.jpg,1.1182428546499512
rand_EO0DA3WQWK_render_front.jpg,0.7824053824690811
rand_K2VPQWD9DH_render_front.jpg,1.5772355662220272
rand_1HYC1IS9KL_render_front.jpg,0.32655196132230635
rand_FMTMWDN3BP_render_front.jpg,1.3625573263222077
rand_43EXXYWX5R_render_front.jpg,0.1386741835637812
rand_JQIDNGB1E9_render_front.jpg,1.4219850387561954
rand_3HDROTHHI5_render_front.jpg,1.4345516864729457
rand_5DAHVJSC8Y_render_front.jpg,0.215299750097837
rand_4ZBU17U56F_render_front.jpg,1.497565267250109
rand_V1OMPC50YC_render_front.jpg,0.6405741309990082
rand_GKLBY42P7K_render_front.jpg,1.4457383460593285
rand_LU0UE2Z4C2_render_front.jpg,0.15711973799794612
rand_0TLHSUGZMH_render_front.jpg,0.650287749121413
rand_Z3IFAISGKV_render_front.jpg,1.1726626735051084
rand_R7FHVNSP0Y_render_front.jpg,0.16470545009921816
rand_I20T52GTFT_render_front.jpg,0.6436379491909378
rand_NA2XBDLOMH_render_front.jpg,1.5993322783134514
rand_440CNNU2R2_render_front.jpg,0.7911004041992153
rand_PU5LHDR24Q_render_front.jpg,0.6471007858949107
rand_2JAPDBM8ES_render_front.jpg,1.542739491028397
rand_ZZDZGUKVB0_render_front.jpg,1.4422545268734164
rand_KJQO0KW20V_render_front.jpg,1.583275261735739
rand_YRWVIJ42BG_render_front.jpg,1.874456520986977
rand_63PGDJQY05_render_front.jpg,0.2219639224902487
rand_8H79UC7IKK_render_front.jpg,0.48673085609272804
rand_SPH85AKNMR_render_front.jpg,0.9467587170290318
rand_W8XXRNRUK2_render_front.jpg,0.5613119354649807
rand_BR0I0C8F2C_render_front.jpg,0.6405835293431623
rand_CZ3LD5SANG_render_front.jpg,0.9308275993048297
rand_367JBXWQ86_render_front.jpg,0.6422911464085895
rand_2VMH6R83TH_render_front.jpg,0.22055219847893737
rand_CI19GG48M7_render_front.jpg,0.749108560408622
rand_K27GURF2C8_render_front.jpg,0.20980983505668235
rand_Z7Y5I82D6E_render_front.jpg,0.46913105924456533
rand_IPDT1BQQG5_render_front.jpg,0.8590788638215486
rand_7Q1IIBDMHG_render_front.jpg,0.9777032600293575
rand_HDDCTL4OTA_render_front.jpg,1.3232936657538392
rand_ITZUYYI7QG_render_front.jpg,0.1861944481342659
rand_LVEN4CMFS4_render_front.jpg,0.41130057357063676
rand_CNOAIM452B_render_front.jpg,0.20729946128374682
rand_2S0C4K4GTF_render_front.jpg,0.6230835098386763
rand_BTIJ463VC9_render_front.jpg,0.7161428034416247
rand_MPQG2LUHU0_render_front.jpg,0.20761027979521446
rand_E489IFV849_render_front.jpg,1.4385249773646527
rand_YNJ3C36NI8_render_front.jpg,0.2963595237242003
rand_G8KS87RFE0_render_front.jpg,0.5849637927921673
rand_NH34SPD1EE_render_front.jpg,0.6902126051857
rand_IMM96M0TLK_render_front.jpg,0.6712925071592478
rand_UF6OC89CWI_render_front.jpg,0.2610184298246381
rand_0RE33ZV0AX_render_front.jpg,1.146683797915253
rand_47HE31BIWB_render_front.jpg,0.2696631390813925
rand_OWEXFCC6HC_render_front.jpg,1.3582279696305473
rand_7X875SL03X_render_front.jpg,0.8530278230250997
rand_MH7SVGBG08_render_front.jpg,0.5625770785703027
rand_WEREAXF6DW_render_front.jpg,0.19151113571764006
rand_BIM1DWZPXK_render_front.jpg,0.5106546567422658
rand_L9KIOLQLC8_render_front.jpg,0.7407124817067967
rand_886XY2GSGP_render_front.jpg,0.4292756275245767
rand_MXMAYY7H8V_render_front.jpg,0.8303046904360339
rand_H64DTNJTWK_render_front.jpg,0.5049010292946465
rand_5QRABYIBGQ_render_front.jpg,0.7222039163372865
rand_ISPSSLNNRD_render_front.jpg,0.5511003484994973
rand_2W6WO62LBV_render_front.jpg,1.2389221829722052
rand_4RJVC059IV_render_front.jpg,0.5090311615689734
rand_ZCWPDFKPPV_render_front.jpg,0.7049405336733602
rand_JR09630D23_render_front.jpg,0.5736289725075884
rand_U3B8VYZ61N_render_front.jpg,0.9854944595056028
rand_QEAELP7XFT_render_front.jpg,0.33477035682487194
rand_EB617XDS8X_render_front.jpg,1.538278646562721
rand_PJOJ22MZMV_render_front.jpg,1.151441779663021
rand_8FV3A15E73_render_front.jpg,0.1964876635915725
rand_OIYQSKKHOF_render_front.jpg,0.9907156289517277
rand_FCQKRRQ1Z7_render_front.jpg,1.596243957457602
rand_Y7H512MT2P_render_front.jpg,1.629480781694699
rand_O346LZEE0E_render_front.jpg,0.7350835470051591
rand_W4G8RIZ970_render_front.jpg,0.9230055357303173
rand_ZQ5FO7K5TN_render_front.jpg,0.7803549503918672
rand_TK9I8PCGD5_render_front.jpg,0.9611701573619028
rand_X0MXSNMKAY_render_front.jpg,0.5527790555772655
rand_YFCQ83RDAF_render_front.jpg,0.9288941480152704
rand_OXHN46VBPB_render_front.jpg,1.5733557066827348
rand_7JDHN5J4PE_render_front.jpg,0.6533947281940639
rand_4DMTRT5E50_render_front.jpg,0.5940155241247136
rand_MQK5QUCHA3_render_front.jpg,1.139703053435307
rand_TM1JJPRKRP_render_front.jpg,1.7409828115125285
rand_LJ4UCJ34WG_render_front.jpg,0.7982794109213819
rand_L8WUNPT5XX_render_front.jpg,0.3816421671782141
rand_EDO67ACBAY_render_front.jpg,0.3375016066676185
rand_V59G7JM8FU_render_front.jpg,0.6039332384510909
rand_JG4V7AYYOV_render_front.jpg,0.6608100912499947
rand_Z7RCPDTREN_render_front.jpg,0.21912022431967282
rand_7U1X0YUV6E_render_front.jpg,0.5513753715899382
rand_6BECK0UTT2_render_front.jpg,1.5566294984770157
rand_CSGYF4OHTO_render_front.jpg,0.4079563855493554
rand_JFN0LLNEY3_render_front.jpg,1.3102132681686312
rand_6LCQVJVEMC_render_front.jpg,1.4105627871279038
rand_BHPZYV88FQ_render_front.jpg,0.6506450381291672
rand_IYG9ZX9DAB_render_front.jpg,0.10891679241354997
rand_H6UHJL9DN1_render_front.jpg,0.3870171743856865
rand_VN5Y60H5UV_render_front.jpg,1.2750539424178504
rand_3AO22IE6YF_render_front.jpg,0.6722588092450108
rand_42Y6B7DAS3_render_front.jpg,0.6950659793499496
rand_M7CG6FZ8VB_render_front.jpg,0.7125603616195754
rand_18Y7TZFAE8_render_front.jpg,1.840876251225709
rand_6E3YQV67O5_render_front.jpg,0.3553253622508361
rand_C0V7B1KXEC_render_front.jpg,0.9131115127072637
rand_QZHPIOS8CV_render_front.jpg,0.1994772400179128
rand_8EC5XMV9MW_render_front.jpg,1.7714825545603705
rand_LO70BFV4OB_render_front.jpg,1.7853271047679378
rand_NZOD2LKCYO_render_front.jpg,0.4256053736711153
rand_U8MNSQINWV_render_front.jpg,0.5570921071499738
rand_AV9GTFJKB1_render_front.jpg,1.3048700170888508
rand_Z48AVLMA23_render_front.jpg,0.3297857149650182
rand_RAN4FNN8VL_render_front.jpg,0.2528588049382915
rand_GHE65HSSX2_render_front.jpg,0.6498309344555673
rand_JGGI4O569K_render_front.jpg,0.7347803623857793
rand_HLF7UW5FPM_render_front.jpg,0.9006650016596587
rand_HJGK68SRA3_render_front.jpg,0.7139119409014034
rand_D4P9602E8K_render_front.jpg,0.4938637292447158
rand_BJFC9UFCTU_render_front.jpg,1.7283616471148944
rand_2CN94918I1_render_front.jpg,0.8757794315944348
rand_TSIR8ASZDQ_render_front.jpg,1.9293068935835251
rand_LBTQSSYMCD_render_front.jpg,0.30663634074650975
rand_E03VAZAQ08_render_front.jpg,1.3052926786982868
rand_PTVYYRKTH2_render_front.jpg,0.44022215049934454
rand_4CISXXKXN5_render_front.jpg,0.4548502819634279
rand_FY6JHEEVE9_render_front.jpg,1.3133488047281654
rand_3W5E12SALN_render_front.jpg,0.6471498569932003
rand_NUCX4GVRNP_render_front.jpg,1.1595035763790325
rand_5YCQ2ECILG_render_front.jpg,0.43451196767302325
rand_GRNG668F4I_render_front.jpg,0.23465010776289283
rand_O8U288ZDLZ_render_front.jpg,0.9545677543284415
rand_L4GCEST8L6_render_front.jpg,1.2645449472348076
rand_S6CKG8XSEG_render_front.jpg,0.5236353829036047
rand_R6BCV26LSM_render_front.jpg,1.0979210452220534
rand_70CQK2E8M6_render_front.jpg,0.9235590806101924
rand_8MNXYR87UE_render_front.jpg,0.25131627204791684
rand_QH5HG1DARP_render_front.jpg,0.8868372517209432
rand_15TP8YML92_render_front.jpg,0.4992694471498085
rand_8HMDRK1SLO_render_front.jpg,1.2158426716523323
rand_6J8OPWEFSL_render_front.jpg,0.3215454363985265
rand_EDKTGIL1QC_render_front.jpg,1.7573242893568708
rand_WQE6AYAQ7T_render_front.jpg,1.4635553406327009
rand_U4GMEHZGR3_render_front.jpg,1.3572849076619016
rand_2OKINPMFGO_render_front.jpg,1.0734041727707386
rand_TSI3TK9WH9_render_front.jpg,1.881740481058876
rand_63ZNGGQ76X_render_front.jpg,0.31347954894753943
rand_D29VMAGLXV_render_front.jpg,0.45105103715914485
rand_UFDPBXE5MJ_render_front.jpg,1.2557548125805733
rand_TGIOS1IL29_render_front.jpg,0.26692436109021717
rand_VJ9DBX8HJN_render_front.jpg,1.779676574110177
rand_UYLU5PT851_render_front.jpg,1.0890030374333284
rand_TVETZMRXLQ_render_front.jpg,0.11407051349688907
rand_6LR6H9TY6O_render_front.jpg,1.2615936122414457
rand_RN1M22JMSP_render_front.jpg,0.6055785820545693
rand_FY1OFE9W8V_render_front.jpg,1.3119476403006853
rand_7J0WWI9XGD_render_front.jpg,0.9025080624261254
rand_OIQIGL5D21_render_front.jpg,1.691069410715236
rand_2EO973YGBD_render_front.jpg,0.8828378484867131
rand_IKA0WGE5IS_render_front.jpg,0.15538012935960133
rand_SEJXYTVF2A_render_front.jpg,1.232486250268599
rand_K3UHQP9WPH_render_front.jpg,0.8473374978272067
rand_101FK8H6AZ_render_front.jpg,0.7638315444857414
rand_X4NSY75NC6_render_front.jpg,0.7376502466988667
rand_JF31DI9S28_render_front.jpg,1.8631165911239496
rand_QUCH4O3EAV_render_front.jpg,0.19751007111694113
rand_OFWYRXM3WL_render_front.jpg,0.9245937230953849
rand_1Q7SCGVCYH_render_front.jpg,1.0070240479028616
rand_BR199MHTN0_render_front.jpg,1.927534067203445
rand_WXCPH79QH6_render_front.jpg,1.0646107445561872
rand_3YJGVI0PGU_render_front.jpg,1.928195649198181
rand_VJ4X34EHFB_render_front.jpg,1.50479011861783
rand_83B0M3Z1BI_render_front.jpg,1.2200627199625518
rand_MY7I7FYH7G_render_front.jpg,0.10719660021063782
rand_ZZRPOG72I1_render_front.jpg,0.7076443788045593
rand_GF6CJS3DUN_render_front.jpg,0.2413478691284538
rand_ATS350QFAP_render_front.jpg,1.357842907740111
rand_N71O3ABKJG_render_front.jpg,0.19706755957252714
rand_IZKX430EZ8_render_front.jpg,0.8801912851801857
rand_JE3CKD6LSI_render_front.jpg,0.36356650221916276
rand_YFKM41A3I6_render_front.jpg,0.367567388775661
rand_902U5GMH91_render_front.jpg,0.7263076067156654
rand_MZT95V5W7F_render_front.jpg,0.9945298977277417
rand_1L7E9AZXM7_render_front.jpg,0.7684052777117375
rand_7EBM9SOK62_render_front.jpg,1.3261360641691107
rand_FY9FO8Y18B_render_front.jpg,1.0524375657119256
rand_VV9HM45TJ1_render_front.jpg,1.332285406409122
rand_W9TX80OSIF_render_front.jpg,0.9730228079059774
rand_V38UWF905B_render_front.jpg,1.577162878484796
rand_399TIJMYW1_render_front.jpg,0.638853769199994
rand_VFW8EHOLZC_render_front.jpg,0.9268515475929572
rand_56GWB0VAM7_render_front.jpg,1.1467545784077495
rand_T6O1I5AAJO_render_front.jpg,0.743747770614289
rand_WTC4E49G58_render_front.jpg,1.8820008870246938
rand_9ZECE4F58Y_render_front.jpg,0.18849683042097784
rand_CHQNV4DSZH_render_front.jpg,1.1596279972456764
rand_UA2SZRXV7O_render_front.jpg,0.20632190612288304
rand_865VH80NGK_render_front.jpg,1.5566634319894996
rand_2DEM33C9HR_render_front.jpg,1.3247886866508223
rand_YNOXOARGHR_render_front.jpg,1.3788934680625995
rand_Y8SBJ8TNSF_render_front.jpg,0.730850428760233
rand_TWX7ASV6FJ_render_front.jpg,1.3363946295162503
rand_Z0EQ40QUZ2_render_front.jpg,0.5431830102500861
rand_IFTIA4T7CU_render_front.jpg,0.3707761953462948
rand_2BHXDBIHB2_render_front.jpg,0.5243223402183251
rand_T957V85YBB_render_front.jpg,1.0934134465076182
rand_UK0FFHJN0O_render_front.jpg,0.4518470216168875
rand_MEKZI4U06I_render_front.jpg,1.0578868960686552
rand_1B6Q1C1662_render_front.jpg,1.5643318305625273
rand_QF7KSMFED0_render_front.jpg,1.1747069213512646
rand_PWE9ADV5O4_render_front.jpg,0.14263197845508274
rand_894APZALBM_render_front.jpg,0.7607818472254714
rand_J8XGLUC63M_render_front.jpg,1.1288465422919145
rand_Z7HMB363IC_render_front.jpg,1.643977391205426
rand_JXAPI6PKBS_render_front.jpg,0.6813544545520221
rand_OKD2FXF6VM_render_front.jpg,0.8810708329231584
rand_3AKUJSCM6T_render_front.jpg,0.811535294117573
rand_V7IP2DBUWJ_render_front.jpg,1.5413997240563109
rand_I48WTLKBI4_render_front.jpg,0.667303075417003
rand_EFZRPXATOZ_render_front.jpg,0.2738718519311405
rand_I2MHT3U1PS_render_front.jpg,1.1082090925407493
rand_3U0EYJ267C_render_front.jpg,0.5825704751942294
rand_AD80FVPHJA_render_front.jpg,0.3141895920491148
rand_IDTJ8CGGOM_render_front.jpg,0.5677869931928246
rand_C2DVPR190W_render_front.jpg,1.2524000011646375
rand_SPSUW04WKX_render_front.jpg,1.4741763411912148
rand_K1UNJRCS7Y_render_front.jpg,0.14933472102740702
rand_2JA9IYQD7J_render_front.jpg,0.12726550868523734
rand_CEVX9ZHV4K_render_front.jpg,0.27893893522389984
rand_WRSON4K2D1_render_front.jpg,1.4348214864455135
rand_WJTRTXHHNX_render_front.jpg,0.19182247499468447
rand_RSDFWDCHHQ_render_front.jpg,0.38898982754107425
rand_HAL02DBE2L_render_front.jpg,0.8381130934964811
rand_LSVDGG5JSM_render_front.jpg,1.320427110138927
rand_K8GI7YKS1Z_render_front.jpg,1.3660526688572854
rand_N5DFXHKBDL_render_front.jpg,0.4538842963424563
rand_MHMH33HLPY_render_front.jpg,0.3733534996948421
rand_SAQ8Z244AQ_render_front.jpg,1.1777666563004234
rand_C0WLNH0MNX_render_front.jpg,0.9650498213609848
rand_ZJOVG8U0HJ_render_front.jpg,0.6449555579784197
rand_ES9VPWPS5W_render_front.jpg,0.28182630651293383
rand_ALOL5DH4IW_render_front.jpg,0.9760592187508059
rand_VIDRWY9VCB_render_front.jpg,0.5266974028316587
rand_87DZXC0RPK_render_front.jpg,0.45853029107200205
rand_T8J0G40LAY_render_front.jpg,0.2998561427611043
rand_ZRYWCSEM3V_render_front.jpg,1.2234601269361447
rand_YEUXKJ9TSG_render_front.jpg,1.5817004431595
rand_C4SL7PVG74_render_front.jpg,0.3750270060253247
rand_55MMIYSKNI_render_front.jpg,0.43424936756121457
rand_RNMDBYUO2S_render_front.jpg,0.309039323360104
rand_GE9NBC1HFY_render_front.jpg,0.5816582676700385
rand_HQPM8NKKQT_render_front.jpg,0.4384722836758883
rand_IAJCDXOUOH_render_front.jpg,0.9073841627713634
rand_YIVF8WV5WH_render_front.jpg,0.21716673951951643
rand_L7I93QDK5P_render_front.jpg,0.4611670653303066
rand_ETIKODDENO_render_front.jpg,0.551667769545752
rand_KY1UPJMOVE_render_front.jpg,1.008343180897931
rand_B3UQPAASVY_render_front.jpg,0.23579748191953945
rand_401VZK3IHN_render_front.jpg,0.9946030936581938
rand_AP9FD8NQ1G_render_front.jpg,0.42506534222630177
rand_31ZVW3QUEM_render_front.jpg,0.5325749326296281
rand_87JJXP78TI_render_front.jpg,0.2998441654495442
rand_YXLC48LVXG_render_front.jpg,0.24940519059478763
rand_BNFOIJWQJ7_render_front.jpg,0.7367956802073632
rand_JZ5CWNEL68_render_front.jpg,0.79849413631211
rand_NELKV5QA0F_render_front.jpg,0.19260100602473998
rand_F33V1YFCUM_render_front.jpg,1.6211337076170569
rand_2OPSLPOO9Z_render_front.jpg,0.9268133502724114
rand_OFF0X7RQ27_render_front.jpg,0.7641653792678704
rand_FOKQ2ZLOS6_render_front.jpg,0.21051082745523098
rand_RBEXR1EURK_render_front.jpg,1.8414429818215168
rand_4TZER6QIQE_render_front.jpg,1.2339046646152314
rand_KYMHYF7WG1_render_front.jpg,1.3517245845530423
rand_2P52NRFMH4_render_front.jpg,0.47138137750808207
rand_Q8ZSC5FSVZ_render_front.jpg,0.25162717601593554
rand_BDVMG11VI0_render_front.jpg,1.9093225685098016
rand_9IUW5N7H42_render_front.jpg,1.8389151932240961
rand_ZDRSF28WMF_render_front.jpg,0.2699733612732762
rand_GLMHYPKZNS_render_front.jpg,0.5514197661803885
rand_TKQ5KIENCA_render_front.jpg,0.6682113161435859
rand_2EJ1B8VRYH_render_front.jpg,0.936039686640489
rand_XAJB2SLFRL_render_front.jpg,0.20404700623907868
rand_RBPOUG210R_render_front.jpg,1.1717715843268945
rand_ANBGBDHMAY_render_front.jpg,0.4736111819831369
rand_EDZVWXMWKL_render_front.jpg,1.1146472503470464
rand_07JYAR0G1P_render_front.jpg,0.583237842897451
rand_2GKESMCVEW_render_front.jpg,0.532338041901104
rand_LUNFO4SGVD_render_front.jpg,0.9463071762141606
rand_P16PQYSPXO_render_front.jpg,1.3974782195197808
rand_9G5NBOHAV8_render_front.jpg,0.48916138510489315
rand_17N0KQPJOU_render_front.jpg,1.4819253061160182
rand_5VQB41E4W8_render_front.jpg,0.21257636575874134
rand_QUEF8GR034_render_front.jpg,0.8627150534447258
rand_9W5HJ571OC_render_front.jpg,0.18054226725615374
rand_LS6ILHGU43_render_front.jpg,0.5719836242463562
rand_PJV70270CK_render_front.jpg,0.47638970147243187
rand_UWV0YA38KT_render_front.jpg,1.582731845956065
rand_022JCPBWO6_render_front.jpg,0.26890500499906933
rand_NNCJGQQBKZ_render_front.jpg,0.7947806586891073
rand_GE0MB7F4OB_render_front.jpg,0.15916318125005258
rand_S160X7ARJW_render_front.jpg,1.575582181579837
rand_KCSQW5SP74_render_front.jpg,0.7773072814310987
rand_9XKL8ERE0L_render_front.jpg,0.5897997189066858
rand_CIOCVV6PEL_render_front.jpg,1.6204918370201633
rand_UVJYQ6V7YX_render_front.jpg,0.3958599994084816
rand_W0XNMSGTFZ_render_front.jpg,0.3642251099224102
rand_R34RCLIXE8_render_front.jpg,0.6356346109811655
rand_PJ5BHM3HP9_render_front.jpg,1.5878538715306438
rand_AVQH7YTC6B_render_front.jpg,0.34038604292128116
rand_UV0MIAQL4B_render_front.jpg,0.5233981006093937
rand_4BLB18YZQF_render_front.jpg,0.6696716414372704
rand_4XDE3STSPT_render_front.jpg,0.8416898105678999
rand_RX60YCYA5I_render_front.jpg,0.5328587961914296
rand_WE41QR9QAU_render_front.jpg,1.438253477031518
rand_FNMC07NAFS_render_front.jpg,0.4127751479742552
rand_A4LUD9E16B_render_front.jpg,0.521190650202825
rand_PRLP0WL99V_render_front.jpg,0.46408205564508
rand_38JJ3T92JE_render_front.jpg,0.9603491282142163
rand_GIONXIWS6T_render_front.jpg,1.2495019382246753
rand_O0TCYJ7QB6_render_front.jpg,1.724279941430342
rand_MQPX4UPYCS_render_front.jpg,0.15693666458557412
rand_1H14LRH09J_render_front.jpg,0.9220631854367343
rand_HPYEW41GIE_render_front.jpg,0.26142913196028883
rand_BE82AWC5Y8_render_front.jpg,1.82326672031905
rand_2DPKE1374X_render_front.jpg,1.4000428634501718
rand_C4LIVDLPBN_render_front.jpg,0.43763477564666686
rand_O62KCV1GR8_render_front.jpg,0.10630555813190523
rand_AF0IA8S719_render_front.jpg,0.713395472222944
rand_07XRPZ49VR_render_front.jpg,1.0494773362316254
rand_YE3C15V1SJ_render_front.jpg,1.4269730965020948
rand_NMFD5XVAJ9_render_front.jpg,0.24762667283570103
rand_YDWBH4YNAL_render_front.jpg,0.21956127671060194
rand_ZAZF3SNHNC_render_front.jpg,1.7950392385661735
rand_BUTRSOM662_render_front.jpg,0.9859757411364718
rand_S8N94KWQ9K_render_front.jpg,1.6845740203579798
rand_AH9IB2WFB3_render_front.jpg,0.5945073865979122
rand_WTSZIGH4EP_render_front.jpg,0.5226921275855743
rand_CX5AXIQHNI_render_front.jpg,0.3163517420790144
rand_0UK9YYTMJ3_render_front.jpg,1.609742628086732
rand_E0J2O0L7WU_render_front.jpg,0.7736517308948929
rand_FUKRI4718I_render_front.jpg,0.9705868906121838
rand_NRN470K5NI_render_front.jpg,0.3715712522341541
rand_L8PVSQLTH7_render_front.jpg,1.592723792505519
rand_1CDFJY6EB8_render_front.jpg,0.6163967642259817
rand_G34R8R2LK5_render_front.jpg,1.1500735313563695
rand_MAQSROI5CF_render_front.jpg,1.622024711024043
rand_NE83H4D14C_render_front.jpg,1.6880686937678353
rand_IHD87BSA73_render_front.jpg,0.5915923985470277
rand_6587906WEZ_render_front.jpg,0.8903005051224997
rand_RB9T1590OB_render_front.jpg,1.8694664868654363
rand_TFZ2ZWBEGP_render_front.jpg,1.3635015742371743
rand_3JW37MCG5I_render_front.jpg,0.2145293631789591
rand_JSS1MV12CM_render_front.jpg,1.236390174959593
rand_P7OM2A3C63_render_front.jpg,0.6239328512897727
rand_84XICAH8MR_render_front.jpg,0.6125146630697323
rand_VCPGAYGSLW_render_front.jpg,0.1233157557642255
rand_40G09BOT9Y_render_front.jpg,0.2068817994261599
rand_U4I2UN04NT_render_front.jpg,0.8067627513850871
rand_31ASAOF21E_render_front.jpg,1.94703864953185
rand_BS1HCR4KB1_render_front.jpg,1.721098630477991
rand_JLPYGDOLJR_render_front.jpg,0.608419579637177
rand_EBXBQR2CQG_render_front.jpg,0.7579664980747087
rand_FGJY3TQKB2_render_front.jpg,1.2667726913586217
rand_OAGY32FCAK_render_front.jpg,1.4231444227273755
rand_9LNWLR4FKO_render_front.jpg,0.31424218804363346
rand_ZW07869PTO_render_front.jpg,0.7966834372907279
rand_NG0OH0R7S6_render_front.jpg,1.4086098018617392
rand_98Z004YJBN_render_front.jpg,0.8346324110638623
rand_YFHWU1OV4R_render_front.jpg,0.8053193564635251
rand_LKFIEH8LBI_render_front.jpg,1.6516982740918489
rand_JZPUDXFORZ_render_front.jpg,0.34997407284548754
rand_6DCUK1D2AA_render_front.jpg,0.7793708887261268
rand_8SW5ONTTX8_render_front.jpg,1.4460237687557418
rand_NZUBB08H4Q_render_front.jpg,0.8005078098806397
rand_UTGDS4RD8A_render_front.jpg,0.43720085146677057
rand_V5ZYACEU3V_render_front.jpg,0.3185736251258827
rand_GMR8CRPOEC_render_front.jpg,1.5365098933887513
rand_AEY6R1454N_render_front.jpg,1.1759711401652266
rand_YDPY0KBNOL_render_front.jpg,0.760934978841205
rand_7FC1N29ARA_render_front.jpg,0.2394995548137585
rand_HOZWUYDFB6_render_front.jpg,0.584500312615433
rand_IYIDCEMDEN_render_front.jpg,0.6992737444604188
