File Name,width,length,flare
rand_ELCJQPFB41_render_front.jpg,1.05,1.2,1.0
rand_EDOV8CMMAJ_render_front.jpg,1.05,1.2,1.0
rand_CEJW381XBH_render_front.jpg,1.1023989004944292,1.2,0.8155479929582434
rand_96MW02R7UU_render_front.jpg,1.1416413457423293,1.2,1.4160489040744857
rand_C2A2VGWH6P_render_front.jpg,1.1178495437463762,1.2,1.041480717724792
rand_HFWVA0HSXR_render_front.jpg,1.019634313197756,1.2,0.8787130652610177
rand_HIJW1V0Q8G_render_front.jpg,1.2643656578201679,1.2,1.0
rand_WBCD432X11_render_front.jpg,1.2360048874019107,0.8905454738054908,0.8260035914582133
rand_H6DS4H6STM_render_front.jpg,1.1424212027497542,1.2,0.8354387822073643
rand_IVQ6LXIPC4_render_front.jpg,1.05,1.2,1.442061743764969
rand_HUZDOU50W3_render_front.jpg,1.0229190309935623,0.8701483533516772,1.0
rand_HW663QK0YL_render_front.jpg,1.176363241164046,1.2,1.0
rand_NRPWN8ZMTM_render_front.jpg,1.0903062218530644,1.2,1.4366349583415827
rand_TLROKVCYFK_render_front.jpg,1.1443899979596446,1.2,1.0
rand_MNQ2W37X3G_render_front.jpg,1.05,2.257284074331541,1.5958893803737721
rand_EO25989WJW_render_front.jpg,1.0559921228767102,1.2,1.0
rand_LRGGQECJ5Q_render_front.jpg,1.2491528729529762,2.168397472171148,1.0
rand_TMOPMD90WR_render_front.jpg,1.009101364670454,1.2,1.0
rand_ZRYMCQIFPU_render_front.jpg,1.1942462598778911,1.9316739439745767,1.320259513014737
rand_BFNTXLRXAK_render_front.jpg,1.2512643820098435,1.2,1.0
rand_ZX53FLK6UQ_render_front.jpg,1.0036714121708958,1.2,0.9652355051274024
rand_KUTR9U4MIP_render_front.jpg,1.05,1.2,1.0
rand_S60P08PMAD_render_front.jpg,1.2477311710620487,1.2,1.0
rand_EOZE1BML80_render_front.jpg,1.1191295469135951,2.334154596664253,0.8027736751915896
rand_SU1ZKE94HL_render_front.jpg,1.288538527844348,1.2,1.0
rand_O4C9IEGKVM_render_front.jpg,1.05,1.2,1.0
rand_QCGA98KNBR_render_front.jpg,1.0544916668224262,1.2,1.2397895794335203
rand_Q437UYU20P_render_front.jpg,1.2331601797477343,1.2,1.0
rand_IMF0KIZV2H_render_front.jpg,1.05,1.2,1.5445346878081254
rand_MRAL3BPVRZ_render_front.jpg,1.058025277920808,1.2,0.7890492103977782
rand_D2HGNQ4H5G_render_front.jpg,1.05,1.2,0.9318413946725244
rand_3L3E87Z5PT_render_front.jpg,1.05,1.2,1.1195821598797657
rand_F1MWXEXL0Y_render_front.jpg,1.2400239566265976,1.2,0.9135706410694178
rand_UF7KNICR8Q_render_front.jpg,1.05,1.2,1.50345658878221
rand_TO1O7LLUJX_render_front.jpg,1.05,0.7882793894346598,1.0
rand_E5381IXR19_render_front.jpg,1.1253038581467771,1.2,1.0622014416202668
rand_EQ9RMROM4J_render_front.jpg,1.0560591085714932,1.2,1.0
rand_6VU489FTTW_render_front.jpg,1.1191099378001303,1.6841426941150388,0.9855881074190662
rand_EIKFFZHNJJ_render_front.jpg,1.05,1.2,1.0
rand_VU28IBHIF5_render_front.jpg,1.0027392530510917,1.341506781801842,1.0184161526128785
rand_V6CV0231IC_render_front.jpg,1.1164023242844232,1.2,1.0
rand_WPQ1PBRNLT_render_front.jpg,1.0888734901030344,1.2,0.7246776362565971
rand_G1Q6IVC263_render_front.jpg,1.05,1.2,1.3057538255026526
rand_LMKEFQ5NFL_render_front.jpg,1.05,1.2,1.0
rand_5ELMDJW7TD_render_front.jpg,1.05,1.2,1.0
rand_LZQWL0ML9U_render_front.jpg,1.05,1.2,1.0193437046371996
rand_LYAZWFWQRK_render_front.jpg,1.05,1.2,1.3084194965661637
rand_4JPYDZHBB3_render_front.jpg,1.1773686390952969,1.2,1.0786014779710453
rand_MNCGCNUMQC_render_front.jpg,1.05,1.2,1.0
rand_VSNNHFQEVH_render_front.jpg,1.05,1.2,1.0902514436283137
rand_3ENTKQ7CLV_render_front.jpg,1.2802413597380269,1.2,1.0
rand_2TDZTPXPTX_render_front.jpg,1.171803623641431,1.2,0.9530622108617397
rand_WJICNQGBAR_render_front.jpg,1.1339216385108197,1.2,1.0
rand_RFURI972TU_render_front.jpg,1.05,1.2,1.0
rand_TBMDS15V0O_render_front.jpg,1.1197431179861308,1.2,1.0
rand_MHUTP5PAD7_render_front.jpg,1.05,1.8252688382518278,1.0
rand_KQEE02PCEL_render_front.jpg,1.1744066519161973,1.2,1.2658682053102701
rand_7YVJKE960W_render_front.jpg,1.0245321900713678,1.2,1.0
rand_L36RWH3QCG_render_front.jpg,1.0058742543982055,1.2,1.1176739319461366
rand_ADKJNG6X7G_render_front.jpg,1.05,1.5949248342816036,1.1547705351595312
rand_IAA7IEXHWL_render_front.jpg,1.05,1.2,0.8395806363109055
rand_BWVKRE5BT0_render_front.jpg,1.2774035679772167,1.2,1.2359440366362189
rand_DAC2M6VSL3_render_front.jpg,1.05,1.2,1.0727905104040163
rand_IY1Z03QY54_render_front.jpg,1.05,1.2,1.0
rand_7U7FKZ1ZT4_render_front.jpg,1.2749094942883787,1.2,1.3386100727857637
rand_SMM4LSF92D_render_front.jpg,1.2518279755068158,1.9774260965017803,1.261194396980096
rand_EAGYAI6YAL_render_front.jpg,1.1532468359330568,0.8722000055251253,1.4729591877256225
rand_9T9GPUVHKM_render_front.jpg,1.0181602229742648,1.2,1.0
rand_44WTVDOUVY_render_front.jpg,1.2850443315601543,1.2,1.5859110670475927
rand_YVWKWS9TF8_render_front.jpg,1.1462604715106361,1.2,1.3326516041677465
rand_U4QGQUBA9X_render_front.jpg,1.1351191130212845,2.644770870849618,1.4643407556647396
rand_2OJGLLAH3H_render_front.jpg,1.2291018241421656,1.2,1.0
rand_KC07B3PWZX_render_front.jpg,1.05,1.2,1.0
rand_CNRMO549GC_render_front.jpg,1.1670251967497345,1.2,1.2249650684561417
rand_QEYVXTXPZ6_render_front.jpg,1.2391028880047688,2.1804930278553956,1.1201203890542533
rand_JD739LQKKB_render_front.jpg,1.05,1.2,1.0
rand_1Y0YQ93QE1_render_front.jpg,1.05,2.570808997721734,1.0
rand_KAGTY67159_render_front.jpg,1.1547671029011197,1.2,1.0
rand_XN6WC70YOA_render_front.jpg,1.1609936215798984,1.2,1.0
rand_XHTFNAR3MA_render_front.jpg,1.05,1.2,1.2210369924035958
rand_FUCR9P2XYT_render_front.jpg,1.05,1.2,1.003828101089346
rand_S5ZMV6M5X0_render_front.jpg,1.0547562642868127,1.2,1.0
rand_7X1IL41YHM_render_front.jpg,1.1019674699616102,2.616908160354017,0.8762333733710613
rand_3T9Z6P2DD0_render_front.jpg,1.05,1.2,0.8920176419150996
rand_0PCAAYP11J_render_front.jpg,1.05,1.2,0.7175425249732632
rand_8GF50XO1HM_render_front.jpg,1.05,1.2,0.7133699295397598
rand_W9S51SJJ49_render_front.jpg,1.2972850072174622,1.2,0.7290247149197995
rand_IGFAOAU2T8_render_front.jpg,1.0887089139944628,1.2,1.0
rand_DHVAFMOVXU_render_front.jpg,1.0350005484363616,1.4251535971859788,1.0
rand_85IXFH0X5C_render_front.jpg,1.05,1.2,1.1182481844190761
rand_TJ02GWEGPJ_render_front.jpg,1.2048353676328476,1.2,1.0
rand_33TVO9K7FH_render_front.jpg,1.05,1.2,1.0
rand_K98D7R0D6T_render_front.jpg,1.2765138628887196,1.2,1.0
rand_NOLX4V40CV_render_front.jpg,1.1695446268769714,1.2,0.994099240278687
rand_X89M10INII_render_front.jpg,1.248881413151216,1.2,1.109590289386095
rand_363T7XSOB3_render_front.jpg,1.2562041405379165,1.2,1.2263318344177758
rand_C4ICKB4HVR_render_front.jpg,1.05,1.2,1.3500959484692567
rand_EPLXQLN3FA_render_front.jpg,1.039627430604633,1.111300505699334,1.370721822940053
rand_90U6MDVOEH_render_front.jpg,1.1426330253098955,1.2,1.0
rand_XS08SP065V_render_front.jpg,1.0029858650740944,0.7144962100335827,1.0
rand_I52E370U6A_render_front.jpg,1.0568840190667108,1.2,1.5651287679699095
rand_93YB2T4CH0_render_front.jpg,1.0867957350751436,1.2,1.0
rand_U9W0GC7OFQ_render_front.jpg,1.05,1.2,0.8450394538224801
rand_RAKLFGU4IW_render_front.jpg,1.008460598557345,0.7122352149637926,1.0
rand_SEEZ8RL2B9_render_front.jpg,1.1067716506714143,1.2,1.0
rand_Z77YG8NM9B_render_front.jpg,1.0109652355785246,1.2,1.0
rand_ENTN935VTE_render_front.jpg,1.05,1.2162551904155547,1.0
rand_X2J3567CGB_render_front.jpg,1.2791027632051246,1.2,1.0
rand_HXRQ5GP3VV_render_front.jpg,1.05,1.2,1.4437067078924204
rand_I01M3ZPXTP_render_front.jpg,1.05,1.2,1.0
rand_FYNMII0QCF_render_front.jpg,1.2929554243334302,1.2,1.0
rand_F5E654NQIG_render_front.jpg,1.1899925759851016,1.12925427547499,1.2253524703136462
rand_PKD0FJ3J6O_render_front.jpg,1.05,1.2,1.0
rand_EB84WSPCAC_render_front.jpg,1.05,1.2,1.0
rand_NR2QDVL0ZP_render_front.jpg,1.05,0.6705813914115564,0.7510244612466409
rand_CJC061HJB7_render_front.jpg,1.225032917094201,1.2,1.0
rand_PEDXBWN00K_render_front.jpg,1.05,0.617581271833171,0.7511791950436203
rand_G3CHCJ7I5B_render_front.jpg,1.1916611669808046,1.2,1.0
rand_0BYSXIM9OF_render_front.jpg,1.1652558507177038,1.2,1.4059157435488825
rand_6AWMDDPTCJ_render_front.jpg,1.1176420740745459,3.2175826530803593,1.0422080809325562
rand_LW0C56SVKL_render_front.jpg,1.05,1.2,1.077450509535065
rand_YFGNN3O1BU_render_front.jpg,1.05,1.2,1.0277590245986175
rand_Y8G6KT8PDA_render_front.jpg,1.05,1.2,1.0
rand_7HZI047JNM_render_front.jpg,1.05,1.2,1.475789481305148
rand_Q0ZFM9W2SL_render_front.jpg,1.2385384538091058,1.2,1.0
rand_IJEL450E21_render_front.jpg,1.1151280226551434,1.1289748457921447,1.0
rand_IHY1V0XQJ5_render_front.jpg,1.0276414464671606,0.7833701039976567,1.2966526985675073
rand_VFVTQX43IT_render_front.jpg,1.0126205254278344,1.4341386555210884,1.3097158615649134
rand_WUKTRJLRW1_render_front.jpg,1.05,3.1386425786194385,1.52426301396167
rand_9SVM7IHT3M_render_front.jpg,1.0356253514419391,1.2,1.0
rand_2T4BI4O5U8_render_front.jpg,1.1896554261398398,1.2,0.9763309331400307
rand_J1DIQCL2YR_render_front.jpg,1.05,1.2,1.0
rand_3GXW8WJYTW_render_front.jpg,1.05,1.2,1.198684721988621
rand_4JVERS4NK0_render_front.jpg,1.05,3.1489355156689522,1.4881023045359856
rand_WYY351GXAE_render_front.jpg,1.0946814476356197,1.2,1.2346496713284947
rand_MQKH3U0203_render_front.jpg,1.097875836798086,3.0440180583363503,1.226650140768833
rand_AJUHXZ7F9N_render_front.jpg,1.1971208796957078,1.2,0.8627706424969794
rand_QHAMR0JPLK_render_front.jpg,1.2336093161318014,1.1618233037152255,1.4365332080743616
rand_EIL756SI93_render_front.jpg,1.05,2.998824972885494,1.3443109533660933
rand_PD0V2BRPP7_render_front.jpg,1.2028709281408192,1.2,1.0
rand_DFUT90GMTC_render_front.jpg,1.05,1.2,1.4953178854207503
rand_9LKKMFT8XC_render_front.jpg,1.05,2.727992841378217,1.4834187594596908
rand_UO6ZTBSURI_render_front.jpg,1.0690137942497977,0.9879746624450877,1.0960042856190197
rand_3NJCAZUH8Y_render_front.jpg,1.0586139363982012,1.2,1.0
rand_B4WEAQO1I4_render_front.jpg,1.05,1.2,1.0
rand_9KI2BEV8O7_render_front.jpg,1.025201960121141,1.2,1.0
rand_Q2VXWWKT47_render_front.jpg,1.05,1.2,1.2084059396552667
rand_7B60RVI21R_render_front.jpg,1.2757577356607235,1.3186238826907302,1.0
rand_VUXR400V92_render_front.jpg,1.2448266195157722,1.2,1.0
rand_9GTTFVP9JD_render_front.jpg,1.0455678759071658,1.2,1.0
rand_MQV7T2KSLZ_render_front.jpg,1.0754773710185968,1.2,1.256801007091915
rand_ZDQP6K7P54_render_front.jpg,1.2009367290713526,1.2,1.0
rand_AKXB2T029D_render_front.jpg,1.05,1.2,1.0
rand_B6FLKGIR15_render_front.jpg,1.05,0.6928475267350676,1.0733461168956484
rand_15UI38FJ0Q_render_front.jpg,1.05,2.425176426618122,1.3450775284955283
rand_7L2WMLJVS0_render_front.jpg,1.2109506968784132,1.2,0.9486921181730135
rand_C2SGK4LR5L_render_front.jpg,1.05,1.2,1.2734205956053604
rand_O0XNS2LFXY_render_front.jpg,1.1169888822752774,2.7197905644433544,1.0
rand_N8LVDCIBBC_render_front.jpg,1.1338430477606156,1.2,0.9608580650445937
rand_P9CM7RF9M5_render_front.jpg,1.05,1.2,0.9400954009325861
rand_Z4BZVJQ7B1_render_front.jpg,1.05,1.2,1.3433164074191626
rand_9D90JSDGQ0_render_front.jpg,1.214839254546053,1.2,0.9819397347487542
rand_QI8KE6BVQW_render_front.jpg,1.2637647666655352,1.2,1.0
rand_PCP08QA2BZ_render_front.jpg,1.05,0.9467963879128104,1.0
rand_4DFJ1G28K5_render_front.jpg,1.05,0.7125258117332947,1.0
rand_5VSZ5KNQOL_render_front.jpg,1.1887376485455634,0.9950892729287422,1.350891566354934
rand_TFV4M7BE90_render_front.jpg,1.05,0.7306490144833273,1.0
rand_DL8BGX74NP_render_front.jpg,1.05,1.2,1.382046358423402
rand_WKZ1JVZZAN_render_front.jpg,1.0978395833020649,0.640532007509494,1.163583888611375
rand_WVGH1LKY3I_render_front.jpg,1.0555920388553943,1.2,1.5218765708994486
rand_G8W1ESH8TD_render_front.jpg,1.277104571931288,1.2,1.0
rand_YJ4G3WMVCC_render_front.jpg,1.188784118121714,1.2,1.0571957632064237
rand_7U8BNDZ0D6_render_front.jpg,1.0237627236172593,1.2,1.0
rand_G7MYB1LHDY_render_front.jpg,1.000567332478279,1.2,0.9771892496455377
rand_J836MT5YA3_render_front.jpg,1.05,1.2,0.9059090059517285
rand_WX26K21XK8_render_front.jpg,1.05,1.2,0.8992400805697537
rand_GU3VDECHIC_render_front.jpg,1.0050860415543825,1.2,1.0618473140136566
rand_FEU8BYO98Q_render_front.jpg,1.05,1.1544150544674139,1.3888165861273425
rand_V4ED1KTEDK_render_front.jpg,1.262595724242697,1.2,1.24218234768876
rand_VR2BYIUNLF_render_front.jpg,1.2318278229431565,1.2,1.0
rand_0RDMQNX4M4_render_front.jpg,1.2224344942404946,1.4449294589723145,0.9621688746410966
rand_VWJVNT1MMH_render_front.jpg,1.1139546123886737,1.2,0.8063328470800522
rand_SMV2H6X7KU_render_front.jpg,1.05,1.2,1.0383346206916422
rand_VOQFL088AY_render_front.jpg,1.05,1.7314812511224364,1.3844526757452398
rand_5422HGD42D_render_front.jpg,1.05,1.2,1.0
rand_I7KI6RMSWK_render_front.jpg,1.2429333764616333,1.2,1.1953913417810877
rand_HB21HR58J6_render_front.jpg,1.0548322421703271,1.2,1.3028393229968471
rand_3CELEO1YL4_render_front.jpg,1.1267374615605246,1.2,0.9741842234397127
rand_ANU1M4ORQU_render_front.jpg,1.1247677288937852,3.3664247657771234,1.0
rand_JZP284M0IH_render_front.jpg,1.218320856862987,1.2,0.9289479236668817
rand_CV94M47O2P_render_front.jpg,1.05,1.2,1.3868347790774338
rand_BFDSIBW0RW_render_front.jpg,1.05,1.2,1.0
rand_3Q1TNL7ED8_render_front.jpg,1.0767417907549033,2.6698103627880365,0.7252169227149509
rand_H3DUIFBZAJ_render_front.jpg,1.2974641866895535,1.2,1.4329661363854311
rand_QZKK4SJM69_render_front.jpg,1.05,1.2,0.834859194911833
rand_V44MR6N4MR_render_front.jpg,1.0245651830171514,2.7183848688110928,1.0
rand_AA9IEK2P7C_render_front.jpg,1.05,1.2,1.523365452535708
rand_0SE5EJ3EPT_render_front.jpg,1.2625012298829295,1.2,0.7940125964814218
rand_0WUYGUEFIB_render_front.jpg,1.098955441251672,1.2,1.5015810767132645
rand_SV9YG8BNWC_render_front.jpg,1.05,1.2,1.0
rand_GTCL0QBEIE_render_front.jpg,1.1433095185129099,1.2,1.1862185884149092
rand_NA2XBDLOMH_render_front.jpg,1.1220926755760892,1.2,1.0845629593181765
rand_ZZDZGUKVB0_render_front.jpg,1.05,1.2,0.8822614427722621
rand_KJQO0KW20V_render_front.jpg,1.0996926409150074,1.2,0.749110363260189
rand_LOA6LJ4Q0J_render_front.jpg,1.2516292652710475,1.2,1.0
rand_I0P17DUK2Z_render_front.jpg,1.2869731645548597,3.31429075483251,1.213309889082255
rand_440CNNU2R2_render_front.jpg,1.1807273656999833,1.2,1.4081744768317175
rand_4ZBU17U56F_render_front.jpg,1.05,1.2,1.1936082489652844
rand_PKYA4OHG2G_render_front.jpg,1.0065414460483904,1.2,1.0018567978022626
rand_24E06TFW48_render_front.jpg,1.05,1.2,1.4389381814538962
rand_HWW8H23Q72_render_front.jpg,1.0749612651680123,1.2770544592508704,0.77907894656516
rand_K2VPQWD9DH_render_front.jpg,1.2002904629818139,1.2,0.9545479076294314
rand_CPA96T8TZL_render_front.jpg,1.05,1.2,0.9993788123213118
rand_E89H1MJ3EC_render_front.jpg,1.1418144567409172,1.2,0.8947487112838268
rand_GKLBY42P7K_render_front.jpg,1.2325029820692825,1.2,1.150097532780299
rand_LU0UE2Z4C2_render_front.jpg,1.05,1.2,1.0
rand_6JE5ISBRWU_render_front.jpg,1.0540922002111144,1.2,1.0
rand_J40ZV8I9I5_render_front.jpg,1.025703376065862,1.2,1.0
rand_Q5BG4DMF63_render_front.jpg,1.05,3.3176317398108415,0.785840556962614
rand_SWY43UJ026_render_front.jpg,1.05,1.2,0.7838682865702179
rand_EO0DA3WQWK_render_front.jpg,1.1687318551577133,2.810643366973461,1.216361330113611
rand_6VYW3KSGEJ_render_front.jpg,1.05,1.2,1.0
rand_KL4A28KEMH_render_front.jpg,1.05,1.2,1.0100359427790058
rand_THRHK3XZJ5_render_front.jpg,1.2080969564196216,1.2,1.102767598713946
rand_5ODYFF21G1_render_front.jpg,1.05,3.3713286248084646,1.4810442086106992
rand_COMW8DRISI_render_front.jpg,1.1374466332061663,1.2,1.2895386445897432
rand_J1DGOT5YPP_render_front.jpg,1.05,1.2,1.0
rand_CCTHI6M37A_render_front.jpg,1.2555523600767744,1.2,1.0
rand_03UUHRKEYL_render_front.jpg,1.05,1.2,1.5735122332070162
rand_0DKUIPHO4V_render_front.jpg,1.1165576425889334,1.2,0.8043183763344744
rand_5OZD6JHWXW_render_front.jpg,1.1784774645438363,0.8680669893396376,1.0
rand_BF4WQ3ZSXE_render_front.jpg,1.077455333032618,2.307250594146219,0.7066754303433053
rand_7M5JV54HV1_render_front.jpg,1.137928095416532,1.2,0.7301347562607807
rand_D6QJEPYJGA_render_front.jpg,1.0787354780073606,1.2,0.7232076939804082
rand_2OPP4EQLWG_render_front.jpg,1.1746901661571025,0.8099863081026006,1.0
rand_GVL56PV1GQ_render_front.jpg,1.134578349960318,1.2,1.0
rand_DHE808JYSE_render_front.jpg,1.05,2.0511182722216943,1.22646645627857
rand_UYB6F8VFYE_render_front.jpg,1.05,1.2,1.0
rand_79WUAI4ZIH_render_front.jpg,1.0737849123455512,1.075016650230102,1.0
rand_AKNXKRTUAX_render_front.jpg,1.0440000655952968,1.2,1.1207609890611776
rand_JAUMQ9JO0Y_render_front.jpg,1.05,1.2,0.8157240790665312
rand_EDFOIAN2TC_render_front.jpg,1.05,1.2,0.9474541643932886
rand_1UPZA6T9NW_render_front.jpg,1.05,3.464605962923662,1.2509542465281922
rand_140SIPQZRC_render_front.jpg,1.0210406042675564,1.2,1.0
rand_XPD43ODKHA_render_front.jpg,1.2474504525055599,1.2,1.1445771399269309
rand_WDZQ406Z5N_render_front.jpg,1.05,1.2,1.0
rand_NISA8FP375_render_front.jpg,1.207895589125711,1.2,0.7184838208672979
rand_2WFM2BO7V4_render_front.jpg,1.1671004909557683,1.2,1.0678178557668803
rand_3S47AX5QNG_render_front.jpg,1.05,1.2,1.0
rand_NZN4C846A9_render_front.jpg,1.0889759492725213,1.2,0.841028793014992
rand_FACUWM2YSA_render_front.jpg,1.1782560005204965,1.2,1.0
rand_Z12YV57G0U_render_front.jpg,1.05,1.2,1.2677937338843872
rand_S7I6E4XF9C_render_front.jpg,1.1174011566511275,0.6694765648053561,0.8741195317970472
rand_44QS1HSR6P_render_front.jpg,1.05,1.2,1.0
rand_XEIYDLV6N7_render_front.jpg,1.05,1.5171937538640647,1.0
rand_B5PVIYSCTW_render_front.jpg,1.05,1.2,1.0
rand_RB5DWTFVVQ_render_front.jpg,1.05,1.2,1.248422503722105
rand_8ZGJS8A5UB_render_front.jpg,1.05,1.2,0.9372128866763045
rand_QXK06MNX02_render_front.jpg,1.1708703370293227,1.2,1.0510644640225308
rand_AP1D1NWIFZ_render_front.jpg,1.1200749955817888,1.2,1.1383423163335002
rand_IRNUYC9LM6_render_front.jpg,1.073200549730494,1.2,0.9270840912941284
rand_VQSO410GUN_render_front.jpg,1.1311126743806597,1.8053997417156222,1.0
rand_T9SJDOCF2R_render_front.jpg,1.05,1.2,1.5156940921590651
rand_Y1BFZ38FFU_render_front.jpg,1.260625181508571,1.2,1.3095101745752895
rand_V8CV1OHM5V_render_front.jpg,1.197697181531248,1.5955413839340848,1.1099240003782156
rand_8OQZ6ECR8Q_render_front.jpg,1.05,1.2,1.4562994622864216
rand_VQD68LG17Q_render_front.jpg,1.2991520001255752,1.2,1.0
rand_UQO9NJ1CYH_render_front.jpg,1.0239225697466814,0.6051938411302069,1.0
rand_EXZ1GJO3LQ_render_front.jpg,1.2153035374316072,1.2,1.181126050269301
rand_8GZRWADBZY_render_front.jpg,1.1222555564466237,1.2,1.0
rand_OYCUOVD1BO_render_front.jpg,1.1668990649304556,1.2,1.0
rand_TA3SGCWA1Y_render_front.jpg,1.05,1.2,1.0
rand_41BMOKRYWT_render_front.jpg,1.2612711466489648,1.2,1.1214136777339643
rand_KNDUKPMVPE_render_front.jpg,1.05,1.2,1.0189381937783997
rand_CSGYF4OHTO_render_front.jpg,1.05,1.2,1.0
rand_8W195L72DE_render_front.jpg,1.2449538134935325,1.2,1.3324082323460282
rand_5QDVV9JW47_render_front.jpg,1.079277912555301,1.1668249998049598,1.0
rand_Z7RCPDTREN_render_front.jpg,1.2065372190274934,0.5331752753710675,1.0
rand_K8CWDS74PS_render_front.jpg,1.05,1.2,0.9753481958627194
rand_XX16CACHLB_render_front.jpg,1.05,1.2,0.8887358314838216
rand_0LN9OC6S1F_render_front.jpg,1.05,1.2,1.0
rand_5CD904XRYU_render_front.jpg,1.0182177430965997,1.2,1.0
rand_GTVO09TIYK_render_front.jpg,1.149978785532688,2.9717533236197595,1.0
rand_H6UHJL9DN1_render_front.jpg,1.05,1.2,1.0
rand_R7UK7GG1XX_render_front.jpg,1.05,1.2364776458961404,1.0
rand_UX1BEVCGVJ_render_front.jpg,1.152674721228094,0.7144530733000611,1.091224541873522
rand_978DQWFIKU_render_front.jpg,1.05,1.2,1.1021717817773888
rand_JF3DVEQDQE_render_front.jpg,1.05,1.2,1.4940251427228723
rand_A7KGL7N72K_render_front.jpg,1.05,1.2,1.1414018161280923
rand_USVJTXPW4A_render_front.jpg,1.05,1.2,1.283626179594031
rand_6UROTSLW28_render_front.jpg,1.05,1.2,1.0
rand_GE527NS6IQ_render_front.jpg,1.2028576101919115,2.6677045771476995,1.0
rand_023FMIGQK0_render_front.jpg,1.0437820653404477,1.2,1.0
rand_2JEIA5L9FF_render_front.jpg,1.05,0.5738515237085712,1.0
rand_TM1JJPRKRP_render_front.jpg,1.2055184628802558,1.2,1.0039352216359843
rand_V59G7JM8FU_render_front.jpg,1.05,1.2,0.9403551626215273
rand_EDO67ACBAY_render_front.jpg,1.11268563040866,1.2,1.0379269372068514
rand_4Y88YQ405D_render_front.jpg,1.05,1.2,1.1346566243512628
rand_4MKSC4CDNV_render_front.jpg,1.1693535909856583,1.2,1.0
rand_FKN316TMRA_render_front.jpg,1.05,1.2,1.0
rand_LBCMVX4LDU_render_front.jpg,1.05,0.9000601522552024,1.4853291376509423
rand_EQE0XKW2TG_render_front.jpg,1.1210705624245891,1.2,0.7165559539676399
rand_OXHN46VBPB_render_front.jpg,1.05,1.2,0.708354674808433
rand_5PS4VXA1YC_render_front.jpg,1.05,1.425295039243274,1.2349931142689563
rand_MM3YZDCVY1_render_front.jpg,1.02902014606572,1.2,1.2290584242460372
rand_2WL1H6ARLS_render_front.jpg,1.05,1.2,1.392788637686489
rand_6BOPR4NLMB_render_front.jpg,1.1111766320911247,1.2,0.877137607912674
rand_3AK6THRIRM_render_front.jpg,1.2746584960926461,1.2,1.0
rand_85XJSNLOUE_render_front.jpg,1.2300009652690287,1.2,1.3223164142802721
rand_M70K1W9LYC_render_front.jpg,1.05,1.2,1.0
rand_EB617XDS8X_render_front.jpg,1.05,1.2,1.004732280208537
rand_KDIMQ60HKM_render_front.jpg,1.1925139374783247,1.2,1.405555275849919
rand_U3B8VYZ61N_render_front.jpg,1.1648722017646749,1.526776739333442,1.333100875479505
rand_ROWEN444CD_render_front.jpg,1.0911564395467601,1.2,1.0
rand_28R28NJ9TT_render_front.jpg,1.05,1.2,1.0
rand_PDQUBX2DBC_render_front.jpg,1.1641799253299667,1.2,0.9955348510057718
rand_TK9I8PCGD5_render_front.jpg,1.05,1.2,1.1841772687461594
rand_PEFC71PQDF_render_front.jpg,1.05,0.5255525593446524,1.0
rand_2V6PI0FOKB_render_front.jpg,1.2420492924219748,1.2,0.8830481695421137
rand_SPRFSD9S68_render_front.jpg,1.271932757380216,1.2,1.0
rand_Y7H512MT2P_render_front.jpg,1.162859088390195,1.2,0.9122107570213095
rand_C0BNV7O135_render_front.jpg,1.05,0.5014305598456329,1.0
rand_5QRABYIBGQ_render_front.jpg,1.162164412169044,1.2,1.0
rand_1RXTBHEXZS_render_front.jpg,1.05,1.2,1.0
rand_8VKRH4GRFM_render_front.jpg,1.05,1.541017653134467,1.0
rand_B3FZYO072Y_render_front.jpg,1.112038158789977,1.2,1.0
rand_EV6IIO0Z2P_render_front.jpg,1.05,1.2,1.0
rand_R59YLAD0EE_render_front.jpg,1.14235939786415,1.2,1.0
rand_6AFUZ6N9B1_render_front.jpg,1.0202607057164013,1.2,1.474117493317608
rand_Z7QR1GBFNJ_render_front.jpg,1.05,1.2,1.0
rand_886XY2GSGP_render_front.jpg,1.183211511578576,1.2,1.1237290352059968
rand_MXMAYY7H8V_render_front.jpg,1.2976787771719507,1.2,1.0
rand_M6PJO1YGIK_render_front.jpg,1.05,1.2,1.1862842720634872
rand_M6QHJTO6F9_render_front.jpg,1.1421163623016364,1.2,0.9155812436264794
rand_0LHH1O2L8N_render_front.jpg,1.0943120101642896,1.9476399899675485,1.0
rand_2W6WO62LBV_render_front.jpg,1.05,1.2,1.2868052421568266
rand_6JV04MYCOE_render_front.jpg,1.1671537378140988,1.2,1.4458066642837182
rand_ZDP8RBW3QB_render_front.jpg,1.05,1.2,1.138030783077728
rand_VJYFGMTH33_render_front.jpg,1.230401707389873,1.2,0.8919175402760986
rand_3M9MOCLIXC_render_front.jpg,1.2158955040390476,2.410170400007951,1.5221325444627354
rand_3OQ42O7CMC_render_front.jpg,1.1032940885605664,1.2,1.0
rand_ME4Y8JOBL1_render_front.jpg,1.2000786231289213,1.2,0.7142848539331992
rand_8W021UMIPA_render_front.jpg,1.05,1.2,1.0
rand_9NULH6RZXW_render_front.jpg,1.070814325448577,1.2,1.0
rand_BIM1DWZPXK_render_front.jpg,1.05,1.2,1.5063060754779671
rand_WAKAXU4EVE_render_front.jpg,1.05,1.2,1.2712240042688605
rand_ZL8RPWP764_render_front.jpg,1.05,1.2,1.2425701367474484
rand_2J9KEEMC5R_render_front.jpg,1.05,1.1718392632671524,0.8932360073867743
rand_2S0C4K4GTF_render_front.jpg,1.05,1.2,1.0
rand_ITZUYYI7QG_render_front.jpg,1.2567131908084925,1.2,1.3991565592799682
rand_VFP9BK7347_render_front.jpg,1.05,1.2,1.0011938560852467
rand_KDD1M7YKE8_render_front.jpg,1.195507009606038,1.520286001223311,1.0
rand_G8KS87RFE0_render_front.jpg,1.0105104926157482,1.2,1.3756308288974675
rand_E489IFV849_render_front.jpg,1.05,1.2,1.0196998781655284
rand_9IWN8XQ88U_render_front.jpg,1.05,1.2,1.4089328408111723
rand_DGG86GBUL7_render_front.jpg,1.05,1.638415036480922,1.3707979703988482
rand_MYZIA1HLN1_render_front.jpg,1.1892592359540992,1.2,1.5818967719105608
rand_36T7IK65B4_render_front.jpg,1.06099521963185,1.2,1.488385771488231
rand_53VIR9DPAS_render_front.jpg,1.016747399503632,1.2,1.0
rand_8H79UC7IKK_render_front.jpg,1.2218611888021438,1.2,1.0
rand_SPH85AKNMR_render_front.jpg,1.118215057500332,1.2,1.0
rand_777V4XINHA_render_front.jpg,1.202230825371899,1.2,1.1908182983149942
rand_YRWVIJ42BG_render_front.jpg,1.021920528302602,1.2,0.8258822813745105
rand_ZSM0FHTBAN_render_front.jpg,1.0489165493214365,1.2,1.3502396482173857
rand_63PGDJQY05_render_front.jpg,1.05,1.9258557144240096,1.0
rand_13ELYX7YHC_render_front.jpg,1.1569679353889284,1.2,1.0276154440864809
rand_HDDCTL4OTA_render_front.jpg,1.0243483532800814,1.2,1.0847565409273596
rand_ONPU48QY47_render_front.jpg,1.0989355520068465,1.2,1.0
rand_ZQNW42XJ13_render_front.jpg,1.05,1.2,1.0
rand_TX79G0095C_render_front.jpg,1.05,1.961900519904189,1.5093197010951318
rand_57E7VGS0Z2_render_front.jpg,1.05,1.2,1.0
rand_0K42KO4TW9_render_front.jpg,1.05,1.2,1.0
rand_KGGFDXDO32_render_front.jpg,1.206842338784965,1.2,1.2573063506635527
rand_101FK8H6AZ_render_front.jpg,1.079470277179177,1.2,1.0
rand_OUHJ02K6M7_render_front.jpg,1.2947356034791577,1.2,0.8923215145189929
rand_LODBK4JTLY_render_front.jpg,1.1577866671750967,1.2,1.0
rand_21SJ0WNZB1_render_front.jpg,1.2681848564225868,1.2,1.0
rand_G42DMPJTRJ_render_front.jpg,1.0467586533564157,1.2,0.7906277144266918
rand_1Q7SCGVCYH_render_front.jpg,1.1713430994957184,0.8360370069466111,1.2251962795815103
rand_0WPM58LUD6_render_front.jpg,1.05,0.995211518946196,1.1594455548651788
rand_BR199MHTN0_render_front.jpg,1.0405424458060848,1.2,1.5700933482554187
rand_CUZ46D2ZJX_render_front.jpg,1.05,1.2,1.4245049710832465
rand_QUCH4O3EAV_render_front.jpg,1.05,1.2,1.203338833258504
rand_5FEEAY1F6U_render_front.jpg,1.05,1.2,1.1085336117388178
rand_FY1OFE9W8V_render_front.jpg,1.05,1.2,1.0
rand_GPFETDRWAW_render_front.jpg,1.05,1.2,1.521117335597359
rand_4GKMJH32WI_render_front.jpg,1.05,2.1028998736628877,1.0
rand_H76DXMABBG_render_front.jpg,1.05,1.2,1.0
rand_TVETZMRXLQ_render_front.jpg,1.05,1.2,1.199627719095651
rand_U9K3DM8V2W_render_front.jpg,1.1696127909599725,1.2,1.0
rand_UYLU5PT851_render_front.jpg,1.1561715921212565,1.2,1.0541367793038792
rand_SEJXYTVF2A_render_front.jpg,1.05,1.2,1.0
rand_K3UHQP9WPH_render_front.jpg,1.05,1.2,0.7946358235091744
rand_OIQIGL5D21_render_front.jpg,1.05,1.3046616926667844,1.4952849396351882
rand_2EO973YGBD_render_front.jpg,1.05,1.2,0.9745788988172457
rand_Q4NNFN5YC6_render_front.jpg,1.0468291329920187,1.2,0.9279482338508651
rand_7TYHTZRDKW_render_front.jpg,1.2218067464851643,1.2,0.9102208501937905
rand_QR2G53YY78_render_front.jpg,1.05,2.888154679188246,0.9058315701117364
rand_D29VMAGLXV_render_front.jpg,1.1627090274896559,1.2,1.3117003157933367
rand_U4GMEHZGR3_render_front.jpg,1.018862521925403,1.2,1.0
rand_TSI3TK9WH9_render_front.jpg,1.2436244720639715,0.8288082523750587,0.9711020116599136
rand_2OKINPMFGO_render_front.jpg,1.1580593203635183,1.2,1.0
rand_WQE6AYAQ7T_render_front.jpg,1.05,1.2,0.8553131384932384
rand_UO1QPIU82B_render_front.jpg,1.0735539569048533,1.2,1.0
rand_SS4DZ0VC8X_render_front.jpg,1.0229154615901777,1.2,1.0
rand_9EZ8BCKQCH_render_front.jpg,1.0290428009478019,1.2,1.0
rand_C84SZDACGD_render_front.jpg,1.05,1.2,1.0
rand_TGIOS1IL29_render_front.jpg,1.2136563870154702,1.2,1.0
rand_0BOZ32U1RR_render_front.jpg,1.1512768000649238,1.2,1.0
rand_VE06QJUBF3_render_front.jpg,1.0348015196576916,1.2,1.0
rand_XHMCOUYYBW_render_front.jpg,1.2942411034520966,0.8661743146743183,0.9868114501570692
rand_VNO1DSCD8M_render_front.jpg,1.1094362755226335,1.2,1.0
rand_GIJ02COAN9_render_front.jpg,1.0135534969832778,1.2,1.0210936654037055
rand_X6VBRQMTLI_render_front.jpg,1.2275279257543574,0.5476834964971155,1.0
rand_MAWQ073VJ7_render_front.jpg,1.05,1.2,1.0119415503895075
rand_2SB0UAVWUT_render_front.jpg,1.25063315766493,1.2,1.0
rand_8SJT1WFZX2_render_front.jpg,1.05,1.2,1.0
rand_57NZEOIBHZ_render_front.jpg,1.1810334330796688,1.2,1.4117027125489736
rand_C318XKNQ0L_render_front.jpg,1.05,3.440872039384298,1.0
rand_LV17T8S2DH_render_front.jpg,1.05,2.1347899959530787,1.0
rand_GAAV6KY7LF_render_front.jpg,1.0495641406532916,1.2,1.0
rand_L4GCEST8L6_render_front.jpg,1.05,0.7990584157467219,1.0
rand_GY5CPA1QC0_render_front.jpg,1.1014060302880717,1.2,1.0
rand_O8U288ZDLZ_render_front.jpg,1.231686524158819,1.2,0.9695170297653434
rand_KGILMXZO62_render_front.jpg,1.021587668421423,1.2,1.0
rand_AI8X2HYNF2_render_front.jpg,1.05,2.1008777136786847,1.0
rand_1V0LO2YAKU_render_front.jpg,1.066380829325446,1.2,1.0
rand_9IVZBP0ARC_render_front.jpg,1.0173371441176817,1.2,1.0
rand_E03VAZAQ08_render_front.jpg,1.1125678239561145,1.1612043420499782,1.268794822040249
rand_NQ54U09G50_render_front.jpg,1.174409855980221,1.0332284218210273,1.0
rand_JBCIPDE6WX_render_front.jpg,1.0936613777399489,1.2,1.4482156788372316
rand_2CN94918I1_render_front.jpg,1.0731542640368141,0.6168551022767192,1.0
rand_CPKUG8VH5D_render_front.jpg,1.05,1.2,1.0
rand_NADADJ9MCM_render_front.jpg,1.2606940945064533,1.2,1.0
rand_HL30VVOUJZ_render_front.jpg,1.0754345213452257,1.2,1.0
rand_QX3584QBZ9_render_front.jpg,1.0737338853788336,1.5424383600722193,1.0
rand_4Y8W6APBRC_render_front.jpg,1.1151029645537154,1.2,1.186130131467353
rand_RAN4FNN8VL_render_front.jpg,1.2992082386396606,1.2,0.7370624785613774
rand_ONP448WGHB_render_front.jpg,1.1444082483217826,1.2,1.1351240746526765
rand_PHTYL4PEZ6_render_front.jpg,1.05,1.2,1.0
rand_1IWAAX0TFQ_render_front.jpg,1.0139747487427064,1.2,0.7170569044923172
rand_HLF7UW5FPM_render_front.jpg,1.120882610677536,1.2,1.0489975392349458
rand_IMCIL33SJE_render_front.jpg,1.1989419446443976,1.2,0.9553579653527686
rand_3PFZEDH4DP_render_front.jpg,1.05,1.2,1.0
rand_NBMFEK4UJD_render_front.jpg,1.05,1.2,1.0
rand_EA187JVKBX_render_front.jpg,1.1675148540673275,1.2,1.0
rand_1TCDKH2UCG_render_front.jpg,1.0050399378248815,1.2,1.3517125653711948
rand_CVI2SSY84C_render_front.jpg,1.1902600799850318,1.2,1.0
rand_PGGUUCZ31J_render_front.jpg,1.1069257101719643,1.2,1.4992689583229193
rand_AKHD7U1TG1_render_front.jpg,1.05,1.2,1.0
rand_NY8PDT0OHH_render_front.jpg,1.2848518541906788,1.2,0.9461830655319671
rand_3AO22IE6YF_render_front.jpg,1.05,0.5366611768075168,1.0990324394327382
rand_PBF1ERMYHJ_render_front.jpg,1.049524727883868,1.2,1.3789888851063736
rand_8ZHABKTDNB_render_front.jpg,1.05,1.2,0.9126699884121657
rand_UYMYZ515TD_render_front.jpg,1.1338831844735298,1.2,1.0
rand_M23NOO9V2X_render_front.jpg,1.1399605587830703,1.2,1.0
rand_6E3YQV67O5_render_front.jpg,1.075143708593996,1.2,1.426878002545362
rand_C4QYVPR2ZB_render_front.jpg,1.05,1.1328820764670322,0.7963517324311058
rand_C0V7B1KXEC_render_front.jpg,1.05,1.2,1.0
rand_DR8CO164JR_render_front.jpg,1.05,1.2,0.7137369981534855
rand_S93VPHN848_render_front.jpg,1.1837809027771047,1.2,1.3546883412354025
rand_PO5I517ZM0_render_front.jpg,1.05,0.9447545564985245,1.0
rand_2UI4VNKU9D_render_front.jpg,1.025756041663141,1.2,1.0
rand_4AFVVES4KY_render_front.jpg,1.05,1.2,0.9654428367781756
rand_YEUXKJ9TSG_render_front.jpg,1.05,1.2,1.3968842507512667
rand_DWEBDLNJL5_render_front.jpg,1.05,1.2,1.3216734481502956
rand_FJJ044I4UG_render_front.jpg,1.05,1.2,1.0
rand_T8J0G40LAY_render_front.jpg,1.0208171577378036,1.2,1.0944542004243345
rand_KQCRDUOG3Q_render_front.jpg,1.05,1.2,1.1494686935031675
rand_YHB73TKYP0_render_front.jpg,1.05,1.2,1.477616761570045
rand_0XC05H210D_render_front.jpg,1.05,1.144091531771897,1.349831335062237
rand_MHMH33HLPY_render_front.jpg,1.05,1.2,1.0
rand_LSVDGG5JSM_render_front.jpg,1.289619032374966,0.9726162282956305,0.9127854632315244
rand_K8GI7YKS1Z_render_front.jpg,1.1728689995916244,1.2,1.0988385964641563
rand_2N12212IZW_render_front.jpg,1.05,1.2,1.0
rand_ALOL5DH4IW_render_front.jpg,1.2524809261450325,1.2,1.2214787361296289
rand_ES9VPWPS5W_render_front.jpg,1.020723930518837,1.2,1.0
rand_C0WLNH0MNX_render_front.jpg,1.05,1.2,0.9807754725362866
rand_OZ9OCQ8ACQ_render_front.jpg,1.1386245212812967,1.2,1.0
rand_MAOGF0UKL5_render_front.jpg,1.05,3.1004483591842256,0.9022389624155673
rand_0KIRQ2KQZJ_render_front.jpg,1.05,1.2,1.0
rand_T7T59OA3AI_render_front.jpg,1.0019583455745278,1.1424115973596958,1.0
rand_IDTJ8CGGOM_render_front.jpg,1.0258032977365217,1.2,1.0
rand_HAI9QZNN6U_render_front.jpg,1.0330377770493895,1.2,1.3549555989534756
rand_Z7HMB363IC_render_front.jpg,1.1082188438912393,1.2,1.4029333306769636
rand_SLAGIQDD7Y_render_front.jpg,1.1393717054770978,1.2,0.7143363182917376
rand_JYCK1MHO51_render_front.jpg,1.05,1.2,0.9033805492005977
rand_ROWNN61J1C_render_front.jpg,1.05,1.1435645082026937,1.043199723197403
rand_3U0EYJ267C_render_front.jpg,1.05,1.2,1.0
rand_JKKBQ98MZA_render_front.jpg,1.1366638182301068,1.2,1.0
rand_1YDZJDD70B_render_front.jpg,1.1726010490993946,1.2,1.0970769854174747
rand_H3IX6CI72M_render_front.jpg,1.0012413003943272,0.8120575435981517,0.957874943365358
rand_I48WTLKBI4_render_front.jpg,1.2281613426498101,1.2,1.4612219798888426
rand_N8RCPJOVZ2_render_front.jpg,1.2506216455617383,1.2,1.2210985413288795
rand_M28QOR1KA7_render_front.jpg,1.0154253167482359,1.2,1.0
rand_6EUDZGDSWX_render_front.jpg,1.05,1.0601325679549432,1.0
rand_58RQKSYY6R_render_front.jpg,1.05,0.529876544755206,1.0
rand_VW8W0AEED1_render_front.jpg,1.05,1.2,1.0
rand_NH971WYQT6_render_front.jpg,1.05,1.2,1.157768408343543
rand_UC4TPX03NN_render_front.jpg,1.05,1.2,1.261838434531558
rand_W9HWA7LA2Z_render_front.jpg,1.0692320858196958,2.5177347929096476,1.0
rand_TEZVM7L0EC_render_front.jpg,1.2276257719229542,1.2,1.0
rand_9ZECE4F58Y_render_front.jpg,1.0599133927475215,1.0647043824957718,1.0
rand_BJFBTHAGUT_render_front.jpg,1.05,1.2,1.0
rand_180WC8Q5BM_render_front.jpg,1.05,1.2,1.496878212589516
rand_YNOXOARGHR_render_front.jpg,1.2749003433467172,1.2,0.9260531319096863
rand_AB9BUYNB4O_render_front.jpg,1.05,1.2,1.4148375978738206
rand_88NICGS4WX_render_front.jpg,1.1184854716701071,1.2,0.9047986096240048
rand_HX784IGYDB_render_front.jpg,1.1619872615740054,1.2,1.0
rand_FEVH9576TP_render_front.jpg,1.0112842189559645,1.2,0.8627078885816706
rand_LI696L2JS1_render_front.jpg,1.05,1.2,1.4295364021890575
rand_0JRLX22W20_render_front.jpg,1.05,1.2,1.3544995541802172
rand_JRU48WWTUZ_render_front.jpg,1.1902742075982908,1.2,1.0703375520641853
rand_FD8TIMEXLZ_render_front.jpg,1.2099964305578852,1.2,1.0
rand_FY9FO8Y18B_render_front.jpg,1.216547767282967,1.2,1.0
rand_7EBM9SOK62_render_front.jpg,1.139391112245323,1.2,0.866138455093208
rand_JWSYXVA3L4_render_front.jpg,1.2108894282297336,1.8431985409699752,0.8843104033614859
rand_G1UVMJLQJG_render_front.jpg,1.1290085166573518,1.2,1.0
rand_B65OB6V2JG_render_front.jpg,1.2474392265630503,2.5371531699561984,1.2123042977051517
rand_TM0KNGEYJX_render_front.jpg,1.05,1.2,1.0
rand_5UH4081937_render_front.jpg,1.0613770747352957,1.2,1.1170146558298586
rand_56GWB0VAM7_render_front.jpg,1.05,1.2,1.0
rand_H65HDJ11F9_render_front.jpg,1.05,0.593989021027352,1.3380885590688258
rand_EQZ9LQDRPO_render_front.jpg,1.0469400557533417,1.2,1.0
rand_O0FBWM1OK8_render_front.jpg,1.05,1.2,1.019427742995288
rand_QTDHLTWKQA_render_front.jpg,1.1216917002428426,1.2,1.0
rand_V38UWF905B_render_front.jpg,1.1960939886596351,1.2,1.0
rand_IMYA4L28OX_render_front.jpg,1.092057179103851,1.2,0.9090278896966748
rand_D3JA7F3WW6_render_front.jpg,1.0635371398856464,1.2,1.0
rand_I584LTYO1W_render_front.jpg,1.05,1.2,1.5909432595309174
rand_MY7I7FYH7G_render_front.jpg,1.05,1.2,1.170357525299285
rand_DZGRR5HJ2E_render_front.jpg,1.1674807221302754,1.2,1.505853939560005
rand_83B0M3Z1BI_render_front.jpg,1.1642292050305267,1.2,1.0547451795311016
rand_902U5GMH91_render_front.jpg,1.117685219651283,1.2,1.495002147521281
rand_YFKM41A3I6_render_front.jpg,1.05,1.2,1.0
rand_PTOOB55S8S_render_front.jpg,1.1286849682801663,1.2,1.0
rand_N71O3ABKJG_render_front.jpg,1.05,1.2,1.096583174656213
rand_EUOZ8KIFTB_render_front.jpg,1.2811882614940813,3.07656008596314,1.589271300348765
rand_GF6CJS3DUN_render_front.jpg,1.05,2.0434199561751694,1.036999207063601
rand_FYY8XX18NA_render_front.jpg,1.0739002868498395,1.2,0.9596818348397238
rand_QFOBXD5CZ9_render_front.jpg,1.1731419786913506,1.2,1.0
rand_W77A749UAF_render_front.jpg,1.2365044243561747,1.2,1.1350865183644565
rand_BE82AWC5Y8_render_front.jpg,1.0108874752715986,1.2,1.0
rand_FPS9LNRD8D_render_front.jpg,1.1922759019990699,1.2,1.495926389385944
rand_29Y6R278T5_render_front.jpg,1.2459064013081709,0.7300292397609425,1.0
rand_2A9V8WHFA1_render_front.jpg,1.08862420512077,1.2,0.8070345065610627
rand_L6N1QZ7TH2_render_front.jpg,1.2710343676914233,1.2,0.931953226576379
rand_5QICXEOM7K_render_front.jpg,1.063440729937356,0.6475777005253885,1.0
rand_WGNZBPP7M3_render_front.jpg,1.05,1.2,1.0
rand_38JJ3T92JE_render_front.jpg,1.05,1.2,1.2268194649874955
rand_I2FI8NRQ4U_render_front.jpg,1.05,1.2,1.0
rand_QHQP9X2O6Y_render_front.jpg,1.05,1.2,1.0
rand_PRLP0WL99V_render_front.jpg,1.0327864470965271,1.9886324064952465,1.4996665141342658
rand_4MXEUQR3KQ_render_front.jpg,1.05,1.2,0.965814107353467
rand_A4LUD9E16B_render_front.jpg,1.05,1.2,1.0
rand_SXG2UVBWTR_render_front.jpg,1.05,1.2798222243076496,1.0777009169292417
rand_4OHQ3DVBNC_render_front.jpg,1.05,1.2,1.4319917864942995
rand_MQPX4UPYCS_render_front.jpg,1.273610798580141,1.2,1.0
rand_C6OUYJXOR1_render_front.jpg,1.1374469033956212,1.1453727348389569,1.088624360098559
rand_FF1JV6MIGE_render_front.jpg,1.2966313973849375,2.980034954384639,1.0
rand_AVQH7YTC6B_render_front.jpg,1.056656852371635,1.2,1.073639924790767
rand_C9WM8Y1FBS_render_front.jpg,1.0611694770966227,0.5912919106575334,1.0450094692377914
rand_9RNJF7KZL4_render_front.jpg,1.05,1.2,1.5068597449278764
rand_CIOCVV6PEL_render_front.jpg,1.2152816735108134,0.8821089439719326,1.0
rand_RJYDKM6E7C_render_front.jpg,1.05,1.0511977598515525,0.7824793330860876
rand_3NO822RZCD_render_front.jpg,1.2098625282097821,2.624700456628757,1.0
rand_IDY53OL0FM_render_front.jpg,1.05,1.2,1.0
rand_GCTVHDRALY_render_front.jpg,1.1575274415783954,1.2,1.2974920563973802
rand_NRFU803UGF_render_front.jpg,1.05,1.2,1.0
rand_9UTCYVPGGQ_render_front.jpg,1.05,1.2,1.4473164814745703
rand_DGPO0097ND_render_front.jpg,1.1092206217408191,2.537597773533161,1.0
rand_LS6ILHGU43_render_front.jpg,1.2375209802669482,1.2,1.0
rand_B09W48EEKE_render_front.jpg,1.2888365438916387,1.2,1.2478570194270793
rand_5VWVL76KB4_render_front.jpg,1.0712947743660979,1.2,1.0
rand_K8YE9PZJ7Z_render_front.jpg,1.05,1.2,0.9155212222928013
rand_17N0KQPJOU_render_front.jpg,1.0088849042246397,1.2,0.9094045115130898
rand_MQ8ESSXST3_render_front.jpg,1.2588164498979761,1.2,1.0
rand_AIQ0Z2UC8J_render_front.jpg,1.1773227740032501,1.1142646457749974,1.0
rand_KCSQW5SP74_render_front.jpg,1.05,1.2,1.0
rand_XP74E3DMP4_render_front.jpg,1.2049229048209518,1.3836774819017421,1.455120245000706
rand_S160X7ARJW_render_front.jpg,1.1830570828644318,0.7256615613389616,0.8178905087628432
rand_9K70JJZVAT_render_front.jpg,1.05,1.2,1.0
rand_UWV0YA38KT_render_front.jpg,1.2920422201949056,1.2,1.0
rand_WS75DXZ4JK_render_front.jpg,1.2603100600379737,1.4486211387919532,1.0
rand_RBPOUG210R_render_front.jpg,1.05,0.962166389930729,1.0
rand_0OSTSX60RA_render_front.jpg,1.05,1.2,1.0
rand_TKQ5KIENCA_render_front.jpg,1.2310488847561436,1.2,0.9390683254914282
rand_IBL2Q0HKO5_render_front.jpg,1.05,1.2,1.0
rand_LMFITJL23O_render_front.jpg,1.05,0.9467665136683878,1.0
rand_CKOONBHNF6_render_front.jpg,1.05,1.2,0.7620812434001093
rand_MLVC36N3BY_render_front.jpg,1.028748722350548,1.2,1.0893458008556685
rand_EDZVWXMWKL_render_front.jpg,1.05,1.2,0.9147023735728947
rand_GB8D5EOGM9_render_front.jpg,1.05,1.2,1.0559801913351243
rand_QW92Y1YP2N_render_front.jpg,1.05,1.1682963864409797,1.0
rand_OQ916L9LUG_render_front.jpg,1.2983299010620601,1.2,1.0
rand_OZGAJZ2SRB_render_front.jpg,1.0042758254371762,1.681590081877824,1.0
rand_8Z5DRMXEQL_render_front.jpg,1.05,1.2,1.0
rand_QG2ARIBYVB_render_front.jpg,1.2633260323923234,1.2,0.7306749689069884
rand_2AIUX71P0X_render_front.jpg,1.05,1.2,1.0
rand_N0ORU55285_render_front.jpg,1.0444663563537815,1.2,1.0527091744164472
rand_19RWJ5YIME_render_front.jpg,1.2326575667036026,1.2,1.0
rand_0GPR6D7NVS_render_front.jpg,1.110343976735699,1.2,1.0
rand_Q8ZSC5FSVZ_render_front.jpg,1.1629541494673468,0.5650013303144658,1.0
rand_2P52NRFMH4_render_front.jpg,1.1014346489558235,1.2,1.5416312353746093
rand_M3ZBRIU5L8_render_front.jpg,1.129095920708147,1.2,1.0
rand_RNH0PRUZNE_render_front.jpg,1.2063951756577804,1.2,1.0
rand_QBXSWG9SBJ_render_front.jpg,1.05,1.2,1.0
rand_C9UX1TVDVP_render_front.jpg,1.1066755120471152,1.2,1.255231506356833
rand_XMB5YZI81O_render_front.jpg,1.05088107108477,1.2,1.0936417861479613
rand_6XAZFGC96Y_render_front.jpg,1.05,1.2,0.7982815728613517
rand_JRBEEUOFP0_render_front.jpg,1.152666363616218,1.2,1.0
rand_VQ75WR1VVJ_render_front.jpg,1.05,1.2,1.369956992811472
rand_6974LSKT0X_render_front.jpg,1.0089250489049628,1.3976073749757305,1.0
rand_JZ5CWNEL68_render_front.jpg,1.0253739466718272,1.2,1.424090345433072
rand_TX3MVHHBPJ_render_front.jpg,1.20054676777391,1.2,1.2046054006648608
rand_MMWCBWRD6X_render_front.jpg,1.2471266090160558,1.2,1.0
rand_WSNR0ZRBO0_render_front.jpg,1.05,1.2,1.0
rand_BNB5ENC6R4_render_front.jpg,1.05,3.4917706582160957,0.8735756031079976
rand_UKRKO1G7C6_render_front.jpg,1.05,1.2,1.266322299828647
rand_AH6RFCXBRK_render_front.jpg,1.05,1.2,1.0
rand_5O6X4Q03EU_render_front.jpg,1.05,1.7855295965362261,1.0
rand_B2SYT8RCNW_render_front.jpg,1.1429817346341564,1.2,1.4421361248637687
rand_L7I93QDK5P_render_front.jpg,1.05,1.2,1.1218879140618467
rand_J6PF7XVHON_render_front.jpg,1.05,1.2,1.3459307627455637
rand_IYZC7VYQGS_render_front.jpg,1.05,1.2,0.9611121666285545
rand_2V86DYDNBI_render_front.jpg,1.2485411337488515,1.2,0.9281030376206809
rand_VDFGLBPJLV_render_front.jpg,1.05,2.3495144683417237,0.9369475843043462
rand_HAQ9W2QRTJ_render_front.jpg,1.05,0.6512750937958639,1.0
rand_HVXRS34MT6_render_front.jpg,1.0676038932616776,1.2,1.0157916326017802
rand_SMTPOHZ70Z_render_front.jpg,1.134932154286946,1.2,1.0
rand_D7KCHV5DRA_render_front.jpg,1.1013580309734745,1.2,1.2220009351535648
rand_JLAJEHZC1L_render_front.jpg,1.0450535971385362,1.2,1.1241867265424959
rand_USBB4JPPH2_render_front.jpg,1.05,1.737027358576322,1.097151897407294
rand_W4Y9K3ALG8_render_front.jpg,1.1892209370274822,1.2,1.0
rand_DGF0JIBANG_render_front.jpg,1.05,1.2,1.0
rand_36BCSWBUBV_render_front.jpg,1.0548126472100128,1.2,1.0
rand_CSX4RS852J_render_front.jpg,1.0014859597209493,1.2,1.3885746027541512
rand_6EKIGTA34A_render_front.jpg,1.1658159821125769,1.2,1.0
rand_TIQFZSM9CC_render_front.jpg,1.105447993524603,1.2,1.0
rand_DQ7ODSMVHE_render_front.jpg,1.05,1.2,1.4272741913559877
rand_GHW4K2BQVE_render_front.jpg,1.05,1.2,1.2025944639285928
rand_YT98DW865N_render_front.jpg,1.05,2.0251374097444836,1.0779375996265381
rand_0BD28UCVO8_render_front.jpg,1.05,1.2,1.0
rand_2ZRIC1YOF9_render_front.jpg,1.0037140299949736,1.2,1.265392235458535
rand_MAEOHQW9LK_render_front.jpg,1.05,1.2,1.2406894620706237
rand_RMZPICI2GO_render_front.jpg,1.0154954120804982,1.2,1.0
rand_Q5URB8OOG1_render_front.jpg,1.1244222745563124,1.2,1.3510681202006927
rand_7DMID91LXI_render_front.jpg,1.05,1.2,0.9026133205260591
rand_6DCUK1D2AA_render_front.jpg,1.2311302162268674,1.4798353162931184,0.9115735077209575
rand_LKFIEH8LBI_render_front.jpg,1.2829119534345041,1.2,1.0
rand_U2CNXC6HJ9_render_front.jpg,1.05,0.6379982998023441,0.7947372838968163
rand_M2VPOLQPX7_render_front.jpg,1.05,1.2,1.0287854968604255
rand_1NPFUEAMU2_render_front.jpg,1.1284152771533293,1.2,1.2152323509646983
rand_8SW5ONTTX8_render_front.jpg,1.05,1.2,1.2512241092437069
rand_R7IWX2J87I_render_front.jpg,1.05,2.1905621913641657,1.3927689507961876
rand_H22NRRLWI9_render_front.jpg,1.1608048016678452,1.2,1.519222172940768
rand_49IR83NML5_render_front.jpg,1.0821282530408214,1.2,1.0
rand_OAGY32FCAK_render_front.jpg,1.0072882801925498,1.2,1.5757406011371584
rand_36HL6CAAQK_render_front.jpg,1.2098868469384971,2.165436667352422,1.0
rand_UQJIP3N2SA_render_front.jpg,1.05,1.2,0.9741033587834145
rand_C7SCEEAX2M_render_front.jpg,1.0918006791756538,1.2,1.0526196993733192
rand_NHS9KDGOIA_render_front.jpg,1.05,1.2,1.1206850483423954
rand_GMRJ0CSE2Z_render_front.jpg,1.2618771510999651,1.2,1.0
rand_GTI800X17E_render_front.jpg,1.178650592399426,2.6261695790136956,1.386157246799137
rand_F23BFMRLIX_render_front.jpg,1.05,1.2,0.8782359199031841
rand_0SADK4VW9I_render_front.jpg,1.05,1.2,1.0
rand_YP02R6S3D6_render_front.jpg,1.05,1.2,1.3541530264521415
rand_NG0OH0R7S6_render_front.jpg,1.05,0.7694056064251305,1.0
rand_WYFGTGAZKU_render_front.jpg,1.05,1.2,1.0
rand_PR93FDE4KK_render_front.jpg,1.05,1.2,0.7411450098491994
rand_N3LAC4FPW7_render_front.jpg,1.1280020571763962,1.2,0.9146538577310716
rand_ELF9117WP0_render_front.jpg,1.2593809605291013,1.2,1.0
rand_VCPGAYGSLW_render_front.jpg,1.1535384310034313,1.2,1.0
rand_31ASAOF21E_render_front.jpg,1.05,1.2,1.0
rand_L4CC81U0AO_render_front.jpg,1.05,1.2,1.401019993210918
rand_4XU66IWUGP_render_front.jpg,1.0917985130045988,1.1992967485994688,1.568179602871698
rand_OTXSWNGJIZ_render_front.jpg,1.2158286450632236,1.2,1.0
rand_SSX5RI858F_render_front.jpg,1.2330316987222518,1.2,0.9827672350612432
rand_83PI1NR5RG_render_front.jpg,1.2625007865597415,1.1200697278390936,1.01362658348325
rand_Y7ESFRY16Q_render_front.jpg,1.05,1.2,1.3522295259333832
rand_93OK562EG4_render_front.jpg,1.1105188202641039,1.2,1.165639851755743
rand_P7OM2A3C63_render_front.jpg,1.156449979476679,1.2,1.0
rand_TFZ2ZWBEGP_render_front.jpg,1.05,1.2,1.5772526570326453
rand_MAQSROI5CF_render_front.jpg,1.05,1.2,0.8082765702669691
rand_6587906WEZ_render_front.jpg,1.1212754917193921,1.2,1.343919862435939
rand_3N5WVY8S3H_render_front.jpg,1.2189796876856818,1.2,0.8957450657935109
rand_0LQ33XZVP8_render_front.jpg,1.2362059598126895,1.2,1.0
rand_3WS8419T98_render_front.jpg,1.05,1.2,1.0
rand_G34R8R2LK5_render_front.jpg,1.05,0.8198399419534844,1.0790871321049549
rand_5QD88EYPC4_render_front.jpg,1.039863548785974,1.2,1.4501515579988702
rand_7VZNQZMTEL_render_front.jpg,1.1349385012344324,1.057813565872971,1.0
rand_WTSZIGH4EP_render_front.jpg,1.1030138093335193,1.2,1.1036269815523143
rand_X8266IL14L_render_front.jpg,1.2353050563568186,1.2,1.0
rand_AH9IB2WFB3_render_front.jpg,1.05,1.2,1.3356756082384205
rand_CQUKOZPFRX_render_front.jpg,1.05,1.2,1.459757116662319
rand_ZAKBZVU5XQ_render_front.jpg,1.2542305893173844,1.2,1.0
rand_KJBWIIHIBI_render_front.jpg,1.2717168585874266,1.2,1.0
rand_COLT87AV88_render_front.jpg,1.05,1.2,1.32123079240812
rand_RYYOALW9XZ_render_front.jpg,1.05,1.2,1.4139748672280295
rand_LD64BTHQQM_render_front.jpg,1.0829235221519842,1.2,1.2611455673019212
rand_0UK9YYTMJ3_render_front.jpg,1.18605321351927,1.2,1.0
rand_0DSUJX1DET_render_front.jpg,1.0713266219591029,1.2,1.369299189455498
rand_OY6OKWYXXW_render_front.jpg,1.2731039668568465,1.2,1.0
rand_BEGJ9Q4BQZ_render_front.jpg,1.05,1.2,1.3663409986998465
rand_V1FE9PAVUO_render_front.jpg,1.05,1.2,1.358974698694325
rand_IHFZTWR67W_render_front.jpg,1.05,0.681068662905969,1.0
rand_C3I4ZRX9UN_render_front.jpg,1.05,2.196724465765084,1.0
rand_4E3U1JFXZ9_render_front.jpg,1.05,1.2,0.9689523325107202
rand_2H9N9MO6I7_render_front.jpg,1.0951735911327236,1.2,1.0
rand_X3240JAMXQ_render_front.jpg,1.05,1.2,1.0500701541173176
rand_01D103W0ZJ_render_front.jpg,1.05,0.9805058955274143,1.0
rand_J75GW0Y9NA_render_front.jpg,1.05,1.2,1.0
rand_8IAV30ZF07_render_front.jpg,1.0458316713638829,1.2,0.9640445760852807
rand_K0CD0E88BV_render_front.jpg,1.05,3.040071317384295,1.2315449973326018
rand_M6KUY8ZF6X_render_front.jpg,1.105143840973103,1.2,1.0
rand_A2OTJEBAXQ_render_front.jpg,1.1289827060738615,1.5354367375490687,1.4611008076185636
rand_9ZQH02XWZ0_render_front.jpg,1.017580218712748,1.2,1.0
rand_TKY89PUWW2_render_front.jpg,1.2931403437978497,1.2,1.0
rand_QWFY8WQ25A_render_front.jpg,1.233927737657526,1.6271596004189561,1.0480685547347777
rand_YNR99YKHOW_render_front.jpg,1.0735950958292366,1.2,1.1106578894273946
rand_X8N3OJEVGP_render_front.jpg,1.05,1.2,1.1522221476139225
rand_B7JEIU8DZU_render_front.jpg,1.05,1.2,0.9383136061662747
rand_TJVQEF67WG_render_front.jpg,1.2131843922723535,0.6636697525009435,1.0
rand_K4U2VI8HT7_render_front.jpg,1.05,1.2,1.0
rand_ZF0PXCB4JK_render_front.jpg,1.05,1.8617560550218581,1.0
rand_FBD0Z2KQUE_render_front.jpg,1.05,1.2,1.0
rand_DD4HP07OWX_render_front.jpg,1.05,2.656971269285523,1.0
rand_8C2RN1Z6C9_render_front.jpg,1.119357973363508,1.2,1.0
rand_1VQCVY3Y8F_render_front.jpg,1.05,3.4809851560488,1.0
rand_O4FZGMGAQP_render_front.jpg,1.0080049148854393,0.7582729144492916,1.0
rand_5EUWU7HX5E_render_front.jpg,1.05,1.2,1.4217126975081553
rand_5GSD1XUGAL_render_front.jpg,1.0684717936500354,1.5809322821375293,1.0
rand_3EKI1N6XTZ_render_front.jpg,1.1678203324855445,1.2,1.0
rand_7LB734LJE8_render_front.jpg,1.1116444050302225,1.132496014864001,1.0
rand_13Y1LHR2VW_render_front.jpg,1.0954081828183753,1.2,1.0
rand_UP7ODK1M0Q_render_front.jpg,1.0691176454506668,1.2,1.1463080515072144
rand_WEOPUOQO5T_render_front.jpg,1.05,0.5030709823120179,1.0
rand_VXIRCPV55U_render_front.jpg,1.05,1.2,1.1025804158084413
rand_7BQE4GBPHV_render_front.jpg,1.171071246335047,1.1729062769658163,0.7416464073702669
rand_RVLLKAK08U_render_front.jpg,1.202872080723618,1.2,1.0
rand_BLWA9S33FD_render_front.jpg,1.143858380970091,1.0211299854422524,0.8140048063056512
rand_YEXSJ41N6E_render_front.jpg,1.0167421015900369,1.2,0.7630157965460377
rand_MHQS6EZQ5C_render_front.jpg,1.05,1.2,1.322035589033943
rand_HE4SKR4GU5_render_front.jpg,1.05,2.812412166362885,1.2484823626014345
rand_1FD5WAL3V5_render_front.jpg,1.004738091966181,1.2,1.556255715972144
rand_9E7F8XWFC4_render_front.jpg,1.268578138293251,1.2,1.2936257733962173
rand_F5Q2BSXZWY_render_front.jpg,1.05,1.2,1.0
rand_1ERK7VFD1Y_render_front.jpg,1.0559266615972396,1.2,1.0
rand_DBOJL2KJM6_render_front.jpg,1.2931641767459878,1.2,0.9089426189089234
rand_T5CE7E208U_render_front.jpg,1.1123786482706965,1.2,1.0
rand_Y1130BMJIM_render_front.jpg,1.2083306563114857,1.2,0.8427342495515443
rand_40CI3UJ2GM_render_front.jpg,1.05,1.2,1.295970401950679
rand_4ZMOY9E6CL_render_front.jpg,1.0407287003928791,0.9937682649744661,1.2699158609832915
rand_T31LN4VGU0_render_front.jpg,1.05,1.2,1.2381584921887332
rand_7AHXILIYK3_render_front.jpg,1.12901416724369,1.2,1.501616800283574
rand_AVCZHE2UX0_render_front.jpg,1.245256595862806,1.2,1.5526030175032013
rand_J3OE4ZL4ZU_render_front.jpg,1.05,1.2,1.0
rand_CFTAXU501F_render_front.jpg,1.2096235625919844,0.9784081881022878,1.0692217627539589
rand_90GH84B1UQ_render_front.jpg,1.243957075664474,1.2,0.7962330992849991
rand_3RCC8J24C4_render_front.jpg,1.05,1.2,1.0
rand_8YIN4ZBX2H_render_front.jpg,1.0891790933019274,1.2,1.0
rand_QFHJH7UA3V_render_front.jpg,1.05,1.2,1.0
rand_X0AIAGNUU6_render_front.jpg,1.05,1.2,0.8399063922214554
rand_UYECJ7L8GA_render_front.jpg,1.1548315748843059,1.6823045787801112,1.0950193730319866
rand_A3YIJADOKC_render_front.jpg,1.05,2.234412377975165,1.0
rand_IGRL97Q7CB_render_front.jpg,1.014188327304447,1.2,1.2073412338255527
rand_GWV5W2CYCI_render_front.jpg,1.05,1.2,1.0
rand_4GO8JROK89_render_front.jpg,1.0357577662095308,1.2,1.0
rand_XV15HSWJVW_render_front.jpg,1.05,1.2,1.1478176484736566
rand_YCQYWZMJD8_render_front.jpg,1.05,1.2,1.0
rand_IGGPXM249O_render_front.jpg,1.264609657665833,1.2,1.0
rand_E131RI901F_render_front.jpg,1.2266236225355576,1.7808480569668146,1.0
rand_28TCTHHN3J_render_front.jpg,1.05,0.5364285292959213,1.0
rand_EG4F91WFKE_render_front.jpg,1.2552944449651826,1.2,1.0
rand_J20TL21681_render_front.jpg,1.2547334151848752,1.2,1.2314853921879543
rand_NN50E7GNVI_render_front.jpg,1.2110385905235144,0.6180749995162481,1.0
rand_B63GJ6NOB2_render_front.jpg,1.05,1.2,1.234168423544216
rand_CT5PEHJ898_render_front.jpg,1.0773093923826367,1.2,1.0
rand_2GFY4OSWZ9_render_front.jpg,1.1481111508347557,1.2,1.2170207864608846
rand_58WJSRF401_render_front.jpg,1.1644271014728496,1.2,1.28267289195677
rand_7VAFW5M1C2_render_front.jpg,1.0355573884009,0.6533647621758255,0.8667655081046943
rand_0QKLALTJRD_render_front.jpg,1.0514145519447642,1.2,1.0
rand_M2OAMCAU0M_render_front.jpg,1.0011467495803974,0.8617317818511719,1.463483101198423
rand_2M917LY5ZZ_render_front.jpg,1.05,1.2,0.7508904955259542
rand_F7GY0FEEZ8_render_front.jpg,1.192821033274408,1.2,1.0
rand_XUK4AUN2VI_render_front.jpg,1.05,0.576046104963368,1.0
rand_N2NZQ3G5K6_render_front.jpg,1.0390329612651645,1.2,1.2198778747242367
rand_H38TFKFX2K_render_front.jpg,1.2754160225467421,1.2,0.7384402705354138
rand_JZD0TO3PHI_render_front.jpg,1.05,1.2,1.0
rand_B8FNUM8EPS_render_front.jpg,1.05,1.2,1.035087892815338
rand_NZJOFD6030_render_front.jpg,1.2168412188055429,2.230489051896335,1.0
rand_6EW5PUR2OU_render_front.jpg,1.05,1.0037149136228463,1.5115294079833088
rand_8UY2MGU0WB_render_front.jpg,1.1777899025106016,1.2,1.0
rand_GMPZWOKTDT_render_front.jpg,1.2831689682257426,1.2,1.0345727245432366
rand_1W39DISV6F_render_front.jpg,1.200807591507129,1.2,1.4081141352602442
rand_NDPXFT23L2_render_front.jpg,1.05,0.5037256068131215,1.0
rand_OEKP0WZUVH_render_front.jpg,1.05,1.2,1.0
rand_PNBJWGINBT_render_front.jpg,1.05,1.2,1.0
rand_N8TGGQYMRL_render_front.jpg,1.05,1.2,1.2786186174846903
rand_HL5AQVFX9W_render_front.jpg,1.03895551535203,1.2,0.826618358812949
rand_CQSA9AMN7W_render_front.jpg,1.0864979812880928,1.2,1.0
rand_UOFR94362T_render_front.jpg,1.173565417866706,1.972357622477137,1.0
rand_5QXCUGHKZQ_render_front.jpg,1.096551253273797,1.2,1.0
rand_4N432EBXHD_render_front.jpg,1.0438970449036147,1.2,1.0
rand_1X4SGYDPQC_render_front.jpg,1.205654141009261,1.2,1.0
rand_3QKF33NDPW_render_front.jpg,1.0879973736507291,1.160634012676555,1.0
rand_O98WOBOZDN_render_front.jpg,1.05,1.2,1.5713020109983828
rand_NR6HGWAKV1_render_front.jpg,1.0384895740800455,1.2,1.202101610325663
rand_LQXUNU638I_render_front.jpg,1.05,1.2,1.079199084948556
rand_76QDPHDJ3I_render_front.jpg,1.05,1.2,1.0
rand_C9P0C9TG7W_render_front.jpg,1.2561957211412276,1.2,1.0
rand_53QD6WH0ST_render_front.jpg,1.05,1.2,1.0
rand_NF31FYNRTZ_render_front.jpg,1.05,1.2,1.0
rand_RN41QRRBZW_render_front.jpg,1.0370347711597034,1.2,1.373886436320301
rand_OROM0JC6LO_render_front.jpg,1.0102964339646596,1.2,1.0
rand_QP4Q8F6NNW_render_front.jpg,1.05,1.2,1.4691705576377787
rand_8HRCSKPKFF_render_front.jpg,1.05,1.2,1.3685729082443392
rand_54YOMNTM4Q_render_front.jpg,1.05,1.2,1.4908707807154862
rand_TSC0PMLWTK_render_front.jpg,1.0592422855930437,1.2,1.0
rand_GFPWR47HS4_render_front.jpg,1.05,0.6120533526944797,1.0
rand_QN2G4J7IPQ_render_front.jpg,1.05,1.2,1.149207925706365
rand_BIL9AWR1PC_render_front.jpg,1.05,1.2,0.8452599629327526
rand_2LUN1VZLYT_render_front.jpg,1.0793580306247794,1.2,1.0
rand_ZAFFDDVIR8_render_front.jpg,1.05,1.2,1.1420932876580625
rand_DO8STJ1J6J_render_front.jpg,1.05,0.7190826621048929,1.0
rand_FUWJERX7XG_render_front.jpg,1.2696998004725273,1.2,1.1245389595369988
rand_O8H78CZJIK_render_front.jpg,1.05,1.2,0.7922674747674916
rand_1EHUSGYR73_render_front.jpg,1.05,1.2,1.0
rand_GAXLYZ6NU6_render_front.jpg,1.05,1.2,1.0
rand_4ITDPJ0CQ5_render_front.jpg,1.0033875575783593,1.2,1.115087043503407
rand_5YA189KGQ4_render_front.jpg,1.05,1.1362059138398366,1.1498657679406235
rand_5UQT5D3GWQ_render_front.jpg,1.274733808459858,1.2,1.0
rand_6JYNJXWNIU_render_front.jpg,1.05,1.2,0.8671972818905023
rand_KXRH2Z0FTI_render_front.jpg,1.05,1.2,1.0
rand_W7UXE1PDML_render_front.jpg,1.1712083777619058,1.2,1.118719703853157
rand_A9ENE65UKC_render_front.jpg,1.1392129714751977,1.2,1.0
rand_F92GMBOUZ6_render_front.jpg,1.0727210587884903,0.8637236423334526,1.0
rand_8XWGCQRZCO_render_front.jpg,1.05,0.5631150977659215,1.0
rand_TLRJAVS56O_render_front.jpg,1.05,0.9492191286383271,0.9791040892149923
rand_O5C7Q0ZEYV_render_front.jpg,1.0807748326741973,1.2,0.8043281316760688
rand_TLSLI0YE7P_render_front.jpg,1.1916289190701383,1.2,1.0
rand_1SG75OZCBS_render_front.jpg,1.05,1.2,0.926144457534878
rand_IV1C25S7XT_render_front.jpg,1.172459782564905,1.2,1.3830720234451088
rand_YMZH4TLCTK_render_front.jpg,1.0181593703594636,1.2,0.7513338964592424
rand_5559ZCUI67_render_front.jpg,1.05,1.2,1.4337192619506436
rand_9YZ14T72UQ_render_front.jpg,1.2448708177380863,1.2,1.0
rand_SJGJP2EGEH_render_front.jpg,1.0092245656359566,1.2,1.0767047020166705
rand_PFBMCUDKM7_render_front.jpg,1.2427320646490299,1.2,0.871168067299177
rand_3UVF2GI9GN_render_front.jpg,1.05,1.2,0.8650906747751101
rand_XL39EH8C8R_render_front.jpg,1.1994909296731109,1.2,1.0
rand_J11PYF3UJD_render_front.jpg,1.0190778764885013,1.9905037450255887,1.0
rand_OEM8F2IJRC_render_front.jpg,1.05,1.2,0.9575745233592685
rand_XBCIPUQV8D_render_front.jpg,1.1562379300289851,1.2,1.0
rand_XVOBMJVBRU_render_front.jpg,1.05,0.9961777015431803,0.9565756713051339
rand_GPMED5M9KO_render_front.jpg,1.05,1.2,1.5277816072940194
rand_WB2A2EKVB4_render_front.jpg,1.05,1.2,1.4591813482925469
rand_0IO1V3IZIB_render_front.jpg,1.099061116654144,1.2,1.1426639628675161
rand_K0JTWL8WBN_render_front.jpg,1.158255552331274,1.2,1.503100621635969
rand_VZXENI74SY_render_front.jpg,1.05,1.2,1.0
rand_BLSDIYA6RY_render_front.jpg,1.05,1.2,1.0
rand_4RCQXGOIF9_render_front.jpg,1.1850849586219552,1.2,0.9938318435816711
rand_ZM0AKQ9CAS_render_front.jpg,1.0388669388971579,1.2,1.4910279487692946
rand_GEX2ZTL3T9_render_front.jpg,1.05,1.2,1.0
rand_BWS7OU8EU2_render_front.jpg,1.0920613723971908,1.2,1.0
rand_JZGXAQLW7N_render_front.jpg,1.022285093285472,1.0782294456038901,1.0
rand_R0VM0ZOVG9_render_front.jpg,1.05,1.2,1.0171600557280107
rand_F2E8PWBNYJ_render_front.jpg,1.05,1.2,1.0
rand_9MZBPOW45I_render_front.jpg,1.0370908531697551,1.2,1.0
rand_U0OQOD0CUK_render_front.jpg,1.05,1.2,0.7562719519715243
rand_9NF765SM6U_render_front.jpg,1.05,1.2,0.7423859569001925
rand_USFQWKDZ17_render_front.jpg,1.2384226328856394,1.2,0.9744393804846886
rand_4U9589HXZZ_render_front.jpg,1.1499046359816791,2.0045144415150236,1.0
rand_G81XBN148A_render_front.jpg,1.05,1.2,1.0
rand_2DTO226KCB_render_front.jpg,1.0849408699370164,1.2,1.0
rand_3JA35R39W3_render_front.jpg,1.05,1.2,1.3328408041772695
rand_XC9H6U9X6T_render_front.jpg,1.05,1.2,1.0
rand_OH7ZQM03BD_render_front.jpg,1.1414671777564553,1.2,1.0
rand_6VV3SE286L_render_front.jpg,1.1851725492885803,1.2,1.0218596168411136
rand_5UFQ1M4LGS_render_front.jpg,1.05,1.2,1.442855359957421
rand_JU07ILEDQK_render_front.jpg,1.05,1.0793287117856412,0.880868539455159
rand_QR3OQUDU4P_render_front.jpg,1.05,1.2,1.2554365434564208
rand_X3ZZSL33HC_render_front.jpg,1.05,1.2,1.06096257281444
rand_5EW92XF18A_render_front.jpg,1.05,1.2,1.491910109792045
rand_KTPXWVMD7V_render_front.jpg,1.0955628779953486,1.3971738338851218,1.4347286822790852
rand_6EMVS2569O_render_front.jpg,1.239730058657467,1.2,1.0
rand_X9SNDZXUHB_render_front.jpg,1.2644593779723785,1.2,1.2786424066799533
rand_HH9UX35WU5_render_front.jpg,1.1452278208531872,0.513153631845365,1.0
rand_59ALBWGAYZ_render_front.jpg,1.05,1.2,1.3985002194337328
rand_FR6G4G29Z1_render_front.jpg,1.0354072443347213,1.2,1.0
rand_1BJ76QX4NX_render_front.jpg,1.2041359606005277,1.2,1.0
rand_RYTF24XJFY_render_front.jpg,1.05,1.2,1.0742751669301351
rand_X6I56MOYCD_render_front.jpg,1.05,1.2,1.427458916685481
rand_DR0T0VPEXY_render_front.jpg,1.1397200298808223,3.405487841500481,1.0794822614989146
rand_VOZHKWZIDT_render_front.jpg,1.1076054287220072,1.2,1.0
rand_7AHSNG1HH7_render_front.jpg,1.05,1.2,1.0363735589884562
rand_XUQZABOU2G_render_front.jpg,1.05,1.2,0.9133779581000379
rand_KHS33MKVCM_render_front.jpg,1.05,1.2,1.4144816785303456
rand_R835GNJQCI_render_front.jpg,1.2228850038636538,1.5086203461705159,1.2120381033508667
rand_Y70HY0PAT4_render_front.jpg,1.207707735955457,1.2,1.5368986755567973
rand_EYY1J5B73E_render_front.jpg,1.05,1.2,1.0232513718470693
rand_MXFYP6XAVP_render_front.jpg,1.0181928641734623,1.2,1.0
rand_G6EKRQ1D73_render_front.jpg,1.163109188583754,1.2,1.0
rand_QPBBKML83C_render_front.jpg,1.1145110716415718,0.8276736464354619,1.0
rand_XLH6TSUX84_render_front.jpg,1.0207491743788184,1.1499240292435378,1.0
rand_IWTFPQBDWU_render_front.jpg,1.1237552709227607,1.2,1.0
rand_69DBMTU8C2_render_front.jpg,1.0556652992071487,1.2,1.190312646642145
rand_AVI70X505O_render_front.jpg,1.05,1.2,1.3625440425101187
rand_63PFHMQZI4_render_front.jpg,1.05,1.2,1.2905297428032796
rand_Y4Z82I8OHH_render_front.jpg,1.0727777683263016,1.2,1.5938785810078298
rand_S4JIFTBQC8_render_front.jpg,1.0352996757514943,1.2,1.0
rand_NYU147FNW8_render_front.jpg,1.05,1.2,1.5870670700015415
rand_SKREYVAG4D_render_front.jpg,1.05,1.2,1.0
rand_8XXMSSIB7Q_render_front.jpg,1.1334183403576927,1.2,0.8392210699254086
rand_LIUSZPPVPI_render_front.jpg,1.0128037641613956,1.2,1.0
rand_4KYIJAC3HZ_render_front.jpg,1.05,1.2,1.0
rand_IYXACC94AE_render_front.jpg,1.1484099357767805,1.2,0.8373717122830112
rand_TCD1BS0CBR_render_front.jpg,1.05,1.2,1.13506251627376
rand_FX0KZJUDDL_render_front.jpg,1.145446667450794,1.2,0.9617023488270412
rand_BZ4PA90D3P_render_front.jpg,1.05,1.2,1.0
rand_1EWVJH4LCK_render_front.jpg,1.05,1.2,1.0
rand_D7X0X7F0F2_render_front.jpg,1.0157399172296655,1.2,1.0
rand_ND0X7E0BQW_render_front.jpg,1.1016068235057115,1.2,0.9631399362423438
rand_XIALG7FNMT_render_front.jpg,1.2620347755400334,0.7753264931005677,0.7850377389281383
rand_EZCSCXZ0SH_render_front.jpg,1.0918438106015607,0.7589288808861431,1.3840781569872957
rand_YQO7RSQ9ZX_render_front.jpg,1.203480924820747,1.2,1.0
rand_0WZDTSY8BE_render_front.jpg,1.0573705878447566,0.9560191953174489,1.0
rand_O3YS0OODHR_render_front.jpg,1.0267938111762542,1.2,1.0
rand_8CI4BKALGP_render_front.jpg,1.071137038974103,1.1749401463407678,1.4395872143504775
rand_934FZKK14I_render_front.jpg,1.1832749103624167,3.369219707425823,0.8122069783472894
rand_RIU4GGNHS1_render_front.jpg,1.05,0.6349861234088316,1.161142879281918
rand_GDJTGIR2WL_render_front.jpg,1.1690891861585084,1.6304517481414371,1.0
rand_EUQVO5PTST_render_front.jpg,1.05,1.2,1.0
rand_CAOJJHAI76_render_front.jpg,1.2182246963625998,1.2,1.0
rand_1MQJR75Q15_render_front.jpg,1.05,1.2,1.1885713663961668
rand_Z202IKS4A6_render_front.jpg,1.05,1.2,1.0
rand_TXGZ4CAXAN_render_front.jpg,1.05,1.2,1.452652518330411
rand_YKC03IRR6D_render_front.jpg,1.05,1.3026107995438263,0.7257844818461797
rand_HPTXVNPQIL_render_front.jpg,1.0074445914903838,1.2,1.0
rand_16W8ARYM6G_render_front.jpg,1.05,1.2,1.176498483837983
rand_HYPOLTH799_render_front.jpg,1.204221000783059,1.2,1.4352754291848504
rand_T7Q4NJ0QN7_render_front.jpg,1.05,1.2,1.5908933061096249
rand_5TE8ADWHWF_render_front.jpg,1.0066603614038254,1.2,1.2572708015243643
rand_MTUQYXJ2VR_render_front.jpg,1.136005236807405,1.2,1.1370820050734247
rand_U3F8W5TX3O_render_front.jpg,1.023267502286165,1.2,0.8185316991096631
rand_4J7HKDTEJN_render_front.jpg,1.05,1.2,1.1568705026504615
rand_FV9PC32YOV_render_front.jpg,1.05,1.2,1.0
rand_URO885VTBY_render_front.jpg,1.05,1.2,1.2127995016819364
rand_WUCGU5J01Y_render_front.jpg,1.05,1.2,1.0
rand_XG43N73N52_render_front.jpg,1.05,0.9905574025239108,1.0
rand_2LHZPWI6HZ_render_front.jpg,1.157523285174451,1.2,1.3495844423345527
rand_3VDHQTT7CP_render_front.jpg,1.05,1.2,1.0
rand_F9NVBTGP4F_render_front.jpg,1.2418509631147094,1.2,1.0
rand_ROP8FNV1FA_render_front.jpg,1.0413255935198977,1.2,1.0
rand_RTSKY23880_render_front.jpg,1.2963885495726606,2.1364727250251843,1.0
rand_WDZVG2VI1X_render_front.jpg,1.140510056171972,1.2,1.3237030244006507
rand_7TN4B9F2PR_render_front.jpg,1.05,1.2,1.238790803872261
rand_1E57OJZ96D_render_front.jpg,1.0728825194605633,1.2,0.8819820800883564
rand_3B4RG0DR59_render_front.jpg,1.0297676162695932,0.9596963455780366,1.0
rand_65THU9GZHR_render_front.jpg,1.1839618316015181,0.5765864824136863,1.0
rand_2I2SLU872U_render_front.jpg,1.0592725378634251,1.2,0.8843962641254831
rand_F1QCRYL0KQ_render_front.jpg,1.05,1.2,0.9486142015926645
rand_DMOR64JOXG_render_front.jpg,1.05,0.934619096035001,1.0
rand_9Q3W75QXRE_render_front.jpg,1.0398469705931217,1.2,1.0
rand_TRFG00F4YV_render_front.jpg,1.05,1.2,1.0
rand_Q5YJT4B1L7_render_front.jpg,1.264177109767633,1.2,0.9225497224043382
rand_BD9JT3C7RS_render_front.jpg,1.0897239606807652,1.2,0.9549695684039682
rand_4EMV0UTFS9_render_front.jpg,1.2059903574498303,1.2,1.0
rand_YMG4OPKRGO_render_front.jpg,1.199465113429277,1.2,1.0
rand_45AD7EWMGP_render_front.jpg,1.134497590385993,1.2,1.0
rand_JGUQXXMDLU_render_front.jpg,1.178744979733717,1.2,1.0
rand_OJOOSVQIRG_render_front.jpg,1.0941699199853372,1.2,1.0
rand_4OMS1TCSOT_render_front.jpg,1.2247562005396495,1.2,1.1452763770176777
rand_XHVY3HH5YK_render_front.jpg,1.1445275456610173,1.2,0.8528729540818092
rand_1XGYTK3QMJ_render_front.jpg,1.05,1.2,1.0
rand_KMDJU9P3I4_render_front.jpg,1.05,1.2,1.0
rand_31YB7VVAYG_render_front.jpg,1.109945531937997,1.2,1.0
rand_5U66A3MI7S_render_front.jpg,1.0185374058953862,1.2,1.3926191702942103
rand_3UPLKH59YW_render_front.jpg,1.1154777805179477,1.2,0.8943576781887425
rand_SA6F4FLN7H_render_front.jpg,1.1275768485839202,1.2,1.0
rand_MI6G3F9VLE_render_front.jpg,1.05,1.2,1.3859562207154128
rand_G9EH7UO6PC_render_front.jpg,1.0039553681563869,2.956391810641548,0.9260760546813471
rand_X4YUTEC5CQ_render_front.jpg,1.05,1.2,1.124816437758715
rand_N0G98OEUET_render_front.jpg,1.0690410786892866,1.2,1.0
rand_L43M62UU5M_render_front.jpg,1.0215178374717078,1.2,1.0
rand_OTDGD7CH7P_render_front.jpg,1.1924541527202024,1.2,1.3547818836763712
rand_2J5ZCIYU9N_render_front.jpg,1.05,1.2,1.0
rand_5O73X5BYGW_render_front.jpg,1.05,1.2,0.9951743552655714
rand_HDI354Q4GJ_render_front.jpg,1.05,1.2,1.1733945615747023
rand_1NYTRRWAKM_render_front.jpg,1.225884004725545,1.2,1.0
rand_RK9EBKZ4EB_render_front.jpg,1.1955087837677874,1.2,1.0006109338493858
rand_WBA0T686MQ_render_front.jpg,1.05,1.2,0.9244579591198616
rand_6CZHC8LYFK_render_front.jpg,1.162046921236891,1.2,0.7772156544548481
rand_HYOGB0AVEO_render_front.jpg,1.038806827283932,1.2,1.0
rand_MN0FOOOXB4_render_front.jpg,1.1332938646837751,1.2,1.3590767136185096
rand_NAMI2BXXHH_render_front.jpg,1.05,1.2,1.0417469868433373
rand_W683GQS73E_render_front.jpg,1.114110741763875,0.6838548165751281,0.7197512797531102
rand_2NCWQSDFIY_render_front.jpg,1.1862641453359628,1.2,0.7114020609961634
rand_XK2M5LBGYX_render_front.jpg,1.2441465006861168,1.306698763056711,0.9094849796508968
rand_SNDZ0G8KBN_render_front.jpg,1.05,1.2,1.0
rand_M1GT0AAVVT_render_front.jpg,1.05,1.2,1.467259370263978
rand_AMDWGPC9IR_render_front.jpg,1.1180928033628335,1.2,1.2491256467942395
rand_RDUKXJG5DC_render_front.jpg,1.2090420812695608,1.2,1.0509436618263845
rand_UQBCU8HNV4_render_front.jpg,1.0525410145819847,1.2,1.0
rand_OLZIA2CR76_render_front.jpg,1.0266428629183353,0.5097148566524289,0.9812336079531264
rand_A4YEIY8KEO_render_front.jpg,1.1528030751585325,1.2,1.0
rand_2Q97QUE8QG_render_front.jpg,1.1761923548001085,1.2,1.0
rand_6M7WZA6ND1_render_front.jpg,1.05,1.2,1.5870026526150034
rand_2Y7GEPKX1H_render_front.jpg,1.05,1.2,0.9739850874417354
rand_O7FNUDXPAD_render_front.jpg,1.05,1.2,1.3457567739285967
rand_2VXT84EGA1_render_front.jpg,1.2207118556044414,1.2,1.0
rand_QEZWLQLDOU_render_front.jpg,1.05,1.2,1.0
rand_NK4RFVHN13_render_front.jpg,1.05,1.2,1.0
rand_XG9DK763MO_render_front.jpg,1.189487401905366,1.2,1.1866813442229696
rand_6J4GAWQW9G_render_front.jpg,1.0779845225965747,1.2,1.589296729700391
rand_62K92YWQU3_render_front.jpg,1.0205479690149255,1.2,1.2983215571566202
rand_HDZKVIRQL5_render_front.jpg,1.05,1.2,0.7712935475476034
rand_F234OK9CDN_render_front.jpg,1.05,1.2,1.0
rand_CRH2YKQWG4_render_front.jpg,1.05,1.2,1.0
rand_FXNNCDA6CI_render_front.jpg,1.05,1.2,1.1099511705235883
rand_LGZCW8YYRN_render_front.jpg,1.05,1.8991073605879196,1.3666022428695195
rand_WF95IB13WK_render_front.jpg,1.1761233969887785,1.2,1.0
rand_YD2H9RTL5N_render_front.jpg,1.2993382996206757,1.2,1.0
rand_XRDBWOTOU6_render_front.jpg,1.05,1.9329284404254554,1.2062355285124127
rand_A0G1ABE1SV_render_front.jpg,1.0356769143067,1.2,1.1711074960529457
rand_OC6D5GZU5A_render_front.jpg,1.05,1.2,1.0
rand_UVYV9OGQEL_render_front.jpg,1.05,1.2,1.5745666610794475
rand_I0D6Z1OLKC_render_front.jpg,1.05,0.9117827297012325,1.1991558590011007
rand_JQ9XMYPU1B_render_front.jpg,1.05,2.8495923397061427,0.7995435644187107
rand_EL0R0RPLEN_render_front.jpg,1.05,1.2,1.0
rand_TNCTZV7X46_render_front.jpg,1.05,1.2,1.1943512421205955
rand_6130G2A3QF_render_front.jpg,1.05,1.218593798192374,1.0425939520565628
rand_8LWFZRL5QB_render_front.jpg,1.05,3.107972999355294,1.0
rand_G4BVSVEQ78_render_front.jpg,1.2862295600075282,1.2,1.3404218316277654
rand_6125D60EDP_render_front.jpg,1.05,1.0095653787523027,1.4437689269965726
rand_I1I0FLOLLG_render_front.jpg,1.1122943133428174,1.2,1.0
rand_1QBX81UFGA_render_front.jpg,1.05,1.0170813708110953,1.0
rand_YUY58KFPNF_render_front.jpg,1.05,1.2,1.0
rand_FBKDRF90DP_render_front.jpg,1.05,1.2,1.0
rand_AQUMCXHMO5_render_front.jpg,1.05,1.2,1.0
rand_OO6M9ABMC0_render_front.jpg,1.05,1.2,1.0
rand_1206DKC5IN_render_front.jpg,1.05,1.2,0.857784267151436
rand_H2EEG8H3GC_render_front.jpg,1.1554045241067417,1.2,1.0262168310533402
rand_RJTQHUAI26_render_front.jpg,1.1687195229288845,1.5986800187612666,1.3753178432412378
rand_300PM233IZ_render_front.jpg,1.1130412219986607,1.2,1.0
rand_LE5V6ME4R4_render_front.jpg,1.048426423930924,1.2,1.0
rand_H7J8JJF77V_render_front.jpg,1.036615516100041,1.2,0.8648707476102064
rand_V3GSKZFLF3_render_front.jpg,1.05,1.2,1.0745748939902586
rand_GZ2LR4R67S_render_front.jpg,1.296058138743914,0.6699865529263823,0.7969375236236803
rand_0AYSPSNK8T_render_front.jpg,1.0116291975774547,1.2,1.0
rand_BKHK8VIJR7_render_front.jpg,1.1573049903283816,1.2,1.0
rand_WK48V591Q9_render_front.jpg,1.165286411931218,1.2,1.0
rand_QP64VZ1AT2_render_front.jpg,1.05,1.2,1.5132536488783925
rand_5QAGF6FMUC_render_front.jpg,1.0456089524597147,3.0390572833197145,1.0
rand_PS9I7ME5DV_render_front.jpg,1.0533399070854368,1.2,1.0873167284921799
rand_RKBSHVXSWD_render_front.jpg,1.05,1.2,1.3559626446476787
rand_16P94TSNVE_render_front.jpg,1.2686665095519074,1.2,1.0
rand_X90MPK9FPK_render_front.jpg,1.05,1.2,1.0
rand_A151NL2VGI_render_front.jpg,1.0784601064033543,1.2,0.7616696457317137
rand_TIIFQ98QS4_render_front.jpg,1.1406411754331207,1.8221739291890362,1.0
rand_0PKJZ47Y56_render_front.jpg,1.0544740786255047,1.2,0.9612999402837775
rand_N7079IV8BF_render_front.jpg,1.1536150764238549,2.624315018958533,1.0
rand_K1BYW1NCGL_render_front.jpg,1.1855762738129294,1.2,0.7333564639145689
rand_RZN2PW02QP_render_front.jpg,1.05,1.174502780997417,1.007206948646319
rand_TR0T9TKMJQ_render_front.jpg,1.2358635074122049,1.2,1.0
rand_GKTOB9G7HE_render_front.jpg,1.05,1.2,1.1624476787692297
rand_AFD6PZVTJD_render_front.jpg,1.1418546896949053,0.98294538673304,1.0
rand_56DHQSF4PV_render_front.jpg,1.1111707318607582,1.0558189638742237,1.0400178070484885
rand_TLI1DSTSJC_render_front.jpg,1.05,1.2,1.3776218214464837
rand_59GP8HRFAY_render_front.jpg,1.1538832513550792,1.2,0.8978809512742542
rand_6EOES887F3_render_front.jpg,1.121528597519592,1.2,0.8247806822091959
rand_F06AAN66A6_render_front.jpg,1.05,1.2,1.0
rand_8XZU4JNH5W_render_front.jpg,1.1154508851372935,1.2,1.0
rand_M3QPPI6U2V_render_front.jpg,1.05,1.2,0.947095895041699
rand_EXZ643SOW9_render_front.jpg,1.05,1.2,1.0
rand_TRCKGCRVZU_render_front.jpg,1.0654794542779482,0.6471350675597138,0.8557587781219422
rand_59Z5DQSN4B_render_front.jpg,1.05,1.2,1.1377956245395686
rand_OKRMCG84LX_render_front.jpg,1.1531170003824571,1.2,1.0
rand_1ATXP6ENDE_render_front.jpg,1.2110302032091906,1.2,0.8754689992027748
rand_8CBI2P6WO2_render_front.jpg,1.05,0.6317447781297663,1.4265239099367293
rand_9AAYIPZVJW_render_front.jpg,1.208681419640485,1.9954484794990857,0.8087946933034302
rand_O006OLUBHT_render_front.jpg,1.1012541571269983,1.2,1.0
rand_JIOCNJ52UB_render_front.jpg,1.1524040606286463,1.2,1.3662874773291787
rand_D2PN22UUZW_render_front.jpg,1.05,0.6693720903153959,1.2599950338457242
rand_R19OHQZ77W_render_front.jpg,1.05,1.2,1.0
rand_1A98PWZDY3_render_front.jpg,1.05,1.2,1.0203756039494463
rand_JTHPXEYOLV_render_front.jpg,1.05,1.2,1.1913535524499874
rand_CSRT1CSXVB_render_front.jpg,1.05,1.2,1.3167801072119127
rand_MN7SOBU1FF_render_front.jpg,1.233767345841302,1.2,1.0
rand_FTC5VGB3HU_render_front.jpg,1.1285345015011952,1.2,1.0
rand_1ESK65WTJJ_render_front.jpg,1.0201800804435623,1.02991814927067,1.138340788346837
rand_07IG4IYLOM_render_front.jpg,1.05,1.2,1.0
rand_HD15BLII8V_render_front.jpg,1.05,1.2,1.2607107497135328
rand_MPV0MZJMX7_render_front.jpg,1.10843775567617,1.2,1.0
rand_TBFAFQ4KQZ_render_front.jpg,1.05,1.2,1.064592246594883
rand_M5JTBHT406_render_front.jpg,1.0556806508269627,1.0411998708673469,1.0
rand_TCFZHDRKNH_render_front.jpg,1.0612551293924768,1.2,1.5269530788757195
rand_EQLO4M66U2_render_front.jpg,1.05,1.2,0.7614417850420061
rand_SZIVWZ6GYM_render_front.jpg,1.0870365680673044,1.2,1.0
rand_29MEJDNOTB_render_front.jpg,1.0884090176766499,1.2,1.0
rand_KVU56ONE7Z_render_front.jpg,1.1740819117201986,1.2,1.0
rand_7UAB6G31DS_render_front.jpg,1.05,1.2,1.2211118531154042
rand_9AMGIX80X1_render_front.jpg,1.0896612909875152,1.2,1.0
rand_TP509NDQAM_render_front.jpg,1.05,1.2,1.216773373287416
rand_XVTUUI3Q75_render_front.jpg,1.05,1.2,0.8984545499597837
rand_MXGCN1VEE0_render_front.jpg,1.05,1.2,1.225874791323631
rand_PKWIYHCKB9_render_front.jpg,1.05,1.2,1.0
rand_1JGSONFALQ_render_front.jpg,1.1786984869903476,2.065094356861522,1.4981255637706505
rand_7IONKCU1M6_render_front.jpg,1.056751955116813,0.6354369562680735,1.2393899060383906
rand_GU6PIBSSU6_render_front.jpg,1.015674058652654,1.2,1.0
rand_O65KWA3LVQ_render_front.jpg,1.0022818888667382,1.2,1.0
rand_DXJS62ROX5_render_front.jpg,1.1239305528764816,1.2,1.0
rand_N9VE386MEE_render_front.jpg,1.05,1.2,1.4726130136643065
rand_R6OX3KNOAY_render_front.jpg,1.05,1.2,1.0
rand_JSXI1TUD7U_render_front.jpg,1.05,1.9349688802023506,1.3906465141110953
rand_W7OC13S2S5_render_front.jpg,1.116779455426786,1.2,1.237442540192626
rand_XPNYP27SO3_render_front.jpg,1.1856135202375575,0.6271300748561998,0.96832462204637
rand_XKWOLUKU3C_render_front.jpg,1.0830889081552635,1.2,1.4573784920628055
rand_BHGLSSZR9M_render_front.jpg,1.034823418097176,1.2,0.9929263662888742
rand_WIOEOBB0ZX_render_front.jpg,1.1418655579032502,1.2,1.1181732193556462
rand_AHRT3669JS_render_front.jpg,1.0556960826941488,1.2,1.0
rand_ZH0ZZ5KC2W_render_front.jpg,1.05,1.2,1.441232352583847
rand_1D1BTZPQ0O_render_front.jpg,1.05,1.2,0.8234002559188107
rand_09V9CIFX5E_render_front.jpg,1.05,1.2,1.0
rand_PCLIIBCZBY_render_front.jpg,1.05,0.9791847624949611,1.2005182451226992
rand_QX4GY6QHYA_render_front.jpg,1.0699924775973746,1.2,1.0
rand_KPP9V65447_render_front.jpg,1.2411908494090065,1.2,1.0
rand_E4MQ6P9HPF_render_front.jpg,1.05,2.701600435947386,0.8736449049691302
rand_G8AF7LEVND_render_front.jpg,1.05,1.2,1.0072922303385123
rand_7LUZ70LAA6_render_front.jpg,1.2965244174175994,0.8928585848742868,1.0
rand_D4WTYT0XBE_render_front.jpg,1.0939673665073244,1.2,1.0
rand_L5WTA8WF04_render_front.jpg,1.2623997027012694,1.2,1.0
rand_UARHFOIU16_render_front.jpg,1.05,1.2,1.1397650988214219
rand_OGR5A7L3I6_render_front.jpg,1.2452133289403478,1.790662713722343,0.8911103172353948
rand_3SA4C3I2T2_render_front.jpg,1.05,2.0288245938018403,1.0
rand_KX293XU7R5_render_front.jpg,1.235047812191048,1.1549512852326211,1.0
rand_H2T31DERVL_render_front.jpg,1.139946112480573,1.2,1.0647749280675216
rand_N73R95VMXK_render_front.jpg,1.2246297879245511,1.2,1.061565423383974
rand_HK3ODWJ1GX_render_front.jpg,1.2161200318175276,1.2,1.0447932021032624
rand_RA9A5S1WGU_render_front.jpg,1.05,1.5105443638497331,0.846822232753472
rand_C300F8WXY7_render_front.jpg,1.0462092400859557,1.2,1.2239849682253265
rand_SA0FZ4AS3E_render_front.jpg,1.2641382098125742,1.2,1.0781885044910364
rand_300RQKIRSI_render_front.jpg,1.05,1.2,1.0
rand_QYLA7ZOL17_render_front.jpg,1.2299615477376482,1.2,1.0
rand_Z3UWFOG5YV_render_front.jpg,1.0141705152703178,1.2,0.8332186821794157
rand_QRHGBRAYQR_render_front.jpg,1.05,1.0197307792033208,1.0574798712078464
rand_II1S6XOT2L_render_front.jpg,1.2871665301112671,1.2,1.0
rand_QUG1QX0WXB_render_front.jpg,1.0997856523586833,1.1047058931514817,1.0
rand_MNBRHM8GQJ_render_front.jpg,1.0682575036412711,1.2,1.3132867342215393
rand_RGZQXQ7QGL_render_front.jpg,1.05,2.4585049256860363,1.0
rand_40XADERA69_render_front.jpg,1.0885786113797515,1.2,1.0
rand_KVGVAULZD2_render_front.jpg,1.109639450579202,1.2,0.9798729572989541
rand_ZM8OPWXNM2_render_front.jpg,1.05,1.2,1.0
rand_KN6A3O334C_render_front.jpg,1.05,2.4239435161142224,1.5963814588836986
rand_MRW9Z4EVDB_render_front.jpg,1.164765107963592,0.9800988461985504,0.8057110400188361
rand_XIQT5TJKBY_render_front.jpg,1.05,0.7368884402188906,1.0195093124981072
rand_9LWNY0BPOA_render_front.jpg,1.0887455963345487,1.2,1.0
rand_5KSTS3T7HS_render_front.jpg,1.0311106949042121,1.2,1.248330684618661
rand_O6OD53HXL2_render_front.jpg,1.05,1.2,1.4904888861866816
rand_QZJ77SMFPF_render_front.jpg,1.2473517491920074,1.2,1.0
rand_3EB8RXSAXH_render_front.jpg,1.05,2.5473360204144497,0.9758995193063402
rand_YKRE4BWRM8_render_front.jpg,1.1253586861210376,1.2,1.0
rand_YFRFYL5K1X_render_front.jpg,1.20066039160231,1.2,1.0
rand_H7SB2JUQZ0_render_front.jpg,1.185221076059213,0.865353153198514,1.0
rand_UPMT1VC01N_render_front.jpg,1.106190850674489,1.2,1.2566154930922298
rand_SCUDF6YY0X_render_front.jpg,1.0379361067705979,1.2,1.0594014506598048
rand_BS8VEX2YHH_render_front.jpg,1.1091483534029623,1.2,1.4274791287511137
rand_CQAG8P44C4_render_front.jpg,1.05,1.2,1.542511108225284
rand_I4WP3RT43T_render_front.jpg,1.1664391978343522,1.2,0.9962167633056476
rand_VYU8GXTXFA_render_front.jpg,1.05,1.2,1.0
rand_6U5A609SEB_render_front.jpg,1.1481849075309072,1.2,1.1018687209776938
rand_UZJ4ZWENHC_render_front.jpg,1.05,1.2,1.0
rand_32P2DPOITL_render_front.jpg,1.05,1.2,1.0
rand_JTXLAIOW77_render_front.jpg,1.0739636406720885,1.2,1.0
rand_W1URZWW7RP_render_front.jpg,1.160599070390392,2.4335991738098266,1.0
rand_940XB43OZ1_render_front.jpg,1.05,1.2,1.5732958508883272
rand_USZJ1ND9FY_render_front.jpg,1.05,1.2,1.403418636448308
rand_FCD5ECIZ1Q_render_front.jpg,1.05,1.2,0.8464284801722861
rand_6NQKH6X3TL_render_front.jpg,1.1113410651230966,1.2,1.15071452719036
rand_4DCRYNO8CD_render_front.jpg,1.05,1.2,1.0
rand_HBWLC4QFH2_render_front.jpg,1.194512868285506,1.2,1.0
rand_L4I3VQVJ79_render_front.jpg,1.05,1.2,1.2698481036673317
rand_8ADAX4ESII_render_front.jpg,1.05,1.2,0.9716444074946355
rand_42YY8R4WMG_render_front.jpg,1.0091290897715377,1.2,1.0150548754502793
rand_5EAGAP6F1Y_render_front.jpg,1.05,1.2,1.0
rand_8XNSZGK39J_render_front.jpg,1.05,1.2,1.4869371552113115
rand_403GMNPYUR_render_front.jpg,1.05,1.2,0.8761434433803418
rand_4YKMCOJ1KA_render_front.jpg,1.030098824194729,1.2,1.4656661449691648
rand_QS91FSZI7Q_render_front.jpg,1.11288983143325,1.2,1.0474736203187074
rand_AYDHRKE416_render_front.jpg,1.05,1.2,1.0
rand_XICCG92VO6_render_front.jpg,1.05,1.2,1.4552461824172553
rand_TD1NMQCD1K_render_front.jpg,1.105057752401301,1.2,1.0
rand_U3Z73ZK426_render_front.jpg,1.2770843507811096,1.2,1.0
rand_JAW3OHEBR5_render_front.jpg,1.05,1.2,1.0
rand_7M1B3G6YLZ_render_front.jpg,1.0874407560621349,1.2,1.0
rand_CEYG2YGGVN_render_front.jpg,1.0732926376152214,1.2,1.0871704144274716
rand_9NTG375JGI_render_front.jpg,1.0250847743593163,1.2,1.098122872731774
rand_TSRX0JYPFD_render_front.jpg,1.05,1.2,1.165927428519181
rand_MA0N52C3G9_render_front.jpg,1.0761659754844373,1.2,0.9021823296563511
rand_YZ4BQ4LK6T_render_front.jpg,1.05,1.2,0.8157634670008918
rand_E7OPCE192C_render_front.jpg,1.1939040205662832,1.2,1.5898393824540775
rand_HYKYHF8PEU_render_front.jpg,1.0613210667456423,1.2,1.0
rand_87SOTZ54MI_render_front.jpg,1.2877001969400044,1.2,1.1875377292146712
rand_M6OYIPQS6V_render_front.jpg,1.0858428449750468,1.2,0.7551401799360468
rand_EQFXFBELGY_render_front.jpg,1.05,1.2,1.0
rand_EMQ965GLCE_render_front.jpg,1.1231670315280933,1.2,1.0
rand_XQK7QLIBGI_render_front.jpg,1.05,1.2,1.403544074064485
rand_B39DP4Q23B_render_front.jpg,1.05,0.693426898805525,1.0
rand_S2UTVIAEQI_render_front.jpg,1.1318647129671822,1.2,0.9145289767176029
rand_0BY70RI0OZ_render_front.jpg,1.0775497938989076,1.2,1.0
rand_GU858OQ5PF_render_front.jpg,1.05,1.2,1.3504639086969679
rand_SA4DXVUH57_render_front.jpg,1.083317662379187,1.2,1.0
rand_NSHZ8AGWHC_render_front.jpg,1.1972442425025749,1.2,1.0
rand_Q2VSTYOXCO_render_front.jpg,1.2055905383091066,1.96574125833801,1.0369472253348757
rand_DU6CNPO3FF_render_front.jpg,1.010857262716242,1.2,0.7158176161816949
rand_36R6CCST4K_render_front.jpg,1.05,0.8845083183270401,1.0
rand_JHXSXVPRZK_render_front.jpg,1.05,1.2,1.0
rand_XHTU9R9GSY_render_front.jpg,1.1254791589824047,1.2,1.0
rand_ANI45HZA7Q_render_front.jpg,1.05,2.351553663386636,1.0
rand_D5POSEMP1V_render_front.jpg,1.1352718227841254,1.2,1.0
rand_Y9VX7R36MB_render_front.jpg,1.05,1.2,1.0
rand_FYYE8S51W3_render_front.jpg,1.1763884006895262,1.2,0.9937160257570504
rand_QF4BW3XQSC_render_front.jpg,1.05,0.8481516969132605,1.0
rand_802E66UG8D_render_front.jpg,1.05,0.8629636416855482,1.583207369297833
rand_HHY2L8W4RL_render_front.jpg,1.05,1.2,1.0
rand_PXMSZ3J3CP_render_front.jpg,1.05,2.136360226532723,1.0
rand_7A62CEU55E_render_front.jpg,1.1684298997366818,1.2,0.7500449774815394
rand_8J2FANKZH5_render_front.jpg,1.05,1.3609044550800364,1.0
rand_OW5XOLKCVK_render_front.jpg,1.05,1.2,1.0
rand_W4TNL0I061_render_front.jpg,1.2573449695677812,2.4618042738318957,1.2646781858315364
rand_S44WU8QQYJ_render_front.jpg,1.05,1.2,1.1132606026985437
rand_Z37AGEZXFB_render_front.jpg,1.05,0.7912261502242982,1.0
rand_295MPL3NTA_render_front.jpg,1.2258989129661393,1.2,0.9021519851871009
rand_JHJ5DHZ0FI_render_front.jpg,1.2327198453418395,1.2,1.0
rand_FKYMC7JY0P_render_front.jpg,1.05,0.6742691197183893,1.1931980071088735
rand_D59IT6IG1F_render_front.jpg,1.05,1.2,1.0
rand_YQV0N3PWI6_render_front.jpg,1.05,1.2,1.0
rand_BZQFT0FWK5_render_front.jpg,1.0580488094826765,1.2,1.4945201495748048
rand_IBZ1EYSWTI_render_front.jpg,1.0183682995271608,1.3352661114822983,0.7521505713112713
rand_RIQ8EJ5EWQ_render_front.jpg,1.2566082045265126,0.6935412709157159,1.1449457574662705
rand_0A36YXPNV0_render_front.jpg,1.1573860109669818,1.2,1.0030925947852705
rand_5A4W0Z8L82_render_front.jpg,1.116368411498986,1.2,0.895022415963661
rand_YKFATOHB67_render_front.jpg,1.0112110330188753,1.2,0.7140069814199723
rand_Q9DLD6ODQJ_render_front.jpg,1.0434944493369214,1.2,1.0
rand_FNH3ZV4JU1_render_front.jpg,1.038920749218973,1.2,1.0
rand_JGA96EXQ7D_render_front.jpg,1.238079813339089,1.2,0.8796174133076458
rand_DQ9TS1S4R7_render_front.jpg,1.1113123007062078,1.2,1.0
rand_ZGDR2UX3F2_render_front.jpg,1.05,1.2,1.0
rand_XOXINB2IZ4_render_front.jpg,1.0587488186173852,1.2,0.8733767422607317
rand_59IOWT9HFB_render_front.jpg,1.1312296408611966,2.4928731618195483,1.103793438500032
rand_RBYEU22KDG_render_front.jpg,1.2222429157186576,1.1901589434173285,0.948522094601522
rand_YA82DSWJ4D_render_front.jpg,1.05,1.2,1.0994368338084075
rand_WSGWBZSCPL_render_front.jpg,1.05,1.2,1.0
rand_OKSSFHU82T_render_front.jpg,1.2818028632245713,1.2,0.8702788498078846
rand_F0SX2UDF99_render_front.jpg,1.1495183004848526,1.2,1.0
rand_BGQ38LEILA_render_front.jpg,1.1912786980799377,1.2,1.1265912792390615
rand_37TJY96SL6_render_front.jpg,1.1744157487580338,1.2,1.1144119279779896
rand_I2LT85MURF_render_front.jpg,1.2633243197518933,1.2,1.0
rand_X7PU44Z1IA_render_front.jpg,1.1517609617871667,1.2,1.0
rand_6GP5DEJUAM_render_front.jpg,1.0776522569553002,1.2,1.0
rand_K0S3JWZ6P7_render_front.jpg,1.05,1.2,1.1318487589416246
rand_1KMXBNUGJS_render_front.jpg,1.05,1.2,1.0
rand_BON82CXETT_render_front.jpg,1.05,0.7047297843161145,0.8440146402755859
rand_WJQFFN53VW_render_front.jpg,1.0958474502355102,2.9092664810673647,1.0
rand_76XX2IRMEN_render_front.jpg,1.2421725843735096,1.2,1.3020837935071654
rand_3AT91EDX94_render_front.jpg,1.183889058318515,0.5270927189727599,0.9501229432476855
rand_GHOF4HMSLD_render_front.jpg,1.2319075610071772,1.2,1.0
rand_T2I7G3T329_render_front.jpg,1.2663875130322102,1.2,1.0
rand_0OVLBXF4MQ_render_front.jpg,1.05,1.2,0.967888902924557
rand_LW0T8SJHMW_render_front.jpg,1.05,1.2,0.9647601300134562
rand_6V0M1JFODS_render_front.jpg,1.160455334637034,1.2,0.7301734913096838
rand_WAKR5MBXUS_render_front.jpg,1.05,3.4763537969328393,1.0
rand_O4X1P3SV14_render_front.jpg,1.2701632226006874,1.2,1.0
rand_85XMLD2RVG_render_front.jpg,1.1593207776561294,1.2,1.2076776189209417
rand_OW4J5K56GX_render_front.jpg,1.0593451034065478,1.2,0.749104567336266
rand_6Q1Y29YN5J_render_front.jpg,1.05,1.2,1.1096009353579488
rand_9ADRUXEBRV_render_front.jpg,1.05,0.78104925537842,1.0
rand_OKALK46GBC_render_front.jpg,1.1407925830862977,1.2,1.0
rand_U7QU4JHQ0M_render_front.jpg,1.05,3.466036316776793,0.874480156946423
rand_N3G9OVQEL2_render_front.jpg,1.1937310726117196,1.2,0.725259795890819
rand_DR4J6QZ23R_render_front.jpg,1.2551787658190767,1.0391578109003423,1.192858703084672
rand_RQ9YA258JD_render_front.jpg,1.103890548155692,1.2,1.2072859635220188
rand_XLNVVDCI3O_render_front.jpg,1.05,1.2,1.5678514066450084
rand_V53FDTJ6MM_render_front.jpg,1.0270479755393098,1.2,1.0228377289117272
rand_EX9K0M1SOI_render_front.jpg,1.05,1.2,1.0
rand_ZO92JOA3BS_render_front.jpg,1.05,1.2,1.4770332645291524
rand_3FH7S1RBYY_render_front.jpg,1.0993377591036546,1.2,1.3754107211492634
rand_J8Z7EI9FHQ_render_front.jpg,1.05,1.2,0.9002601387436613
rand_QKWK6K778V_render_front.jpg,1.2256987698246082,1.2,0.7824479891515387
rand_CAFATIJOUG_render_front.jpg,1.05,1.1288083896141416,1.5178506372121303
rand_GAH6EPYIOH_render_front.jpg,1.05,1.2,1.0
rand_M3MIV5MHSV_render_front.jpg,1.2574196428777513,0.9510595959884408,1.0
rand_2UKFBAWXX1_render_front.jpg,1.05,1.2,1.0
rand_80IZY08DVZ_render_front.jpg,1.075322798594619,1.2,1.4012307633775185
rand_T9O9AEGFXL_render_front.jpg,1.05,1.2,1.0
rand_2E7LYE4R51_render_front.jpg,1.05,2.4687754428691235,1.0874427017916621
rand_CHO6YXJLZ7_render_front.jpg,1.1014982333607255,1.2,1.0762213691170541
rand_YIW5QRSQWA_render_front.jpg,1.1550175139559502,1.2,0.7198085726956043
rand_DQKR9GBAMV_render_front.jpg,1.2579926579506757,0.6860471843501386,1.0
rand_CY1J8VFWBF_render_front.jpg,1.1150531354429334,0.8240888472377456,1.0
rand_PNH087ZI4Z_render_front.jpg,1.150857493579398,0.8322976548148749,1.0
rand_1TF1L7S7X0_render_front.jpg,1.0821871558132095,1.2,1.0
rand_2OVWTM2Q1G_render_front.jpg,1.0143280915436665,1.2,1.2359697825352374
rand_D47IC19U3L_render_front.jpg,1.298942218519441,1.2,1.0
rand_C3E0U17IP1_render_front.jpg,1.194966980947845,1.2,1.0718271563430164
rand_YX2E90YM1N_render_front.jpg,1.0178228111266205,2.7447500634766318,1.4646604818917683
rand_EXQF39ZOIO_render_front.jpg,1.0949107014662625,1.2,1.0
rand_PEZGWPJ8VV_render_front.jpg,1.05,1.2,0.860169451072446
rand_QHQ7U2K6QS_render_front.jpg,1.2368880496492463,1.193343517961758,0.9928611933236431
rand_44DMVVUMZO_render_front.jpg,1.2632258772409763,1.2,1.0320807553772204
rand_HSVB212L0H_render_front.jpg,1.252575210333456,1.2,0.7934142218407928
rand_ENDVX4GD4G_render_front.jpg,1.1378856361374377,1.2,0.8064837862550699
rand_ZQ2FLIYVQL_render_front.jpg,1.05,1.2,1.0
rand_EGY19RZL0X_render_front.jpg,1.2814155759076467,1.2,0.8172671681310159
rand_IPWT17E36N_render_front.jpg,1.05,1.2,1.0
rand_ZJ06D81T9X_render_front.jpg,1.057357434966193,1.2,1.0
rand_SHW66G2GVE_render_front.jpg,1.05,0.6425998617311862,1.0
rand_UZRF91OZOI_render_front.jpg,1.2319221921874899,1.07902950994393,1.0
rand_J2W7AVTZ6R_render_front.jpg,1.05,1.2,1.239137465184899
rand_SK6U9B4V65_render_front.jpg,1.05,1.2,1.0390372464196087
rand_1SE6KLSL01_render_front.jpg,1.05,1.2,0.9301245504294462
rand_RAU6MPJEGC_render_front.jpg,1.0255968224814505,1.2,1.5398089812347018
rand_9RNVAUKAKI_render_front.jpg,1.040007847484513,1.2,1.0630341878919485
rand_I186M2ERY7_render_front.jpg,1.05,1.2,0.7968029027652695
rand_0KPO5WFM2T_render_front.jpg,1.2808076760223808,1.2,0.7947044270243043
rand_NF3KKDJQX4_render_front.jpg,1.1671882413588262,1.2,1.285623287094336
rand_CGK39J8ZVS_render_front.jpg,1.0557815705061253,1.0060561133686379,1.0
rand_P62G0QJ6BA_render_front.jpg,1.1218084293067352,1.2,1.4006159404727248
rand_OP1DX8FIJO_render_front.jpg,1.2382714601686455,1.2,1.0
rand_E8WOVX5ZFT_render_front.jpg,1.2456936873528108,1.2,1.1009687789853868
rand_8AFVLEABHA_render_front.jpg,1.135230080461321,1.2,1.0
rand_DUSD3JHX5G_render_front.jpg,1.05,1.2,1.0009186482071488
rand_FHO1JU4S0T_render_front.jpg,1.169419375135814,1.6183307592804987,0.874020020825888
rand_69LB9LNXAJ_render_front.jpg,1.1663375860133964,1.2,1.3007624652745813
rand_28Y9ZV7P4R_render_front.jpg,1.05,1.2,0.8360181108659421
rand_SM4A9O28BV_render_front.jpg,1.05,1.2,1.3425258648258793
rand_GLQQ94WR0I_render_front.jpg,1.05,1.2,1.1785565982885051
rand_0UZW3TEBKT_render_front.jpg,1.0109196107398084,1.2,1.0
rand_QVN0BT1076_render_front.jpg,1.05,1.2,0.8462877192127803
rand_YWZN7N88H5_render_front.jpg,1.05,1.2,1.0
rand_FDA3B6PYVW_render_front.jpg,1.0361579631568103,2.0535575471979497,1.583901536550669
rand_MRNE7IMH83_render_front.jpg,1.05,1.2,1.5316238735728178
rand_7K7EWWCX9K_render_front.jpg,1.1534225608553643,1.2,1.5878508679181782
rand_VIRY4PWEHA_render_front.jpg,1.243707547544948,1.2,0.778445981999054
rand_NYYDON4PMF_render_front.jpg,1.05,1.2,1.2589336742577664
rand_TCS3CG325F_render_front.jpg,1.05,2.0573338822065095,1.0
rand_YVYNW00CPQ_render_front.jpg,1.05,1.8557836101783514,1.0967552540602714
rand_YOIOPZS3LE_render_front.jpg,1.2164935728228445,1.2,0.8010265853172045
rand_03EQU44RFB_render_front.jpg,1.1629215979982042,1.2,0.9105202106798604
rand_PXMKJDO9I4_render_front.jpg,1.05,1.2,0.9468513393476784
rand_GA4UHIK18H_render_front.jpg,1.023102214231242,1.2,0.7067290388458068
rand_0V45X4ELM8_render_front.jpg,1.05,1.2,1.0
rand_FGYACTY8LZ_render_front.jpg,1.1530777593642354,1.2,1.0
rand_BK7NCIOYEX_render_front.jpg,1.2366320308201408,1.2,1.461934690559652
rand_MB9637EVHA_render_front.jpg,1.0814398956877556,1.2,1.0
rand_P5HH4DEXTV_render_front.jpg,1.05,1.2,1.5512708427522153
rand_11SEFBSFKK_render_front.jpg,1.0880117247457297,0.954473321758531,1.0
rand_MZX519TX0C_render_front.jpg,1.052574612789089,1.2,1.0
rand_FE8IJXWNL6_render_front.jpg,1.1995181941254236,1.3897621071258417,1.0
rand_ZLT6C0PY8B_render_front.jpg,1.24569178103088,1.2,1.0
rand_IA7Q9Q4BVQ_render_front.jpg,1.1453331686735424,1.2,1.477295208990181
rand_V9QKA9CF90_render_front.jpg,1.05,1.2,1.0
rand_Z2OHQP1XDJ_render_front.jpg,1.05,1.2,1.1985586464201816
rand_782W8WFUA9_render_front.jpg,1.05,1.2,0.7211896179962072
rand_9JN6KDVCUQ_render_front.jpg,1.05,0.9799102243887894,1.0
rand_E4EZXNAWXI_render_front.jpg,1.0870852838734968,1.2,1.0
rand_5M1NUK28JU_render_front.jpg,1.0214777097949626,1.2,1.4146484918478985
rand_17NZR7CBD5_render_front.jpg,1.293983847457487,0.8804859599212478,1.127613378408266
rand_KQ0Q9YOZZ1_render_front.jpg,1.05,0.6632977365503936,1.0653904173577498
rand_T2FEJ4RABS_render_front.jpg,1.2318861408509025,1.2,0.8698172514450455
rand_47QY3CUK2T_render_front.jpg,1.1229303716045742,1.0886866608803825,1.0
rand_P52XGQHIPL_render_front.jpg,1.05,2.0589440075183476,1.0
rand_Q8DWYCXDWU_render_front.jpg,1.292822908443949,1.2,1.0485557710777287
rand_WO45INSH0T_render_front.jpg,1.05,1.2,0.893304526782892
rand_2UP8BZOO59_render_front.jpg,1.002834739657912,1.2,1.5285399553035641
rand_VO1QYXZA85_render_front.jpg,1.05,0.6968133181467148,1.0
rand_MZTHIORI0Q_render_front.jpg,1.05,1.2,1.0439468495885023
rand_ZBBSE9XD0D_render_front.jpg,1.05,1.2,1.0899434974193705
rand_HVMG1NFCAJ_render_front.jpg,1.05,1.023347083994826,0.9768554745553404
rand_M6KITVXQC4_render_front.jpg,1.2487260160691946,1.2,1.0
rand_TGCRHA9MCA_render_front.jpg,1.05,1.2,1.0
rand_NWJPFUGUNM_render_front.jpg,1.05,2.2821895641732173,1.182065950673461
rand_NZ9PECLPED_render_front.jpg,1.2036335692021856,1.2,1.0
rand_G7UUQRA2LK_render_front.jpg,1.05,1.2,1.0
rand_LYE9X39EEN_render_front.jpg,1.1498522704261915,1.2,1.0
rand_AABLTVNKVD_render_front.jpg,1.0960332926651244,1.2,1.0
rand_2UKDX2V39O_render_front.jpg,1.137987572731667,1.2,1.0
rand_I957I2KUSI_render_front.jpg,1.05,2.2479473764333613,1.0
rand_TQ2VGNZZVW_render_front.jpg,1.0921772475827367,1.2,1.0
rand_U1LHMHGERO_render_front.jpg,1.05,1.2,0.9768457041332428
rand_HGU8B48VE7_render_front.jpg,1.05,1.2,1.5607507790107218
rand_2TUNZLVQDO_render_front.jpg,1.2062788241540632,0.7327425351077393,1.0
rand_5QCO9OETP2_render_front.jpg,1.1228701707416187,1.2,1.1862317410644596
rand_K3QY58G6ZK_render_front.jpg,1.1284820037478736,1.2,0.7518060385291749
rand_162IYSX008_render_front.jpg,1.230857836900145,1.2,0.9327447092807852
rand_LY3VYIIBR3_render_front.jpg,1.05,1.2,1.3363831947474287
rand_U7DP9MCY6E_render_front.jpg,1.1319420578687223,1.2,0.735708036812151
rand_ECDH4GOS9U_render_front.jpg,1.05,1.2,1.0
rand_8M3YM0BASQ_render_front.jpg,1.0631152595780677,1.2,1.0
rand_HIB1L3V39L_render_front.jpg,1.2765332318128881,1.61485260648988,1.3092098131470404
rand_972CXFP4LE_render_front.jpg,1.05,1.2,1.479726484071081
rand_GZY0UT8PPT_render_front.jpg,1.1222079343098914,1.3893455520895703,1.0
rand_YT6C4WWGHF_render_front.jpg,1.05,1.2,0.8720922780314676
rand_PJWEGEA5RJ_render_front.jpg,1.05,0.837052424180741,1.1112082427838565
rand_SQ5S6OVLPG_render_front.jpg,1.1170116316362997,0.6827194590284804,1.4599576493112147
rand_EAOMBYNF03_render_front.jpg,1.05,1.2,1.209662595602031
rand_MD8ZPWT0CW_render_front.jpg,1.009911058943672,1.2,1.294937417953956
rand_2WV10CDJSA_render_front.jpg,1.131326176708615,1.2,1.0
rand_AWNJ7XSU35_render_front.jpg,1.05,1.5855297094446241,0.9005445717281525
rand_5U2NQK2T1D_render_front.jpg,1.05,1.2,1.186956770652935
rand_O4HSNLX0ZC_render_front.jpg,1.05,1.2,0.7758616759842629
rand_WSZ4ER14R9_render_front.jpg,1.05,2.657686163249421,0.8320586380864703
rand_G5Z957FZR0_render_front.jpg,1.1426865993235533,1.2,0.8569120246796103
rand_QOGE61TPL9_render_front.jpg,1.05,1.2,1.3702181532914364
rand_6160KRKLN3_render_front.jpg,1.05,1.8510963590483804,1.0635150395554935
rand_CWLA5VEI9Z_render_front.jpg,1.0718120282757884,1.1225457187540444,1.0
rand_HG68X8YQYP_render_front.jpg,1.0133170264857363,1.2,0.8210323028371613
rand_YHGGR1D8GX_render_front.jpg,1.05,1.2,1.0021107268367166
rand_MFKW63ZDRT_render_front.jpg,1.2030339098885021,0.875651866661901,1.0
rand_22CMEGP7XN_render_front.jpg,1.219754878662184,1.2,1.0298954947825867
rand_MV1V95QMTO_render_front.jpg,1.1899738477580923,1.2,1.0
rand_THQK3U2NS2_render_front.jpg,1.1556047760481882,1.2,1.0
rand_B2P9TSXNS7_render_front.jpg,1.05,1.2,1.4261519524693833
rand_PYI4BM9FI4_render_front.jpg,1.05,1.2,1.0
rand_8QDFYHD7OM_render_front.jpg,1.167137510544224,1.2,0.8592617646956271
rand_UG3Q06SOYP_render_front.jpg,1.05,0.5370541041211938,1.0164246041173368
rand_GLROGGZN66_render_front.jpg,1.0617650188514167,0.535011968332728,1.0
rand_TRUD819TCZ_render_front.jpg,1.05,1.2,1.0
rand_VJ6AU7ADUY_render_front.jpg,1.25367929335455,1.2,0.9322645581318054
rand_L84HDK6DMZ_render_front.jpg,1.2330070849771069,1.2,1.1396155143009228
rand_I0AA8Z1IDB_render_front.jpg,1.1065824631176409,0.6909410332453498,1.0994375509088554
rand_5E0Y3LPO3Q_render_front.jpg,1.2251590754251334,1.2,1.0
rand_87G0O2RSYB_render_front.jpg,1.232035107910208,2.413765641762311,1.4339358064204597
rand_U298KN6KXS_render_front.jpg,1.05,1.2,1.0
rand_K1NKDIHLND_render_front.jpg,1.05,1.2,1.3712219557004866
rand_RQW86SAP97_render_front.jpg,1.05,1.2,0.900608870043221
rand_6TV00BGVH2_render_front.jpg,1.1042894525813014,1.2,1.0
rand_WVF85ORIT4_render_front.jpg,1.0852321347976617,1.608233455422623,1.0
rand_CDK5IKZ58H_render_front.jpg,1.2397208314001367,1.2,1.374642547563736
rand_OMV723377L_render_front.jpg,1.1858030804963757,1.2,1.0
rand_6JNB25T8XJ_render_front.jpg,1.0171682352607319,1.2,1.0
rand_IP1YBB6SJD_render_front.jpg,1.2889308705207934,1.2,1.0
rand_5VPBR4V96M_render_front.jpg,1.05,1.2,1.0
rand_WHS6RLAKT2_render_front.jpg,1.05,1.2,1.1835620947662058
rand_27JZ41GKNT_render_front.jpg,1.1997258236879536,1.2,1.0
rand_PBVHM8F5W1_render_front.jpg,1.1555863618457183,1.1613286324114689,0.9604576416102003
rand_05Y512GKGH_render_front.jpg,1.0828840678416463,1.536855757323266,1.0
rand_CGUM1FVCGQ_render_front.jpg,1.0071357690042717,3.423354253685699,1.3499454449249337
rand_SO0X3W95AY_render_front.jpg,1.2335562485296578,2.145433836834756,1.242781553980902
rand_0Q1ZZAS60M_render_front.jpg,1.0115756435136158,1.997882541578341,1.5264318873474343
rand_RX3AQ19NXB_render_front.jpg,1.05,1.2,1.2098752866126485
rand_V8EIVGGMLD_render_front.jpg,1.2855830741597452,1.2,1.0
rand_CDY3ZBF5SA_render_front.jpg,1.1183202633908838,1.2,1.0
rand_UJ3IMGEO9L_render_front.jpg,1.05,1.2,1.0
rand_2HQEJ5LVL4_render_front.jpg,1.2127909212195833,1.2,1.1549467531552902
rand_9UH65I6Z96_render_front.jpg,1.1876731977667938,1.2,1.0
rand_G55CFYW2WX_render_front.jpg,1.2135600456443831,1.2,0.7753274090862493
rand_V8BE9753WU_render_front.jpg,1.05,1.2,0.7305566185216713
rand_F5KXWKZDFH_render_front.jpg,1.05,1.2,1.0
rand_MSPKN6AITE_render_front.jpg,1.05,1.2,0.8065718071972349
rand_CNSDKQIG1F_render_front.jpg,1.05,1.2,1.053730129219911
rand_EWZRYFW1Z6_render_front.jpg,1.1720452965908934,1.2,0.8040683476437457
rand_3WE35GMQ8C_render_front.jpg,1.05,1.2,1.5780327096034776
rand_JYGMR9L4C6_render_front.jpg,1.05,1.2,1.0
rand_4CW5BC4E6L_render_front.jpg,1.05,1.2,1.5569562261970666
rand_8CGE3GU9E9_render_front.jpg,1.05,1.2,1.3393037563651358
rand_70AJY5QPFH_render_front.jpg,1.05,1.2,1.0
rand_E206Q88S6C_render_front.jpg,1.1251240903091952,1.2,1.3687920052220046
rand_WTR3WJDG3W_render_front.jpg,1.2117443277891873,1.2,1.0
rand_151MB9PXLQ_render_front.jpg,1.193575371319203,1.2,1.251314555816922
rand_ALE6R7AQQP_render_front.jpg,1.1236333017955784,1.2,0.9467640122711909
rand_DEJVJ9WQRC_render_front.jpg,1.05,1.2,1.5011826604770668
rand_59OO0EYQP3_render_front.jpg,1.2206885364928528,1.2,1.03260309006636
rand_WG2MYBMLD5_render_front.jpg,1.05,1.2,1.0
rand_2UT239WX5N_render_front.jpg,1.05,1.2,1.399091690742479
rand_17OFXQ6IZF_render_front.jpg,1.05,1.2,1.0
rand_TGRRO5URR7_render_front.jpg,1.05,3.3200318496790246,0.9325827419700539
rand_STBB3PZXWS_render_front.jpg,1.2946738062207608,2.3860104341306094,1.2949540636620078
rand_LIFNIPP4C6_render_front.jpg,1.263841173864861,1.2,1.0
rand_VNWH8TXEQO_render_front.jpg,1.1672357524589208,1.2,0.8560346354881827
rand_QVTBKSE3K8_render_front.jpg,1.05,1.2,1.122734348083053
rand_S4EZVUQ9EG_render_front.jpg,1.05,1.2,1.0
rand_0QBZZV7R4Y_render_front.jpg,1.1784953926210937,1.2,1.0
rand_KVMU5I0QMF_render_front.jpg,1.05,0.6685865094371366,1.0
rand_34PEDT1KW8_render_front.jpg,1.027553536184447,1.2,1.0217385294271315
rand_DF6AH7UQFM_render_front.jpg,1.0899248668468855,1.2,1.0
rand_6WCD4BEHWH_render_front.jpg,1.05,1.2,1.0
rand_6YCGWMORN9_render_front.jpg,1.1175898049643682,1.2,0.7103842395995774
rand_7IR3MGYTF5_render_front.jpg,1.0624291631542022,1.2,1.0
rand_1QOT9HRFUA_render_front.jpg,1.05,1.2,1.0
rand_FHCEP1UNTX_render_front.jpg,1.05,0.5561217355236984,0.7283552062294003
rand_PCVS1LUMZQ_render_front.jpg,1.05,1.2,1.0
rand_GURXEV5ST7_render_front.jpg,1.2374570929361732,0.9447378025358956,0.91182023564869
rand_LTYW9PYTZC_render_front.jpg,1.0962570340081383,1.2,0.8931927984371265
rand_HVSPSF1OEI_render_front.jpg,1.1314566780471371,1.2,1.0
rand_2G3NXUWEZY_render_front.jpg,1.118462782461931,1.2,1.1166466127312618
rand_NQYYZFXA2S_render_front.jpg,1.2480827678563378,1.2,1.0
rand_3DDQMT5LYG_render_front.jpg,1.05,1.2,0.7356102502712883
rand_573UN2PH4I_render_front.jpg,1.05,1.2,0.910122032205253
rand_9Q9DWBMMH8_render_front.jpg,1.2329200776247016,0.6245395983419421,0.8980844665695474
rand_6OV3QJ5LB9_render_front.jpg,1.0656766068163486,0.6622681997968457,1.0
rand_VY9NDF9PFU_render_front.jpg,1.134129029756784,1.2,1.4966182208481666
rand_1AC9FYXUJS_render_front.jpg,1.1575038181806767,1.024979175325001,1.5356120389362906
rand_VL46DH6EK4_render_front.jpg,1.2994361502188168,2.0102639846851504,1.0
rand_E6DNTZ5NMH_render_front.jpg,1.05,1.2,1.2451390430015805
rand_F5ZG9N8KB1_render_front.jpg,1.05,1.2,1.2981326083771576
rand_SAZ0PCE3ZC_render_front.jpg,1.2214086017637318,1.2,0.7799186770696882
rand_6BOB8A9XF2_render_front.jpg,1.1649678597797535,1.2,1.2233015518978991
rand_E5TCUZB9IP_render_front.jpg,1.05,1.2,1.2763039532755145
rand_JBNAD3JRHL_render_front.jpg,1.12328566592054,1.2,1.205956746995091
rand_GUM8AB63QF_render_front.jpg,1.05,1.2425695850901335,1.0
rand_VZCGJRFDAJ_render_front.jpg,1.2143859585843826,2.854050443851875,1.0
rand_CQER3OLTV8_render_front.jpg,1.2694707524461988,1.2,1.0
rand_YTCHQISUDY_render_front.jpg,1.295150730171013,1.029111915435561,0.9197243271979365
rand_OMFIQHSGJI_render_front.jpg,1.0533275141173237,1.2,0.9474911126090523
rand_Q46W30DASO_render_front.jpg,1.0148673906489063,1.2,1.3140259502243887
rand_4A91TVQ1ZC_render_front.jpg,1.05,1.2,1.338259075061894
rand_LTYJM5F8Y6_render_front.jpg,1.2730214528809034,1.2,1.0
rand_XGQIEQG82F_render_front.jpg,1.05,0.5158008174102301,1.4850583301108933
rand_W083NYJDUT_render_front.jpg,1.0341709058156188,1.2,1.0
rand_E5K00PA2HO_render_front.jpg,1.05,1.2,1.3821909568986563
rand_A7CROF39O6_render_front.jpg,1.047722367021845,1.2,1.1325218253434195
rand_GKYYHEI9BA_render_front.jpg,1.05,1.2,1.3205684118814842
rand_XNYCF0733R_render_front.jpg,1.1982850726224403,1.2,1.1046883938184622
rand_J4RQUJACEZ_render_front.jpg,1.0338960473018448,1.2,1.0
rand_4R1OKVQ3F4_render_front.jpg,1.0496384697623036,0.5493195917322787,1.0
rand_2L8Z26TB3I_render_front.jpg,1.05,1.2,1.0
rand_4H7PWUVOS9_render_front.jpg,1.0012632946730344,0.8211253088520927,1.0
rand_9ANMJ5F2U5_render_front.jpg,1.0510301891266776,1.2,1.2280686683804083
rand_VX6GBDLZOD_render_front.jpg,1.1939601102304935,1.2,1.5604638989269088
rand_WR5NW1Y6YB_render_front.jpg,1.05,0.5923619972689248,1.4732329233631765
rand_TAKL3CGXZZ_render_front.jpg,1.1538736373878873,1.2,1.0
rand_TQWGUKO4QO_render_front.jpg,1.182850847217104,1.2,1.0
rand_W1BBPW5M08_render_front.jpg,1.05,1.2,0.7496841610273642
rand_LNU0K64SSB_render_front.jpg,1.1451244511667467,1.5187143643579668,1.1852905853079312
rand_53P7HC6MVN_render_front.jpg,1.05,1.1328223355182845,0.9779217363007727
rand_LCJKDUBTIU_render_front.jpg,1.05,1.0119453524315856,0.924746158466231
rand_4VVG1KAW6V_render_front.jpg,1.1650338843136538,1.2,1.0
rand_P6D3EW5XI3_render_front.jpg,1.05,1.2,1.4203625857655258
rand_SYS2QQVOJZ_render_front.jpg,1.2560268108212505,1.2,1.3258205986022462
rand_8URJ9QQCVT_render_front.jpg,1.0423942980417855,1.2,1.38921425859299
rand_F4D1ZWISCA_render_front.jpg,1.2058513792462349,3.4616221018953457,0.8229372222075988
rand_AHR4VIKETG_render_front.jpg,1.2482807687170347,1.2,1.0
rand_NNE4QF0WJW_render_front.jpg,1.05,1.2,1.0
rand_I3IKFCC8FG_render_front.jpg,1.05,1.2,1.400505762024809
rand_SBJEXK6BSO_render_front.jpg,1.05,1.2,1.2289481450981152
rand_H9NCSO6M7V_render_front.jpg,1.230536424422324,1.176209983106829,0.856531913169052
rand_8VR7G0HXBX_render_front.jpg,1.05,1.2,1.132543667365481
rand_703E3Q7RIW_render_front.jpg,1.05,1.2,1.0
rand_CIYEGX8T8M_render_front.jpg,1.0388203989020053,1.2,1.1011901854527038
rand_P8SP2CGZXH_render_front.jpg,1.05,1.5061243572882834,0.7952075771360959
rand_EJI335ZEBO_render_front.jpg,1.05,1.2,1.0872554474128466
rand_QAUPVSIWQJ_render_front.jpg,1.05,1.2,1.0
rand_3X0YZL0ED2_render_front.jpg,1.2399324653868131,1.2,1.2908042712436851
rand_RH32N4Y406_render_front.jpg,1.05,1.2,0.9573516310997436
rand_2MWZ2XQBZ0_render_front.jpg,1.0453782401065495,1.2,1.0
rand_PTIK1T9DQ8_render_front.jpg,1.0165611932749554,1.2,1.1948824463439829
rand_4SPB8SQ4AP_render_front.jpg,1.066188098509061,1.2,0.9860280516796597
rand_XHL9LDDUDD_render_front.jpg,1.05,1.2,1.0
rand_2GZKHRDY8J_render_front.jpg,1.05,1.2,1.0
rand_P2KV9RA905_render_front.jpg,1.0956676399681466,1.2,1.0
rand_1YN8ZHI10G_render_front.jpg,1.05,1.2,1.0
rand_5KIUTZPHUJ_render_front.jpg,1.05,1.2,1.1019017196335856
rand_HBH110KNBV_render_front.jpg,1.05,1.1817474623560336,1.0
rand_MR2XWLUDEE_render_front.jpg,1.1113378557447349,1.2,0.9451760982053171
rand_95PWO420LM_render_front.jpg,1.05,1.53550887849295,1.0
rand_Q6K41QSU05_render_front.jpg,1.1142855671779512,1.2,1.0
rand_O7X3RYANG5_render_front.jpg,1.05,1.2,1.0
rand_UQR0DVFMMK_render_front.jpg,1.162364117475267,1.2,1.0
rand_THV31XNV3Z_render_front.jpg,1.05,1.2,1.0
rand_3IQU78DCNV_render_front.jpg,1.1002846378893008,1.2,1.015442836866716
rand_50FO1413ZL_render_front.jpg,1.1451086604110983,1.2,1.0
rand_DFIZNK0GAG_render_front.jpg,1.1318230413717294,1.2,1.0
rand_D7YNRIQU3E_render_front.jpg,1.2282297238456041,1.2,0.720078778389374
rand_QQXH1MRK7T_render_front.jpg,1.0562660638380377,2.1251952886617,1.1118394357811527
rand_UOC2ORM9LO_render_front.jpg,1.05,1.2,1.0
rand_P3QI5TXIHJ_render_front.jpg,1.2882849187690133,1.2,1.1020890950672346
rand_514BM55PGT_render_front.jpg,1.2693219460544738,1.6163793018699955,1.0
rand_86AJOVPZ82_render_front.jpg,1.1500812964847116,1.2,0.785489923390164
rand_I9SYQM08IK_render_front.jpg,1.130699680880274,1.2,1.0177140121835468
rand_VOTYUCTH2P_render_front.jpg,1.020967593084763,1.2,1.0
rand_RRD6DOF145_render_front.jpg,1.05,1.7205889032955262,1.0
rand_4RPXGEDDO7_render_front.jpg,1.05,2.017568054637142,1.0
rand_GB7PK52GMD_render_front.jpg,1.05,1.2,1.0116541720009378
rand_BVUYZLPYQ5_render_front.jpg,1.05,1.2,1.0
rand_HB1BM193BZ_render_front.jpg,1.05,1.0951024387077384,1.0
rand_NEK3V06LHD_render_front.jpg,1.0449772146819194,1.2,1.2417774809035333
rand_FDI6YGX040_render_front.jpg,1.2839913085537682,1.2,1.0
rand_MZ57ILJ024_render_front.jpg,1.05,1.2,1.0
rand_O7WS5J4C3D_render_front.jpg,1.05,1.2,1.0
rand_PONRCAX04E_render_front.jpg,1.034641202855533,1.2,1.0
rand_UAPVX6AWNB_render_front.jpg,1.2212594275246396,1.2,1.072891138286789
rand_G5US9OA286_render_front.jpg,1.1321171041437916,1.2,1.0222251486112557
rand_PQZH4Z5Q85_render_front.jpg,1.004644164046338,1.2,1.2279997510946157
rand_RCX9P9S0ZR_render_front.jpg,1.2919471919959444,1.2,1.0
rand_ZQY5ZCM3I9_render_front.jpg,1.1800542211518676,1.2,1.0
rand_VG2741Z51C_render_front.jpg,1.05,2.927687261198589,1.0
rand_D465HBDWIF_render_front.jpg,1.2512436325127536,1.2,0.8382559012139084
rand_2GAAIPXSL5_render_front.jpg,1.2596139608533394,1.2,0.7457971670074314
rand_IJ8LPQ7ENR_render_front.jpg,1.05,1.2,1.097293201745765
rand_N1X4ELUMGQ_render_front.jpg,1.1447783461717984,1.2,1.0333250957833133
rand_54P62I11BZ_render_front.jpg,1.05,1.2,1.0
rand_VPV05NAWKS_render_front.jpg,1.05,1.2,1.0302720051607428
rand_8B3H7HM0DY_render_front.jpg,1.1507159674602285,2.7109228191984514,1.0
rand_Q11DQAVN00_render_front.jpg,1.0837875102900019,1.2,1.0
rand_ZLP8JIS7VJ_render_front.jpg,1.1787469829099002,1.2,1.4818329361901799
rand_MF98BAGEFA_render_front.jpg,1.13080679034865,1.2,1.0
rand_1L6PLMKW3P_render_front.jpg,1.1770554082017968,1.2,1.4868423513386118
rand_MNZVCMP235_render_front.jpg,1.05,1.2,1.0
rand_SUWOMQK409_render_front.jpg,1.1369328938380827,0.9819441794003816,0.9022041105578354
rand_C29UV68GEB_render_front.jpg,1.1015574337355294,1.2,1.1489058292815693
rand_FD4P7FXFTS_render_front.jpg,1.05,0.7252670937652834,1.0
rand_9KV0VHQA9M_render_front.jpg,1.0627249201278426,0.8626496001238282,1.3071584976115256
rand_XEWBM4MJRN_render_front.jpg,1.234460286395214,1.2,0.8653926554722242
rand_O9CFND1HPU_render_front.jpg,1.0363414923641765,1.2,0.7766845689601726
rand_06LOQXSHUH_render_front.jpg,1.1761062571413161,1.2,1.3888289085848506
rand_PX2E6U31WW_render_front.jpg,1.21896245369081,1.9061549709993755,1.0
rand_AFH10QG9Y8_render_front.jpg,1.2491899029776161,1.2,0.9453094033195119
rand_7UHY8FN5G3_render_front.jpg,1.13515921370424,0.821002328647708,1.2880149550090683
rand_U0BR55IT18_render_front.jpg,1.0746709070647562,1.2,1.5256552098836134
rand_I2F8JX7IP5_render_front.jpg,1.0119496019394474,1.2,1.0313517204243743
rand_UTAFNS2E8V_render_front.jpg,1.230472509116904,1.2,1.0
rand_769ULVC8LE_render_front.jpg,1.05,1.2,1.0
rand_F9ABJH7QSB_render_front.jpg,1.05,1.2,0.7202004868367343
rand_I5PL0ALI9P_render_front.jpg,1.2151517094470874,1.2,0.822782735584359
rand_O9A5TBBN32_render_front.jpg,1.2751897265357863,1.2,1.0
rand_VO7HV9LP5H_render_front.jpg,1.0818230731164102,0.9885060951250715,1.4904513218184596
rand_DLE5NG4OZI_render_front.jpg,1.1725778182697597,1.2,1.0
rand_LJTWGU3IA3_render_front.jpg,1.219564373661291,1.2,1.0
rand_RTM5LEEU92_render_front.jpg,1.2836723922960571,1.2,0.8504611391547668
rand_OC79UPWNJJ_render_front.jpg,1.05,1.2,1.012339439514407
rand_QRA1LZZOYP_render_front.jpg,1.0451258102542218,1.2,1.0
rand_TD68JI8XU6_render_front.jpg,1.0187200956334552,1.2,1.0
rand_PQTMGIWW37_render_front.jpg,1.05,1.2,1.0
rand_MSB5MQALCI_render_front.jpg,1.05,1.2,1.0
rand_1HQAX4I58N_render_front.jpg,1.05,1.2,1.4605026752026447
rand_89U2EFPIZL_render_front.jpg,1.05,1.2,1.3754211696188121
rand_9A84WJ2CZE_render_front.jpg,1.1625993512458508,1.2,1.2239143572017366
rand_22312U97J5_render_front.jpg,1.17024784139587,0.640587618539092,1.164624437666263
rand_KNMLG9WXBM_render_front.jpg,1.091289322854892,1.2,1.1176151998269983
rand_5M7AGOI393_render_front.jpg,1.05,1.2,0.8868735231671738
rand_80AH2FZ55X_render_front.jpg,1.1200829903519738,1.2,0.8857488433615842
rand_K2T6Y2003S_render_front.jpg,1.2833449984528904,1.2,1.221304981721059
rand_3T332IGW7Y_render_front.jpg,1.292021259208758,1.2,1.141358028791795
rand_YI4ZQ1Y9NE_render_front.jpg,1.0940378655804035,1.2,1.1489289382740953
rand_IW34JGC8BI_render_front.jpg,1.05,1.8195550068383515,1.0
rand_O5UKHAZPWC_render_front.jpg,1.05,2.1058473818238364,1.1125396119419548
rand_33WP52FT2X_render_front.jpg,1.1985354030403539,1.2,1.0
rand_39U6Q9LYMA_render_front.jpg,1.1872561778583757,1.2,1.2168184274685392
rand_RGJ39BMISI_render_front.jpg,1.1312637110688626,2.1476824669594334,1.535464560639018
rand_PQ561JBTYQ_render_front.jpg,1.0999872585609076,1.2,1.0
rand_0UHSE020SQ_render_front.jpg,1.05,1.2,1.0
rand_Y3Z5L4IBNC_render_front.jpg,1.05,1.2,1.1341361664892156
rand_WZJ6AQW28C_render_front.jpg,1.0024167531575716,1.2,1.0
rand_E1VST9U00N_render_front.jpg,1.1144869438828953,1.2,0.9023956507627233
rand_3SO4WIR3E2_render_front.jpg,1.0315610210291766,0.5648013564317241,0.7705441881405213
rand_HYOSBQGIV2_render_front.jpg,1.204085084526727,1.4177367675137522,1.114847103585723
rand_S4KKNUPFHE_render_front.jpg,1.2513215935683635,1.2,1.0
rand_2RG5D6DNJI_render_front.jpg,1.05,0.5387004049418265,1.3525213062156407
rand_CTQLKYNKFK_render_front.jpg,1.1904911689448492,1.2,1.5071406525101727
rand_I1VGRO7VKU_render_front.jpg,1.05,3.3677517673405966,0.8847558633850531
rand_LBTE6I8097_render_front.jpg,1.2200984884549757,1.2,1.0455854630519075
rand_J88U1YHGAD_render_front.jpg,1.0624854052309518,1.2,1.027060046755627
rand_7GR2H2MXQQ_render_front.jpg,1.1534481370108096,3.319347186487626,1.0
rand_OG5GQDDS6B_render_front.jpg,1.0877620114063395,1.2,1.0
rand_RINQDSQ0CC_render_front.jpg,1.05,1.2,0.9911318695068223
rand_JWDNQKIK2O_render_front.jpg,1.05,1.2,1.0
rand_BYEZAHREDU_render_front.jpg,1.1191800037901267,1.2,1.0038087360704333
rand_450OVO0JJI_render_front.jpg,1.1780617451273339,1.2,1.2613337517537853
rand_EO1NHYY9WO_render_front.jpg,1.05,1.2,0.8093614414969683
rand_AGYBO94UUH_render_front.jpg,1.05,1.2,1.1726818721746333
rand_OCKB0V1X2Y_render_front.jpg,1.05,1.2,1.334547357807034
rand_KSO2HT1HTR_render_front.jpg,1.05,1.2,1.490350915715515
rand_249RUXCM75_render_front.jpg,1.05,1.2,1.0
rand_M7Y15IKVMU_render_front.jpg,1.05,0.8102859843388981,0.7698432637431782
rand_YOZF701IR0_render_front.jpg,1.05,1.2,1.0
rand_K4YVUO220R_render_front.jpg,1.1722076893648712,1.2,1.1049932161007219
rand_KG86TAUDBS_render_front.jpg,1.1089547753970206,1.2,1.0164523773244016
rand_O8F641FT2U_render_front.jpg,1.0450953354892107,1.171069214952336,1.1073237310740889
rand_67VVL44C5G_render_front.jpg,1.05,0.6836384508929634,1.0112185303077268
rand_UFT20FQSC0_render_front.jpg,1.05,2.332327549721892,1.0
rand_KOA2I3JMO6_render_front.jpg,1.0077149187134853,1.2,1.0
rand_SVR5Z4ZKEI_render_front.jpg,1.1449879246412562,0.5662059612606571,0.9168128946750687
rand_OVYB5ULDNO_render_front.jpg,1.2628367290177254,1.2,1.0158734945467474
rand_GI00IPI098_render_front.jpg,1.1929810719113343,3.2087746570257223,1.0
rand_JC6VBNVXRP_render_front.jpg,1.1409551510366898,0.7150087631489774,0.727319781964641
rand_4JL5VL04JQ_render_front.jpg,1.05,1.2,0.9200409520891999
rand_0PEQST7091_render_front.jpg,1.05,1.2,1.0
rand_8JS4ECHOKW_render_front.jpg,1.1654430660661117,1.2,1.0
rand_6S0YYK3WGV_render_front.jpg,1.0794543222379165,1.2,1.0
rand_YMI7RNKOGI_render_front.jpg,1.0636663160804745,1.2,0.9911041667575473
rand_G64WULSQMB_render_front.jpg,1.1461250509992986,1.2,1.0
rand_VC9MXP6AFQ_render_front.jpg,1.2112013456777624,1.2,0.7232827333717399
rand_G8AP2JWB9P_render_front.jpg,1.05,1.2,1.0
rand_3DK111IAP8_render_front.jpg,1.05,1.2,1.357778189558711
rand_KRO5OTKYJ3_render_front.jpg,1.11066039315564,1.2,1.0
rand_MMFO81PM23_render_front.jpg,1.05,1.2,1.0990466848244782
rand_GAGSWQFXG5_render_front.jpg,1.289265525961686,1.2,0.7288687389294713
rand_GFCXKPS33Z_render_front.jpg,1.1896973486367546,1.2,0.9528152249465582
rand_L7IR914E8Z_render_front.jpg,1.0389421853176095,1.2,1.4768538528292543
rand_7ZC6DU3LEU_render_front.jpg,1.05,1.2,0.9918172029305361
rand_MOCHGDEBDT_render_front.jpg,1.1777778966127512,1.2,1.0
rand_VMW1OK7XTY_render_front.jpg,1.0972294544415941,1.2,0.8896142405291345
rand_NJO02GYQSQ_render_front.jpg,1.05,1.2,1.0
rand_449PE4SR4F_render_front.jpg,1.05,1.2,1.4088859583859632
rand_EWBFTPH8DT_render_front.jpg,1.2665101424473075,1.2,1.2860364135611229
rand_R9D2HOTAAF_render_front.jpg,1.05,1.2,1.0083478376438006
rand_ZFRAUWRBUZ_render_front.jpg,1.05,1.2,0.7047906362417825
rand_7V34DDSC9A_render_front.jpg,1.0755149606551706,1.2,0.9864076325335481
rand_LX6S3O6EEC_render_front.jpg,1.2900859007956682,1.2,1.0
rand_YKNK563Q2V_render_front.jpg,1.1237038499183951,0.6293418020277827,1.0
rand_RJIUREYWA2_render_front.jpg,1.0719666780899604,2.9575653159276345,1.541232456280738
rand_ESIWC2T2MQ_render_front.jpg,1.05,1.2,0.8441881416849142
rand_HUBOJVFGSO_render_front.jpg,1.0334357896587496,0.5305007640420799,1.0
rand_NJRP2DLW5B_render_front.jpg,1.05,1.2,1.0
rand_DDC26C6JMO_render_front.jpg,1.0125384494351415,1.012406504977113,1.0536843593897862
rand_403L3EDLPI_render_front.jpg,1.0472019283007057,1.2,0.9579263509359859
rand_Z6UBUW9H9D_render_front.jpg,1.2862631383034988,1.2,1.4447301455888621
rand_81ZKIROZSK_render_front.jpg,1.2764820053879915,1.2,1.0
rand_JSKY5EAWOG_render_front.jpg,1.2463378010728143,0.7550060199736615,0.7651851619107494
rand_EW1S5FHQLI_render_front.jpg,1.156913322025098,1.2,1.0
rand_O2ZM0367KP_render_front.jpg,1.05,1.2,1.0
rand_RSW151WP0G_render_front.jpg,1.1125084760188255,1.2,1.0
rand_5ENCFLKTFI_render_front.jpg,1.05,1.2,1.3030352992218772
rand_LI8VM2EEED_render_front.jpg,1.0114187315123,0.8784165713330717,1.1628598930337994
rand_8DLUVPOI9D_render_front.jpg,1.1554767789638487,1.2,1.0
rand_RAR4AG1A5O_render_front.jpg,1.0293334205185094,1.2,1.0
rand_1X5Z0QHKP8_render_front.jpg,1.05,1.0398168706063071,1.0
rand_J2XCEMKONM_render_front.jpg,1.1598209408032858,1.2,1.0089022227595708
rand_Y7FVKA6OHI_render_front.jpg,1.0273475566048655,1.2,1.0
rand_JRB0G1NH5C_render_front.jpg,1.0323199223373538,1.2,1.4176274140433704
rand_XDX2N1D6CI_render_front.jpg,1.116157710424306,1.2,1.317569125238753
rand_8IIAH3SIR0_render_front.jpg,1.05,1.2,1.0
rand_56ADU48BAH_render_front.jpg,1.05,1.2,1.0
rand_KZFQWIQ0KH_render_front.jpg,1.286195497786312,1.2,1.0
rand_XYZZH4RX6C_render_front.jpg,1.05,1.2,1.2310204695137905
rand_3QYVVAPR1Z_render_front.jpg,1.05,1.2,0.7092355580659006
rand_EBSGGNSHH9_render_front.jpg,1.05,1.2,1.0
rand_N7G4ECZJ7Y_render_front.jpg,1.1255358538367601,1.2,1.0796619155651004
rand_M7U3HN0X34_render_front.jpg,1.2967828474922558,1.2,0.8797529634599479
rand_RQP83XID3E_render_front.jpg,1.1389773725856562,1.2,1.0
rand_DF6WD12TTY_render_front.jpg,1.0221528011696508,1.2,1.0
rand_IYKNB23SG5_render_front.jpg,1.05,1.2,1.0105348381062447
rand_J2MTP5SDPK_render_front.jpg,1.05,1.2,1.0281292163265843
rand_4GO7AFBF2I_render_front.jpg,1.05,1.2,1.0
rand_9Y2QUOB7C9_render_front.jpg,1.1257824104223486,1.2,1.3718712376714053
rand_FEX1NIRMA6_render_front.jpg,1.2480578789107806,1.2,0.7750289078024646
rand_D8RGQ63663_render_front.jpg,1.05,1.2,1.0
rand_662XCMYYPZ_render_front.jpg,1.05,1.2,0.8619195193703617
rand_0EDAWI8C3O_render_front.jpg,1.2557713312649812,1.2,1.3716585984029641
rand_T6YXOO08ZL_render_front.jpg,1.0640482211576878,1.2,1.0
rand_CGP4HP0GU9_render_front.jpg,1.1777882270349922,1.2,0.9985855415034686
rand_NZXK9YVEGA_render_front.jpg,1.05,1.2,1.53312952888728
rand_LV0TI6V5J8_render_front.jpg,1.1233327762949055,1.2,0.9408278243755364
rand_KZZSTC5C37_render_front.jpg,1.05,1.2,1.0
rand_NOT8M8FJUS_render_front.jpg,1.05,1.2,1.0
rand_U8H92AVL2R_render_front.jpg,1.05,1.2,1.0
rand_1MEERT1VNZ_render_front.jpg,1.2697536696968559,1.2,1.0
rand_DNSTX36RT8_render_front.jpg,1.1549879782278987,2.201675843765746,1.161421330916811
rand_KO6QI5NQ61_render_front.jpg,1.265977450055936,1.2,0.9692677685452749
rand_7ILF2TJ2AD_render_front.jpg,1.1926138049415305,1.2,1.0
rand_LJ9N0KX56N_render_front.jpg,1.014507276564538,1.2,1.0
rand_MZ0UV2VSUR_render_front.jpg,1.0776286678829963,1.2,0.9775793731135758
rand_F2VNY2F9YH_render_front.jpg,1.0732586417434,1.2,1.0
rand_XCGEONT4NU_render_front.jpg,1.238922056106844,1.2,0.9212483047024349
rand_2S4A98TVEC_render_front.jpg,1.143330817700946,2.109420012478732,1.5393456625436461
rand_Q8N0BETC6Z_render_front.jpg,1.05,3.365292437566953,1.5017466826970618
rand_X84U7RUDQ9_render_front.jpg,1.1208757000095655,1.2,1.0
rand_2O342R1R14_render_front.jpg,1.1080708673871928,1.2,1.164058818443625
rand_KFFMSBTCLN_render_front.jpg,1.2070836706220152,1.2,0.8843959325467489
rand_I6FRBS3WPZ_render_front.jpg,1.1467543315775546,1.2,0.8013562897453562
rand_90QTQQFJDF_render_front.jpg,1.0205171295217763,1.2,0.970280435406436
rand_OKH20CXNJ6_render_front.jpg,1.05,1.2,1.2672913834795643
rand_R07A5R1F1V_render_front.jpg,1.1583924040419786,1.2,0.9944499821090957
rand_EIKKZ3FOT0_render_front.jpg,1.2130150191385256,1.2,0.7529409645049036
rand_XS7DCAQFHZ_render_front.jpg,1.2461434281680008,2.807080059425525,1.4616496803375627
rand_J6E0T39DHD_render_front.jpg,1.2923226863318225,1.2,1.234573243347949
rand_8847VYCXF8_render_front.jpg,1.1685465765372995,1.2,1.0
rand_7LIHWSA54O_render_front.jpg,1.213891327217899,1.2,1.1941346674518263
rand_E8DJYJXXUA_render_front.jpg,1.05,1.2,1.0
rand_INUA0XOBB7_render_front.jpg,1.119263496086874,1.2,1.282589226511097
rand_I2VIG70Z4P_render_front.jpg,1.0200416907843048,1.2,1.0
rand_5U9I0AZNMT_render_front.jpg,1.1810934230391295,1.2,1.1221930584576567
rand_H4J5U2Y0TT_render_front.jpg,1.05,1.2,1.0
rand_KZGGEOC07O_render_front.jpg,1.05,1.2,1.3966658720754679
rand_I25KC0NNUD_render_front.jpg,1.05,1.2,1.0
rand_S2WE06BG7D_render_front.jpg,1.1552081767884086,1.6166401546028313,1.0
rand_PM7LIMJL1N_render_front.jpg,1.05,3.1285690675187388,1.3521578834463703
rand_61Y7PD8ZPH_render_front.jpg,1.05,1.2,1.0393094584987392
rand_UTLRVFHZG7_render_front.jpg,1.05,0.6705763115285721,1.0764704290394964
rand_E9IE77WZZ1_render_front.jpg,1.213189282927792,1.2,1.0
rand_QSD4YNJM9F_render_front.jpg,1.05,1.2,1.0
rand_UV7LMCJVRA_render_front.jpg,1.2104046987040347,1.2,1.2505773580488837
rand_07SZ5QQ0QP_render_front.jpg,1.0872572345771576,1.2,1.0
rand_4Z7TSQW1CN_render_front.jpg,1.2400758142183146,1.2,1.0
rand_UWEBJX15NM_render_front.jpg,1.05,1.2,1.0247153757145366
rand_B2G7SQB5TA_render_front.jpg,1.0053734106558676,1.2,1.2833061678246447
rand_SHM2GZOOZQ_render_front.jpg,1.1536479621838367,1.2,1.0
rand_FDGLFR8PDI_render_front.jpg,1.2627962610051975,1.2,0.7663779972050354
rand_A7Z61KD8YM_render_front.jpg,1.078402164548859,1.2,1.0
rand_H7YXMCFW8V_render_front.jpg,1.05,1.2,1.0
rand_GSWE72ATE2_render_front.jpg,1.1644403548659326,1.2,1.0
rand_CWHZYMYOE1_render_front.jpg,1.0835711619528026,1.2,1.0679557246374527
rand_G90423MGE6_render_front.jpg,1.05,1.238061570580396,0.8388512285870691
rand_8Q8OGWQLJ1_render_front.jpg,1.0005313959129574,1.2,1.0
rand_VDARSEOZEI_render_front.jpg,1.2149126302768691,1.2,1.0
rand_QCEKVWCP72_render_front.jpg,1.05,1.077564330740006,1.3112861730071743
rand_TIC1CMF8FF_render_front.jpg,1.0760944870156175,1.2,1.0236879603982247
rand_ZFIHKNLJOG_render_front.jpg,1.05,0.7980262640546143,1.0
rand_8DR2RJGRPI_render_front.jpg,1.05,1.2,1.0
rand_5LR7Q171V5_render_front.jpg,1.233167404093978,1.2,1.2133809490663476
rand_FDX692UJ7B_render_front.jpg,1.088432777529701,1.2,1.0
rand_IOECLDSY85_render_front.jpg,1.05,1.2,1.0
rand_ZZVUH2YTUH_render_front.jpg,1.2340900070503875,2.922579818624458,1.0
rand_8XRGBX24MS_render_front.jpg,1.05,0.5014765065323039,1.0
rand_M4QQUARKSP_render_front.jpg,1.05,1.2,0.7464270378507
rand_7MPSDJOS26_render_front.jpg,1.05,1.2,1.0
rand_TG2V60J14M_render_front.jpg,1.05,1.2,1.0
rand_VSHV9NTWRS_render_front.jpg,1.188109480251608,1.2,1.3225144416559402
rand_3A6MLJEVMY_render_front.jpg,1.1833491663942857,1.2,0.8814646640994541
rand_MLXSUEWGG3_render_front.jpg,1.05,1.2,0.7623557040374438
rand_PHQ2VXSGWH_render_front.jpg,1.1004072153757964,1.2,1.3348012138791034
rand_SIXRTX7O4X_render_front.jpg,1.112051468164427,1.2,0.8124509999362328
rand_3GHUL45Y8O_render_front.jpg,1.0115001993603134,1.2,1.0
rand_06ZVACAQQW_render_front.jpg,1.05,1.2,1.5967262601214463
rand_4MYOAS3O6B_render_front.jpg,1.173136872179083,1.2,1.0
rand_FVZB2B67HN_render_front.jpg,1.1885826032851865,1.2,0.7213516447602476
rand_N82AVE8WJ3_render_front.jpg,1.1717896633494853,1.2,0.8527470425896938
rand_3VR3D7FSY2_render_front.jpg,1.247941738037372,1.2,0.8564758373997785
rand_OHHOUKH07T_render_front.jpg,1.05,1.2,1.0
rand_ZZGO68RGDO_render_front.jpg,1.1291918136999306,0.8641537447214631,1.0
rand_V5367LQ6MV_render_front.jpg,1.21313171346433,1.2,1.0
rand_SAWDMODTVF_render_front.jpg,1.05,0.7913898278933266,1.0
rand_ORDJ061GMO_render_front.jpg,1.05,1.2,1.5609899686411577
rand_UUSLXTIVQQ_render_front.jpg,1.05,1.2,1.1132133230457084
rand_VML9O35DYR_render_front.jpg,1.0949253799673928,1.2,1.0546165359611435
rand_4O4QW164UM_render_front.jpg,1.05,1.2,1.0
rand_DNT98Q9E78_render_front.jpg,1.05,1.2,1.0
rand_U2OK9N6NJM_render_front.jpg,1.05,1.2,0.9510210793336745
rand_V7JFNN66CS_render_front.jpg,1.043459116021552,1.2,1.525491986091086
rand_OBNC2EUUMN_render_front.jpg,1.1940431951414,0.637814408625711,1.2338858375290886
rand_CM5USHP23L_render_front.jpg,1.05,1.2,1.2756984183864315
rand_R2ITQIWHJP_render_front.jpg,1.2558207220022362,1.2,0.9407640836064672
rand_SDWL1U32SW_render_front.jpg,1.05,1.2,1.0
rand_IQ6LFXNZBS_render_front.jpg,1.0498846959550592,2.2581916449777095,1.0
rand_35BIETX1LS_render_front.jpg,1.05,1.2103015774628592,1.5136220190684233
rand_7H3QYO8I3D_render_front.jpg,1.05,1.2,1.0
rand_C7CP1LO537_render_front.jpg,1.1904680965814411,0.672910155986558,1.0
rand_FUAMIAF728_render_front.jpg,1.05,1.258935586480304,1.0
rand_IT20RF32TX_render_front.jpg,1.0301616639951243,1.2,1.3251395333836076
rand_AFO6RYPF20_render_front.jpg,1.1806163492369557,1.2,1.0
rand_F9QTU1ODVF_render_front.jpg,1.1591914040968603,1.2,1.0
rand_I25ZJ9L0W6_render_front.jpg,1.0848161184257523,1.2,0.90005664602766
rand_PIB2FP8WA9_render_front.jpg,1.2368194151853256,1.2,1.207734341936062
rand_SPHGP7KYYJ_render_front.jpg,1.05,1.2,1.0
rand_BTE7X9ZOI0_render_front.jpg,1.0554244938631734,1.2,1.0
rand_3M2ONX1D40_render_front.jpg,1.05,1.2,1.0
rand_H3UOP78XV6_render_front.jpg,1.2441456322416462,0.6201844654614089,1.0
rand_EVTCHEX5PI_render_front.jpg,1.05,1.2,1.4230200351846833
rand_PT0J2QTHRB_render_front.jpg,1.05,1.2,1.0
rand_74S737VXV3_render_front.jpg,1.036156085413212,1.2,1.0
rand_PUTXN18JDR_render_front.jpg,1.05,1.2,1.0
rand_MB5JOZLU2X_render_front.jpg,1.05,1.2,0.9753685642053442
rand_1SR34YTITJ_render_front.jpg,1.0880966795004865,1.2,1.0
rand_5BFNO0SL5V_render_front.jpg,1.05,1.2,1.0
rand_93R5EQK9J0_render_front.jpg,1.05,1.2,1.0
rand_XTU20FWK3D_render_front.jpg,1.1247029157308344,1.2,1.0
rand_3M90DIQPZK_render_front.jpg,1.2808726564746755,1.2,1.5247904359677322
rand_L5L2295AJ2_render_front.jpg,1.1837870844086968,1.2,1.0
rand_3MCRBBFQ1S_render_front.jpg,1.048709850887099,1.2,1.0
rand_STBIJ2RM93_render_front.jpg,1.05,1.2,0.9141075564692018
rand_MA9XKJ7HEX_render_front.jpg,1.05,1.2,1.0
rand_7264PPZ1CZ_render_front.jpg,1.05,1.2,1.0
rand_QCAKFQKFNI_render_front.jpg,1.2489682040961136,1.2,1.0
rand_53B21RG76E_render_front.jpg,1.1001802934432034,1.2,1.0
rand_OHS6GPA5V3_render_front.jpg,1.1926202678890248,1.2,0.8479178400482669
rand_WOFJG9O2NC_render_front.jpg,1.05,1.2,1.0
rand_MTUJ1L3TTV_render_front.jpg,1.05,1.0053268713005714,1.0
rand_2AA45WT99M_render_front.jpg,1.124625371691993,1.2,0.8243287635320122
rand_APTOKT83BY_render_front.jpg,1.158801865565678,1.2,1.0
rand_AMEAEQT2EX_render_front.jpg,1.1488437940493812,2.7554385627515416,1.0
rand_82MCPYSB57_render_front.jpg,1.05,1.2,1.0
rand_YWPZ9VVAOM_render_front.jpg,1.2381730646606743,1.2,1.0
rand_XNQGFBTDRO_render_front.jpg,1.1181724844686205,1.2,1.0
rand_AOJ55QHE1V_render_front.jpg,1.1449419055322785,2.430971188995094,1.073841332676432
rand_VY5TIJWHQO_render_front.jpg,1.1234780816407217,3.3682089515862437,1.3632087308345697
rand_5HE1O9AT6N_render_front.jpg,1.05,1.2,0.7773146152596301
rand_6VQJ7CU904_render_front.jpg,1.05,1.2,1.0
rand_Y0IDTQJV42_render_front.jpg,1.0936874291898495,1.2,1.2835604599573736
rand_M1VPDRFM15_render_front.jpg,1.1239288838829342,0.5675870240849524,1.0
rand_7PYIP67HEM_render_front.jpg,1.05,3.1579362663176123,1.0
rand_QT2ZEROA07_render_front.jpg,1.0751154983674724,1.2,0.9778404633323363
rand_2ZD6XZAXJO_render_front.jpg,1.05,1.2,0.9684107684755079
rand_TW0634G7I4_render_front.jpg,1.1707666159059793,1.2,1.0122028216424916
rand_4GVTK1KMWR_render_front.jpg,1.05,1.2,1.5339709918589455
rand_KV1A9D4M3N_render_front.jpg,1.05,1.871601318531419,0.9067905956001353
rand_Q0MNY6APJH_render_front.jpg,1.05,3.014216212973238,1.0
rand_BJYR3ME0E4_render_front.jpg,1.05,1.2,0.8780805150037189
rand_9IRL8RL994_render_front.jpg,1.05,1.2,1.229221054713384
rand_DIILRTL67U_render_front.jpg,1.035045548056499,1.2,1.2577566939539824
rand_TT9S7YWXQD_render_front.jpg,1.2701543509362168,1.3451860574557233,0.8028747654097523
rand_KDXVJWPMU6_render_front.jpg,1.05,0.536001407981249,1.1312523902380378
rand_MA919FPXG8_render_front.jpg,1.05,1.2,1.5205025034361337
rand_FW7LT6HHE9_render_front.jpg,1.2042551619071868,3.2573863568485852,0.8563524013551048
rand_JLSZTM3YO2_render_front.jpg,1.2554831636888832,1.2,1.0
rand_YWUJT5WKEL_render_front.jpg,1.05,1.2,1.4489167709219701
rand_05CIBMETWL_render_front.jpg,1.05,1.2,1.0
rand_KKG1VFOKCP_render_front.jpg,1.1198284099739844,0.9314837236445533,1.0786701073805245
rand_KC2MKTIOVP_render_front.jpg,1.0051987379721177,1.2,1.5488237934613207
rand_P5PIEG41TB_render_front.jpg,1.05,1.0473973676050705,1.5791521189696152
rand_UZ8P9JK598_render_front.jpg,1.0970027161682747,1.2,0.7547840541786806
rand_U5HZYWUFC6_render_front.jpg,1.05,2.402686269440973,1.0
rand_DT6XXWAUF3_render_front.jpg,1.05,1.2,1.1874421965760913
rand_G2G138S98F_render_front.jpg,1.05,1.2,1.1163524814422197
rand_EHN4Z56KRY_render_front.jpg,1.0830370343953266,1.2,1.1016062890783824
rand_2XGUYOFFG6_render_front.jpg,1.193582619060726,1.2,1.1585059894697651
rand_44V8ZSPGWA_render_front.jpg,1.05,1.2,1.0
rand_7CT6UX06VI_render_front.jpg,1.05,1.2,1.0
rand_Y7Z4JG606E_render_front.jpg,1.0105389833338239,1.2,0.8691360186947216
rand_C3FR9XQTS5_render_front.jpg,1.05,1.2,0.7673733998418931
rand_BZWERVKB0S_render_front.jpg,1.2477910883481738,1.669360252135787,0.947364436050205
rand_RJHF6Z4UX5_render_front.jpg,1.05,1.068546688582642,1.380445588525053
rand_880Q5TTMAV_render_front.jpg,1.05,0.9662951604948753,1.076412432182304
rand_XRQ28OLWER_render_front.jpg,1.05,0.5529752975648431,0.7933405011005589
rand_AKUF4LO3T7_render_front.jpg,1.0284207676870745,1.2,0.929490062342039
rand_MQPYH4PWCH_render_front.jpg,1.05,1.2,1.401719068979884
rand_TGGTESNHPL_render_front.jpg,1.0763248333122961,1.2,1.0
rand_HS01S90K2P_render_front.jpg,1.05,1.3804510411617112,1.0
rand_ZO3PT8YGYU_render_front.jpg,1.05,1.2,1.0
rand_YSDZ4XL6UA_render_front.jpg,1.147748884181844,1.711946776574362,0.8870042200204864
rand_A4A2BMXMW0_render_front.jpg,1.079295141752341,1.2,1.5174091454488627
rand_XZEAF925IM_render_front.jpg,1.05,1.2,0.9404806622516371
rand_S7W4G8J18X_render_front.jpg,1.2091567514163863,1.2,0.7630620054551065
rand_ZTN3IFMFWN_render_front.jpg,1.05,0.9893833808441779,1.4408406718215028
rand_TNSWCP8SDP_render_front.jpg,1.05,1.2,1.244611717451166
rand_KK1DHF65JS_render_front.jpg,1.2659455093630745,1.2,0.982920709174862
rand_XXRSU3D2KT_render_front.jpg,1.1846728100495316,1.2,1.006197526274668
rand_WKXJFBVZ7R_render_front.jpg,1.05,1.2,1.3246922708117874
rand_GP47AQQYSW_render_front.jpg,1.05,1.2,1.0
rand_LSKBSNL98H_render_front.jpg,1.2523675214906822,1.2,1.0
rand_X5YJ18PZIN_render_front.jpg,1.05,1.2,1.379247957178551
rand_E1S932E8Y9_render_front.jpg,1.0808460254778516,1.0681409844595224,1.1525943945466162
rand_JSNLZVWQ1J_render_front.jpg,1.174511285842396,1.2,1.0
rand_MFG67Y2ZWL_render_front.jpg,1.05,1.2,1.0
rand_7BHISBM41M_render_front.jpg,1.180843808630959,1.2,1.1420410176453601
rand_I5UX4H8150_render_front.jpg,1.285315921610654,1.2,1.298602615459835
rand_KU4ETNVRF6_render_front.jpg,1.05,1.2,0.887980291653383
rand_4N2SG8FWXE_render_front.jpg,1.0700876236815493,1.2,1.0
rand_WLAMG1WJ3O_render_front.jpg,1.1933564344285144,1.2,1.4474875129799885
rand_3ZCIR6ILWW_render_front.jpg,1.1482546032316954,1.2,1.0
rand_GF3TUMMMBV_render_front.jpg,1.05,1.2,1.0
rand_AKS7S180W3_render_front.jpg,1.0528695246244022,1.2,1.0
rand_CNS8JVPN58_render_front.jpg,1.05,1.2,1.0
rand_MQ98VUSXFN_render_front.jpg,1.05,1.2,1.0
rand_DUW2J090XD_render_front.jpg,1.1892120561909068,1.5051437331697866,1.0
rand_NZK0XABUNU_render_front.jpg,1.247038870511974,2.0817716287026533,1.0
rand_MGWMTCT1TM_render_front.jpg,1.203316723880462,1.2,1.0
rand_D5XHCJAPE0_render_front.jpg,1.1147710038648493,0.8813622183494259,1.0
rand_D3OWUFGM9B_render_front.jpg,1.0920552188152066,1.2,1.209341927323809
rand_0VFEB82ZVO_render_front.jpg,1.0270006256401312,2.8081513845775,1.3516434000485307
rand_9CYUTS1QA5_render_front.jpg,1.05,1.2,1.4298165623955137
rand_ASBFIPJJ7M_render_front.jpg,1.1112724158330585,1.2,1.3831472346659637
rand_9ZMN81TTFW_render_front.jpg,1.1188876356396342,1.2,1.0
rand_E1C14S922N_render_front.jpg,1.2411115311710863,1.2,1.0
rand_1PSXI9D50T_render_front.jpg,1.05,1.2,1.0
rand_3JT53N3NWC_render_front.jpg,1.05,1.2,1.0
rand_8HN4UHO260_render_front.jpg,1.1692050686817879,1.2,1.0
rand_T77OGG58CE_render_front.jpg,1.260263445789427,1.78141044496282,1.013486068688139
rand_EY83S9QOBV_render_front.jpg,1.217117721065216,1.2,0.769808306930765
rand_4HJLFCQ4WF_render_front.jpg,1.1486199632957834,1.2,1.0
rand_PHTFMVSBYZ_render_front.jpg,1.154216503897486,1.2,1.1017555781738102
rand_D3O2AFA97M_render_front.jpg,1.05,1.2,1.0
rand_YRLC4G6FUK_render_front.jpg,1.2607137596593483,0.7386760743516348,1.0
rand_B8Z9W3867M_render_front.jpg,1.0594743662508868,1.2,1.5067696186494781
rand_DB5FHC2L4Q_render_front.jpg,1.05,1.2,1.168389769963209
rand_CZ2BOYEV7S_render_front.jpg,1.0895616530485133,1.2,1.0
rand_CNI1FWBUGT_render_front.jpg,1.05,1.2,1.0470371342533906
rand_LHYNMU7EYW_render_front.jpg,1.05,1.2,0.8969418816044358
rand_PPDZ9LIRLE_render_front.jpg,1.298205706818705,2.0564309715919964,1.1919406665020729
rand_ES8OHQSAG7_render_front.jpg,1.2416335779026566,1.2,1.0
rand_KXO4VAYBN5_render_front.jpg,1.1118161259938555,1.2,1.0
rand_T7IN4E3BDK_render_front.jpg,1.1647629489616294,1.2,0.8667554157939468
rand_4WPA7OFF99_render_front.jpg,1.1019252233759507,1.2,1.0
rand_RGQJ3YH0Q2_render_front.jpg,1.1823870262150697,0.7644325739010077,0.7095452493960772
rand_UQVRLPAFY8_render_front.jpg,1.2934120766416404,1.2,1.3587703363034676
rand_M64GN2PAIC_render_front.jpg,1.1766249240341924,1.2,1.0
rand_GG1487H6SQ_render_front.jpg,1.2867594186563713,1.2,1.002897529679851
rand_RX14YXH623_render_front.jpg,1.05,1.2,1.0
rand_ZH1UHD0ENL_render_front.jpg,1.0217990859467285,1.2,1.080531276755567
rand_LKC1OG530J_render_front.jpg,1.05,1.2,0.9001838030631275
rand_BLLHXSOLID_render_front.jpg,1.1755499680718007,0.50046315744387,0.7331942893863995
rand_9K5HBK6UIW_render_front.jpg,1.05,1.2,1.0
rand_XNBO3J3QNL_render_front.jpg,1.2176272257113363,1.2,0.7800443411679827
rand_GS7W2O1JVN_render_front.jpg,1.05,2.139077812053417,1.0
rand_J0RV3R5T5Z_render_front.jpg,1.05,1.2,1.1618096091831498
rand_1NKG6I69HH_render_front.jpg,1.1200898944619337,1.2,1.0
rand_DVWDYBR7YQ_render_front.jpg,1.0863721579515913,0.88144483499576,1.2501553402019114
rand_80CXQ1WFF0_render_front.jpg,1.05,2.945949672769964,1.0
rand_FQ4YBTS7YN_render_front.jpg,1.05,1.2,1.0
rand_7EGKGR5KZ0_render_front.jpg,1.05,1.2,1.0
rand_V0S07KUHS7_render_front.jpg,1.1555745006871503,1.2,1.251851243258256
rand_RY0Z4Q233Y_render_front.jpg,1.1507356134397329,1.2,1.0
rand_GDV1B4MDRC_render_front.jpg,1.05,1.2,1.2189092015537388
rand_A7BE70CRH0_render_front.jpg,1.05,1.2,1.0
rand_K2T0XV9UGQ_render_front.jpg,1.2272022742855384,1.2,0.9056326631548706
rand_M1MMIWD7HK_render_front.jpg,1.0034845929634642,1.2,1.4704478246827568
rand_GQ63ZDZL5G_render_front.jpg,1.05,1.2,1.5309718615901828
rand_BS11JXX3VX_render_front.jpg,1.210209940610651,1.2,1.0
rand_C1F671IFJC_render_front.jpg,1.1778163547037548,1.2,1.0
rand_XI86031OW2_render_front.jpg,1.1792792980786793,1.2,1.0
rand_HI7DJ0EV6H_render_front.jpg,1.1254278900962915,0.5345939751236624,1.0
rand_ZM1R17PAYY_render_front.jpg,1.0384467552343573,1.2,1.358636821003596
rand_PEEBWEO2VN_render_front.jpg,1.05,2.2739922611437926,1.0
rand_OPRT5HI0WG_render_front.jpg,1.078164810250912,3.028174855048008,1.1112802985653392
rand_XC4RRHG45Z_render_front.jpg,1.05,1.2,0.8984692553012305
rand_N8F2N1PIXX_render_front.jpg,1.05,1.2,1.0
rand_8H15JZI4SE_render_front.jpg,1.2590974100991423,1.2,0.783162776745168
rand_NZDIOTVZ33_render_front.jpg,1.0432188496093737,1.2,1.0
rand_J9PBYWTLEZ_render_front.jpg,1.138740006703669,1.2,1.0
rand_J52HUIXRUW_render_front.jpg,1.200888040276072,1.2,1.0467796670195142
rand_ALN8X0G6XN_render_front.jpg,1.05,1.2,1.192522651277356
rand_Y528Q2IHYX_render_front.jpg,1.05,1.2,1.0722850390564953
rand_YEYJ6WPIDY_render_front.jpg,1.238197560977489,1.0253222510392965,1.2826545543081989
rand_Y91ONA48P8_render_front.jpg,1.0819798707515333,1.2,0.9526035698404371
rand_RO08L61XX6_render_front.jpg,1.05,1.2,1.0
rand_NGM7C63VW9_render_front.jpg,1.144470187977306,0.5950541479773258,0.8674446867502011
rand_1BROAWODUK_render_front.jpg,1.05,1.2,0.7607403414330681
rand_BZIL6VZTUH_render_front.jpg,1.0429627340725989,1.2,1.368238504132313
rand_N80N4DGG1T_render_front.jpg,1.05,1.2,1.5274164723515058
rand_SK6VEO20IG_render_front.jpg,1.1499579220361729,0.5080240109975983,1.0
rand_9Z6HE8U6RS_render_front.jpg,1.2714173808090152,1.2,1.0
rand_PN02KS7YJ1_render_front.jpg,1.05,1.2,1.1839665651050884
rand_PQOGEIVTGI_render_front.jpg,1.1546769695079915,1.2,0.822821403244632
rand_Z4ZILJO7LT_render_front.jpg,1.2008132846860937,1.2,1.0
rand_Z91TL34GBI_render_front.jpg,1.2757667950553548,1.2,1.039069696429691
rand_907YI6K4WL_render_front.jpg,1.05,1.2,1.1468242988744972
rand_32HHHMX606_render_front.jpg,1.05,1.2,1.0
rand_K1BGHOLA3C_render_front.jpg,1.0281118396731275,1.2533652238994037,0.7751878490931323
rand_Q99BRRKFXJ_render_front.jpg,1.0835326826776126,1.2,1.4325536033839508
rand_MB68NHO8DH_render_front.jpg,1.05,1.2,1.0
rand_DS9JH8D9AK_render_front.jpg,1.1736080821985064,1.2,1.4809752013488837
rand_K2UVVBCUCP_render_front.jpg,1.1609273809125784,1.2,1.255320433952958
rand_2OAT02ETXA_render_front.jpg,1.05,1.2,1.2786158996559798
rand_HGVXYLC30G_render_front.jpg,1.05,1.2,1.5592578369573893
rand_TM8KBNE3SX_render_front.jpg,1.05,1.2,1.4028359773693504
rand_7DB38S9TPK_render_front.jpg,1.000738419951196,1.2,1.0386307556388237
rand_5XQU9ZV1A0_render_front.jpg,1.0935921672844269,1.2,1.0644143114146627
rand_653RRS5DW9_render_front.jpg,1.2623831359549296,1.2,1.5600964472331413
rand_X93U4Z74Y2_render_front.jpg,1.2648046524749117,1.2,1.0
rand_Z2W1KQ9T0J_render_front.jpg,1.0368846505517992,1.2,1.0
rand_THFP3PSIRG_render_front.jpg,1.2550672958095295,1.2,1.0
rand_FB342W86SX_render_front.jpg,1.233945542502778,1.2,1.0
rand_Y6J50IRNN5_render_front.jpg,1.05,1.2,0.7030209893605528
rand_DI8621XWN7_render_front.jpg,1.1795470857873587,1.2,1.1140148999546413
rand_JSEA81VAXP_render_front.jpg,1.09091310621951,1.2,1.0
rand_8KSPZBRHU8_render_front.jpg,1.05,0.9849685786130755,1.1149917221833678
rand_6FURW737SL_render_front.jpg,1.149587445284433,1.2,1.087481268055881
rand_2CPOAS66P8_render_front.jpg,1.05,1.2,1.0
rand_GI2XKJOXPX_render_front.jpg,1.2484804976975084,0.959965601282349,0.9737353749531801
rand_TIUN0O423Q_render_front.jpg,1.05,1.2,1.0
rand_M5TFE66GBD_render_front.jpg,1.0278919666587605,0.6024463043128244,1.4883589667841801
rand_V61AHPDH4M_render_front.jpg,1.05,1.2,1.0
rand_RCX124DQMT_render_front.jpg,1.2224078728683865,1.2,1.0
rand_3G1DDHTG0K_render_front.jpg,1.05,0.8970334249112124,1.0
rand_43FFGR0D0O_render_front.jpg,1.0466535196138855,0.7113103653866211,1.470064323288554
rand_Y84FBI7QCO_render_front.jpg,1.05,1.2,1.0
rand_7QPGFVS5SM_render_front.jpg,1.1378609894855132,1.2,1.0
rand_7UGTWC127G_render_front.jpg,1.05,1.2,1.468591227305284
rand_H6FL9K6JIU_render_front.jpg,1.05,1.2035745838269465,1.0
rand_TXBMHC75KZ_render_front.jpg,1.05,1.2,1.0
rand_GUEJECMN1B_render_front.jpg,1.2092607611805062,1.2,1.0
rand_AHJVHH4392_render_front.jpg,1.05,1.2,1.0
rand_83TCRTJ1RR_render_front.jpg,1.2744252199176604,1.2,0.8183525354488672
rand_PJ99BABZE3_render_front.jpg,1.05,1.2401479374450735,1.1644273755760761
rand_ZTT0UROS17_render_front.jpg,1.05,1.1368400178342268,1.1143530778706099
rand_9M2EWZUJSG_render_front.jpg,1.05,1.2,1.0
rand_1M0KW74XQN_render_front.jpg,1.0668782508175283,1.2,1.5834415406561533
rand_3ZZWAJSGMJ_render_front.jpg,1.258481084855906,1.2,1.3326598531450773
rand_SL3BYDKY0R_render_front.jpg,1.2699674539925492,1.0437029637497535,1.0
rand_89JV3THM1S_render_front.jpg,1.0334515424753166,0.7901423291831243,1.0
rand_X2SWPTO9L9_render_front.jpg,1.084922445720371,1.093632189235327,1.0
rand_28AONKZ3RY_render_front.jpg,1.05,1.2,1.0216718959411355
rand_QKOHXI93QH_render_front.jpg,1.0022951512463476,1.2,1.0
rand_QMIH3GS592_render_front.jpg,1.229400332139807,1.2,1.0
rand_V7IHJFB63C_render_front.jpg,1.2385159788652964,1.2,0.8045642473146433
rand_VMWLF1T1L1_render_front.jpg,1.05,1.2,1.0
rand_1Q3K9IQ92P_render_front.jpg,1.05,1.2,1.0
rand_AJO0F6EY91_render_front.jpg,1.0959138565513569,1.2,1.0913166795845404
rand_ONCKO7BM7Q_render_front.jpg,1.0681967039687121,0.6727894456134512,0.7953804937180773
rand_YPZ62DOWYT_render_front.jpg,1.1571211465329343,1.2,1.0
rand_I7QNLF8SML_render_front.jpg,1.2020891511975822,0.9427196320343317,0.9866837963844093
rand_GMT6O7CBQV_render_front.jpg,1.1921277725146424,1.2,1.2057442892281038
rand_L15ZCTVM5F_render_front.jpg,1.05,1.2,0.8573553928618265
rand_0QUFXIPBFM_render_front.jpg,1.05,0.5464177551618333,0.7239140471167929
rand_VA71LRIVGI_render_front.jpg,1.05,0.6682240509695667,1.0
rand_WAOVQBQEKS_render_front.jpg,1.0089141637148238,1.2,1.0
rand_1UFGA8AAGP_render_front.jpg,1.1247533452649086,1.2,1.0
rand_YJGL924Y72_render_front.jpg,1.25147378527373,1.2,1.2141403873293615
rand_C0JK6QPG0S_render_front.jpg,1.1901868090517789,1.2,1.221954284374183
rand_WPC7Q5HSZ5_render_front.jpg,1.05,1.2,1.0
rand_1YMR466YTG_render_front.jpg,1.012920429237461,1.2,1.0
rand_TVG82XCMSP_render_front.jpg,1.05,1.2,1.0
rand_GIGLIL5TKD_render_front.jpg,1.05,1.2,1.0165496287609166
rand_8UQPABB7R6_render_front.jpg,1.2159964185477137,0.6361861076768461,1.0
rand_N61JKH6OG6_render_front.jpg,1.0761396967523982,1.2,0.8344767606571386
rand_4HKDI2H23S_render_front.jpg,1.0665800865887238,1.2,0.7020953837235875
rand_MUHCSOHDOJ_render_front.jpg,1.05,1.2,1.1669019453304994
rand_H3YYNO6WEK_render_front.jpg,1.263437557808758,1.2,1.0
rand_ZAO0IES79Q_render_front.jpg,1.2897533557670606,1.2,1.0
rand_LE4GCBNFGB_render_front.jpg,1.05,1.2,1.0
rand_WOULI8DVU9_render_front.jpg,1.2120076152022001,1.2,1.1139347549032756
rand_AQFM6FHNVM_render_front.jpg,1.05,1.2,1.2743541918193315
rand_ZAWMWPRNZ6_render_front.jpg,1.0856401269177434,1.2,0.9919152333650257
rand_ILH60TSI2P_render_front.jpg,1.180126995224185,1.2,1.0146424634683868
rand_N4ABCA3VMS_render_front.jpg,1.078822911024062,0.5159529750717579,1.0
rand_5VAE9M2XUZ_render_front.jpg,1.035865452051197,2.9350861844807365,1.0
rand_QH7ZNEZK61_render_front.jpg,1.0647436847694867,1.2,1.0037871713034288
rand_0MGW5YEOOW_render_front.jpg,1.2144743764523722,1.2,0.7837394649379108
rand_IKQ5DA9HLG_render_front.jpg,1.05,1.2,1.0
rand_X8P5LLKUQG_render_front.jpg,1.2830496197156762,1.2,0.8375496443497263
rand_CX4YA5RP89_render_front.jpg,1.1797692734511056,1.2,1.0
rand_PJ9ZU2TF1U_render_front.jpg,1.1424291568727203,2.658988837363354,0.9000139809089012
rand_MM291174BV_render_front.jpg,1.05,1.2,1.1478863920369402
rand_0UHRIDT4ZQ_render_front.jpg,1.2878808492077745,1.2,1.0
rand_V3W8G8SZI2_render_front.jpg,1.05,1.2,1.3758770816379111
rand_CDSMFEMH81_render_front.jpg,1.05,1.229312859514486,1.5736521505150733
rand_C1YRMQDKAL_render_front.jpg,1.05,1.2,1.0
rand_DAAS6N2ARY_render_front.jpg,1.2703325260244214,1.2,0.8294927765440835
rand_C0SO3XD3HR_render_front.jpg,1.0052136948886865,1.2,1.0
rand_2DFFMJHIW4_render_front.jpg,1.1310573578377383,1.2,1.2031653708036234
rand_17PWELCLK8_render_front.jpg,1.1809004147070623,1.2,1.0
rand_VQ4HSDRWA8_render_front.jpg,1.05,1.2,1.0
rand_7EJ4P4YZRG_render_front.jpg,1.2651780201911973,1.389350091912398,1.0
rand_UAZ7T7QDRJ_render_front.jpg,1.1407619999310785,1.2,1.0
rand_ACAVWZDL9M_render_front.jpg,1.05,1.2,1.0
rand_DKLDFH2GNX_render_front.jpg,1.2996734628930293,1.2,1.0
rand_5LUXAE7G4C_render_front.jpg,1.1473989404603877,1.3937416864720071,1.0
rand_3IAK0G1VE3_render_front.jpg,1.05,0.6087804187844194,1.0
rand_TMNRWEEEG9_render_front.jpg,1.2038985526727073,1.2,1.1293480810416554
rand_51FSDDIO6R_render_front.jpg,1.0847985055336389,1.9679226392113467,0.9791881262166432
rand_N756EI2LL7_render_front.jpg,1.12420197272062,1.2,1.3932629466593816
rand_K1DHA1FIW3_render_front.jpg,1.2769082226374804,0.8965393506065342,0.9224413007855609
rand_9AVIPBVSRT_render_front.jpg,1.05,1.2,1.0
rand_FVG3YR27CA_render_front.jpg,1.0253397496645207,1.2,1.413434965052469
rand_7OLDSV7HYN_render_front.jpg,1.0661301617712928,1.2,1.0
rand_87F9OOFI0S_render_front.jpg,1.05,1.2,1.5756725014780901
rand_KO0Z4WJ1DE_render_front.jpg,1.2647140627789215,1.2,1.0
rand_TGIP3NCL3D_render_front.jpg,1.05,1.4212116474464795,1.3896110883134216
rand_SZVOHAW324_render_front.jpg,1.05,1.2,1.0
rand_RZ7CSH4BP7_render_front.jpg,1.05,1.2,1.0251362456976274
rand_YROLT1M5MI_render_front.jpg,1.05,1.2,0.9835015709059902
rand_VCICYA5KIG_render_front.jpg,1.114063536905813,1.2,1.0203636127788585
rand_YAB0P92PS1_render_front.jpg,1.1067121716062933,1.2,1.334012378263986
rand_97I0G2FIR5_render_front.jpg,1.2516527828008044,1.2,1.0
rand_VJ1BOIY9Q5_render_front.jpg,1.2901948577039937,1.1911854180723789,1.0
rand_I4ABEZPQ2A_render_front.jpg,1.0947334324097722,1.3241990472292073,1.0
rand_WZ7DOHTT0Z_render_front.jpg,1.05,0.8176437654385899,1.1505755087288634
rand_K69EVBT6RL_render_front.jpg,1.0768862680826454,1.2,1.350075092476986
rand_RS7K9GT9OD_render_front.jpg,1.05,1.2,1.0722415427864909
rand_HARVFM1OQE_render_front.jpg,1.2190868428265134,1.700926269786796,1.0
rand_7ES0DM8KXT_render_front.jpg,1.05,1.2,1.149269504992396
rand_RFXOLRUNAD_render_front.jpg,1.224389469419886,1.6473052317061367,1.0
rand_HJ8BLO9SMJ_render_front.jpg,1.05,1.2,1.0
rand_X5VRKIHP2D_render_front.jpg,1.132977186442151,1.2,1.0
rand_OSJ0O5FIA1_render_front.jpg,1.2205330402260426,1.2,1.3472349723499821
rand_LJFJW3ENTG_render_front.jpg,1.2884584298159758,1.2,1.0
rand_PFDW1N82B4_render_front.jpg,1.2181528145076894,1.2,1.0
rand_RPMZ3NYYQO_render_front.jpg,1.05,1.2,0.8730048431107826
rand_71JKUKX30K_render_front.jpg,1.27298370841615,1.2,1.0
rand_ZRDD4B7MIM_render_front.jpg,1.1616264633582791,1.2,1.0
rand_OJWRCDO9KN_render_front.jpg,1.1035435892475707,1.2,1.4196920931637613
rand_5NKMBJXNTT_render_front.jpg,1.0910114930195867,1.2,1.5822253441590606
rand_MGV17DXGK5_render_front.jpg,1.05,1.2,1.0
rand_HNYTM7V9W1_render_front.jpg,1.0179536175001414,1.2,1.1667378785802853
rand_2FK6AUGK65_render_front.jpg,1.0280470617382724,1.2,0.8341632899527267
rand_MGJGOXM3Y9_render_front.jpg,1.05,1.2,1.476699327490832
rand_J4SF1QYK2B_render_front.jpg,1.05,1.0880824054377027,0.7035861236256437
rand_T23YVVY38F_render_front.jpg,1.05,1.2,0.9703406301915465
rand_XEQPLU1DM6_render_front.jpg,1.05,1.2,1.0
rand_M2Q6A816TP_render_front.jpg,1.180473029328974,1.2,1.2348257802096883
rand_V5W0XGZXWP_render_front.jpg,1.0780936103026746,1.2,1.0
rand_6RNYN22TGX_render_front.jpg,1.05,1.2,1.0
rand_166KJGCYM8_render_front.jpg,1.05,0.9457568190677353,1.0
rand_G5F7G9YROI_render_front.jpg,1.05,1.2,1.432434654608369
rand_HQAOTKGJN4_render_front.jpg,1.165840185503707,1.2,0.9629733332872458
rand_KC1BUAKVY9_render_front.jpg,1.013938884565392,1.2,1.204814592073102
rand_BBTJG0ARUY_render_front.jpg,1.2669719696470347,1.2017141401157263,1.4856706905952297
rand_ZK2S3N05Z1_render_front.jpg,1.2302865932215552,1.2,1.1342979911289413
rand_D5QKH709Q5_render_front.jpg,1.05,1.2,1.0
rand_GT4JJ3F725_render_front.jpg,1.1660346865688653,1.2,1.0
rand_3O77D4O0H9_render_front.jpg,1.05,1.2,1.0
rand_RYAGLP9ZHE_render_front.jpg,1.05,1.2,0.8640031936255691
rand_A1R9FRW6IH_render_front.jpg,1.0586828534644028,1.2,1.0
rand_2VMCXJ0HO5_render_front.jpg,1.2486160074414483,1.2,1.42760679310767
rand_HQ24GBG3QS_render_front.jpg,1.0837501155090197,1.2,1.0
rand_EY8V928ERR_render_front.jpg,1.05,1.2,1.1790090019035984
rand_0QNHDB0D2H_render_front.jpg,1.213091991329109,1.2,1.0
rand_PHFIKGFF1Q_render_front.jpg,1.0620609816311104,0.6132239059154417,1.019774305182243
rand_3DFR63YKHM_render_front.jpg,1.05,1.2,1.0
rand_532UJF5KIG_render_front.jpg,1.05,1.2,1.0
rand_HCM00JKB8I_render_front.jpg,1.0903574226473947,1.2,1.3765427103676666
rand_E1WRFXE0MB_render_front.jpg,1.05,1.2,1.0
rand_15BJWWYFUU_render_front.jpg,1.05,1.2,1.0
rand_7AM13NAOF5_render_front.jpg,1.1787533542410942,3.390250282048061,1.1793176925930091
rand_0YTZ5X828N_render_front.jpg,1.0136653266406206,1.2,1.0
rand_LRSAR4070I_render_front.jpg,1.05,1.2,1.0
rand_FIYLDR2Q5F_render_front.jpg,1.05,1.328904650717027,1.298670188077251
rand_LOV83RQFQ6_render_front.jpg,1.0529099219221387,2.764678585190728,1.1694899524888251
rand_SF522EGFBK_render_front.jpg,1.05,1.2,1.286475157386914
rand_YQ6TUUG7UJ_render_front.jpg,1.05,1.235965754304436,1.3461751018009784
rand_28ILVS1UCT_render_front.jpg,1.119468042776678,1.2,1.4227366504058918
rand_9CHV2WCUEN_render_front.jpg,1.2399367688609697,0.6165963597295251,1.0
rand_QP8KQ2FCLF_render_front.jpg,1.1514717602473987,1.2,1.0
rand_8WDOLHY1YM_render_front.jpg,1.05,0.5327549437862794,0.9849728672674585
rand_IFFIDCJVYE_render_front.jpg,1.0261125050572706,1.2,1.0
rand_T37ZTBXH7O_render_front.jpg,1.05,1.2,0.8307065144617565
rand_2PAO3AQVVJ_render_front.jpg,1.2362537922336652,1.2,1.0
rand_6RT5XP2JHT_render_front.jpg,1.0614644787961256,1.2,0.7724964665284638
rand_B4A4PBLXHC_render_front.jpg,1.0798332134396185,1.2,0.985164143125876
rand_KAVS23H9OW_render_front.jpg,1.072827277109576,2.1642300248652426,1.0
rand_6HWBJ1ZUK2_render_front.jpg,1.1826927345608853,3.2256697828109675,1.0030028116838998
rand_KLPB3B5LOJ_render_front.jpg,1.2360998094833218,1.2,1.0
rand_Z4AXI9D9UU_render_front.jpg,1.0950523425375929,1.2,1.589985336979018
rand_7G2D48P95M_render_front.jpg,1.0157834491308793,1.2,1.0
rand_Z4V5435HU3_render_front.jpg,1.0755554338525992,1.2,0.7712123680136962
rand_219X7MOLCH_render_front.jpg,1.05,1.2,1.0
rand_7IV9890MUC_render_front.jpg,1.1578794739762595,1.2,1.0
rand_EQTCWY41X2_render_front.jpg,1.05,1.4313952983391869,1.0940924998284742
rand_P2O4GSXN11_render_front.jpg,1.05,1.2,0.9442820440325237
rand_7FAZ7EOM3Q_render_front.jpg,1.05,1.2,1.0
rand_YNFV1NO77D_render_front.jpg,1.05,1.2,1.0
rand_2ER5JR6MG7_render_front.jpg,1.0881648233422487,1.2,1.0576284223198396
rand_F7AHTOPY3O_render_front.jpg,1.05,2.373660007407236,1.1840844513251731
rand_PQT5RTFG9U_render_front.jpg,1.1160394940746214,1.2,1.0
rand_GAW69UPKL2_render_front.jpg,1.05,1.2,1.5039084603069854
rand_KKJ5P9SCGT_render_front.jpg,1.05,1.2,1.0
rand_THQMEMZC5I_render_front.jpg,1.05,1.2,1.1261772643365353
rand_5RA99K4SER_render_front.jpg,1.1953226760160476,1.2,1.0
rand_KR6N52P7M4_render_front.jpg,1.2252810480905643,1.2,1.0
rand_06NXKFNZMA_render_front.jpg,1.0711193799552956,1.2,1.1451108571802522
rand_LZ6O0YBMSS_render_front.jpg,1.1816957992762924,1.2,0.7537232572523757
rand_XKENB7CI8F_render_front.jpg,1.05,1.2,1.0
rand_T1ZLCODB1S_render_front.jpg,1.05,1.2,1.0
rand_O0HZWA9MLT_render_front.jpg,1.05,1.2,1.0
rand_4Y2D96J53M_render_front.jpg,1.05,1.1988358260041836,1.0
rand_6URSFPC3WZ_render_front.jpg,1.2256905915698366,1.7869345814404398,1.5553404752543614
rand_6QSDWGCIZC_render_front.jpg,1.05,1.2,1.2182098022345418
rand_HRCH9MPCH9_render_front.jpg,1.05,1.2,1.0
rand_6Q3K2QPZXC_render_front.jpg,1.1265303341020738,1.2,1.0
rand_YGR3DGMVTT_render_front.jpg,1.05,1.2,0.7478692798296876
rand_SD3JPIKKED_render_front.jpg,1.299342432830261,1.2,1.0
rand_2EV9DR8YD8_render_front.jpg,1.05,1.2,1.0
rand_3DSCJVZ2EU_render_front.jpg,1.1479720202272428,3.129982201498223,1.0927761550380417
rand_W2RJN3LLVW_render_front.jpg,1.064305431158283,1.2,1.0
rand_VIIVIJ2TIN_render_front.jpg,1.05,1.2,1.253683018535504
rand_ICHYYFDV1T_render_front.jpg,1.05,1.2,0.8379445432591348
rand_CQM0FHRBTA_render_front.jpg,1.2238951646951843,1.2,1.0
rand_73TGO28THO_render_front.jpg,1.1472811054544232,1.2,0.9180922931111893
rand_MQ2TQVL18S_render_front.jpg,1.05,1.2,0.9066094620292284
rand_3JOBG51B4X_render_front.jpg,1.05,1.2,1.321093817208622
rand_IYOCCHGU5G_render_front.jpg,1.05,1.2,1.0
rand_H9O0W45ADF_render_front.jpg,1.2762121811587364,1.2,1.0
rand_CJ8GZ4JURH_render_front.jpg,1.296995597479903,1.2,0.713217246130266
rand_YR6JNZ0UTU_render_front.jpg,1.05,1.2,1.0
rand_9LR2XG2O1L_render_front.jpg,1.05,1.2,1.3927160477879794
rand_1DGYFK46D0_render_front.jpg,1.05,1.2,1.3396729367780265
rand_1MYFF4IROA_render_front.jpg,1.05,2.0974276793355706,1.0
rand_14GCQ0YOEF_render_front.jpg,1.155907532012883,1.2,1.0
rand_IHOOIO0TXB_render_front.jpg,1.05,1.2,1.1081686753274393
rand_CSPLL2LT3T_render_front.jpg,1.2226502669189978,1.2,1.0
rand_7Z2IPXM1TB_render_front.jpg,1.1665964862605211,1.2,1.351416868622903
rand_M4Q7NQOUC8_render_front.jpg,1.05,1.2,1.0
rand_KHTBVSWLE2_render_front.jpg,1.05,1.2,1.3179295368694026
rand_1KMN65OI4O_render_front.jpg,1.05,1.2,0.7159536923573305
rand_5K4WYM6HDL_render_front.jpg,1.027140996119197,1.2,1.235696956833711
rand_E7BVFTTCZK_render_front.jpg,1.159548638453666,1.2,1.0
rand_RSZPQ5DU4Q_render_front.jpg,1.05,1.2,1.0
rand_6VFYUI3EF9_render_front.jpg,1.1571333804239787,1.2,1.582900240650167
rand_XZVCQO3WL5_render_front.jpg,1.0051426616542187,1.2,1.1499502461739355
rand_9B72WLJ55V_render_front.jpg,1.05,1.2,1.0
rand_HUIAZP85XP_render_front.jpg,1.2667452757831765,1.0707780161172802,1.0
rand_WC4UBTPKYB_render_front.jpg,1.1609270451609222,1.2,1.0
rand_4GQ5BESMV5_render_front.jpg,1.05,2.1848415073550225,1.0194984768705264
rand_CRJNX11FYA_render_front.jpg,1.0909407368880195,1.2,1.13564492661539
rand_87EZBK65FL_render_front.jpg,1.05,1.2,0.735906063259932
rand_N5X9IP40X4_render_front.jpg,1.264533789024119,1.2,0.8722879456328853
rand_SBCHM6VSX6_render_front.jpg,1.137810205223753,1.7916508240068123,1.284459601271576
rand_GJAW0X3R61_render_front.jpg,1.05,0.766587264425485,1.1211097374315049
rand_5KC9301A8W_render_front.jpg,1.2562705981109723,1.3596731730808376,0.7072367436036651
rand_XLGVC1B04S_render_front.jpg,1.05,1.2,1.0
rand_3GK5D4P9H0_render_front.jpg,1.1274145746129811,1.2,1.0
rand_IKBZGMQZOB_render_front.jpg,1.05,1.2,0.8312976061000947
rand_K82BELHESD_render_front.jpg,1.05,1.2,1.4013774415462572
rand_JSQ29IM6B8_render_front.jpg,1.05,2.014374719731218,1.0799230622867473
rand_FCMK6F2MJP_render_front.jpg,1.029473267164313,0.9537767317455424,0.7496280593280225
rand_20DQCAX3HD_render_front.jpg,1.2300798050300341,1.2,0.9156013535903604
rand_SLECZMJDBS_render_front.jpg,1.05,1.2,1.0684847585840682
rand_GXPVFDY2JA_render_front.jpg,1.0635510728419681,1.2,1.0
rand_YOODRXGPDA_render_front.jpg,1.05,1.2,1.0
rand_MXV0GYVY4X_render_front.jpg,1.1034757219604812,1.335135059160529,1.0
rand_EMR5OBF994_render_front.jpg,1.2260525264974342,1.0251747872902865,1.4627879827625456
rand_TDM0BGXMLO_render_front.jpg,1.05,1.2,1.424217138147955
rand_S2UMO7XNI8_render_front.jpg,1.05,1.2,1.0
rand_DSYSFVPZH6_render_front.jpg,1.05,1.2,0.9775956632820536
rand_V3RRPATXQU_render_front.jpg,1.05,1.2,1.0
rand_40ORGAMZH5_render_front.jpg,1.05,1.9168376056040914,1.2943358095994064
rand_6TV72OUKTD_render_front.jpg,1.0706723092786357,1.2,1.0
rand_HHXGZ2RETZ_render_front.jpg,1.2887693996471121,1.2,1.095715442039076
rand_NX4PUH7LOK_render_front.jpg,1.055448323804618,3.0606285257866666,1.3949384447970594
rand_JZ8FOVBU8D_render_front.jpg,1.1958034653171903,1.2,1.0
rand_QNFWIJGLQZ_render_front.jpg,1.170879002639813,1.106285546729983,1.509550659042631
rand_E4DW3RHBKQ_render_front.jpg,1.016768890222581,1.2,0.837566266350438
rand_1TANJTXE50_render_front.jpg,1.05,1.2,1.0933651603849164
rand_SOULIA0U8J_render_front.jpg,1.0073945909251398,1.2,1.0
rand_FG6DJ6CRVH_render_front.jpg,1.077052293640398,2.953338363637986,0.9058777706760736
rand_AYPNEUQV6F_render_front.jpg,1.05,0.6007777167583693,1.3802962960784781
rand_E9O77GIM0D_render_front.jpg,1.05,1.2,1.0
rand_FNJW932PDD_render_front.jpg,1.0462057426666476,0.7074414316871322,1.0093709604119758
rand_CV9ACSA4G5_render_front.jpg,1.05,0.8225884310764953,1.0
rand_5RSD26FL6L_render_front.jpg,1.05,0.6296428330342695,1.0
rand_8YICV1GDV9_render_front.jpg,1.2835468328183572,1.2,0.8203948994764076
rand_QMQ6O0PHHC_render_front.jpg,1.03787832057691,1.2,0.9877596843112235
rand_IG3A7HXB96_render_front.jpg,1.05,1.2,1.5636120654296874
rand_H35YX7ZRIK_render_front.jpg,1.05,1.2,1.0
rand_VNSKKP5F0K_render_front.jpg,1.05,1.6476564760502053,1.0
rand_G8EZ1TY7ZZ_render_front.jpg,1.05,1.2,1.0
rand_CHFWWJO880_render_front.jpg,1.05,1.2,1.0
rand_60VYUXY2L6_render_front.jpg,1.05,1.2,1.1566513140483876
rand_9CUYD85ES6_render_front.jpg,1.05,1.7853362447648244,1.0161049173106678
rand_EP0ATC54YQ_render_front.jpg,1.0543263379286425,1.2,1.0
rand_5DVS167AF5_render_front.jpg,1.0441324887179562,0.663246559358817,0.8381347318398684
rand_C3J6DT9VQ3_render_front.jpg,1.05,0.7671726849928641,1.0
rand_DMEL2N5MUP_render_front.jpg,1.1086951958483326,1.2,1.2005814935649517
rand_O9L784MH6Q_render_front.jpg,1.0163203944093109,1.2,1.0
rand_4ZNOB7VOHP_render_front.jpg,1.1355354362407315,1.2,1.0
rand_IZG55PEF29_render_front.jpg,1.05,1.2,1.3551808107603067
rand_OPWCLFXUBA_render_front.jpg,1.0172788949258809,1.2,1.0
rand_KE1O3E9SXE_render_front.jpg,1.1344006778035178,1.2,1.274676264558562
rand_V7A0FQMLWJ_render_front.jpg,1.05,1.2,1.0
rand_2XV0EOAT5D_render_front.jpg,1.0600298592846518,1.2,1.0561868539706127
rand_MDRMEJ93IS_render_front.jpg,1.05,1.2,1.0
rand_WQVMX47RQC_render_front.jpg,1.05,1.2,1.0246722972330302
rand_NTQH0RO1L0_render_front.jpg,1.05,1.2,1.0
rand_3O6NDT95XY_render_front.jpg,1.2666161421441011,1.2,0.9264635294155283
rand_7TDDMAR7HY_render_front.jpg,1.05,1.2,1.0
rand_QR0WZABOSK_render_front.jpg,1.2695273312672941,1.2,1.0
rand_TZ4VEFWNEQ_render_front.jpg,1.2556484593578345,1.2,1.0
rand_6FD3ELLCT8_render_front.jpg,1.05,1.2,1.0
rand_Q8I74PDH67_render_front.jpg,1.1510999340932497,0.7563554844821878,1.5212540543511566
rand_0NAH2KPCD4_render_front.jpg,1.05,0.7678366838866612,1.58314708235547
rand_SCMS4GYF8U_render_front.jpg,1.05,1.2,1.0773188350549199
rand_FS99WQ5769_render_front.jpg,1.2348279850988768,1.2,1.0
rand_GGH98RWO2Z_render_front.jpg,1.0004539596690776,1.2,1.3885697327102853
rand_GEWDYZ4BIT_render_front.jpg,1.05,1.2,1.0575535185454588
rand_EWLQX494AA_render_front.jpg,1.05,1.2,1.561749017360263
rand_4ACO5QDDKN_render_front.jpg,1.1824780536106867,1.8416079239718128,1.0670313497568409
rand_Y7FFDDB6OW_render_front.jpg,1.1415525098693333,1.7969988212220118,1.4909057692323633
rand_0JQAWC2CQP_render_front.jpg,1.0863014068475751,1.2,1.0
rand_DD0OJDZYW6_render_front.jpg,1.05,1.2,1.0025747390205857
rand_0J7WOGCLKS_render_front.jpg,1.1336158820370679,1.2,1.145215129431321
rand_5A5D2T81D1_render_front.jpg,1.226505472500521,1.2,1.4072692095110169
rand_WORVJ4G8JO_render_front.jpg,1.05,1.2,1.0
rand_8WWC6X527C_render_front.jpg,1.2492465538536621,0.5976785167583752,0.827373877066776
rand_8Z3QZNOZR2_render_front.jpg,1.0107061580276706,1.2,0.8367701114306625
rand_YTCXMHJZAG_render_front.jpg,1.1955565449965595,1.2,1.2767105524082971
rand_CCPBQ8X8FY_render_front.jpg,1.0432014508317613,1.2,1.2724015552429222
rand_US7KF00V3P_render_front.jpg,1.05,1.2,1.0
rand_EOEH750119_render_front.jpg,1.05,1.2,0.989779363019953
rand_WE30DWLQWJ_render_front.jpg,1.05,1.2,1.207301405088459
rand_AG06C952DB_render_front.jpg,1.05,1.2,1.0
rand_1BLNIJI0YM_render_front.jpg,1.05,1.2,1.0
rand_1UUYHHN5U4_render_front.jpg,1.05,0.5242649430693156,1.0
rand_4VLKW376FX_render_front.jpg,1.05,1.2,1.0
rand_O9SOICEXRS_render_front.jpg,1.05,1.2,1.0
rand_YKBBSP2V9A_render_front.jpg,1.071825783285277,1.2,1.1983475851321288
rand_NHED9D84E8_render_front.jpg,1.2753263478034396,1.2,0.813686231160747
rand_70T6C36REZ_render_front.jpg,1.05,0.8264925376732348,0.9869437924636533
rand_PO1GEEXKSR_render_front.jpg,1.2808142306809742,2.5726320525075534,1.0
rand_NDO1LT3FZG_render_front.jpg,1.0047723236285109,1.2,0.9067839976760482
rand_YVXQSR6V28_render_front.jpg,1.05,1.2,1.0
rand_KPMVMAXYBU_render_front.jpg,1.2968303757857995,1.297142737108163,1.0
rand_NR1Z3T6IM0_render_front.jpg,1.05,1.2,1.2932620421986583
rand_KXXNP54I2L_render_front.jpg,1.0583759774224513,1.2,1.0243243028976667
rand_E6I6HXJOJ7_render_front.jpg,1.05,1.2,1.3507735347474323
rand_XKG5CN4PEZ_render_front.jpg,1.1270620478304152,1.2,1.1341747625042848
rand_KVHTEMQAJ6_render_front.jpg,1.1756505224561862,1.2,0.7506259132631378
rand_6OZW5R88UK_render_front.jpg,1.1552644735704432,1.2,1.0
rand_TXQWLAQJ0V_render_front.jpg,1.0752327587724675,1.2,1.0
rand_JARONQLPQL_render_front.jpg,1.05,1.73478300475367,1.5001615661672674
rand_HCS6XO4886_render_front.jpg,1.0925157781685737,1.2,1.0
rand_9405WOXQYD_render_front.jpg,1.2326388224477034,1.2,0.7947659254386598
rand_7KMO5BTEN2_render_front.jpg,1.05,1.2,1.0
rand_66QS23AAMW_render_front.jpg,1.113838261694893,1.2,1.1205725769391666
rand_CFUALUISHQ_render_front.jpg,1.238577969539933,1.2,1.0
rand_T6DPXTMGVI_render_front.jpg,1.2169997128908199,1.2,1.0
rand_NUA9UJFHNX_render_front.jpg,1.0088089305673853,1.2,1.2504728663209717
rand_HZ8TFYJPNU_render_front.jpg,1.0043440899054141,1.2,1.178228563788354
rand_1GN0K5NA2V_render_front.jpg,1.05,1.2,1.0
rand_6F3NYFCPVT_render_front.jpg,1.2195056011398835,1.2,1.0
rand_OXI3X7VXX0_render_front.jpg,1.003624441559492,1.2,0.7888713737160774
rand_QP9IIG5G16_render_front.jpg,1.080637003670133,1.2,0.9019579344923059
rand_F5U1YDMC8K_render_front.jpg,1.05,1.2,1.0974056069219136
rand_GAZWZC728H_render_front.jpg,1.2208745767677867,1.2,1.0
rand_2N1VSIO5UA_render_front.jpg,1.2386447193030774,1.7089077250147093,1.0702909780336625
rand_RK08NI06CX_render_front.jpg,1.05,0.8978791587713646,1.096539095195196
rand_N2MGLES1SP_render_front.jpg,1.0050111960391612,1.2,1.2021261383360793
rand_XTBGAYULF8_render_front.jpg,1.05,1.2,0.7428530694409576
rand_O3JF8AKFYG_render_front.jpg,1.05,1.2,1.1535053228332264
rand_N319VO2R7N_render_front.jpg,1.2610809196119286,0.5359326095248911,1.0
rand_ELGVCQSZWG_render_front.jpg,1.05,1.2,1.5337438379789745
rand_HYFNKZRVGT_render_front.jpg,1.2826693832460196,2.1060314505531395,1.0
rand_0ZN4M0TNAD_render_front.jpg,1.05,1.2,1.0
rand_G9PRHLSBWS_render_front.jpg,1.05,1.2,1.311770131192336
rand_QIIGTS1PO0_render_front.jpg,1.1166627145605552,1.2,0.7783847896729307
rand_8KKRTKM7L5_render_front.jpg,1.05,1.2,0.8113331554067416
rand_7A0A1SPI8N_render_front.jpg,1.05,0.6014586554127297,1.4677391508145456
rand_BV4PVEIWGH_render_front.jpg,1.05,1.2,0.8386237005983974
rand_C3KW455IDK_render_front.jpg,1.1428243091060835,1.2,1.0
rand_E9J789XOAF_render_front.jpg,1.1231038166905976,1.2,1.0
rand_9AHEPQR1S8_render_front.jpg,1.05,1.2,1.0
rand_E3P4KXHMJH_render_front.jpg,1.0368702904167302,1.2,1.0
rand_SU2ONGMSH9_render_front.jpg,1.0680400090629034,1.2,0.7957152001971945
rand_B42DOFK1KU_render_front.jpg,1.05,1.2,1.422122738270661
rand_VJ7VCN2428_render_front.jpg,1.121077731180551,1.2,1.0
rand_MWXPCT6H0I_render_front.jpg,1.2461747542686434,1.17883357826065,0.763501841753899
rand_V1D72B95EF_render_front.jpg,1.05,1.2,1.33189794019248
rand_PFMLXDD23S_render_front.jpg,1.2307484356326868,1.2,1.0
rand_4U55PV6CRO_render_front.jpg,1.1308498706263144,1.2,0.7107616050069224
rand_1YOLRT1MYV_render_front.jpg,1.2689482852157052,1.2,0.9893280492520768
rand_4V1OZDKTQ4_render_front.jpg,1.05,1.2,1.0
rand_2ZZFSDFHM4_render_front.jpg,1.1783867036772528,1.2,1.197235132833992
rand_R9MU4UZ2G1_render_front.jpg,1.298789451477568,1.2,1.5836215674601481
rand_M5AGCN79YC_render_front.jpg,1.2231873941875797,2.135771507520718,1.0
rand_DBYXHPWOQ6_render_front.jpg,1.05,1.2,1.360696572526909
rand_2PK6FHVKBN_render_front.jpg,1.1803747022415139,1.2,1.1335388571151321
rand_YT2P4VY7SQ_render_front.jpg,1.05,1.2,1.0
rand_SGL6NTH0O9_render_front.jpg,1.05,1.092254456182143,1.0
rand_GWXN5QJZMD_render_front.jpg,1.05,1.2,1.0
rand_SH84SB9AVS_render_front.jpg,1.2881528255085808,1.2,0.9805612673297033
rand_A6TS3MPX2E_render_front.jpg,1.1006483326405754,1.2,1.0
rand_YY0PFJSKRV_render_front.jpg,1.2464431378170335,1.2,1.0
rand_UDXAH0PZDZ_render_front.jpg,1.05,1.2,1.1757289004422176
rand_B37YOEBEU8_render_front.jpg,1.2799527643770263,1.2,0.9628061305978439
rand_7XFC92AY9S_render_front.jpg,1.05,1.737550836172482,1.0
rand_P8MQFPU1IE_render_front.jpg,1.0197272274677571,1.2,1.3571895526222084
rand_IY0RSZOKJR_render_front.jpg,1.05,1.2,0.957699322997426
rand_KCZRIGB1AA_render_front.jpg,1.0665686010301592,1.2,1.4126832888255594
rand_7SE80DU6ZA_render_front.jpg,1.131897564716151,1.2,1.2515622411180551
rand_HBOZDBQK78_render_front.jpg,1.05,1.2,1.0
rand_5GFW08SG3W_render_front.jpg,1.05,1.2,1.0
rand_8Y4D85ACW7_render_front.jpg,1.05,1.2,1.2733054759185174
rand_G7D3Q1L1U6_render_front.jpg,1.05,1.2,1.0
rand_ZYX6KN8Q61_render_front.jpg,1.241334083180467,1.2,1.0
rand_P97LPVUY46_render_front.jpg,1.1342613679407711,2.8127080678217653,1.0
rand_2VQRURZ7BW_render_front.jpg,1.05,1.2,1.0
rand_7LD74VNR5N_render_front.jpg,1.216937267194058,1.2,1.0
rand_ZWIIHPUSD0_render_front.jpg,1.214908625749659,1.2,1.0334969342759663
rand_0VA4SZVS1C_render_front.jpg,1.2147503184079875,1.2,1.0
rand_DHSYSVGCAZ_render_front.jpg,1.2463743773594829,0.5925831077199237,0.7285500965051006
rand_CL9JJZ566U_render_front.jpg,1.2185811976695706,1.2,1.0
rand_UFEJRZ7VR0_render_front.jpg,1.05,1.2,1.0071947996385733
rand_MP7WC40WT1_render_front.jpg,1.0085444825908825,0.8461579382933808,1.0167205959730565
rand_QF8XMO7ID2_render_front.jpg,1.0090898096792078,1.2,1.3967471837970857
rand_5M9KOKO7IP_render_front.jpg,1.221077218425583,1.2,1.0
rand_507ZLP2BLB_render_front.jpg,1.2296640971073196,1.2,1.4970123027545905
rand_92MZIGKWMJ_render_front.jpg,1.1448937678386444,1.2,0.8030714002330758
rand_ZJ4FAC9CCQ_render_front.jpg,1.2516685107407222,2.1924021711081343,1.0
rand_WBRP09LPBL_render_front.jpg,1.05,1.2,0.9907620075541518
rand_WSWES58G4Q_render_front.jpg,1.1664788367633356,1.2,1.0
rand_B13NECQ3LD_render_front.jpg,1.2210197352948962,1.2,0.8433431739970125
rand_VYF9NJZE81_render_front.jpg,1.05,1.2,1.0
rand_QEBH21AMR9_render_front.jpg,1.05,1.2,1.2736087241978447
rand_PC5C3KGZZ7_render_front.jpg,1.1202201703170132,1.2,0.9317149938419496
rand_UW0478HMR4_render_front.jpg,1.225628519227148,0.8795343501405851,1.5510275172583203
rand_FN3F6BHUFA_render_front.jpg,1.2484030699455113,1.2,1.1730118571500356
rand_DHRYGTWCA8_render_front.jpg,1.1833797954908765,1.2,0.9541581098478451
rand_GIAE8JRHRE_render_front.jpg,1.1706621462087254,1.2,0.8710306814758074
rand_WLPFSJD4G9_render_front.jpg,1.0741867139620542,1.2,0.9580484600664013
rand_E4NVZYA6FH_render_front.jpg,1.031364018771316,0.7437728290427077,1.0
rand_IWF85O40JN_render_front.jpg,1.179206468911076,1.2,1.2254807689765292
rand_9N7JZPEIAZ_render_front.jpg,1.05,1.2,1.0
rand_3D3J8H7262_render_front.jpg,1.05,1.2,0.9732952831794422
rand_LS5RG1CRMD_render_front.jpg,1.0174972110126619,1.6635513308383651,1.0
rand_MFXCCE9LJJ_render_front.jpg,1.248500488807463,1.2,1.0
rand_71ZY8DV67E_render_front.jpg,1.05,1.2,0.9651571040460935
rand_S7NS96YR9I_render_front.jpg,1.05,2.575985019865639,0.8903427488539402
rand_WQATEX63Z9_render_front.jpg,1.05,1.2,1.0
rand_D8MV10OIPE_render_front.jpg,1.05,2.359249824011439,1.266390426569036
rand_IU2OCYP3TQ_render_front.jpg,1.1453027789709038,1.2,1.0
rand_EN1BZPDYFA_render_front.jpg,1.2471085867104412,1.2,0.7615484767936596
rand_XK5QNC9SFD_render_front.jpg,1.091367047269657,1.2,1.0
rand_974XY8SWXP_render_front.jpg,1.05,1.2,0.9609833255087932
rand_G2W3KJ3G83_render_front.jpg,1.0191875362933913,1.2817661678385943,1.1787320921700248
rand_E9OMSBOTR8_render_front.jpg,1.05,1.2,1.0
rand_2YHHRBPQ1C_render_front.jpg,1.05,1.2,1.0
rand_HMMLDPDDF4_render_front.jpg,1.05,1.2,1.2996300862962473
rand_JBSXOA75Z3_render_front.jpg,1.05,1.2,1.0
rand_Z2BIQE3JIU_render_front.jpg,1.016365757784985,1.2,1.0
rand_IDFZCW4AA3_render_front.jpg,1.1713795222594752,1.2,1.0
rand_ZHOBTVWEAT_render_front.jpg,1.1634083074664852,1.2,1.0
rand_UHGG9NBFFU_render_front.jpg,1.05,1.2,0.9221493153984731
rand_C56YT79LVN_render_front.jpg,1.05,1.2,1.0
rand_4VUJ3FM959_render_front.jpg,1.1469434813272645,1.2,1.2531051793337056
rand_Z7HT8UYE6U_render_front.jpg,1.05,1.2,1.2657212331550576
rand_LD2Y8N8OQG_render_front.jpg,1.1504522019838381,2.480841764598926,1.0
rand_UPQE028P94_render_front.jpg,1.1849132790843815,1.2,1.0
rand_ALJMKS3Y28_render_front.jpg,1.109625937903958,0.5677361756584947,1.0
rand_9KW6Z2TVVJ_render_front.jpg,1.0661511606696545,1.2,1.4413734016256583
rand_KQTKIXUCPQ_render_front.jpg,1.05,1.2,1.0
rand_21WX4KSQA2_render_front.jpg,1.2675920152431006,0.6353557159182085,0.8575679643287378
rand_LBKFHYL940_render_front.jpg,1.05,1.2,1.0510314343876437
rand_9C18FMDVMG_render_front.jpg,1.0916245002520377,1.2,0.7637114815008387
rand_C50TSX8HVH_render_front.jpg,1.177022715989628,0.6981254478165575,1.0
rand_0LNSAGAG3D_render_front.jpg,1.2320171912562399,1.2,1.0
rand_1UAGLRX5CX_render_front.jpg,1.05,1.2,1.328278603903558
rand_L51XRXCNCO_render_front.jpg,1.05,2.483377587079034,1.3717824804013532
rand_AUBL9BNUUC_render_front.jpg,1.05,1.2,1.1869654222660941
rand_38DB7F2HSC_render_front.jpg,1.05,1.2,1.0
rand_UPLCY083FK_render_front.jpg,1.1904098264397158,1.2,0.8600957246319898
rand_KL6AEF7OTI_render_front.jpg,1.2980974114560486,0.6241275488561969,1.0
rand_FOI0NWTG9X_render_front.jpg,1.2501786236604249,1.2,1.0
rand_IKPMBU6VHP_render_front.jpg,1.0763866731666158,1.2,1.478592682185062
rand_41BHZ893CA_render_front.jpg,1.005140115271557,1.2,1.1515976992773092
rand_NT9XM4SM1I_render_front.jpg,1.1018458389729937,1.2,0.7319316899400178
rand_NYET9P3NVT_render_front.jpg,1.05,1.2,1.0047234413892616
rand_PCB7SELMKQ_render_front.jpg,1.05,1.2,1.5106912159521775
rand_QJ2PE1NTKU_render_front.jpg,1.284216551560726,1.2,0.8419809851761302
rand_UO413FD5SG_render_front.jpg,1.05,1.2,1.0
rand_NG5938RV9B_render_front.jpg,1.05,1.2,0.9005264552000322
rand_E4DDJGZR2P_render_front.jpg,1.0402667654283175,2.70046008454828,1.0
rand_VKN5GACIFI_render_front.jpg,1.05,1.3250984481788401,1.0
rand_3ZA23C0O69_render_front.jpg,1.0536695500948583,0.8605710044606777,1.0
rand_PPCFT5O9ND_render_front.jpg,1.05,1.2,1.285177389065912
rand_RF2L18LFSC_render_front.jpg,1.05,1.2,0.8961098901309656
rand_R3YVJB68AF_render_front.jpg,1.2744133532153359,1.2,1.0
rand_IX1GN6480P_render_front.jpg,1.05,1.2,1.0
rand_DV70CP6W1W_render_front.jpg,1.0536183371185066,1.5910131462436221,1.0
rand_HW0IS4WUMY_render_front.jpg,1.2681045495776422,1.2,1.0
rand_97SKO628XE_render_front.jpg,1.05,1.2,1.4686047022129576
rand_PLN9QLEMSH_render_front.jpg,1.05,2.251844736846045,0.9929609196150744
rand_ZIHJZM4PFL_render_front.jpg,1.05,1.2,1.1091063404809796
rand_A5TCB8W0D3_render_front.jpg,1.05,1.2,1.0
rand_DSQN1IFHOX_render_front.jpg,1.1600498079368822,0.882808059966084,1.0
rand_JQYKEOIUC1_render_front.jpg,1.1585409740111863,1.2,0.9947550448127795
rand_Z452CZITG5_render_front.jpg,1.2302728237784482,0.8107527358429686,1.2615536561862162
rand_P4GLHSYE9H_render_front.jpg,1.0693772147930218,2.238612259684053,1.3092724983579673
rand_3QL547CC4A_render_front.jpg,1.1033502720486386,1.2,1.249660903286791
rand_L3T22GAUI8_render_front.jpg,1.1336517466270155,1.2,0.8878374575846048
rand_BV426GLFGU_render_front.jpg,1.084420674629409,1.2,1.3422650028462682
rand_D2TN9AH8IP_render_front.jpg,1.0417998261926202,1.2,1.0
rand_JOKKSQB2CJ_render_front.jpg,1.0720064462509484,1.2,1.3816582244459017
rand_JKHHGA6KT3_render_front.jpg,1.1226708785352089,1.2,1.095517159788033
rand_6N8ZV0QG6S_render_front.jpg,1.05,1.0024827948960484,1.599572196546872
rand_Q98DS83BSX_render_front.jpg,1.05,1.2,0.8497742370331077
rand_SJQG192FFB_render_front.jpg,1.1880023253004834,1.8184232729221166,0.9908984988051991
rand_UMBR8HEX8U_render_front.jpg,1.05,1.2,1.1549335340186573
rand_E72L588UKE_render_front.jpg,1.05,1.2,1.0
rand_TE79OSI4W3_render_front.jpg,1.05,1.2,1.0
rand_XGMLEON1JQ_render_front.jpg,1.0980139617211975,1.2,0.9961592829754351
rand_7T45EXB1NL_render_front.jpg,1.1097701599988878,1.2,1.4602062222757013
rand_2NFLGJQPCL_render_front.jpg,1.05,1.2,1.0
rand_JJ5K45O9B0_render_front.jpg,1.18117938333146,1.2,0.7044842351325625
rand_5I3X8I5VXU_render_front.jpg,1.0673609000115571,1.2,0.836097025812317
rand_2RZR28ZCDQ_render_front.jpg,1.05,1.2,1.0
rand_ORTAUGO7F1_render_front.jpg,1.0834768641755204,1.2,1.0
rand_K0AF7R6ZYZ_render_front.jpg,1.187850266613097,1.2,1.0
rand_AD6O8KXJB8_render_front.jpg,1.05,1.2,0.822963559765284
rand_NDWKN1EJM2_render_front.jpg,1.1597421837502968,1.2,1.1171289240230529
rand_HDDTX5BK74_render_front.jpg,1.2710132785137191,1.2,1.0
rand_1LVXR8X01T_render_front.jpg,1.05,1.2,1.0
rand_4OCVWGBYM3_render_front.jpg,1.061923467310507,1.2,1.0
rand_R2A9DWTU9S_render_front.jpg,1.1247845651966473,1.2,1.1621814401401265
rand_V226MZOLKB_render_front.jpg,1.1547018479103957,1.2,0.9234440762370757
rand_YB3GDI85XH_render_front.jpg,1.021073292552645,1.2,0.874645725886684
rand_MGT8I2Q13P_render_front.jpg,1.05,1.2,1.5711742603987124
rand_2FDESQ15Q6_render_front.jpg,1.2959998302440896,1.2,1.0
rand_ST12KJGAUF_render_front.jpg,1.05,1.2,1.4683695822225569
rand_HGR5SPZQ7S_render_front.jpg,1.05,1.2,1.1918099431422475
rand_LM6KIG5S5W_render_front.jpg,1.05,3.05701426114853,1.0
rand_RX5M5FHS4H_render_front.jpg,1.152347510711425,1.2,1.0
rand_4NR8EVJB97_render_front.jpg,1.1266845635519132,1.2,0.9841518560235362
rand_MNGA75MQTK_render_front.jpg,1.1495735108095988,1.2,1.0348822134965396
rand_U9J6H3JXA2_render_front.jpg,1.1091866313396321,1.2,1.0
rand_D9G8WV021B_render_front.jpg,1.05,1.2,0.8091468037724565
rand_VIBDU9VPQF_render_front.jpg,1.25310999313224,1.2,0.9977049495273105
rand_G3D5J95AIO_render_front.jpg,1.1043974642842298,1.2,1.0
rand_AZE3JREC61_render_front.jpg,1.05,1.2,1.0
rand_BKHBMTNLXC_render_front.jpg,1.05,1.2,0.9174223408332214
rand_D7YUANC27D_render_front.jpg,1.1240504290115625,1.2,0.930561764024762
rand_3FZ68RA9U7_render_front.jpg,1.05,1.2,1.2539789850793592
rand_ZPLK3P4SKS_render_front.jpg,1.0502851561949247,2.2155949681580527,1.4203171611657814
rand_A77SYZYED4_render_front.jpg,1.05,1.0137078157334751,1.0
rand_Q5I1U46Z0V_render_front.jpg,1.2179737453058728,1.2,1.0
rand_NS4T53Z9S8_render_front.jpg,1.0879959080346093,1.2,1.318120955976769
rand_N2OUS0PGNY_render_front.jpg,1.05,1.2,1.2456619066011496
rand_NHV90PKX20_render_front.jpg,1.05,1.2,1.0
rand_KL3TKCCUCD_render_front.jpg,1.2519030287922046,1.2,1.0
rand_7UFP0P64UZ_render_front.jpg,1.05,0.952405192177169,0.8060168492884552
rand_ZAVTOSEDKC_render_front.jpg,1.2447750955983454,1.2,1.0
rand_LWZV11CTLS_render_front.jpg,1.013041963616119,0.808345243110159,1.0
rand_Y1V4W56EGK_render_front.jpg,1.205758743793027,1.2,1.0
rand_VUD2CNURNP_render_front.jpg,1.2851421051015333,1.0463786984217562,1.0323593883426896
rand_ZN9XNZFPJY_render_front.jpg,1.0360155686261492,1.2,1.1563741407242203
rand_ZOTB66MHUO_render_front.jpg,1.05,1.5528946926299745,1.0
rand_1XH5WVWCAY_render_front.jpg,1.05,1.2,1.0
rand_ZOUP7BTTWD_render_front.jpg,1.1909313536789603,1.2,1.0690730564492006
rand_YYQQDE05S1_render_front.jpg,1.05,1.2,1.0
rand_GH3XZ3OATP_render_front.jpg,1.015353260043575,1.2,1.4889150350153422
rand_BO3RYHO5TL_render_front.jpg,1.2883832511167692,0.654223371780432,0.7519661607352166
rand_SQUF6C4H6C_render_front.jpg,1.05,1.2,0.881592409526655
rand_PE9ZY553VR_render_front.jpg,1.1064916943237193,1.2,0.7935041051747843
rand_N6KYF3XRRA_render_front.jpg,1.0603215316319614,1.2,0.9387973774317421
rand_041L4IHB7W_render_front.jpg,1.2525482640135526,1.2,1.2486287139405876
rand_IXKDDEX2IA_render_front.jpg,1.05,1.2,1.0
rand_TPQ1GNLJIE_render_front.jpg,1.151946376350519,1.2,1.0
rand_O1YXULQKN9_render_front.jpg,1.231387333061593,1.2,1.0
rand_DKOX295PH4_render_front.jpg,1.05,1.2,1.0
rand_97OZ7OMGQ3_render_front.jpg,1.05,1.2,1.0
rand_84UVQAMR86_render_front.jpg,1.05,2.8978550571013684,1.392400871657324
rand_P46OB055YT_render_front.jpg,1.05,1.2,1.0
rand_MZVJA47115_render_front.jpg,1.05,1.2,1.0
rand_3Y0NBL7PDI_render_front.jpg,1.2933228854121297,1.2,0.9387599083799771
rand_2R9P9884P0_render_front.jpg,1.1279905085094422,1.8494275802667812,1.0
rand_9ASV2R4AWZ_render_front.jpg,1.1282976850058384,1.2,1.028580637512087
rand_4ENEUU4QK6_render_front.jpg,1.0739248479553207,1.2142357440160356,1.0
rand_N02KUP2JWR_render_front.jpg,1.05,1.2,1.4056397742598112
rand_X7C6PP29IR_render_front.jpg,1.05,1.2,1.0
rand_09RJPU2VKT_render_front.jpg,1.2919393827159262,1.2,1.0
rand_29P1XRFUMX_render_front.jpg,1.2671116610336854,1.2,1.0
rand_55NYURBNPD_render_front.jpg,1.05,1.2,1.269134702289472
rand_UWSB48KLI0_render_front.jpg,1.05,0.7353181480540023,1.346085974201028
rand_7U31RWQEE4_render_front.jpg,1.05,1.0871751176550184,1.0
rand_7AHFJ222RA_render_front.jpg,1.05,1.2,1.3126145836347236
rand_W11XAJJQMM_render_front.jpg,1.0858310552822534,1.2,1.0894952420631052
rand_CNU4OQAWI3_render_front.jpg,1.05,1.2,1.5127056340884364
rand_C1WEHVYIWU_render_front.jpg,1.1791712419464169,1.3344543811566212,1.0
rand_BBYAZ40HKB_render_front.jpg,1.05,1.2,0.7786123126266369
rand_88URSAGCQ4_render_front.jpg,1.158764839165228,3.2935567528113134,1.0
rand_LZ3RM6Z6GY_render_front.jpg,1.2498802032712726,1.2,1.3214266190119255
rand_41OYMQIYYR_render_front.jpg,1.05,1.2,1.0774677180214711
rand_TPQJ5BC55C_render_front.jpg,1.0817212189877687,0.6867878418412766,1.0
rand_GO398VCBHP_render_front.jpg,1.1370555379140896,1.6594756141479152,1.0
rand_CGHTG0K2RS_render_front.jpg,1.2083740128521325,1.2,0.9612513242377694
rand_W570MQYL7Q_render_front.jpg,1.1639607785603356,1.2,1.0
rand_M0CW00XREW_render_front.jpg,1.05,1.2,1.0
rand_CODU6LPGT0_render_front.jpg,1.1248789506851713,1.9734496653481348,1.0
rand_1AH3GT8PTO_render_front.jpg,1.05,1.2,1.0
rand_176L9DT8YW_render_front.jpg,1.0817451569717573,1.2,0.818133901041013
rand_F1BU3UYP8K_render_front.jpg,1.05,0.6831692505389954,0.8552186761657952
rand_JDAPA7JUM2_render_front.jpg,1.05,1.2,1.3934004727230576
rand_KGJGGM4WUG_render_front.jpg,1.05,1.2,1.079693101396417
rand_IHIW49BQFY_render_front.jpg,1.05,1.2,0.8397417682699441
rand_QHAC1A2XCY_render_front.jpg,1.05,1.2,1.0422539731100997
rand_78YYEAKNZV_render_front.jpg,1.005402833734596,1.2,0.9846373959432592
rand_2OGPG824E3_render_front.jpg,1.089890002691308,1.2,0.8501895301408781
rand_CYLR1AVPNU_render_front.jpg,1.2232191140750064,1.2,1.0
rand_KM0Y5FQ71K_render_front.jpg,1.1468400164707129,1.4295993643860754,1.1922675902082291
rand_7TGRJEX39N_render_front.jpg,1.1573447435178406,1.2,1.0
rand_E293S7C8LQ_render_front.jpg,1.05,1.2,1.0
rand_D8AE8GD15A_render_front.jpg,1.1208721036693798,3.455356303186402,1.5622992684835937
rand_5BHTLAXTHF_render_front.jpg,1.2978307000785065,2.494785235482543,1.391246557940279
rand_L5DKYS1JLP_render_front.jpg,1.05,1.2,1.4917836883502062
rand_6S745H9FQ3_render_front.jpg,1.05,1.2,1.4085596177395652
rand_VC7DYWFD2J_render_front.jpg,1.05,1.2,1.0
rand_OZ4JI7WT12_render_front.jpg,1.05,1.2,1.1258853915691316
rand_SX1O0BHUXA_render_front.jpg,1.05,1.2,0.9854346472316386
rand_ASKNOJ0BNI_render_front.jpg,1.2105808382435437,1.2,1.0
rand_OJJGOXYLQG_render_front.jpg,1.192200584464255,1.2,0.9827704234254983
rand_D3LFGEX8GK_render_front.jpg,1.2091540844904511,1.2,1.441501456716799
rand_K0MEV1US72_render_front.jpg,1.05,1.2,1.0
rand_G6SSPAJSE5_render_front.jpg,1.05,1.2,0.9435692806601766
rand_G6ZUC16EER_render_front.jpg,1.0542291392788297,1.2,0.8436144065403588
rand_7WD6PBUIJP_render_front.jpg,1.05,1.2,0.8928855271336347
rand_QYUO6BSVU6_render_front.jpg,1.1916126643068683,1.2,1.0
rand_68PK0EZT1M_render_front.jpg,1.0790960893571406,1.2,1.0
rand_L6MGWZEYZA_render_front.jpg,1.05,1.2,1.0
rand_8H7JUFF0Q1_render_front.jpg,1.2192621485689616,1.2,0.7970391418642219
rand_AYEAY29DJ2_render_front.jpg,1.05,1.2,1.2799408706338267
rand_TRH0TNQRZR_render_front.jpg,1.1722299011679629,1.2,1.4981373824241069
rand_Z8MOXXHGPH_render_front.jpg,1.05,1.2,0.7025241545913201
rand_8WMZJB9F5C_render_front.jpg,1.05,0.5675021417596855,1.3910812024618553
rand_R81O7QPF2P_render_front.jpg,1.05,0.6418953248755758,1.0
rand_WSV3VT6R10_render_front.jpg,1.05,3.2545852516229457,1.0
rand_IHXHCJ8EUH_render_front.jpg,1.0639764511983785,1.2,1.2854691677262777
rand_69JHJM5C7S_render_front.jpg,1.1651917097447515,1.2,1.0
rand_9CHT96PSWD_render_front.jpg,1.05,1.2,0.711417809432503
rand_Z9740HS7NB_render_front.jpg,1.1519790400475869,1.2,1.0
rand_E06Y4GNA57_render_front.jpg,1.2856688018972882,1.7072743082390323,1.5827928736947388
rand_LZV9NOA7GL_render_front.jpg,1.1102848455948098,2.4859978302049957,0.830946219538807
rand_7XCCCHZ2UM_render_front.jpg,1.0093928630369946,1.2,0.9181251253691207
rand_5VX3XTSVF5_render_front.jpg,1.1574376557158532,1.2,1.0092164210380057
rand_WZPW1F8TPP_render_front.jpg,1.0810375578770894,2.532968998068787,1.0
rand_3IMBJJN1BE_render_front.jpg,1.1158438034356992,1.2,1.0
rand_LIDJZALFNJ_render_front.jpg,1.0610711867506541,1.2,1.0
rand_J97QA1K42F_render_front.jpg,1.005643808725258,0.5757286895326182,0.9259427189318319
rand_8RIJOUWTG1_render_front.jpg,1.0723885256719636,1.2,1.0
rand_X8WBA5D7Y2_render_front.jpg,1.05,1.2,1.0320556764358135
rand_R75Y2YYFU0_render_front.jpg,1.05,1.2,1.0
rand_QZTX3TFRQB_render_front.jpg,1.2972481704316021,1.9438304640151354,0.9304508047851078
rand_3WGDRA2ED1_render_front.jpg,1.05,1.2,1.252397236466225
rand_FKHMD7CJ2H_render_front.jpg,1.05,1.2,1.0
rand_L94Q3A1RFE_render_front.jpg,1.05,1.2,1.1520808521164756
rand_5RM85VSIVW_render_front.jpg,1.05,1.2,1.0
rand_Q2Z8EO67RU_render_front.jpg,1.05,1.2,1.0
rand_8DAJ68PSC6_render_front.jpg,1.05,1.2,1.0
rand_64QPJLJG5I_render_front.jpg,1.2177533076586218,0.8086155021139285,0.9436617128003754
rand_MDHRIDB8AC_render_front.jpg,1.05,0.6186801911993082,0.8898752621414912
rand_JY76Q61T5A_render_front.jpg,1.2787744603415945,1.2,1.2616199905115946
rand_YE0YCAJ8U0_render_front.jpg,1.05,1.2,0.8215176734359135
rand_NE74TBPCBC_render_front.jpg,1.2833747162636353,1.2,1.0
rand_DNW2X7UMHK_render_front.jpg,1.029931935578292,1.2,0.8163952896871352
rand_HP70ZRBELJ_render_front.jpg,1.05,1.2,1.0800714853035256
rand_FTJXW28B7I_render_front.jpg,1.05,1.2,1.0
rand_1GYOCYM934_render_front.jpg,1.0231046909293988,0.6470412445665582,1.1506344909845794
rand_1QYPQSWUUM_render_front.jpg,1.2253026306997046,1.2,1.0
rand_N0ECK9CMIY_render_front.jpg,1.05,1.4406225628885188,1.1646433088627435
rand_PNTYAI5ML7_render_front.jpg,1.0964381818085605,1.2,1.2162553198228303
rand_CEBIYKT095_render_front.jpg,1.05,1.2,1.175740218673849
rand_YF9LX46QUQ_render_front.jpg,1.1601558390962532,2.1775197348247453,0.7568999530998664
rand_8PY4ZMX2VC_render_front.jpg,1.0952762766258557,1.2,1.0186748593528872
rand_GWFVMVQNVP_render_front.jpg,1.05,1.2,0.9472852178551022
rand_EJP0S4KWNM_render_front.jpg,1.05,1.2,1.0
rand_I4QJZL1AX8_render_front.jpg,1.196231680795503,1.2,1.0
rand_53YLW09OCP_render_front.jpg,1.086502132048685,1.2,0.9510766084617686
rand_LG8JGXUN6B_render_front.jpg,1.0661444959652167,0.8631385127783717,1.4761673310339911
rand_GAGPLZU56N_render_front.jpg,1.0173143220681284,1.2,1.0
rand_0ME2Z034NN_render_front.jpg,1.1268166548404386,1.2,1.0
rand_ODCU7SH1CS_render_front.jpg,1.2347184901538213,2.483747768541191,1.1645460918000676
rand_5WE9A84WGI_render_front.jpg,1.05,1.2,0.7436326732909535
rand_ZMVZQSF9QS_render_front.jpg,1.1201599649186487,1.2,1.0
rand_FIQ3FVAIKH_render_front.jpg,1.0829456268246642,1.2,1.0
rand_TNYEKW2YA5_render_front.jpg,1.0177700236958012,1.2,1.0
rand_F3FLO44FAO_render_front.jpg,1.05,1.2,1.388123598023205
rand_NRCVN5RCW9_render_front.jpg,1.05,1.2,0.9319481189288901
rand_PZKX5Z4OGX_render_front.jpg,1.05,1.2,1.3117674275574518
rand_GFIZ64AK3S_render_front.jpg,1.028561108135457,0.7715908181652242,0.9189771942058336
rand_R7IRYDV2TX_render_front.jpg,1.2846222561098042,1.2,1.0
rand_0MBY846ZGF_render_front.jpg,1.039415046461504,1.2,1.0707083823102694
rand_QHU4BNJKQR_render_front.jpg,1.1011053397788146,1.2,0.9101057204576182
rand_Z8Y9IEZNCK_render_front.jpg,1.0046302157811247,1.2,1.2686478785083612
rand_TPBYWA25G4_render_front.jpg,1.05,1.2,1.0
rand_RPCMADAHXN_render_front.jpg,1.05,1.2,1.0
rand_09ELMFK1ND_render_front.jpg,1.05,1.2,1.105925972007594
rand_CEG56A2HXW_render_front.jpg,1.0626340963480634,0.9898961673373291,0.9029060936247628
rand_9DMBA89C7Q_render_front.jpg,1.2902369197821466,1.2,1.0
rand_IYFKQ5L73W_render_front.jpg,1.05,1.2,1.0
rand_UMY5K78PBX_render_front.jpg,1.2352112831812265,0.5036747511003752,1.1825435311575574
rand_NFHEBYWO3X_render_front.jpg,1.2833004755850186,1.2,0.8650564349242424
rand_4KA3S9QXN4_render_front.jpg,1.05,1.2,1.0
rand_JI1EHV99RN_render_front.jpg,1.05,1.2,1.0
rand_S9FZZF60F6_render_front.jpg,1.1863265625669783,1.2,1.2451059265996722
rand_T47YYYGUWY_render_front.jpg,1.295370687039584,1.2,1.0695926171153882
rand_IH7MHRJUN4_render_front.jpg,1.05,1.2,1.0
rand_E0AU5NYYE5_render_front.jpg,1.05,1.2,1.0214046021236536
rand_QSQOMAHSTA_render_front.jpg,1.1020661631097024,1.2,1.0
rand_79NPUF74UG_render_front.jpg,1.05,1.2,1.1950149264456016
rand_KPZWA7KJJC_render_front.jpg,1.2473505347689295,1.2,1.1174737341801246
rand_3SXGFM7CM0_render_front.jpg,1.2817833256618592,1.2,0.7481839559351635
rand_LPW1RCN36S_render_front.jpg,1.2727612508889212,1.2,1.2156839079899528
rand_8DGTWSNWEQ_render_front.jpg,1.130484314187067,1.2,1.0
rand_R16ZATZWZY_render_front.jpg,1.213190885296643,1.2,1.0
rand_PMR64O5S4Q_render_front.jpg,1.05,1.2,1.3660126858569124
rand_SM9MBZWH0C_render_front.jpg,1.0358871011451847,1.2,1.2244956435607617
rand_X7THKCWGT5_render_front.jpg,1.0105177869933202,1.2,1.2293057584650426
rand_6636K6MNQM_render_front.jpg,1.05,1.2,1.0079125318355295
rand_EB0G939E6Z_render_front.jpg,1.0614236136208264,0.5539942518013173,1.0
rand_5KV3GIRI8U_render_front.jpg,1.2799295557783348,1.2,1.0
rand_NF88NT0X4Q_render_front.jpg,1.05,1.2,1.394861575060673
rand_Y92L7L8B2Y_render_front.jpg,1.2307900540414136,1.2,1.0
rand_YUFW86V6ED_render_front.jpg,1.0655820700596281,1.2,1.0
rand_1Z0G5AY48F_render_front.jpg,1.05,1.319969176358045,1.5013000274523192
rand_N4AB8GAWMF_render_front.jpg,1.05,1.2,1.1322778989707993
rand_6IQXS560QY_render_front.jpg,1.05,1.2,0.7978796705616981
rand_T04Y7N0XZ0_render_front.jpg,1.05,1.2,0.7155691936338098
rand_366VHOHBTH_render_front.jpg,1.1870172520440792,1.2,1.0
rand_LR8ZR6OETM_render_front.jpg,1.05,1.2,1.5428871483465383
rand_7NVV58EE6R_render_front.jpg,1.05,1.2,1.3606774618160924
rand_SE3WDQ8JI4_render_front.jpg,1.086338475950419,1.2,1.222221865940135
rand_6HB7KAHZTV_render_front.jpg,1.05,0.6287435897972888,1.2199191574860384
rand_AFPB5IOPTY_render_front.jpg,1.05,1.2,1.0
rand_OA9TA2CO43_render_front.jpg,1.1036955382504448,1.2,1.0
rand_GH4GFAPH7J_render_front.jpg,1.2798180588045018,1.2,0.8166061733884252
rand_C70F60DXPM_render_front.jpg,1.05,1.2252653428691356,1.191458167799917
rand_0MD0FOQ2NM_render_front.jpg,1.05,1.2,1.1629089795513972
rand_1Z9O1W6SAN_render_front.jpg,1.05,1.2,1.1090478546147793
rand_9LFGPF2RAB_render_front.jpg,1.1351334859762348,1.2,1.005473660954421
rand_Y2U35I40HS_render_front.jpg,1.0221506436429768,1.2,1.0
rand_7SUHORO96H_render_front.jpg,1.05,0.6200502261401051,1.0
rand_5Q24JVIYFD_render_front.jpg,1.05,1.2,0.9819203594841325
rand_C7R3JY1XDK_render_front.jpg,1.2740728563018404,1.0985894514042471,1.419765704666939
rand_CPE7ZDB7MY_render_front.jpg,1.144019919040359,1.2,1.0
rand_CTTXKJMOZG_render_front.jpg,1.133896070055422,0.5494887007604345,0.8340693448666621
rand_IKM4EX767C_render_front.jpg,1.05,1.2,1.031482040194072
rand_HAYTTXLGXR_render_front.jpg,1.05,1.2,1.0
rand_1UUSB73N0U_render_front.jpg,1.05,1.2,1.0
rand_KLX8NWAG66_render_front.jpg,1.05,0.5150213574475632,1.0
rand_K1SNDABEG4_render_front.jpg,1.05,1.2,1.0
rand_AK6SA7S2WJ_render_front.jpg,1.235186332338564,1.2,1.2471561194165957
