File Name,connecting_width,end_width,connecting_ruffle
rand_675RNMBU0L_render_front.jpg,0.2,1.0,
rand_LVUMVHUQFV_render_front.jpg,0.2,1.0,
rand_LZ6O9IVWJI_render_front.jpg,0.8338197152359685,0.7937102777108267,
rand_ZHCSB8QY22_render_front.jpg,0.2,1.0587938487444069,
rand_4MSEFRFCQP_render_front.jpg,0.2,1.0,
rand_HCM00JKB8I_render_front.jpg,1.3201120771145767,1.5281983611519183,
rand_FXLCSDLAPV_render_front.jpg,0.2,1.0,
rand_6XO8WZUWPN_render_front.jpg,0.6406821788620607,1.2859816429408055,
rand_7AM13NAOF5_render_front.jpg,0.2,1.828691318789563,
rand_UQ9AVNC8IT_render_front.jpg,0.12525956023720375,1.9523122465046086,
rand_FIYLDR2Q5F_render_front.jpg,0.2,1.0,
rand_0YTZ5X828N_render_front.jpg,0.2,1.0,
rand_SF522EGFBK_render_front.jpg,0.2,1.0,
rand_YQ6TUUG7UJ_render_front.jpg,0.2,1.8557700652576175,
rand_Z5G1ASNTG7_render_front.jpg,0.2,1.0,
rand_28ILVS1UCT_render_front.jpg,0.6958792323744163,0.7614848357933883,
rand_6A3M4OX3Y1_render_front.jpg,0.5237544353024304,1.0,
rand_LWZJAZCSRY_render_front.jpg,0.33376924153621856,1.0,
rand_H6UVTHINGY_render_front.jpg,0.2,1.5184587325714434,
rand_2PAO3AQVVJ_render_front.jpg,0.2,1.151772057770338,
rand_T37ZTBXH7O_render_front.jpg,1.261504588418002,1.106782359837259,
rand_2SL8KBYREX_render_front.jpg,0.35241775375097184,0.6959785542350851,
rand_HNYTM7V9W1_render_front.jpg,0.2,1.8244008778896135,
rand_N6HAG59U3W_render_front.jpg,1.060365431190578,1.9568582669504413,
rand_GDPSSFK1BK_render_front.jpg,0.31507595361028096,1.0,
rand_F1M4Y57SVO_render_front.jpg,0.2,0.46842071122693724,
rand_MGJGOXM3Y9_render_front.jpg,0.2,1.4872974592040336,
rand_2FK6AUGK65_render_front.jpg,1.4354509261648125,0.9467809042255162,
rand_J4SF1QYK2B_render_front.jpg,0.36431858450897936,1.0,
rand_XEQPLU1DM6_render_front.jpg,0.2,1.5100896250193314,
rand_X2Q9BP53FQ_render_front.jpg,1.4720083643427246,1.2110134715541592,
rand_GTTFYW9YJ9_render_front.jpg,0.2,1.1305048725122522,
rand_FP7AFPO3W5_render_front.jpg,0.2810600160953882,1.0,
rand_AHPOOVMJS8_render_front.jpg,0.2,0.9709027558395287,
rand_V5W0XGZXWP_render_front.jpg,0.2,1.0,
rand_YOY8FTP7ZO_render_front.jpg,1.0647816352007613,1.0,
rand_6RNYN22TGX_render_front.jpg,0.2,1.0033135614963375,
rand_PK9SIYGC2M_render_front.jpg,1.4985328361433612,1.0781096702926118,
rand_4HPRKGJ0ED_render_front.jpg,0.2,1.643192438201822,
rand_BBTJG0ARUY_render_front.jpg,0.9593022705043781,1.0,
rand_05UL8K3AHM_render_front.jpg,0.2,1.0,
rand_4I0IH3RXPU_render_front.jpg,0.2,1.0,
rand_0AOGL2ANXT_render_front.jpg,0.2,0.5908270560268291,
rand_RYAGLP9ZHE_render_front.jpg,1.125366206779717,1.0,
rand_2VMCXJ0HO5_render_front.jpg,0.2,1.0,
rand_HQ24GBG3QS_render_front.jpg,1.1457224901782712,0.7167439095078187,
rand_XKENB7CI8F_render_front.jpg,0.2,1.0,
rand_WL5Q8YBDXQ_render_front.jpg,0.2,1.0,
rand_06NXKFNZMA_render_front.jpg,0.2,1.495950457741544,
rand_ORB3LSYM4X_render_front.jpg,0.2,1.0,
rand_T1ZLCODB1S_render_front.jpg,0.2,1.0,
rand_9LYDZYM0FB_render_front.jpg,0.2,1.0,
rand_O0HZWA9MLT_render_front.jpg,0.2,1.79327484014191,
rand_6URSFPC3WZ_render_front.jpg,1.2526848772481916,0.24848167534706556,
rand_HRCH9MPCH9_render_front.jpg,0.2,1.0,
rand_6TPO2AM9GV_render_front.jpg,0.2,0.9114209113474427,
rand_5904JGEEUK_render_front.jpg,0.5977851173981976,1.0,
rand_LRKYI0CU53_render_front.jpg,0.2,1.8257107202713323,
rand_SD3JPIKKED_render_front.jpg,0.2,1.1843559525384484,
rand_2EV9DR8YD8_render_front.jpg,0.2,1.0,
rand_FIPT4BJS2F_render_front.jpg,0.2,1.0,
rand_3DSCJVZ2EU_render_front.jpg,0.48305468990944234,1.0,
rand_ICHYYFDV1T_render_front.jpg,0.2,0.29335374747565107,
rand_GMCH5D830L_render_front.jpg,0.2,1.0,
rand_2B7W3QNDBE_render_front.jpg,0.2,1.5406794308749125,
rand_24C0WR5YIG_render_front.jpg,0.2,1.0,
rand_MQ2TQVL18S_render_front.jpg,0.9050377865703114,1.7807681161316153,
rand_C93S32KZBX_render_front.jpg,0.2,0.6820952240021131,
rand_4IPL5PFBM7_render_front.jpg,0.2,1.4920908971172806,
rand_3DGGUPQLKL_render_front.jpg,0.2,0.4089340336402675,
rand_EOHPTOIN8N_render_front.jpg,0.2,1.5069136793074625,
rand_MW92E3WRLU_render_front.jpg,0.7155996973690086,0.8027141400161932,
rand_H9O0W45ADF_render_front.jpg,0.2,1.0,
rand_9LR2XG2O1L_render_front.jpg,0.2,0.7473790145615506,
rand_YR6JNZ0UTU_render_front.jpg,1.8347481147738396,0.7601378397475318,
rand_1DGYFK46D0_render_front.jpg,0.2,1.0,
rand_7KLCX4UIO8_render_front.jpg,0.8979214009373815,1.0,
rand_6RT5XP2JHT_render_front.jpg,0.2,1.9726928539318584,
rand_4P0XNB42CN_render_front.jpg,0.2,1.0,
rand_KAVS23H9OW_render_front.jpg,0.2,1.9695513460398857,
rand_6HWBJ1ZUK2_render_front.jpg,0.2,1.0,
rand_63W1PX3FN3_render_front.jpg,0.27711989891405087,1.0,
rand_LR1FOY32WZ_render_front.jpg,0.7652114451310539,1.0,
rand_7G2D48P95M_render_front.jpg,0.5578764049039058,1.359687554665878,
rand_Z4AXI9D9UU_render_front.jpg,0.2,1.258508434797986,
rand_7IV9890MUC_render_front.jpg,0.2,1.4911579587644177,
rand_P2O4GSXN11_render_front.jpg,0.2,1.4833862365198074,
rand_WYRW4YC0ZH_render_front.jpg,0.2,1.0,
rand_XG07JQ26FM_render_front.jpg,0.2,0.6675209993001185,
rand_7FAZ7EOM3Q_render_front.jpg,0.2,1.0,
rand_2ER5JR6MG7_render_front.jpg,0.2,1.0,
rand_INPXSJP9F1_render_front.jpg,0.2,1.0,
rand_XWKNLIIEFS_render_front.jpg,0.2,0.4517504170850513,
rand_E4KWAFH6KS_render_front.jpg,0.2,1.2115419874330546,
rand_3D5WGR1NHO_render_front.jpg,0.2,1.0,
rand_166TVX8TI3_render_front.jpg,0.2,0.6345218509853695,
rand_RCKDDDSBIA_render_front.jpg,0.08365046107814189,1.021963363444675,
rand_KKJ5P9SCGT_render_front.jpg,0.2,1.1375458785278212,
rand_THQMEMZC5I_render_front.jpg,0.2,1.0,
rand_YPZ62DOWYT_render_front.jpg,0.7135039302927328,1.0,
rand_0XQOWJR8TB_render_front.jpg,0.2,1.2753674482664945,
rand_X5F9YGYYYH_render_front.jpg,0.21137767969658938,0.2761247291001879,
rand_US3IHQPPZM_render_front.jpg,0.05738060812564849,1.0,
rand_3V8VJJ5GXL_render_front.jpg,1.0941596966710978,1.0,
rand_8HPY8X2JKD_render_front.jpg,1.7495304729595096,1.834911809812973,
rand_4GYSLUC7JZ_render_front.jpg,0.2,1.0,
rand_6YP9BMAJ22_render_front.jpg,1.0405246043623704,1.0,
rand_VA71LRIVGI_render_front.jpg,0.2,1.16607095326653,
rand_F9LWWOZP6I_render_front.jpg,1.8152950580397929,1.7531926065919963,
rand_7DK5RLKRQA_render_front.jpg,0.2,1.0,
rand_8FRBW85OVH_render_front.jpg,0.2,1.0,
rand_C0JK6QPG0S_render_front.jpg,0.9758854905174736,1.2552996586434773,
rand_YJGL924Y72_render_front.jpg,0.2,1.546752544428824,
rand_1YMR466YTG_render_front.jpg,0.2,0.5743511387506041,
rand_8UQPABB7R6_render_front.jpg,0.2,1.0,
rand_N61JKH6OG6_render_front.jpg,0.2,1.2701469453056022,
rand_XES1EQZZGQ_render_front.jpg,0.2,1.0,
rand_TVG82XCMSP_render_front.jpg,0.2,1.4160267592417601,
rand_GIGLIL5TKD_render_front.jpg,0.2,1.0,
rand_T1N86XKSTW_render_front.jpg,0.2,1.0,
rand_8I11BCPDHM_render_front.jpg,0.2,1.0,
rand_87JG48QGU5_render_front.jpg,0.2,0.793708176168513,
rand_4ETTUOF1KU_render_front.jpg,1.483064662211168,1.2085191524670587,
rand_TS1NSDGH7X_render_front.jpg,0.2,1.4053280547978484,
rand_LE4GCBNFGB_render_front.jpg,0.2,1.0,
rand_FOE6W9VZP9_render_front.jpg,0.2,1.0,
rand_3F83YWFDRI_render_front.jpg,0.2,1.2521119434010113,
rand_ZAWMWPRNZ6_render_front.jpg,0.6630313471896458,1.2827837016179557,
rand_DM5CN9J19O_render_front.jpg,0.2,1.560094493344533,
rand_3VXG67Y63W_render_front.jpg,0.2,1.0470624424462043,
rand_ILH60TSI2P_render_front.jpg,0.2,1.688387220960716,
rand_N4ABCA3VMS_render_front.jpg,0.2,1.0,
rand_JGIGSPKECR_render_front.jpg,0.2,1.2793688899637548,
rand_H6FL9K6JIU_render_front.jpg,1.2394382060524027,1.0867520656673046,
rand_TXBMHC75KZ_render_front.jpg,0.25338211996320203,1.0,
rand_Z8SG3CLBM0_render_front.jpg,0.2,1.0,
rand_LP6XVOZ5Q5_render_front.jpg,0.97895199919158,1.8250761625143168,
rand_HEWD1I8GHT_render_front.jpg,0.2,1.0,
rand_1M0KW74XQN_render_front.jpg,0.4358113690928791,1.0,
rand_3ZZWAJSGMJ_render_front.jpg,0.2,1.615674592949164,
rand_ZTT0UROS17_render_front.jpg,0.2,1.0,
rand_AISNHOFXML_render_front.jpg,0.2659656538820616,1.9710733238115052,
rand_SL3BYDKY0R_render_front.jpg,0.2,1.0,
rand_89JV3THM1S_render_front.jpg,1.990085482205977,1.0,
rand_KENV2A9NAG_render_front.jpg,1.706259201669631,1.2766322994238843,
rand_28AONKZ3RY_render_front.jpg,0.977736333768727,1.0,
rand_GXVI25VPP5_render_front.jpg,1.1340110274256054,0.7883817918548444,
rand_QKOHXI93QH_render_front.jpg,0.2,0.911096499262898,
rand_V7IHJFB63C_render_front.jpg,0.2,1.0,
rand_M2OIAEJ22Q_render_front.jpg,0.2,1.0,
rand_RNWJH07PT2_render_front.jpg,0.2,1.0,
rand_IJBCV1642B_render_front.jpg,0.2,1.0,
rand_VMWLF1T1L1_render_front.jpg,0.13851324047146152,1.0,
rand_RHVO1WNTTZ_render_front.jpg,0.2,1.0580536629237398,
rand_UXZC5UTFQF_render_front.jpg,0.2,1.6418165814759227,
rand_KKOS9LC935_render_front.jpg,0.2,0.9320477224054615,
rand_IC80IH8NCV_render_front.jpg,0.4443917153748078,1.0,
rand_3O6BIIFMCO_render_front.jpg,0.2,1.3756362203145018,
rand_8W9HWT3IRX_render_front.jpg,1.070100060153436,1.766196641883746,
rand_7OLDSV7HYN_render_front.jpg,0.2,0.6109556989043654,
rand_XZOMTM6TBJ_render_front.jpg,1.7397602693378387,1.0,
rand_87F9OOFI0S_render_front.jpg,0.5580255229325339,0.7466928526946692,
rand_3L00B3NDOO_render_front.jpg,0.2,1.0,
rand_LTXHIE2K5T_render_front.jpg,0.2,1.0,
rand_8PPZ4N9M1B_render_front.jpg,0.305221815632569,0.9507075317884603,
rand_KO0Z4WJ1DE_render_front.jpg,1.7790936995585012,1.0,
rand_9EMZ9URTQ4_render_front.jpg,0.2,1.5558969935331064,
rand_H8M37QED0G_render_front.jpg,0.14373516278219767,1.2804197648839377,
rand_6OCQ3NJLOV_render_front.jpg,1.0377948186891819,1.1564784547820692,
rand_SZVOHAW324_render_front.jpg,0.2,1.8637566263394159,
rand_YROLT1M5MI_render_front.jpg,0.2,1.0,
rand_VCICYA5KIG_render_front.jpg,1.772189312427738,1.0,
rand_RZ7CSH4BP7_render_front.jpg,1.5055158055125826,0.990699430289971,
rand_1Q0WT40K2N_render_front.jpg,0.2,1.038467121568769,
rand_6DEU0RV4CV_render_front.jpg,0.2,1.0,
rand_YAB0P92PS1_render_front.jpg,0.2,1.0,
rand_I4ABEZPQ2A_render_front.jpg,0.7770435618413665,1.0,
rand_WZ7DOHTT0Z_render_front.jpg,0.2,1.0,
rand_AG02ZF0FJY_render_front.jpg,0.15973809755838841,1.0,
rand_RWAMVKCU5P_render_front.jpg,0.2,1.0,
rand_RS7K9GT9OD_render_front.jpg,0.2,1.0,
rand_DTREZ7NTMF_render_front.jpg,0.2,0.7637424080471595,
rand_70ZGIP94UO_render_front.jpg,0.9598313674583347,0.39106231803335556,
rand_X5VRKIHP2D_render_front.jpg,0.2,1.0,
rand_QPCRZX4BMS_render_front.jpg,0.027345159821152487,1.0,
rand_EPYQSVB725_render_front.jpg,1.8908205082739362,1.0,
rand_7ES0DM8KXT_render_front.jpg,0.2,1.0,
rand_HJ8BLO9SMJ_render_front.jpg,0.2,0.4890750166008824,
rand_71JKUKX30K_render_front.jpg,0.2,1.0,
rand_QBYVOYYI5P_render_front.jpg,0.2,1.649146526907035,
rand_RPMZ3NYYQO_render_front.jpg,0.2,1.3650039555681424,
rand_DHUMUX0NYC_render_front.jpg,0.3368944753281302,1.0,
rand_5NKMBJXNTT_render_front.jpg,0.2,1.925819275427761,
rand_Q2FUP9MDYS_render_front.jpg,0.2,1.0,
rand_QH7ZNEZK61_render_front.jpg,1.4174588010102134,0.8378445393936587,
rand_0MGW5YEOOW_render_front.jpg,0.2569702321421803,0.808326115111174,
rand_257XLAF482_render_front.jpg,0.2,1.0,
rand_IKQ5DA9HLG_render_front.jpg,1.8051889088282358,1.6179879242894635,
rand_X8P5LLKUQG_render_front.jpg,0.882612359415506,0.8980437246779585,
rand_CX4YA5RP89_render_front.jpg,0.2,1.7149947780476933,
rand_PJ9ZU2TF1U_render_front.jpg,0.2,0.5079099816465511,
rand_DWPSUB1O7Z_render_front.jpg,0.2,0.8446708104580252,
rand_CD9BREOXBU_render_front.jpg,0.2,1.7096779615634161,
rand_0UHRIDT4ZQ_render_front.jpg,0.2,1.550955317168336,
rand_MM291174BV_render_front.jpg,0.23909099403411238,1.0,
rand_894LHRODRY_render_front.jpg,0.2,1.169860345381491,
rand_S8QAC1QJFE_render_front.jpg,0.2,0.4473434074828687,
rand_C1YRMQDKAL_render_front.jpg,0.2,1.0,
rand_DAAS6N2ARY_render_front.jpg,0.2,1.0,
rand_HGLXJ7A92B_render_front.jpg,0.2,1.0,
rand_R0UU9XH86D_render_front.jpg,0.2,1.0,
rand_C0SO3XD3HR_render_front.jpg,0.7287615565700634,1.9994433077535214,
rand_ARCJNJPPUY_render_front.jpg,1.4357285604987036,0.8638656086820251,
rand_7EJ4P4YZRG_render_front.jpg,0.2,0.8776330877869867,
rand_RPDGUVTXR5_render_front.jpg,1.1376712237071265,1.0,
rand_VQ4HSDRWA8_render_front.jpg,0.3988555498249806,1.0,
rand_UAZ7T7QDRJ_render_front.jpg,0.2,1.165395843166286,
rand_TXMGXUVKZ8_render_front.jpg,0.2,1.0,
rand_TP2OUVXKN5_render_front.jpg,0.2,1.0,
rand_XLOR2W206Y_render_front.jpg,1.0371650794517717,0.8375069986561985,
rand_8XROCCBBQS_render_front.jpg,0.2,1.3976534367557847,
rand_ACAVWZDL9M_render_front.jpg,0.2,1.0,
rand_TMNRWEEEG9_render_front.jpg,1.7493111551145604,1.0,
rand_CQW3M4GHGN_render_front.jpg,0.2,1.0,
rand_51FSDDIO6R_render_front.jpg,0.033953671992229095,1.6673260089141346,
rand_AG8HU4GBKI_render_front.jpg,0.2,1.808454078849366,
rand_U32UJ1FZ0S_render_front.jpg,0.2,0.929903251617445,
rand_K1DHA1FIW3_render_front.jpg,0.2,1.0,
rand_BD4MDH23H7_render_front.jpg,0.2,0.39130990816855304,
rand_CU4EPFOPY3_render_front.jpg,0.2,1.0,
rand_KXXNP54I2L_render_front.jpg,0.2,1.0,
rand_O1PDJTDM57_render_front.jpg,0.2,0.46858021409641953,
rand_R5LYUC4FM5_render_front.jpg,0.2,1.0,
rand_KVHTEMQAJ6_render_front.jpg,0.2,1.5969290613393339,
rand_LZ5FYHNNNE_render_front.jpg,0.2,1.0,
rand_TXQWLAQJ0V_render_front.jpg,0.2,1.0,
rand_KGQ7W8HHZP_render_front.jpg,0.1301456698350878,1.0606806110317477,
rand_VJDCUII8TU_render_front.jpg,0.2,1.731159945942701,
rand_F8M5O5MMT5_render_front.jpg,0.2,1.0,
rand_51QQ6LC2BK_render_front.jpg,0.2,1.9768199097362558,
rand_TA2XI3MHAZ_render_front.jpg,0.2,1.3135932687245375,
rand_T6DPXTMGVI_render_front.jpg,0.2,1.5661591718253782,
rand_6F3NYFCPVT_render_front.jpg,0.2,1.0,
rand_WW307JHB02_render_front.jpg,1.8889219742706511,0.5285011507663433,
rand_GF7AEV5DT5_render_front.jpg,0.2,0.6569835161610561,
rand_NUA9UJFHNX_render_front.jpg,0.7301995856349526,1.0388930674483698,
rand_E1909N9EKN_render_front.jpg,0.2,1.518281164969025,
rand_1GN0K5NA2V_render_front.jpg,0.2,1.0,
rand_QP9IIG5G16_render_front.jpg,0.2,1.0,
rand_JI369120WZ_render_front.jpg,0.5432032647764724,1.0,
rand_F5U1YDMC8K_render_front.jpg,0.2,1.5716426315467287,
rand_XP2YEIKZMI_render_front.jpg,0.2,1.6586263162702373,
rand_GAZWZC728H_render_front.jpg,0.2,1.0,
rand_A64SAETF6G_render_front.jpg,0.2,1.3042549160936754,
rand_RK08NI06CX_render_front.jpg,0.2,1.0,
rand_M2PDSIPURV_render_front.jpg,0.2,1.0,
rand_82WUKLZ0GN_render_front.jpg,0.2,1.0,
rand_XNO5QCRTI9_render_front.jpg,0.2,1.0,
rand_WORVJ4G8JO_render_front.jpg,1.5111517158984238,0.4542788793952834,
rand_SDJQAO3WD7_render_front.jpg,0.2,1.9653248968216002,
rand_U2U405V3IK_render_front.jpg,1.960622043148928,0.8906775116143266,
rand_YTCXMHJZAG_render_front.jpg,0.2,1.0,
rand_8WWC6X527C_render_front.jpg,0.2,1.2975826689359558,
rand_AG06C952DB_render_front.jpg,0.2,0.7516663913339248,
rand_WE30DWLQWJ_render_front.jpg,1.4838538516825408,0.8028548904448114,
rand_GIAVBI2EQC_render_front.jpg,0.2,1.2693198286741487,
rand_0LIA8CT5QT_render_front.jpg,1.6798384135661764,1.5336760591576089,
rand_YVXQSR6V28_render_front.jpg,0.2,1.0,
rand_PO1GEEXKSR_render_front.jpg,0.2,0.5500363819580443,
rand_1GLL11GYFZ_render_front.jpg,0.5465675071353939,1.0528071515364232,
rand_X31L4ZC193_render_front.jpg,0.2,0.963169340470388,
rand_6D06T3MPMK_render_front.jpg,0.2,1.4996753443710642,
rand_X2KKSLKOB1_render_front.jpg,0.2,1.0,
rand_KPMVMAXYBU_render_front.jpg,0.6985176893895284,0.8295154444720088,
rand_93OEEYP09C_render_front.jpg,0.2,1.0760020729497035,
rand_3CBW1KTWDB_render_front.jpg,0.8597153648215117,1.0,
rand_VJ7VCN2428_render_front.jpg,0.2,1.0,
rand_J9950V4I15_render_front.jpg,0.2,1.0,
rand_PFMLXDD23S_render_front.jpg,1.832347640813648,0.6463310026189102,
rand_RTIQNQ91N0_render_front.jpg,1.8529743491314556,1.0,
rand_MYQ1T12899_render_front.jpg,0.2,0.7301860356822181,
rand_V1D72B95EF_render_front.jpg,0.2,1.0,
rand_4U55PV6CRO_render_front.jpg,0.2,1.8718045510471655,
rand_1YOLRT1MYV_render_front.jpg,0.2,1.0,
rand_0DGH540E96_render_front.jpg,0.2,1.1407820247620069,
rand_ZFGBXT8MFS_render_front.jpg,0.2,1.6350013469456555,
rand_IMNE1T8BU9_render_front.jpg,0.2,1.784338448527064,
rand_1SMCHYUXER_render_front.jpg,1.8234433839689026,1.5611419177382637,
rand_DBYXHPWOQ6_render_front.jpg,0.2,1.0,
rand_R9MU4UZ2G1_render_front.jpg,0.7125475599868041,1.154556410771963,
rand_2ZZFSDFHM4_render_front.jpg,1.7886397933945695,0.9625848251793065,
rand_97LSHDK6TA_render_front.jpg,0.3435759757679091,1.4489761082442452,
rand_Z0N6TTW9NM_render_front.jpg,1.4623577284922564,1.0,
rand_IK5FUEPO9V_render_front.jpg,0.2,1.3141372263063462,
rand_676Q2QUZ4T_render_front.jpg,0.2,0.6247038930834445,
rand_YT2P4VY7SQ_render_front.jpg,0.619307475979261,1.0,
rand_A6TS3MPX2E_render_front.jpg,1.921499063051837,1.1092260097303352,
rand_TLGFNH1CY9_render_front.jpg,0.2,1.0,
rand_ILP01O238H_render_front.jpg,0.2,1.7377785251785984,
rand_YY0PFJSKRV_render_front.jpg,1.1306824492578762,1.0,
rand_1EK588H239_render_front.jpg,0.2,1.4390951278196153,
rand_UDXAH0PZDZ_render_front.jpg,0.4977841943582024,1.0,
rand_B37YOEBEU8_render_front.jpg,0.2,1.0,
rand_P8MQFPU1IE_render_front.jpg,0.2,1.0,
rand_IC7VOYWUSJ_render_front.jpg,0.2,0.8848975797093515,
rand_IY0RSZOKJR_render_front.jpg,0.2,1.4139679538421852,
rand_7XFC92AY9S_render_front.jpg,0.2,1.0,
rand_W18CL8PE68_render_front.jpg,0.2,1.7597970038483206,
rand_LQCZWCXGD1_render_front.jpg,0.2,1.1952505810240874,
rand_S2RMBQL084_render_front.jpg,0.2,1.0,
rand_VT53CENXSM_render_front.jpg,0.2,1.6087924067606927,
rand_XTBGAYULF8_render_front.jpg,0.2,0.714171317237434,
rand_1P31PVUEPB_render_front.jpg,0.2,1.7459387600435345,
rand_TMBCDOCSYR_render_front.jpg,0.2,0.38647236113748773,
rand_0ZN4M0TNAD_render_front.jpg,0.18802854990020612,1.0,
rand_G9PRHLSBWS_render_front.jpg,0.2,1.0,
rand_HYFNKZRVGT_render_front.jpg,0.2,1.081030692270005,
rand_8KKRTKM7L5_render_front.jpg,1.4851942629626758,1.0,
rand_TV519CR311_render_front.jpg,0.2,1.0,
rand_MXMB96Z22M_render_front.jpg,0.2,1.0,
rand_7A0A1SPI8N_render_front.jpg,0.10009316542062519,1.0,
rand_30TPHFOYE0_render_front.jpg,0.2,0.7090617068638101,
rand_C3KW455IDK_render_front.jpg,0.2,0.7733891009380953,
rand_KDIOO31WKK_render_front.jpg,1.8723402655548118,1.9490039554145464,
rand_GKO6AQ63XN_render_front.jpg,0.2,1.0,
rand_A9MSAPG3OM_render_front.jpg,0.2,1.2391056580805702,
rand_7LT3N4STWH_render_front.jpg,0.08613714446675669,1.0,
rand_Y1OCXL9NMU_render_front.jpg,0.2,1.0,
rand_E9J789XOAF_render_front.jpg,0.2,1.0,
rand_JL8VBN9XAM_render_front.jpg,0.2,1.644296005667867,
rand_E3P4KXHMJH_render_front.jpg,0.2,1.0,
rand_K82BELHESD_render_front.jpg,0.2,1.0,
rand_FNS8NO9V5Y_render_front.jpg,0.16175060016632448,1.0,
rand_PEOFLWOS24_render_front.jpg,0.2,1.7015858146564353,
rand_SLECZMJDBS_render_front.jpg,0.2,0.7895896761204511,
rand_FCMK6F2MJP_render_front.jpg,0.3508643226563386,1.1082592675406755,
rand_YKQC0FH4J6_render_front.jpg,0.2,1.1943586126481218,
rand_YOODRXGPDA_render_front.jpg,0.2,1.0,
rand_1GXIPUDAK2_render_front.jpg,0.0738256633018819,1.593982116268717,
rand_MXV0GYVY4X_render_front.jpg,1.6621766778424634,1.0,
rand_TDM0BGXMLO_render_front.jpg,0.2,1.0,
rand_EMR5OBF994_render_front.jpg,0.2,1.0,
rand_S2UMO7XNI8_render_front.jpg,1.2387694333044725,1.0,
rand_V3RRPATXQU_render_front.jpg,0.2,1.0,
rand_DY6FFE6YTB_render_front.jpg,0.2,0.7959816145261691,
rand_OM0GPSYAE1_render_front.jpg,0.2,1.0,
rand_HHXGZ2RETZ_render_front.jpg,0.2,1.2569383674289896,
rand_QNFWIJGLQZ_render_front.jpg,1.4321559213466994,0.5496494151257758,
rand_E4DW3RHBKQ_render_front.jpg,0.2,1.6810882941637622,
rand_UN9D2NGKPK_render_front.jpg,0.2,1.0,
rand_AYRNT706XG_render_front.jpg,0.2,1.5495893295561567,
rand_6JYRHPOQ1P_render_front.jpg,0.2,0.7349907268358318,
rand_G2D2GZKI1I_render_front.jpg,0.2,1.094986607971519,
rand_1KMN65OI4O_render_front.jpg,1.628317784383581,0.8113065650602012,
rand_CFG15K84WB_render_front.jpg,1.4718475076119049,1.0,
rand_JNFA353YCE_render_front.jpg,0.2,0.6917841318931648,
rand_E7BVFTTCZK_render_front.jpg,1.3460412843783511,0.7893505566462786,
rand_VUUI93WA12_render_front.jpg,0.2,1.0,
rand_6XGBSLNMAT_render_front.jpg,0.2,1.0,
rand_XZVCQO3WL5_render_front.jpg,0.2,1.2490078754578504,
rand_4GQ5BESMV5_render_front.jpg,0.2,1.0,
rand_1ZTLDGVYXC_render_front.jpg,0.2,1.0,
rand_87EZBK65FL_render_front.jpg,0.2,1.0,
rand_AP927NWFOI_render_front.jpg,0.2,1.0,
rand_SBCHM6VSX6_render_front.jpg,0.2,1.0,
rand_I6W193RUNJ_render_front.jpg,0.2,1.0,
rand_N5X9IP40X4_render_front.jpg,0.2,1.760066299743095,
rand_XLGVC1B04S_render_front.jpg,0.2,1.8779550983443838,
rand_GJAW0X3R61_render_front.jpg,0.2,1.0,
rand_04EQHMVVZ4_render_front.jpg,0.2,1.0,
rand_KE1O3E9SXE_render_front.jpg,0.2,1.0,
rand_WQVMX47RQC_render_front.jpg,0.2,1.6495932972170895,
rand_3TAWUDGKQJ_render_front.jpg,0.2,1.3487183970561052,
rand_2XV0EOAT5D_render_front.jpg,0.2,1.0,
rand_3O6NDT95XY_render_front.jpg,0.290742130678578,1.0,
rand_Z9RAAPU3B8_render_front.jpg,0.21882594078224615,0.9736813047637398,
rand_6FD3ELLCT8_render_front.jpg,1.2314576926975218,1.0,
rand_E380VVE1V1_render_front.jpg,0.2,1.9674044331731602,
rand_QR0WZABOSK_render_front.jpg,0.2,1.1885263394531616,
rand_995XY6BTXI_render_front.jpg,0.7724895479678897,1.0,
rand_TZ4VEFWNEQ_render_front.jpg,0.2,1.0,
rand_FNQBWP9XK3_render_front.jpg,0.2,1.0,
rand_Q8I74PDH67_render_front.jpg,0.189297827212068,1.0,
rand_0NAH2KPCD4_render_front.jpg,0.2,1.9507662638972854,
rand_E2SC3GLMSL_render_front.jpg,0.2,0.9603942133475925,
rand_SCMS4GYF8U_render_front.jpg,1.9738864660795246,1.0,
rand_XZNLVO1PPU_render_front.jpg,0.2,1.7591042399360721,
rand_B5D6100EBJ_render_front.jpg,0.2,1.5878643973395339,
rand_GGH98RWO2Z_render_front.jpg,0.4882127966381691,1.8430605444006039,
rand_4ACO5QDDKN_render_front.jpg,1.7133447969165785,0.9063931283784887,
rand_8SZBY9RJHI_render_front.jpg,0.2,1.0,
rand_M86OUJKSMC_render_front.jpg,0.8487174773465029,1.0,
rand_C9DWTR1I28_render_front.jpg,0.2,1.0,
rand_0J7WOGCLKS_render_front.jpg,0.2,0.9948303207835574,
rand_A0RT126EGJ_render_front.jpg,0.2,1.0,
rand_K0DAQNPG0J_render_front.jpg,0.5161901416092063,1.439381421327946,
rand_14S3RGMSRG_render_front.jpg,0.2,1.8085460006090028,
rand_5RSD26FL6L_render_front.jpg,0.2,1.0,
rand_SN16IMB8R3_render_front.jpg,0.2,1.0,
rand_CV9ACSA4G5_render_front.jpg,0.2,1.122456004499485,
rand_36WUMWA085_render_front.jpg,0.2,1.0,
rand_8YICV1GDV9_render_front.jpg,0.2,0.6728312083246144,
rand_IG3A7HXB96_render_front.jpg,0.2,1.0,
rand_V9PGXW8X3Z_render_front.jpg,0.28093584923914583,1.6129368156018524,
rand_V9VMSYNKZD_render_front.jpg,0.2,0.6953717876792002,
rand_EP0ATC54YQ_render_front.jpg,0.2,1.0,
rand_X65PF5FOAL_render_front.jpg,0.061009314006352566,0.9191793051499608,
rand_8PFW9BPB2T_render_front.jpg,0.2,0.35226791608045444,
rand_2YEVFDAKWX_render_front.jpg,0.2,1.0,
rand_IZG55PEF29_render_front.jpg,0.2,1.8383745310343333,
rand_JK6KJG8GT6_render_front.jpg,0.18884549451263677,1.0,
rand_1544247ZUO_render_front.jpg,0.2,1.3150250734672586,
rand_L3T22GAUI8_render_front.jpg,1.8776972613911367,1.3253786347842589,
rand_D2TN9AH8IP_render_front.jpg,0.2,0.9519906830566935,
rand_7DL60W09NS_render_front.jpg,0.2,0.574196249094583,
rand_JOKKSQB2CJ_render_front.jpg,1.228200359249166,1.0,
rand_JKHHGA6KT3_render_front.jpg,0.2,1.0686154336833604,
rand_Q98DS83BSX_render_front.jpg,0.5167481847118556,1.0,
rand_I55XOYVWXM_render_front.jpg,1.8601318334239254,1.0,
rand_W58Q8N86T4_render_front.jpg,0.2,1.8549099077338822,
rand_M8H21MOIGC_render_front.jpg,0.2,1.6860490882285002,
rand_OYDWHJK5JG_render_front.jpg,0.2,1.0,
rand_TE79OSI4W3_render_front.jpg,0.2,1.0,
rand_XGMLEON1JQ_render_front.jpg,0.2,0.44342841677272893,
rand_0Y6PBH3Y9U_render_front.jpg,0.6161132046444924,1.0,
rand_W4EH2ELQ4Q_render_front.jpg,0.2,1.0,
rand_JJ5K45O9B0_render_front.jpg,0.2,0.20785040698519364,
rand_2RZR28ZCDQ_render_front.jpg,0.5255893551489226,1.0,
rand_2NFLGJQPCL_render_front.jpg,0.2,1.6924468960707373,
rand_347RAO249O_render_front.jpg,0.4826026307423086,0.6511862181154151,
rand_ORTAUGO7F1_render_front.jpg,0.2,1.5117362388308135,
rand_K0AF7R6ZYZ_render_front.jpg,1.7987203065599613,0.9928121990535412,
rand_AD6O8KXJB8_render_front.jpg,0.2,1.0,
rand_9CL4DU4AJI_render_front.jpg,0.1747954440937467,0.6680517637240524,
rand_KL6AEF7OTI_render_front.jpg,0.9605979154855031,1.2401062024115894,
rand_38DB7F2HSC_render_front.jpg,0.2,1.2339560301589363,
rand_UPLCY083FK_render_front.jpg,0.2,1.79995419423338,
rand_586OGR0NPP_render_front.jpg,0.2,0.6859726653025,
rand_08FQDNWC80_render_front.jpg,0.2,1.0,
rand_IKPMBU6VHP_render_front.jpg,0.3335088999088378,1.0,
rand_6G757CA43H_render_front.jpg,0.2,1.0,
rand_I43DGUU4WY_render_front.jpg,0.8208657806605693,1.1345895152301746,
rand_SZYW6UANLK_render_front.jpg,0.2,1.0,
rand_NYET9P3NVT_render_front.jpg,0.2,1.0,
rand_CVRAGKZ50Y_render_front.jpg,0.2,1.0,
rand_NG5938RV9B_render_front.jpg,0.4658023467606629,1.8633458369034046,
rand_8NCCJ74TIG_render_front.jpg,0.2,0.25545897417810143,
rand_VKN5GACIFI_render_front.jpg,0.6786343008322875,0.3046263926322625,
rand_RF2L18LFSC_render_front.jpg,0.2,1.0,
rand_PPCFT5O9ND_render_front.jpg,0.2,1.0,
rand_R3YVJB68AF_render_front.jpg,1.5813950280765796,1.0,
rand_H41DRSYOS7_render_front.jpg,0.2,0.4382668844106271,
rand_DV70CP6W1W_render_front.jpg,0.2,1.7661393262877676,
rand_3YTFHQ9LFU_render_front.jpg,0.6699237670074669,1.4684553838297476,
rand_I0B9ZLANXN_render_front.jpg,0.2,1.9485906503124717,
rand_A5TCB8W0D3_render_front.jpg,0.2,0.9384315393975828,
rand_PLN9QLEMSH_render_front.jpg,0.2,1.0,
rand_T1CNKYRQCK_render_front.jpg,0.8934278985911923,1.6526124696214706,
rand_JQYKEOIUC1_render_front.jpg,0.2,1.9807519946207173,
rand_ZK86FXT3PE_render_front.jpg,0.2,0.4125860649599282,
rand_KL3TKCCUCD_render_front.jpg,0.2,1.8614573083634713,
rand_54ZRP54WBF_render_front.jpg,0.6868892065293823,1.91260363882373,
rand_LWZV11CTLS_render_front.jpg,0.2,0.9851005059081521,
rand_34PN3WYU4G_render_front.jpg,0.2,0.26588315384845934,
rand_1XH5WVWCAY_render_front.jpg,0.7351884048555708,1.0,
rand_2C06MES7VJ_render_front.jpg,0.2,1.5796482822540387,
rand_ZOTB66MHUO_render_front.jpg,0.2,1.1316551082128494,
rand_7QB4UNV7V0_render_front.jpg,0.2,1.0,
rand_YYQQDE05S1_render_front.jpg,0.2,1.0,
rand_BO3RYHO5TL_render_front.jpg,0.2193665147977546,1.0,
rand_SQUF6C4H6C_render_front.jpg,1.2316576792407048,1.2237570312125976,
rand_4YD41BKDQR_render_front.jpg,0.2,1.655536352232265,
rand_XDGZ0SR1ZS_render_front.jpg,1.2827804111590093,1.5414341942256862,
rand_6LPOMMSUJ6_render_front.jpg,0.2,1.0,
rand_6HQ81RTY3Y_render_front.jpg,0.8311979849371469,1.0,
rand_IXKDDEX2IA_render_front.jpg,0.46087778394036927,1.0,
rand_TPQ1GNLJIE_render_front.jpg,0.2,1.640447328366893,
rand_041L4IHB7W_render_front.jpg,0.39058689595720586,1.0,
rand_6RUJXWC06J_render_front.jpg,1.850072961597982,1.0,
rand_MNCFIW70P3_render_front.jpg,0.2,0.9001562252817366,
rand_05PQL1BU0S_render_front.jpg,0.2,1.0704032896415807,
rand_N6KYF3XRRA_render_front.jpg,0.2,1.0,
rand_0R3KEWI7YP_render_front.jpg,1.7342311451774703,0.5929496490748313,
rand_SJWELLXSHB_render_front.jpg,0.2,1.0,
rand_F38J013VAJ_render_front.jpg,1.955578801056839,1.0752136640471253,
rand_E3C52I01MR_render_front.jpg,1.8450703610664965,1.0,
rand_1LVXR8X01T_render_front.jpg,1.2304478036745983,1.007556806019225,
rand_4OCVWGBYM3_render_front.jpg,0.6928637623680811,0.9434461533202252,
rand_HDDTX5BK74_render_front.jpg,0.2,0.7330701728676077,
rand_337BAB093Y_render_front.jpg,0.2,1.3896079621945912,
rand_R2A9DWTU9S_render_front.jpg,0.2,0.7075555304781385,
rand_MGT8I2Q13P_render_front.jpg,1.6498549073193738,1.2814306203341141,
rand_KNM34BTZFT_render_front.jpg,0.2,1.0,
rand_YB3GDI85XH_render_front.jpg,0.2,1.0,
rand_ST12KJGAUF_render_front.jpg,0.2,1.9692593943698684,
rand_LM6KIG5S5W_render_front.jpg,0.2,1.0,
rand_RX5M5FHS4H_render_front.jpg,0.2,1.1858652295478624,
rand_M1IKN8D2R2_render_front.jpg,1.3107820037031683,1.1951376583057847,
rand_9K6DRMVN0F_render_front.jpg,0.2,1.0,
rand_IHUYR1854U_render_front.jpg,0.24974701264478716,1.0,
rand_SMFWDCHSWE_render_front.jpg,1.4191069740173987,1.0,
rand_4NR8EVJB97_render_front.jpg,0.2,1.0,
rand_SXY0UU33BS_render_front.jpg,1.5193897998809416,0.8189100020569664,
rand_EC6LNBYLJZ_render_front.jpg,0.2,1.5496152987001892,
rand_G3D5J95AIO_render_front.jpg,1.6028492034426718,0.5217864860730954,
rand_BKHBMTNLXC_render_front.jpg,0.2,1.0,
rand_AZE3JREC61_render_front.jpg,0.2,1.0,
rand_D7YUANC27D_render_front.jpg,1.2455447098559436,1.8216627360042297,
rand_0IQLMC4K63_render_front.jpg,0.2,1.0,
rand_3FZ68RA9U7_render_front.jpg,0.2,0.5270680080922296,
rand_HPNTG2A23O_render_front.jpg,0.2,1.0,
rand_Q5I1U46Z0V_render_front.jpg,0.003906290874679419,1.0,
rand_NS4T53Z9S8_render_front.jpg,0.2,1.0,
rand_N2OUS0PGNY_render_front.jpg,1.4554682809776291,1.0,
rand_LOOEHNZWNV_render_front.jpg,0.9531618407182483,1.0,
rand_ZDYA8ZUHTZ_render_front.jpg,1.8848529560771983,1.4757142532065413,
rand_NHV90PKX20_render_front.jpg,0.3715463079939838,1.0,
rand_CL9JJZ566U_render_front.jpg,0.2,1.0,
rand_5M9KOKO7IP_render_front.jpg,0.5544912229192396,1.1880415694852706,
rand_QF8XMO7ID2_render_front.jpg,0.2,1.0,
rand_48AM48U96O_render_front.jpg,0.2,1.7629562954723947,
rand_DG3L369ZLI_render_front.jpg,1.4212041163011826,0.8141595641714257,
rand_2FL857NSB7_render_front.jpg,0.2,0.8924218108522972,
rand_J90W0DVDAS_render_front.jpg,0.2,0.8006784166989698,
rand_HX9ZGKEBA4_render_front.jpg,0.2,0.22142186359125357,
rand_92MZIGKWMJ_render_front.jpg,0.2,0.39576984789561265,
rand_ZJ4FAC9CCQ_render_front.jpg,0.2,1.880117648665725,
rand_AD2VCJOCXW_render_front.jpg,0.2,1.0,
rand_WBRP09LPBL_render_front.jpg,0.2,1.99268893518932,
rand_NOB52HBRH5_render_front.jpg,0.2,1.0,
rand_BZ3IIMEXLN_render_front.jpg,0.2,1.0,
rand_B13NECQ3LD_render_front.jpg,0.2,1.9683859993099793,
rand_U21EUV998O_render_front.jpg,0.2,1.0,
rand_WSWES58G4Q_render_front.jpg,1.4200835610587352,1.0,
rand_IVMR5Q8SUB_render_front.jpg,0.2,1.391391583865805,
rand_PC5C3KGZZ7_render_front.jpg,0.2,1.0,
rand_VYF9NJZE81_render_front.jpg,1.2788724725087761,1.0,
rand_6KSXO4M8YG_render_front.jpg,0.2,1.0068937159841775,
rand_FN3F6BHUFA_render_front.jpg,0.2,0.5746447262632475,
rand_YJV9EUFQBL_render_front.jpg,0.08665081071250325,1.0,
rand_X0AC32QE4L_render_front.jpg,0.5723707735232797,1.0,
rand_8Y4D85ACW7_render_front.jpg,0.2,1.0,
rand_G7D3Q1L1U6_render_front.jpg,0.9270701375468269,0.9007207693945252,
rand_HSQRNANJJT_render_front.jpg,0.2,1.216724539739606,
rand_ZYX6KN8Q61_render_front.jpg,0.2,1.0,
rand_JO72OG9POG_render_front.jpg,0.2,0.8453960710454,
rand_1PHG1C3H80_render_front.jpg,1.7272385687576444,1.0,
rand_C422Z2L2TC_render_front.jpg,0.2,1.0,
rand_H1HW5UW5S7_render_front.jpg,0.2,1.0,
rand_W30VV5Q3WR_render_front.jpg,0.2,1.0,
rand_72SEFMKT2T_render_front.jpg,1.9969344566056644,1.0,
rand_DPHZ50U50S_render_front.jpg,0.2,1.0,
rand_T62MT3G5UB_render_front.jpg,0.2,1.0,
rand_ZWIIHPUSD0_render_front.jpg,0.2,0.26071707807998595,
rand_11OSBUKK3W_render_front.jpg,0.23282998106978248,1.0,
rand_7A3NK3RDDZ_render_front.jpg,0.2,1.0,
rand_ZHOBTVWEAT_render_front.jpg,0.2,1.0,
rand_81NP9VRNOR_render_front.jpg,0.2,0.44414578791452036,
rand_DMD1A0JVP2_render_front.jpg,0.2,1.0,
rand_97ABI9ORNR_render_front.jpg,0.2,1.0,
rand_4VUJ3FM959_render_front.jpg,0.2,1.0,
rand_WGR5JJUPC4_render_front.jpg,0.2,0.48607655705856656,
rand_UBG8N2BP8P_render_front.jpg,0.2,1.2183085335470791,
rand_7X3CS09J1O_render_front.jpg,0.2,1.0,
rand_5925ZGHRV7_render_front.jpg,0.2,0.5307544911959685,
rand_NC8MKYW643_render_front.jpg,1.936185086118239,1.0,
rand_BG6804NHUM_render_front.jpg,0.2,0.7072669700002623,
rand_LD2Y8N8OQG_render_front.jpg,0.2,1.0,
rand_ALJMKS3Y28_render_front.jpg,1.9693970492453343,1.0,
rand_11BCYICJ0Y_render_front.jpg,0.2,1.0,
rand_ZYNRXD8LJY_render_front.jpg,0.2,0.2829321708381396,
rand_9KW6Z2TVVJ_render_front.jpg,0.2,0.5934372985009104,
rand_3ZLJDLGVHG_render_front.jpg,0.2,1.0,
rand_UPRGMTAWWW_render_front.jpg,0.2,0.7500579367663502,
rand_M40D3B4S31_render_front.jpg,0.2,1.5041987133491848,
rand_GY6LD9BX6U_render_front.jpg,0.2,1.0,
rand_K2IE45JCM3_render_front.jpg,0.2,1.0,
rand_OQ75K4I3J0_render_front.jpg,0.2,0.6890481544346467,
rand_HCUKY4FIZE_render_front.jpg,1.3087221189868394,1.0,
rand_21WX4KSQA2_render_front.jpg,0.2,0.6979283153966109,
rand_9C18FMDVMG_render_front.jpg,0.24361160124483372,1.8520978488348396,
rand_VHGQUHX9Z5_render_front.jpg,0.25421702388892564,1.0,
rand_C50TSX8HVH_render_front.jpg,0.2,1.263432829467779,
rand_0LNSAGAG3D_render_front.jpg,0.6759744241599877,1.4409070938431285,
rand_DNIBA5XZGP_render_front.jpg,0.2,1.0,
rand_1UAGLRX5CX_render_front.jpg,0.2,1.0,
rand_AUBL9BNUUC_render_front.jpg,1.317595406039049,1.0,
rand_VMJXKKBQ1G_render_front.jpg,0.2,1.0,
rand_IPUXDUR8D4_render_front.jpg,0.2,0.7101255881095954,
rand_NIWWJTF3G7_render_front.jpg,0.2,0.7902879057367818,
rand_UPBIVT48FR_render_front.jpg,0.2,1.0,
rand_LS5RG1CRMD_render_front.jpg,0.2,1.155095050262571,
rand_D8MV10OIPE_render_front.jpg,1.607403921755178,1.5885773624861088,
rand_IU2OCYP3TQ_render_front.jpg,0.2,0.8085572237739072,
rand_G0HQX4ALBN_render_front.jpg,1.3883798510728047,1.7896922172453527,
rand_2FRK437VBO_render_front.jpg,0.2,0.8270404891203107,
rand_1J2CKQ3MAQ_render_front.jpg,0.2,1.0,
rand_SU86AONQLS_render_front.jpg,0.2,1.0,
rand_G2W3KJ3G83_render_front.jpg,0.2,1.534352799053962,
rand_Z3C3IJ93TK_render_front.jpg,0.22488486199270508,1.0,
rand_S5GYGPS6IO_render_front.jpg,0.2,1.0,
rand_L91CTHL2DI_render_front.jpg,0.2,1.6407250292771094,
rand_NCN3GMEXE2_render_front.jpg,1.9504593269984527,1.0,
rand_2YHHRBPQ1C_render_front.jpg,0.2,1.0,
rand_T2HNG98K7L_render_front.jpg,1.4069435853170529,0.5122412140636239,
rand_HMMLDPDDF4_render_front.jpg,1.752817580000032,1.55188389729082,
rand_JBSXOA75Z3_render_front.jpg,0.2,0.4084780624227131,
rand_IDFZCW4AA3_render_front.jpg,0.5940321850568675,1.0,
rand_SZARHQ0H9F_render_front.jpg,0.2,1.4200327012789995,
rand_N346070VNC_render_front.jpg,0.054080365795357466,1.0,
rand_Z2BIQE3JIU_render_front.jpg,0.2,1.1734384085807954,
rand_Y6KY448B7X_render_front.jpg,0.2,1.0,
rand_GAGPLZU56N_render_front.jpg,0.2,0.9640757544586283,
rand_0ME2Z034NN_render_front.jpg,0.2,1.2623009459962238,
rand_G6TWKOWXMS_render_front.jpg,1.7692423386890441,1.6212901201633203,
rand_P5UYQW0KZ7_render_front.jpg,0.2,1.0,
rand_5WE9A84WGI_render_front.jpg,0.2,1.0,
rand_ZMVZQSF9QS_render_front.jpg,1.2978141048233063,1.0,
rand_5UC1FL5O72_render_front.jpg,0.7751076765920595,1.417702824605037,
rand_FIQ3FVAIKH_render_front.jpg,0.42096473117110156,1.7891192402602236,
rand_TNYEKW2YA5_render_front.jpg,0.2,1.0,
rand_F3FLO44FAO_render_front.jpg,0.2,1.0,
rand_PZKX5Z4OGX_render_front.jpg,0.2,1.6137444516175563,
rand_NRCVN5RCW9_render_front.jpg,0.2,0.8363357427590219,
rand_1WBZVJCBB3_render_front.jpg,0.49667232036108944,1.707989953062994,
rand_D1V9NGLIRG_render_front.jpg,1.2549543951591537,0.6690848406111685,
rand_5U8IEPHWYG_render_front.jpg,0.2,1.144211359201813,
rand_R7IRYDV2TX_render_front.jpg,0.2,1.8266985000136773,
rand_QHU4BNJKQR_render_front.jpg,0.2,1.144609956589338,
rand_Q9U1J0B2XW_render_front.jpg,0.2,1.0,
rand_5RM85VSIVW_render_front.jpg,0.2,1.2334160119192092,
rand_BYLNINRU11_render_front.jpg,0.11691654056799883,1.6615919587059007,
rand_64QPJLJG5I_render_front.jpg,0.2,1.0,
rand_8DAJ68PSC6_render_front.jpg,0.2,1.1298403667554149,
rand_9M3GW01CRB_render_front.jpg,1.2101431925790023,1.5101529008459125,
rand_JY76Q61T5A_render_front.jpg,1.4632164845434477,1.0,
rand_CS9QP7R1Z5_render_front.jpg,0.2,1.0,
rand_EQ40UQSR4F_render_front.jpg,0.2,1.0,
rand_YE0YCAJ8U0_render_front.jpg,0.2,1.0,
rand_DNW2X7UMHK_render_front.jpg,0.2,1.9385806316888659,
rand_HP70ZRBELJ_render_front.jpg,0.948332808697858,1.04906989892532,
rand_NE74TBPCBC_render_front.jpg,0.09055083259990604,1.0,
rand_FTJXW28B7I_render_front.jpg,0.2,1.1635848464090923,
rand_1GYOCYM934_render_front.jpg,0.2,1.7345467359780613,
rand_1QYPQSWUUM_render_front.jpg,1.800159338246645,1.0,
rand_2ED690X03S_render_front.jpg,0.2,1.050888953933261,
rand_PNTYAI5ML7_render_front.jpg,0.2,0.8068231439461451,
rand_N0ECK9CMIY_render_front.jpg,1.4177224575787928,1.5317016671770236,
rand_PXTG6AFBAJ_render_front.jpg,0.2,1.0,
rand_CEBIYKT095_render_front.jpg,0.2,1.0,
rand_L4RESQUJZE_render_front.jpg,0.3988833632457074,1.0,
rand_1Z0G5AY48F_render_front.jpg,0.942908547167375,1.0,
rand_N4AB8GAWMF_render_front.jpg,0.2,1.0,
rand_YUFW86V6ED_render_front.jpg,0.2,1.0,
rand_Y92L7L8B2Y_render_front.jpg,0.2,1.3303085238510874,
rand_YW7F9M16Z6_render_front.jpg,1.1505164967247736,0.6281181719017361,
rand_UZT8QW6TNH_render_front.jpg,0.1469031063737991,1.0,
rand_T7YUHKV35Z_render_front.jpg,0.2,1.0,
rand_LR8ZR6OETM_render_front.jpg,0.2,1.0,
rand_8M04KRM76C_render_front.jpg,0.8208004879241653,1.0,
rand_MJA8OAZ0IE_render_front.jpg,0.0714081269394593,1.0,
rand_X562PZRL91_render_front.jpg,0.2,1.9348280273188987,
rand_6HB7KAHZTV_render_front.jpg,1.696184359417081,1.0,
rand_AFPB5IOPTY_render_front.jpg,0.2,1.2677325316147157,
rand_2R201MQ70W_render_front.jpg,0.2,1.5774446825761788,
rand_0MD0FOQ2NM_render_front.jpg,0.2,1.0,
rand_YY6X37OBAU_render_front.jpg,0.2795879457762196,1.0,
rand_CLXA2WJ36U_render_front.jpg,0.2,1.1150519890268211,
rand_9LFGPF2RAB_render_front.jpg,0.2,1.0,
rand_806YXAZXXK_render_front.jpg,0.2,0.6623946142330852,
rand_AD2ISFT4G0_render_front.jpg,0.2,1.7692420270934368,
rand_7SUHORO96H_render_front.jpg,0.2,0.47452126664733274,
rand_LLBN5F1BPY_render_front.jpg,0.2,1.6544862721966294,
rand_C7R3JY1XDK_render_front.jpg,0.2,1.0,
rand_CPE7ZDB7MY_render_front.jpg,0.2,1.8142343138195527,
rand_4G8NTA88B3_render_front.jpg,0.2,1.312526958569507,
rand_CTTXKJMOZG_render_front.jpg,0.2,1.0,
rand_AMY1HKTNRC_render_front.jpg,0.2,1.9495848914266178,
rand_1UUSB73N0U_render_front.jpg,0.2,1.003659953093762,
rand_KLX8NWAG66_render_front.jpg,0.2,0.6934106343584876,
rand_AK6SA7S2WJ_render_front.jpg,0.2,1.0,
rand_9DMBA89C7Q_render_front.jpg,0.2,1.0,
rand_T0XKRW0MMR_render_front.jpg,0.2,1.7817025555495751,
rand_CEG56A2HXW_render_front.jpg,0.2,1.3077300546359696,
rand_NFHEBYWO3X_render_front.jpg,0.1777793580008129,1.8527579528195983,
rand_S9FZZF60F6_render_front.jpg,0.2,1.0,
rand_19JTGZW434_render_front.jpg,0.1502962304540556,1.0,
rand_17K0TGI4DV_render_front.jpg,0.2,1.0,
rand_DT7EOKNQOP_render_front.jpg,0.2,1.0,
rand_QSQOMAHSTA_render_front.jpg,0.2,1.0,
rand_E0AU5NYYE5_render_front.jpg,0.2,0.647025896635157,
rand_KPZWA7KJJC_render_front.jpg,1.7332849143925038,1.0,
rand_FFM8TECGBX_render_front.jpg,0.2,1.0336571811766129,
rand_LPW1RCN36S_render_front.jpg,1.3169463817307583,1.3474161150123485,
rand_SM9MBZWH0C_render_front.jpg,0.2,1.0,
rand_IYF3AMZMI4_render_front.jpg,1.1589099956710553,1.7170834466771476,
rand_OSL0Y5HZHB_render_front.jpg,0.2,1.51907583177373,
rand_HA2JMMN6Q5_render_front.jpg,0.2,0.7219155635551948,
rand_X7THKCWGT5_render_front.jpg,1.6428943557610578,0.7761524632266399,
rand_OAG0YWPIRR_render_front.jpg,0.00436209302429269,1.0,
rand_5KV3GIRI8U_render_front.jpg,0.2,1.024202818842528,
rand_K0YROUA3OG_render_front.jpg,0.09051303433522917,1.0,
rand_5OT03VSC6I_render_front.jpg,0.2,0.893397636310882,
rand_NF88NT0X4Q_render_front.jpg,0.2,1.0,
rand_C1WEHVYIWU_render_front.jpg,0.2,1.1525738181993597,
rand_8KO96XO6CJ_render_front.jpg,0.2,1.6173633099404578,
rand_2XHO4MYZMQ_render_front.jpg,0.4133046831265861,1.240103873759753,
rand_YOQWY4RZP8_render_front.jpg,0.2,1.2564412710294226,
rand_T3AM5YNTJ3_render_front.jpg,0.30319679661548005,0.8565649376552287,
rand_EYIA730RHO_render_front.jpg,1.9988587742540087,0.5345845193501496,
rand_JRQEX33LXT_render_front.jpg,0.2,1.0,
rand_E18XAKO94M_render_front.jpg,0.2,1.0,
rand_YBVONXRS2D_render_front.jpg,0.2,1.0,
rand_S9BZBNAPGS_render_front.jpg,1.4373916877331645,0.6748362824996905,
rand_41OYMQIYYR_render_front.jpg,0.2,1.0,
rand_NWBBQIYJTN_render_front.jpg,0.2,1.1347350892290844,
rand_TPQJ5BC55C_render_front.jpg,0.2,0.348050352764704,
rand_GX37TG4XLT_render_front.jpg,0.2,1.4142080390846905,
rand_W570MQYL7Q_render_front.jpg,0.2,1.0,
rand_GO398VCBHP_render_front.jpg,0.4007735305729423,1.0,
rand_1AH3GT8PTO_render_front.jpg,0.5597587370942678,1.0,
rand_176L9DT8YW_render_front.jpg,0.2,1.0,
rand_3SOO88QX5T_render_front.jpg,0.2,1.0,
rand_CODU6LPGT0_render_front.jpg,0.2,1.0,
rand_M0CW00XREW_render_front.jpg,0.5799714330965766,1.0,
rand_KQ890FDQ8X_render_front.jpg,0.2,1.0,
rand_5T77T1W1EU_render_front.jpg,1.113736957126998,1.0,
rand_IHIW49BQFY_render_front.jpg,0.8711434604650146,1.0,
rand_MYWTWT3CSY_render_front.jpg,0.2,1.0,
rand_78YYEAKNZV_render_front.jpg,0.2,1.248667049432611,
rand_QHAC1A2XCY_render_front.jpg,0.2,1.1655611007676694,
rand_Z9KTA67UWJ_render_front.jpg,0.2,1.4009819138199757,
rand_CYLR1AVPNU_render_front.jpg,1.1285974889592365,1.0,
rand_2OGPG824E3_render_front.jpg,0.20224858422698322,1.0,
rand_OHJGUECNFB_render_front.jpg,0.2,1.0,
rand_4NB51KJC65_render_front.jpg,0.2,1.8101438057734345,
rand_IUKIWPSCOJ_render_front.jpg,0.0803669190265488,0.7424917022575235,
rand_4S0158QFAX_render_front.jpg,0.2,0.7871257502481646,
rand_84UVQAMR86_render_front.jpg,0.2,1.164521994985748,
rand_P46OB055YT_render_front.jpg,0.2,1.696293484647914,
rand_9ASV2R4AWZ_render_front.jpg,0.2,1.0,
rand_3Y0NBL7PDI_render_front.jpg,0.2,1.5660168103565721,
rand_2R9P9884P0_render_front.jpg,0.2,1.0,
rand_HX2T6UMMBL_render_front.jpg,0.568136378580621,1.9849689952925131,
rand_Q9Q2RC3RZ8_render_front.jpg,1.886556079189643,0.8703141499771483,
rand_WYLBSH1DFW_render_front.jpg,0.2,0.8191294252361243,
rand_RCUGOKSU90_render_front.jpg,1.7833915558554634,1.0,
rand_1VTJGQ86O0_render_front.jpg,0.2,1.2060738617886426,
rand_PPBAEKYOOW_render_front.jpg,0.2,1.0,
rand_3ZJ5KQXBPV_render_front.jpg,0.2423721339543221,1.2836186199089645,
rand_UWSB48KLI0_render_front.jpg,0.2,1.0,
rand_O7A7HRV6EP_render_front.jpg,0.2,0.2057845797563035,
rand_7U31RWQEE4_render_front.jpg,0.13778572710253645,1.32983158305206,
rand_J0Q9CTB7K8_render_front.jpg,1.88568203377582,1.7121902530260085,
rand_4UN70H1Q8V_render_front.jpg,1.0504048087068052,1.0504546107792858,
rand_E8PFU4F3YJ_render_front.jpg,0.2,1.8095624145725153,
rand_W11XAJJQMM_render_front.jpg,0.2,1.0,
rand_C7NEITUELL_render_front.jpg,0.576082584979978,1.246797336618094,
rand_69JHJM5C7S_render_front.jpg,0.4188283395417898,1.316258272855301,
rand_WSV3VT6R10_render_front.jpg,1.8044486396278598,1.6264433221525316,
rand_AO2V8S7CHW_render_front.jpg,1.3319859256066398,1.5918185924858284,
rand_R97J8RODC4_render_front.jpg,0.2,1.1885558945481034,
rand_ESRNC2TPU1_render_front.jpg,0.5949423857085989,1.0,
rand_E06Y4GNA57_render_front.jpg,0.5903765414600062,1.618745566287938,
rand_9CHT96PSWD_render_front.jpg,0.2,1.713157731207335,
rand_4WBQWP81AN_render_front.jpg,0.7823328355095633,1.0,
rand_T4JC28TLAO_render_front.jpg,0.4654244631949285,1.0,
rand_7XCCCHZ2UM_render_front.jpg,0.2,1.0,
rand_E3IN9RH60H_render_front.jpg,0.2,0.5256534501085439,
rand_V8KRLX3LHM_render_front.jpg,1.0111749609295555,1.9663055248781718,
rand_M4MUKANX3B_render_front.jpg,0.2,1.0,
rand_3DMDAU2SWP_render_front.jpg,0.2,1.8949653381986409,
rand_WZPW1F8TPP_render_front.jpg,0.2,1.9365160777378316,
rand_IEHBILMEAU_render_front.jpg,1.1564909011477267,1.5427023104060886,
rand_J97QA1K42F_render_front.jpg,1.0018123508249186,1.0,
rand_BNWSZNFQ6F_render_front.jpg,0.2,1.5285468040391634,
rand_8RIJOUWTG1_render_front.jpg,0.2,1.0,
rand_WEB2QM7MWW_render_front.jpg,0.2,1.5924270463069647,
rand_LTI1TQ4C4M_render_front.jpg,0.2,1.7914658997450723,
rand_3WGDRA2ED1_render_front.jpg,0.24331051089120082,1.9782531889502388,
rand_QZTX3TFRQB_render_front.jpg,0.9229305159922283,0.4827111919517877,
rand_R75Y2YYFU0_render_front.jpg,0.08421269930305497,1.568244314564752,
rand_L94Q3A1RFE_render_front.jpg,0.2,1.4045913808809953,
rand_YH9SS7PHKG_render_front.jpg,0.2791701357526746,1.5073864580668934,
rand_TZCQIGTBOA_render_front.jpg,0.2,1.6351300580607233,
rand_7TQCMVTZ9Z_render_front.jpg,0.8591044542514108,0.23316895312828778,
rand_7TGRJEX39N_render_front.jpg,0.14880653159600676,1.0,
rand_5BHTLAXTHF_render_front.jpg,0.2,1.6976524050993844,
rand_ORKKZDDR3W_render_front.jpg,0.2,1.565162182139746,
rand_E293S7C8LQ_render_front.jpg,0.2,1.0,
rand_S28B0RSRHL_render_front.jpg,0.2,1.3521142628897203,
rand_GAXBD67EZB_render_front.jpg,0.2,1.035178751662291,
rand_6S745H9FQ3_render_front.jpg,0.2,1.0,
rand_ASKNOJ0BNI_render_front.jpg,1.9672022202886903,1.0,
rand_OJJGOXYLQG_render_front.jpg,0.7812485555693058,1.0,
rand_6A9NDY4SG7_render_front.jpg,0.2,1.0,
rand_K0MEV1US72_render_front.jpg,0.2,0.8747750594824268,
rand_GMC172KOXX_render_front.jpg,0.2,1.6050219940093629,
rand_3HRVE16K8S_render_front.jpg,0.2,1.3062503705324982,
rand_8H7JUFF0Q1_render_front.jpg,0.2,1.7531854940853215,
rand_9O55NVP045_render_front.jpg,0.8124867461473575,1.44709741586358,
rand_TRH0TNQRZR_render_front.jpg,0.2,0.46606217199356403,
rand_8WMZJB9F5C_render_front.jpg,0.2,1.0,
rand_MZ46LKLTJZ_render_front.jpg,1.9269709908553685,1.0,
rand_JBNAD3JRHL_render_front.jpg,0.2,1.0,
rand_GUM8AB63QF_render_front.jpg,0.2,0.7789802299325395,
rand_VZCGJRFDAJ_render_front.jpg,1.018883166475603,1.0,
rand_BOZ75HTPWT_render_front.jpg,1.4783714353310846,1.095594129785951,
rand_CQER3OLTV8_render_front.jpg,0.2,1.0,
rand_LYX71707DB_render_front.jpg,0.2,0.31967071908487765,
rand_FX7V2SY5LF_render_front.jpg,0.46430453526342186,1.4576876323274321,
rand_7VKBTKMJN8_render_front.jpg,0.2,1.0,
rand_GFN6DG7YJ7_render_front.jpg,0.2,1.220762159612781,
rand_6RH1G90HD5_render_front.jpg,0.2,1.0,
rand_XYD2ZG5PWZ_render_front.jpg,0.2,0.4220754792506718,
rand_U42CSZG7NL_render_front.jpg,0.2,1.936823411330354,
rand_LTYJM5F8Y6_render_front.jpg,1.1544520649296897,0.26907154377820836,
rand_W1WSLFT0MD_render_front.jpg,0.2,1.0,
rand_A7CROF39O6_render_front.jpg,0.2,1.0,
rand_E5K00PA2HO_render_front.jpg,0.36423894841011295,1.0,
rand_XGQIEQG82F_render_front.jpg,0.7359352483504069,1.0,
rand_JAE80F1A3O_render_front.jpg,0.2,1.241836341966155,
rand_RVS1QWPXD0_render_front.jpg,0.2,1.0,
rand_GKYYHEI9BA_render_front.jpg,0.2,0.2423430648176371,
rand_XNYCF0733R_render_front.jpg,0.7779686106109458,0.2231555781346468,
rand_2L8Z26TB3I_render_front.jpg,1.9696685666286338,0.21332415806023186,
rand_7XE5MQBR5Z_render_front.jpg,0.2,1.2919386389725451,
rand_8KBYF9QDE7_render_front.jpg,0.2,1.0,
rand_4R1OKVQ3F4_render_front.jpg,0.2,0.24211475094368956,
rand_VX6GBDLZOD_render_front.jpg,0.2,1.230796435285831,
rand_WR5NW1Y6YB_render_front.jpg,1.9587654797108456,0.5687273170662598,
rand_AEY1RXU4ZW_render_front.jpg,0.9529623884461382,1.9833722150650193,
rand_XZJBDHNR54_render_front.jpg,1.5774707534854333,1.7555595814483753,
rand_TAKL3CGXZZ_render_front.jpg,1.7287567081463013,0.9138951857322579,
rand_H9PAZNI5C0_render_front.jpg,0.2,1.0,
rand_HKLD9M1X4I_render_front.jpg,0.2,1.0716152426761962,
rand_34PEDT1KW8_render_front.jpg,0.2,1.0,
rand_DF6AH7UQFM_render_front.jpg,0.2,1.6780798455815995,
rand_7IR3MGYTF5_render_front.jpg,0.42286641654563906,1.0,
rand_YK11MGG89W_render_front.jpg,0.2,1.0,
rand_6YCGWMORN9_render_front.jpg,0.2,1.5591696157689594,
rand_1QOT9HRFUA_render_front.jpg,0.2,0.9177581041041294,
rand_3IX65MMCE3_render_front.jpg,0.2,1.0,
rand_FHCEP1UNTX_render_front.jpg,0.9069042874081767,1.0,
rand_GURXEV5ST7_render_front.jpg,0.2,0.9735773706107533,
rand_T10L5YH84F_render_front.jpg,1.4840014785932691,1.0,
rand_HVSPSF1OEI_render_front.jpg,1.447953091568859,1.0,
rand_C7TS0DEB3C_render_front.jpg,0.2,1.0,
rand_OIXFIIRJLF_render_front.jpg,0.2,0.4232401718569723,
rand_DU8EN8ETE2_render_front.jpg,0.2,0.34642300988462754,
rand_LREQ35ST4E_render_front.jpg,0.2,1.0,
rand_2G3NXUWEZY_render_front.jpg,0.2,1.0,
rand_TM1AKI3L7T_render_front.jpg,0.43770665119439167,1.0,
rand_573UN2PH4I_render_front.jpg,0.5938585688903844,1.9574698757492983,
rand_9Q9DWBMMH8_render_front.jpg,0.08760642078386871,1.0,
rand_JKLM0PYXMY_render_front.jpg,0.2,1.0,
rand_1G1MHZ49GG_render_front.jpg,0.2,1.0,
rand_4PE0Z04VI3_render_front.jpg,0.2,0.5709963262421089,
rand_VY9NDF9PFU_render_front.jpg,0.7621935953355055,0.942805247772754,
rand_1AC9FYXUJS_render_front.jpg,0.2,1.0,
rand_VL46DH6EK4_render_front.jpg,0.2,1.0,
rand_E6DNTZ5NMH_render_front.jpg,0.2,1.9865866138909818,
rand_7S4K67RQ8D_render_front.jpg,0.2,1.0,
rand_4ZKD59R5FC_render_front.jpg,1.0837334130803637,1.0,
rand_4ANWG2DINO_render_front.jpg,0.2,1.4349239408391568,
rand_3X0YZL0ED2_render_front.jpg,0.17400948646115455,1.0,
rand_D6BKPDOWCL_render_front.jpg,0.2,1.0,
rand_373313JRSO_render_front.jpg,0.2,0.827536591521391,
rand_2R4A43ANWV_render_front.jpg,0.2,1.0,
rand_87DV58AMI0_render_front.jpg,0.2,1.0,
rand_2MWZ2XQBZ0_render_front.jpg,0.2,1.0,
rand_RH32N4Y406_render_front.jpg,0.2,1.0,
rand_KS398YFCBW_render_front.jpg,0.2,1.0,
rand_TYES8VQS3W_render_front.jpg,1.1981181834350536,1.0,
rand_KK4GGPKC96_render_front.jpg,0.2,1.0,
rand_2GZKHRDY8J_render_front.jpg,0.2,1.2305345299044095,
rand_OZ2JNUJHB1_render_front.jpg,0.2,1.0,
rand_MR2XWLUDEE_render_front.jpg,1.7878630109277016,0.8141005176828886,
rand_95PWO420LM_render_front.jpg,0.665847473450093,1.0,
rand_O7X3RYANG5_render_front.jpg,0.2,1.939955706899979,
rand_UQR0DVFMMK_render_front.jpg,1.226114216034676,1.0,
rand_DSFACBRTWX_render_front.jpg,0.2,1.0,
rand_YSIOKKH3QG_render_front.jpg,0.10961962069311482,1.5865966489902947,
rand_50A05P0GLK_render_front.jpg,0.2,0.5073331098542524,
rand_MSG24G2AH9_render_front.jpg,0.2,1.2845762853513822,
rand_DFIZNK0GAG_render_front.jpg,0.2,1.9210286691787806,
rand_04O2UOROT1_render_front.jpg,0.2,1.0,
rand_E81HD69NNW_render_front.jpg,0.2,1.5786362832347374,
rand_YFJ30WZM2E_render_front.jpg,0.7233422011922288,1.1267818920117338,
rand_Y1QIDDZJ3G_render_front.jpg,1.414746590457904,1.1057667372004596,
rand_WYUZW3H58A_render_front.jpg,0.2,1.4305524763159465,
rand_9D6UVNBMX9_render_front.jpg,0.2,1.0,
rand_OTQPZC6ST2_render_front.jpg,0.6079408618894853,0.9311437095368227,
rand_L218UAQ60V_render_front.jpg,0.2,0.9194245132346937,
rand_FKQ1P11XVD_render_front.jpg,1.7618032636702512,1.0,
rand_ZR0JFSSH8Y_render_front.jpg,0.07077392353544965,1.5962066478621901,
rand_53P7HC6MVN_render_front.jpg,0.2,1.1718921206005186,
rand_TREPSVAZS3_render_front.jpg,0.2,1.0,
rand_T2DTIE2OUT_render_front.jpg,0.2,1.4799083776125084,
rand_S1NENJWEX9_render_front.jpg,1.5728908522338236,1.0,
rand_SYS2QQVOJZ_render_front.jpg,1.9975790098484218,1.0,
rand_9WLEUKKSES_render_front.jpg,1.6408843879267148,1.5647328268425171,
rand_F6EALBWXTT_render_front.jpg,0.2,1.0,
rand_94D87RNMID_render_front.jpg,0.2,1.0,
rand_IVIE38SXZI_render_front.jpg,0.2,1.3422298493088094,
rand_F4D1ZWISCA_render_front.jpg,1.728647317397627,0.415185980805272,
rand_QYEWOXQC3J_render_front.jpg,0.2,1.5712326486992034,
rand_SBJEXK6BSO_render_front.jpg,0.2,1.0,
rand_I3IKFCC8FG_render_front.jpg,0.2,1.0,
rand_NLAX0XRNO8_render_front.jpg,0.8791394091776299,1.0,
rand_H9NCSO6M7V_render_front.jpg,0.2,1.0,
rand_8VR7G0HXBX_render_front.jpg,0.2,1.5019526395875495,
rand_N4ZJB4ZXWS_render_front.jpg,0.2,1.787314713826422,
rand_4KUYS1XZYZ_render_front.jpg,1.7781253211238777,1.0,
rand_V6FMVRQ4W7_render_front.jpg,0.2,1.4412259952248954,
rand_OINB1PWBRS_render_front.jpg,0.2,1.2177108676723738,
rand_33K33OZ01S_render_front.jpg,0.2835146376761106,1.1361489890600178,
rand_P8SP2CGZXH_render_front.jpg,1.0633395182878236,0.5257269032049214,
rand_CIYEGX8T8M_render_front.jpg,0.2,0.6839539299700956,
rand_JKL6X7LND4_render_front.jpg,0.2,1.912330459431104,
rand_4TJC1640N1_render_front.jpg,0.2,1.6487716915764854,
rand_5U2NQK2T1D_render_front.jpg,0.2,1.3402171320045546,
rand_G5Z957FZR0_render_front.jpg,0.2,0.9309761745442142,
rand_QOGE61TPL9_render_front.jpg,1.347852788910624,1.0,
rand_IITHMZRQFZ_render_front.jpg,0.2,1.0,
rand_SBRRH17A9N_render_front.jpg,0.6473296594670941,1.0,
rand_ANBA8KN3DP_render_front.jpg,0.2,0.3687042276557452,
rand_22CMEGP7XN_render_front.jpg,0.2,1.0,
rand_MV1V95QMTO_render_front.jpg,0.2,1.1738642368699186,
rand_YHGGR1D8GX_render_front.jpg,0.2,1.2885088033391545,
rand_MFKW63ZDRT_render_front.jpg,0.2,1.264566809219945,
rand_05H6WP8PJX_render_front.jpg,0.2,1.3718988933725473,
rand_B0I0Z066GJ_render_front.jpg,0.2,1.4641771488766206,
rand_UG3Q06SOYP_render_front.jpg,0.2,1.0,
rand_GLROGGZN66_render_front.jpg,0.2,1.0,
rand_THQK3U2NS2_render_front.jpg,1.5170320109778856,0.9540592891918418,
rand_NRKCZA37BC_render_front.jpg,0.2,1.0,
rand_QJJ0GRUB8Z_render_front.jpg,0.5509163722029455,1.0,
rand_TRUD819TCZ_render_front.jpg,0.2,1.0,
rand_ANRW29KCL1_render_front.jpg,0.2,1.624827837092658,
rand_VJ6AU7ADUY_render_front.jpg,0.2,0.6445849959714218,
rand_S078N1VR8W_render_front.jpg,1.7537808906244639,1.0,
rand_5E0Y3LPO3Q_render_front.jpg,0.2,0.7974636096295595,
rand_CM11FN2AJ2_render_front.jpg,0.2,1.0,
rand_L84HDK6DMZ_render_front.jpg,0.2,1.0,
rand_U298KN6KXS_render_front.jpg,0.2,1.0,
rand_0NOGC387LX_render_front.jpg,0.2,1.0,
rand_5YS26RYTKI_render_front.jpg,0.2,1.876285659350424,
rand_BTIB0T2WT0_render_front.jpg,1.0269105712351447,1.2149999853572808,
rand_JE0L62P85L_render_front.jpg,1.4556644009958983,1.0,
rand_2OBIIXEYM4_render_front.jpg,0.2,1.2269065647646296,
rand_LY3VYIIBR3_render_front.jpg,0.2,1.096677231498425,
rand_SFEPJJC2QG_render_front.jpg,0.2,1.0,
rand_162IYSX008_render_front.jpg,1.9956871130527516,1.651561791957158,
rand_JI9JG3KE24_render_front.jpg,0.2,0.3720288543790814,
rand_CO4FOOOUGT_render_front.jpg,1.7481988556784667,1.0,
rand_01H2S9IZZL_render_front.jpg,1.0987911753255386,1.0,
rand_94CLJ0V41M_render_front.jpg,0.2,1.1845795602777227,
rand_AFHTOCQ6IF_render_front.jpg,0.2,0.79143955017028,
rand_D9RMV2SYPC_render_front.jpg,1.0461795625256618,0.5748155045876298,
rand_6PWQV1HN0I_render_front.jpg,1.146975288911745,0.4181891726249397,
rand_TPHYZUQ5AS_render_front.jpg,0.2,1.0,
rand_RB7DIBGYI0_render_front.jpg,0.10248957923556579,1.0,
rand_SU2I8HTCI3_render_front.jpg,0.2,1.0,
rand_IQG7GB8MCL_render_front.jpg,0.2,1.4914525207252636,
rand_2S8FTYLQC4_render_front.jpg,0.2,1.0,
rand_HIB1L3V39L_render_front.jpg,0.2,1.0,
rand_XM2VF8M2I5_render_front.jpg,0.2,1.0407550068106313,
rand_YT6C4WWGHF_render_front.jpg,0.28182326248408485,1.0,
rand_HTWC3YBD4Z_render_front.jpg,0.2,1.8943751751292734,
rand_0LB0U8AY1Y_render_front.jpg,0.2,1.0,
rand_SQ5S6OVLPG_render_front.jpg,0.5682851608438813,1.5923624863699217,
rand_PJWEGEA5RJ_render_front.jpg,0.2,0.44396249496433304,
rand_ATDY3AJN0Q_render_front.jpg,0.48513806216960864,1.0,
rand_JWR4048NT8_render_front.jpg,0.2,0.8420740343262321,
rand_Y92PK89KT3_render_front.jpg,0.2,1.3495662182850459,
rand_SZRX8TY51T_render_front.jpg,1.3689662138366756,1.0,
rand_F31L27S5YD_render_front.jpg,0.2,0.5134339499423718,
rand_Q6X7JM48XB_render_front.jpg,0.2,0.487461098629144,
rand_8CGE3GU9E9_render_front.jpg,0.2,1.7334662027855152,
rand_JYGMR9L4C6_render_front.jpg,0.2,0.9055841662257502,
rand_3WE35GMQ8C_render_front.jpg,0.2,1.0171456160837626,
rand_R9JA6DUT59_render_front.jpg,1.1774918016599842,1.0,
rand_70AJY5QPFH_render_front.jpg,0.2,0.7804686013093367,
rand_0AAY3NQH8J_render_front.jpg,0.2,1.0,
rand_DL8CTQA0KP_render_front.jpg,0.2,1.0,
rand_151MB9PXLQ_render_front.jpg,0.2,1.0,
rand_0B1T21D8NX_render_front.jpg,0.9355008869269315,1.0,
rand_97J3ZJ3Q9C_render_front.jpg,0.2,1.569350463240538,
rand_URDU4OZNLC_render_front.jpg,0.2,1.6958330501168992,
rand_TYRWE94TMW_render_front.jpg,0.2,1.0,
rand_ALE6R7AQQP_render_front.jpg,0.16341547996975025,1.3417566654145807,
rand_L5F75PP8S9_render_front.jpg,0.6515887479313216,1.516531382741856,
rand_59OO0EYQP3_render_front.jpg,1.7098372915167013,1.0,
rand_WG2MYBMLD5_render_front.jpg,0.917858295703557,1.6450051435327215,
rand_2UT239WX5N_render_front.jpg,0.2,1.0138319593158587,
rand_HLUMQM1DHX_render_front.jpg,0.2,0.6784083122930886,
rand_SKTRQZ64IK_render_front.jpg,0.2,1.6784210363213272,
rand_E2X6ZLVFZX_render_front.jpg,0.2,1.0,
rand_STBB3PZXWS_render_front.jpg,0.2,1.2190586068687363,
rand_TGRRO5URR7_render_front.jpg,1.4515908231086139,1.3132245956293473,
rand_VNWH8TXEQO_render_front.jpg,0.2,1.6507575964397296,
rand_LIFNIPP4C6_render_front.jpg,0.4357239699569184,1.0,
rand_3OXTINBRD9_render_front.jpg,0.2,1.0,
rand_0QBZZV7R4Y_render_front.jpg,0.2,1.24378612117591,
rand_AF2G5C1G33_render_front.jpg,0.2,1.1884886875017129,
rand_JWVF79AT32_render_front.jpg,0.2,1.0,
rand_QVTBKSE3K8_render_front.jpg,0.2,1.4592365367595277,
rand_CDK5IKZ58H_render_front.jpg,0.2,1.0,
rand_6JNB25T8XJ_render_front.jpg,0.22991938900283238,1.059720292508909,
rand_WHS6RLAKT2_render_front.jpg,0.2,0.9432586603075592,
rand_Z4XO5MSQIY_render_front.jpg,1.9768434075927404,1.0,
rand_2M8JA3LPWR_render_front.jpg,0.2,1.2358671985001977,
rand_F3WFU62WUC_render_front.jpg,0.2,1.6017788367954802,
rand_53EIH0DLFM_render_front.jpg,0.2134337062832441,1.6013067757219763,
rand_G9YEKEAAEI_render_front.jpg,0.2,0.6058868876525473,
rand_05Y512GKGH_render_front.jpg,0.8875909025689668,1.3056220110471026,
rand_MA84JDZHNY_render_front.jpg,0.2,0.9385046550868117,
rand_RUU19CMHKT_render_front.jpg,0.2,1.923414371639543,
rand_DJY8B1JXLM_render_front.jpg,0.2,1.0,
rand_ECW9R9XDRA_render_front.jpg,0.2,0.9635654988717659,
rand_BFTU2HH7BX_render_front.jpg,0.2,1.0,
rand_SO0X3W95AY_render_front.jpg,0.2,1.0,
rand_0Q1ZZAS60M_render_front.jpg,0.2,1.3137249040757855,
rand_GGEGXZ09BM_render_front.jpg,0.2,0.5789274062803468,
rand_RX3AQ19NXB_render_front.jpg,0.2,1.0,
rand_NT5OYM441J_render_front.jpg,0.2,1.0,
rand_CDY3ZBF5SA_render_front.jpg,0.2,1.5380343375141396,
rand_Z0HAFUDB4W_render_front.jpg,0.2,1.0,
rand_L9UJDDDSUJ_render_front.jpg,0.2,1.0,
rand_9UH65I6Z96_render_front.jpg,1.7101490794580942,1.6394658304819343,
rand_2HQEJ5LVL4_render_front.jpg,0.2,1.0,
rand_H44RFIGBWV_render_front.jpg,0.019668909664275036,1.0,
rand_5SKW8Q0L88_render_front.jpg,1.6972109574504508,1.0,
rand_5T407DHMCC_render_front.jpg,0.26563220775755747,1.0,
rand_WJOQAO1SUU_render_front.jpg,0.35339810417566575,1.7438430154242677,
rand_JZBOIYVJG5_render_front.jpg,0.2,1.0,
rand_BKOR60VHK2_render_front.jpg,0.2,1.0,
rand_YMI7RNKOGI_render_front.jpg,0.2,1.0,
rand_2VYGRSMXHI_render_front.jpg,0.2,1.0,
rand_PTQIAC6C2O_render_front.jpg,1.376575048759931,0.27673579928984665,
rand_G64WULSQMB_render_front.jpg,0.2,1.0,
rand_5G3KZ1HE63_render_front.jpg,1.274594691428231,1.538758648345311,
rand_G8AP2JWB9P_render_front.jpg,0.4206542272838827,0.2741096938561636,
rand_MMFO81PM23_render_front.jpg,0.2,1.156715201176269,
rand_9ERGR6OF8Q_render_front.jpg,0.2,1.0,
rand_KRO5OTKYJ3_render_front.jpg,0.2,1.1686065388417204,
rand_N5WL7NHOEO_render_front.jpg,0.2,1.0,
rand_7ZC6DU3LEU_render_front.jpg,0.1790144709661241,0.4069699467640132,
rand_GAGSWQFXG5_render_front.jpg,0.2,1.0,
rand_NJO02GYQSQ_render_front.jpg,0.2,1.0,
rand_MOCHGDEBDT_render_front.jpg,0.2,1.2045534735826056,
rand_9RHYNCRRCB_render_front.jpg,0.2,1.8590035567292555,
rand_L8O0QXEOJ5_render_front.jpg,1.057873732661644,1.0,
rand_EWBFTPH8DT_render_front.jpg,0.2,1.5757020788045835,
rand_229L39FNVK_render_front.jpg,0.2,1.0,
rand_R9D2HOTAAF_render_front.jpg,0.2,1.0,
rand_LX6S3O6EEC_render_front.jpg,0.9752679721689603,1.0,
rand_YKNK563Q2V_render_front.jpg,1.2137540802754656,1.0,
rand_7GR2H2MXQQ_render_front.jpg,0.2,1.9402482412444333,
rand_7HV4JD7LN4_render_front.jpg,0.2,0.9342454166410739,
rand_LNS6CVKAJ3_render_front.jpg,0.2,1.261332843996201,
rand_JWDNQKIK2O_render_front.jpg,0.2,1.0,
rand_450OVO0JJI_render_front.jpg,0.2,1.5830617767142194,
rand_AGYBO94UUH_render_front.jpg,0.2,1.4407427202838543,
rand_OCKB0V1X2Y_render_front.jpg,0.2,1.0,
rand_LZ0Y15ZBG7_render_front.jpg,0.2,1.574132857735128,
rand_NZGPTLG342_render_front.jpg,0.2,1.338791208112672,
rand_YOZF701IR0_render_front.jpg,0.2,0.5439501409112346,
rand_3U11701WS8_render_front.jpg,0.03889513259064059,1.0,
rand_7GILJDQPYH_render_front.jpg,0.825478625380357,1.0,
rand_P2JLR9RNSI_render_front.jpg,0.2,1.3143253065536993,
rand_K4YVUO220R_render_front.jpg,0.2,1.0,
rand_6YV1U8U04W_render_front.jpg,0.2,1.0,
rand_KG86TAUDBS_render_front.jpg,0.2,1.0,
rand_O8F641FT2U_render_front.jpg,1.7472230172815202,1.0,
rand_T9TLANV5I3_render_front.jpg,0.5263652612787935,1.9768714158675535,
rand_UFT20FQSC0_render_front.jpg,0.5747690037981352,1.5984786916464175,
rand_T759IOQ9JN_render_front.jpg,0.2,1.0,
rand_2KO1BRUQ26_render_front.jpg,1.221324778250204,1.0,
rand_0HSJBH42VZ_render_front.jpg,0.2,1.0,
rand_4SQ28282EI_render_front.jpg,0.2,1.0,
rand_PWPDI4ZIWY_render_front.jpg,0.2,1.0,
rand_GU6W12WPSC_render_front.jpg,1.9317609727516891,1.2016629880143581,
rand_SZMMLUPR1E_render_front.jpg,0.45173030064751485,1.0,
rand_CML83OF0KY_render_front.jpg,0.2,1.0,
rand_1X5Z0QHKP8_render_front.jpg,0.5765300117801972,1.0,
rand_PEAX9IQARX_render_front.jpg,0.2,1.0,
rand_Y7FVKA6OHI_render_front.jpg,1.1055676706478303,1.0,
rand_JRB0G1NH5C_render_front.jpg,0.7386503901630721,1.815662030014277,
rand_ECO6VX0MF8_render_front.jpg,0.2,1.4750238009774195,
rand_1D8YZD1UAG_render_front.jpg,0.2,1.0663393917236306,
rand_BNDLVRRDVL_render_front.jpg,0.2,1.0,
rand_IC0B0JLZ4K_render_front.jpg,0.2,1.0,
rand_XYZZH4RX6C_render_front.jpg,0.2,1.0,
rand_N7G4ECZJ7Y_render_front.jpg,0.12835352397124633,0.9752839290289745,
rand_M7U3HN0X34_render_front.jpg,0.2,0.479089733544752,
rand_RF5EXXLL9U_render_front.jpg,0.2,1.0,
rand_RQP83XID3E_render_front.jpg,0.8813308926999233,0.8047475821177856,
rand_IC1QXGZ6Q9_render_front.jpg,0.0907319447792676,0.7194081868761213,
rand_NYPUSVO7RC_render_front.jpg,0.2,1.0,
rand_IYKNB23SG5_render_front.jpg,0.465496164591533,1.6959332720817621,
rand_FEX1NIRMA6_render_front.jpg,0.2,1.6502791326999224,
rand_5UFSGXG0EA_render_front.jpg,1.192302241547487,1.0,
rand_GKTDGOUG58_render_front.jpg,1.860401702546118,1.0,
rand_9Y2QUOB7C9_render_front.jpg,0.7748150703076822,0.7349366620220521,
rand_4LRSTE32E9_render_front.jpg,0.2,0.8091040544849655,
rand_U4EOTEF5J3_render_front.jpg,1.7323630444537077,0.6105271586903415,
rand_33Z59CIDW6_render_front.jpg,0.2,1.0,
rand_HUBOJVFGSO_render_front.jpg,1.7302824356980635,1.0,
rand_QYICG2CNPY_render_front.jpg,0.2,1.9477365401217428,
rand_GZ8H79BQVJ_render_front.jpg,0.42291847506769487,1.0,
rand_NJRP2DLW5B_render_front.jpg,0.2,1.0,
rand_ANEV4NH357_render_front.jpg,0.2,0.7485503988773261,
rand_3CXADRGDB4_render_front.jpg,0.2,1.0,
rand_Z6UBUW9H9D_render_front.jpg,0.2,0.8637521341038725,
rand_81ZKIROZSK_render_front.jpg,0.2,1.9593843565271298,
rand_L12WU7204Q_render_front.jpg,0.2,0.8150920366974559,
rand_JSKY5EAWOG_render_front.jpg,0.24713458226280371,0.8251406128338343,
rand_9XBR2LLQ2S_render_front.jpg,0.2,0.7631044275680632,
rand_EVWGEZ96TJ_render_front.jpg,0.2,1.5364530739736026,
rand_ELX6PGWAER_render_front.jpg,0.2702119986561846,0.5558788332063587,
rand_3WLVMHEZTC_render_front.jpg,0.2,1.0,
rand_EW1S5FHQLI_render_front.jpg,0.2,1.484179608342501,
rand_O2ZM0367KP_render_front.jpg,1.3974747754638221,1.0,
rand_83LPY6W2OE_render_front.jpg,1.283232010533671,0.5269293848615447,
rand_D465HBDWIF_render_front.jpg,1.3218961775648042,1.7353665787865733,
rand_ZU7KAFOFCL_render_front.jpg,0.2,1.0,
rand_IJ8LPQ7ENR_render_front.jpg,1.0572606684632837,0.7592319739583955,
rand_54P62I11BZ_render_front.jpg,0.2,1.0,
rand_N1X4ELUMGQ_render_front.jpg,0.2,1.5421980848648622,
rand_93JYLV3O9W_render_front.jpg,0.2,1.0877991921942232,
rand_DGYUW4HG3N_render_front.jpg,0.2,0.20377393276944322,
rand_VPV05NAWKS_render_front.jpg,0.2,1.5598411540488017,
rand_VK5N7EDY4Y_render_front.jpg,0.2,1.0,
rand_8B3H7HM0DY_render_front.jpg,0.2,1.0294682767731715,
rand_0ZRV78AD1S_render_front.jpg,0.2,1.0,
rand_MF98BAGEFA_render_front.jpg,0.04947629272673448,1.0,
rand_MNZVCMP235_render_front.jpg,0.2,1.0,
rand_FFT9I41OC6_render_front.jpg,0.012654413137237697,1.110219613678241,
rand_HI187F79GD_render_front.jpg,0.2,1.8382066560753054,
rand_HA3DD4QOW3_render_front.jpg,0.4652085765128282,1.0,
rand_BIFM6L6QFR_render_front.jpg,0.2,1.0,
rand_OVIEZ1TT8U_render_front.jpg,0.2,1.6169636039790047,
rand_MZ04PH07QA_render_front.jpg,0.2,1.0,
rand_NF95FEOMW6_render_front.jpg,0.029681103495687644,1.1583000610339627,
rand_O9CFND1HPU_render_front.jpg,0.08109408962206155,0.48515499951853114,
rand_QIRK6OR9N4_render_front.jpg,0.2,1.5335630465386705,
rand_2HDUVYCBRB_render_front.jpg,0.5708949529864946,1.0,
rand_QQXH1MRK7T_render_front.jpg,0.2,1.0,
rand_2A3XWY62XY_render_front.jpg,0.2,0.7999409230685746,
rand_G4MT4KN9L7_render_front.jpg,0.2,1.0,
rand_UOC2ORM9LO_render_front.jpg,0.46815925070725606,1.175309992965339,
rand_HM54VGNHWN_render_front.jpg,0.2,1.0895978734244116,
rand_46DRYPE9HD_render_front.jpg,0.7588372199161733,1.3482296788349042,
rand_QJM8H86EH9_render_front.jpg,1.3423430249607795,0.6990545180300775,
rand_YBMTVKYXJF_render_front.jpg,0.2,1.0,
rand_P3QI5TXIHJ_render_front.jpg,0.2,1.0,
rand_ZNORXCDG5Y_render_front.jpg,0.49396801902823917,0.7728457613272675,
rand_86AJOVPZ82_render_front.jpg,1.4714798546795675,1.0729249825513858,
rand_KSVM5O4Z9T_render_front.jpg,1.0698698740873067,1.3108703271569204,
rand_FAKV9D60GO_render_front.jpg,0.2,0.5261160953797135,
rand_GB7PK52GMD_render_front.jpg,1.4808320265342991,1.0,
rand_Q4S6V6APZW_render_front.jpg,0.2,1.0,
rand_FDI6YGX040_render_front.jpg,1.7721969779063325,1.0,
rand_PONRCAX04E_render_front.jpg,0.2,1.0,
rand_O7WS5J4C3D_render_front.jpg,0.2,1.2996477458327296,
rand_G5US9OA286_render_front.jpg,0.2,1.9593022165210852,
rand_YU4WGKTMF8_render_front.jpg,0.2,1.0,
rand_ZPBIVJCWZ8_render_front.jpg,0.2,1.0,
rand_RCX9P9S0ZR_render_front.jpg,0.2,1.0,
rand_WHEBY3SFYC_render_front.jpg,0.3485695489593754,1.0,
rand_JORM7GQ6WK_render_front.jpg,0.2,1.0,
rand_RZCZE6LM0B_render_front.jpg,0.2,1.0,
rand_TCDOSIJVDI_render_front.jpg,0.21445056381455618,1.5710191960050799,
rand_ZQY5ZCM3I9_render_front.jpg,0.2,1.0,
rand_VG2741Z51C_render_front.jpg,0.2,0.7440541212887197,
rand_RT707BND5G_render_front.jpg,0.2,1.0,
rand_9A9FO1H2NB_render_front.jpg,0.2,1.0,
rand_KNMLG9WXBM_render_front.jpg,0.2,1.0,
rand_80AH2FZ55X_render_front.jpg,0.18441427563880586,0.6526533933750673,
rand_J3UN8E8Z0X_render_front.jpg,0.2,0.8831330771735619,
rand_K2T6Y2003S_render_front.jpg,0.5166599241483516,1.34861306998926,
rand_3T332IGW7Y_render_front.jpg,0.2,1.5566690524094176,
rand_IW34JGC8BI_render_front.jpg,0.2,1.0,
rand_YI4ZQ1Y9NE_render_front.jpg,0.2,1.0,
rand_1QTI7VQK8W_render_front.jpg,0.2,0.3250655409299932,
rand_D3VUHCRO2Z_render_front.jpg,0.2,1.8172100530723287,
rand_O5UKHAZPWC_render_front.jpg,0.2,1.0,
rand_42FDHOLBX3_render_front.jpg,1.7709501725200942,0.24340958703511253,
rand_39U6Q9LYMA_render_front.jpg,0.2,0.5546762706926419,
rand_RGJ39BMISI_render_front.jpg,0.23768355860182244,1.0,
rand_1LEED0NHXS_render_front.jpg,0.2,1.0228338509679031,
rand_LVRBLUOGTQ_render_front.jpg,0.2,0.5876359078733034,
rand_PQ561JBTYQ_render_front.jpg,1.8006548964832503,1.0,
rand_Y3Z5L4IBNC_render_front.jpg,0.2,0.9116555754388442,
rand_YWRQ5V0ELX_render_front.jpg,0.2,1.2629604553384315,
rand_3SO4WIR3E2_render_front.jpg,0.5750397470952315,1.0,
rand_E1VST9U00N_render_front.jpg,0.2,1.0,
rand_QAP745SPSA_render_front.jpg,1.7608021151316369,1.0,
rand_WZJ6AQW28C_render_front.jpg,0.2,1.0,
rand_5VDE6LOB2A_render_front.jpg,0.2,1.0908522947397779,
rand_2RG5D6DNJI_render_front.jpg,0.2,1.0,
rand_S4KKNUPFHE_render_front.jpg,0.2,1.1518068071568919,
rand_DENF0S4CBB_render_front.jpg,1.1892659516434703,1.0,
rand_CTQLKYNKFK_render_front.jpg,0.2,1.0430922798006073,
rand_I1VGRO7VKU_render_front.jpg,0.2,1.1436387278391311,
rand_8F052PWLFA_render_front.jpg,0.2,1.0449031605525554,
rand_JPSXUI4QIA_render_front.jpg,0.2,0.3030506245657398,
rand_H9VTR16Z0B_render_front.jpg,0.2,0.4027884865115654,
rand_LBTE6I8097_render_front.jpg,0.9346634057706618,0.6763394231197054,
rand_AFH10QG9Y8_render_front.jpg,0.9818834780981138,0.8884344658121186,
rand_PX2E6U31WW_render_front.jpg,0.6566537026249797,1.9027558385839591,
rand_Q6I0XL21I7_render_front.jpg,0.2,1.0,
rand_JIX8HCZY0D_render_front.jpg,0.2,1.8645670831445154,
rand_EXZ8N6LBWM_render_front.jpg,0.2,0.6667680541585073,
rand_JDOO45X7ON_render_front.jpg,0.2,1.0,
rand_87Q2QT3ZP6_render_front.jpg,0.2,1.675856312301952,
rand_769ULVC8LE_render_front.jpg,0.5713905761904743,1.0,
rand_A3NTPG3B2H_render_front.jpg,0.9023626590042264,1.0,
rand_UTAFNS2E8V_render_front.jpg,0.2,1.131366954334825,
rand_56WFJV6ZRT_render_front.jpg,0.2,0.2592558345312836,
rand_C8RG7LHZ5S_render_front.jpg,0.2,0.7103332678937235,
rand_O9A5TBBN32_render_front.jpg,0.2,1.3102296104755518,
rand_VO7HV9LP5H_render_front.jpg,0.2,1.0,
rand_LJTWGU3IA3_render_front.jpg,0.2,1.0,
rand_0G3YRBDWX7_render_front.jpg,0.2,0.8102890270833105,
rand_OC79UPWNJJ_render_front.jpg,0.2,1.972412021053032,
rand_IDQGNOUSIC_render_front.jpg,0.166834161069644,1.0,
rand_PQTMGIWW37_render_front.jpg,1.7219675357338124,1.0,
rand_FJO9CY0IVC_render_front.jpg,1.7046909631998395,1.2776294067059268,
rand_TD68JI8XU6_render_front.jpg,0.046550206933748894,0.9774093737643481,
rand_EW39103SHB_render_front.jpg,0.2,1.0,
rand_NIIP83LTBL_render_front.jpg,1.3340504245522213,1.2805926951619697,
rand_RR36067AXI_render_front.jpg,0.2,1.4006910290965189,
rand_22312U97J5_render_front.jpg,0.2,1.523450737059374,
rand_ABCNLRIJBX_render_front.jpg,0.2,0.9379668680463549,
rand_6K4VQC8DRN_render_front.jpg,0.2,1.0,
rand_DG6Z780K3J_render_front.jpg,0.2,0.5428018868510054,
rand_12QC12TU75_render_front.jpg,0.2,1.994455990008114,
rand_SLOVEP7RCA_render_front.jpg,0.13615371290760803,1.0,
rand_YZ9BSO5JWH_render_front.jpg,0.28938953057136607,1.0988546546217344,
rand_84SY75VS9B_render_front.jpg,0.12487939341548349,1.0,
rand_SPHGP7KYYJ_render_front.jpg,0.2,1.0464151066247749,
rand_BTE7X9ZOI0_render_front.jpg,0.2,0.9557332015533317,
rand_GZZRKWWASM_render_front.jpg,0.2,0.7798199549767231,
rand_6T1JN6MPP1_render_front.jpg,1.8429025931284584,1.0,
rand_C1RTHEPPAK_render_front.jpg,0.2,1.4606172402043929,
rand_313PNLEFQR_render_front.jpg,0.2,0.9108286776194319,
rand_5BFNO0SL5V_render_front.jpg,0.5147277402556434,1.7136901232199582,
rand_PUTXN18JDR_render_front.jpg,0.20895834139629654,1.840370366049579,
rand_U7BKBILMJ8_render_front.jpg,0.2,1.5332312534736423,
rand_JXLNO52F0K_render_front.jpg,0.3288833557523232,1.0,
rand_L34KBZQR8B_render_front.jpg,0.2,1.0708978992548759,
rand_P96XZHPI6A_render_front.jpg,0.2,1.4719923371453751,
rand_3M90DIQPZK_render_front.jpg,1.1775287391860423,1.7476675748722532,
rand_3UPF6999CY_render_front.jpg,0.2,1.0,
rand_JBHLQL55PV_render_front.jpg,0.2,1.0612702924724373,
rand_SAWDMODTVF_render_front.jpg,0.2,1.0,
rand_4TVSB2HNTB_render_front.jpg,1.0742362242484595,0.500451063515948,
rand_5WBTCQYR2B_render_front.jpg,1.5250915969927985,1.374271216392313,
rand_DIBQDUQ7YV_render_front.jpg,0.057817831241865125,1.2293444426649647,
rand_RZD29IL4DI_render_front.jpg,0.2,0.4044133368915189,
rand_JB6PF1RFRR_render_front.jpg,0.2,1.0,
rand_XOMH19N4A5_render_front.jpg,0.806712046080754,1.9803680951643259,
rand_2YK3BLMWEE_render_front.jpg,0.2,1.187994098648485,
rand_DWB0R71UDY_render_front.jpg,0.2,1.0,
rand_LYRBWLZAWZ_render_front.jpg,0.2,1.0,
rand_RTUDPBKMGG_render_front.jpg,0.2,1.0,
rand_VML9O35DYR_render_front.jpg,0.2,1.0,
rand_MYD8FTGAHQ_render_front.jpg,0.2,0.3757241456386943,
rand_WSTTZ0U5L4_render_front.jpg,0.2,1.563995406125169,
rand_DNT98Q9E78_render_front.jpg,0.2,1.0,
rand_GDPYK3R978_render_front.jpg,0.2,1.0,
rand_OBNC2EUUMN_render_front.jpg,0.2,0.8606335698426486,
rand_488LHIZ8YO_render_front.jpg,0.7659398088130376,1.0,
rand_P15SZ7TIM0_render_front.jpg,0.2,1.0016039236245846,
rand_SDWL1U32SW_render_front.jpg,0.2,0.9081210603190486,
rand_Y0RS6J4L8O_render_front.jpg,0.2,1.7275820945829634,
rand_IQ6LFXNZBS_render_front.jpg,0.2,1.8091733314596228,
rand_YB1MCMAH2E_render_front.jpg,0.2,1.1062397691869537,
rand_9K4MVNMNN9_render_front.jpg,0.2,0.6054963920569397,
rand_C7CP1LO537_render_front.jpg,0.2,1.0,
rand_TJC5MPH2VR_render_front.jpg,0.2,1.0,
rand_IT20RF32TX_render_front.jpg,0.2,1.5360982080633114,
rand_FUAMIAF728_render_front.jpg,0.27305236745956196,1.0816486702861603,
rand_2ZD6XZAXJO_render_front.jpg,1.9831118010671767,1.0,
rand_1BWZ5ZSN0I_render_front.jpg,0.2,1.5747720842964044,
rand_4GVTK1KMWR_render_front.jpg,0.2,1.0,
rand_M3LLV2MLA5_render_front.jpg,1.696159464245146,1.003913799559084,
rand_1NU9QBCEPW_render_front.jpg,0.2,0.8906009845464447,
rand_ZNFV9IOT9A_render_front.jpg,0.2,0.8022867758097518,
rand_Q0MNY6APJH_render_front.jpg,0.2,1.0,
rand_VTCTPQ412C_render_front.jpg,0.2,1.276309646020564,
rand_DIILRTL67U_render_front.jpg,1.4568618808707448,1.0792073936656732,
rand_KDXVJWPMU6_render_front.jpg,0.7958628331987192,1.7643130676818335,
rand_0UAQ4EFU48_render_front.jpg,0.2,1.8658479915317847,
rand_761SQ5PCGU_render_front.jpg,0.2,1.0,
rand_FW7LT6HHE9_render_front.jpg,0.2,1.0199014524212133,
rand_6QNK9W4N2X_render_front.jpg,0.2,0.7205733668343111,
rand_QTFAMYE3RC_render_front.jpg,0.2,0.3257646610837234,
rand_JLSZTM3YO2_render_front.jpg,0.2,1.6859615979680052,
rand_GKDBDVA6PL_render_front.jpg,0.2,1.6535476899579618,
rand_05CIBMETWL_render_front.jpg,0.2,1.0,
rand_KC2MKTIOVP_render_front.jpg,0.7937016012084379,1.7266857553639057,
rand_GEDWLHM0VX_render_front.jpg,0.2,1.3443434877807177,
rand_ETDHDYBKZU_render_front.jpg,0.04922365755814995,0.5378009593789359,
rand_1E6EZ39VWX_render_front.jpg,0.27771100612282074,1.0,
rand_3MCRBBFQ1S_render_front.jpg,0.2,1.0,
rand_03VA7ZYYHZ_render_front.jpg,0.2,0.21253749398488642,
rand_ZNBK0O39GQ_render_front.jpg,0.2,1.508569390075725,
rand_STBIJ2RM93_render_front.jpg,0.8863716780266668,1.0,
rand_QCAKFQKFNI_render_front.jpg,0.2,1.0,
rand_JH3DO9CLFZ_render_front.jpg,0.2,1.0,
rand_B5SPS96G6N_render_front.jpg,0.2,0.30170890647935683,
rand_AAV16Y7J3R_render_front.jpg,0.2,1.1439589645499701,
rand_MA9XKJ7HEX_render_front.jpg,0.2,1.0,
rand_53B21RG76E_render_front.jpg,0.07433060429055094,1.0,
rand_8Y8GV764GG_render_front.jpg,1.0957053349218961,1.0,
rand_OHS6GPA5V3_render_front.jpg,0.2,1.0,
rand_JHW7V6SAMY_render_front.jpg,0.2,1.727014133907656,
rand_XALL3STTWO_render_front.jpg,0.2,1.1873782699389417,
rand_LI6U8MJHW5_render_front.jpg,0.2,1.0,
rand_2AA45WT99M_render_front.jpg,0.2,1.0,
rand_MTUJ1L3TTV_render_front.jpg,0.2,0.601720846901665,
rand_JTO4QV1U6Y_render_front.jpg,0.2,0.6123853734419248,
rand_XNQGFBTDRO_render_front.jpg,0.2,1.0,
rand_YWPZ9VVAOM_render_front.jpg,0.2,0.7230508300803975,
rand_82MCPYSB57_render_front.jpg,0.8998929162276348,0.8530665321280912,
rand_AMEAEQT2EX_render_front.jpg,1.8920645998972505,1.0,
rand_5HE1O9AT6N_render_front.jpg,0.2,1.0,
rand_VY5TIJWHQO_render_front.jpg,0.2,1.0,
rand_KVCHG6NZ2J_render_front.jpg,0.2,1.3563541638671528,
rand_PUWGOROHZO_render_front.jpg,0.2,1.0,
rand_Y0IDTQJV42_render_front.jpg,0.42338144648292886,0.6340286867128543,
rand_7PYIP67HEM_render_front.jpg,0.05029761593409554,1.0,
rand_RVFZSAWGIF_render_front.jpg,0.2,1.4053655915082397,
rand_QT2ZEROA07_render_front.jpg,0.2,1.0,
rand_I7JLPNN8Z2_render_front.jpg,0.2,1.0,
rand_AB06OSARF2_render_front.jpg,0.8010857932529492,0.30465231927958336,
rand_EIKKZ3FOT0_render_front.jpg,0.2,1.9990714399251124,
rand_JQ53V4RI97_render_front.jpg,1.0332676210382306,0.9577169234492753,
rand_XS7DCAQFHZ_render_front.jpg,0.4991888682262753,0.44574866513212363,
rand_0A6EZQVATK_render_front.jpg,0.26065745414847163,0.9219921458902232,
rand_RLJSNLDXQX_render_front.jpg,0.2,1.581282179224402,
rand_JZC6RG7BYB_render_front.jpg,0.2,1.0,
rand_D2B1PCXQX7_render_front.jpg,0.2,0.9277506277919436,
rand_AZHWS951Q0_render_front.jpg,0.2,0.7675585296727572,
rand_1XYCI6SPUI_render_front.jpg,1.0651034923717912,1.0,
rand_2SPQL57DVX_render_front.jpg,0.2,1.0,
rand_KZGGEOC07O_render_front.jpg,0.2,1.5928873198478264,
rand_5XCIXHIOID_render_front.jpg,0.2,1.0,
rand_7PIGHYNRHV_render_front.jpg,0.2,1.689684957404816,
rand_9HPURHGZX6_render_front.jpg,0.2,1.8815914225647064,
rand_OB7Z78HDIP_render_front.jpg,0.2,1.9740669712828784,
rand_GDTGI3LPN8_render_front.jpg,0.7940353707361019,0.8599562459264707,
rand_662XCMYYPZ_render_front.jpg,0.2,1.3653408987364157,
rand_SHN98G56C5_render_front.jpg,0.2,1.8495809649934638,
rand_CGP4HP0GU9_render_front.jpg,0.2,1.2299131166581196,
rand_0EDAWI8C3O_render_front.jpg,0.2,1.0,
rand_LV0TI6V5J8_render_front.jpg,0.2,1.0,
rand_NOT8M8FJUS_render_front.jpg,0.2,0.833636776625067,
rand_P61WH9ZW6F_render_front.jpg,0.2,1.0,
rand_ZWAMNK1KCK_render_front.jpg,0.2,0.27821765037095453,
rand_U5UPQS98MP_render_front.jpg,0.2,1.9925184394244735,
rand_XESMQ2GQMZ_render_front.jpg,1.605838823734957,1.0,
rand_LJ9N0KX56N_render_front.jpg,1.7419503451468772,1.0,
rand_84F7MO2RD9_render_front.jpg,0.417967043527232,1.0,
rand_125AEM45MO_render_front.jpg,0.3788347895037165,1.0,
rand_GAQXC0DFR1_render_front.jpg,0.2,0.7852448947504413,
rand_NLXP5CH6NT_render_front.jpg,0.2,1.0,
rand_J0LGJ3VQI4_render_front.jpg,0.2,1.0,
rand_5FCSGI0MRC_render_front.jpg,0.2,1.0,
rand_F2VNY2F9YH_render_front.jpg,0.2,1.6333371756997412,
rand_XCGEONT4NU_render_front.jpg,0.2,1.0,
rand_0LNJQEWROQ_render_front.jpg,0.020345126755324294,1.0,
rand_2S4A98TVEC_render_front.jpg,0.2,1.0,
rand_7L0BMWQFA4_render_front.jpg,0.2,1.181872102579178,
rand_X84U7RUDQ9_render_front.jpg,0.5505205332461307,1.986110190201962,
rand_8XRGBX24MS_render_front.jpg,0.2,1.0,
rand_J73FR93CNT_render_front.jpg,1.2670834769242396,1.0,
rand_6V04J0GEO6_render_front.jpg,0.44009347948295074,1.2112673310458861,
rand_MYJW8ORUXO_render_front.jpg,0.2,1.0,
rand_182E5ECH53_render_front.jpg,0.2,1.0,
rand_NARZHAX4TP_render_front.jpg,0.1990092108619601,0.3484867678272393,
rand_3A6MLJEVMY_render_front.jpg,0.6827568704489726,1.4994736827616997,
rand_VSHV9NTWRS_render_front.jpg,0.2,1.0,
rand_FB3J6XXE5S_render_front.jpg,0.40685560325492554,1.0,
rand_75XLQL73JN_render_front.jpg,0.2,1.407790431785665,
rand_MLXSUEWGG3_render_front.jpg,0.2,1.6924793530104065,
rand_G5WSRCD4C7_render_front.jpg,0.2,0.40291165917790184,
rand_3GHUL45Y8O_render_front.jpg,0.2,1.231089308175327,
rand_543GNUXYUW_render_front.jpg,0.2,0.9120944396247515,
rand_FVZB2B67HN_render_front.jpg,0.2,1.1542939988212797,
rand_N5QIMGYIVV_render_front.jpg,0.2,1.0,
rand_MUVKSW0RFO_render_front.jpg,0.2,1.5309776266344641,
rand_KLNKIPETFQ_render_front.jpg,0.2,1.3747104890979507,
rand_N82AVE8WJ3_render_front.jpg,0.2,1.1945168631652359,
rand_OHHOUKH07T_render_front.jpg,0.2,1.0,
rand_3VR3D7FSY2_render_front.jpg,0.9323901125982559,0.5843120418882752,
rand_0BYYF4ET0T_render_front.jpg,0.2,1.0,
rand_4GW1RT7ZVY_render_front.jpg,1.0955413984473767,1.7174607926593102,
rand_PFLF5AMK7Y_render_front.jpg,0.2,0.7295405925913419,
rand_V5367LQ6MV_render_front.jpg,1.1676519725385361,1.0,
rand_JDHD83Q2EH_render_front.jpg,0.2,0.5938463218226848,
rand_YNFM2OGGRK_render_front.jpg,0.21464054550964384,1.3976221603112768,
rand_E9IE77WZZ1_render_front.jpg,0.2,1.0,
rand_SZ0NQ0LLYK_render_front.jpg,0.2,1.333786429985325,
rand_EDMFSA9KJG_render_front.jpg,0.5447380497522176,1.7156220732852407,
rand_FZYAG21I4Q_render_front.jpg,0.2,0.7559160552711337,
rand_SHM2GZOOZQ_render_front.jpg,0.8517086051347709,1.0,
rand_AUXKX9XQF8_render_front.jpg,0.2,1.9678348696645889,
rand_4Z7TSQW1CN_render_front.jpg,1.3808778375534045,1.630693974290862,
rand_GSWE72ATE2_render_front.jpg,0.2,1.8591042045750061,
rand_CWHZYMYOE1_render_front.jpg,0.9389972744346315,1.0,
rand_YSHG68P1TV_render_front.jpg,0.2,1.0,
rand_2QCQUZPLFK_render_front.jpg,0.2,1.917901314662871,
rand_FDGLFR8PDI_render_front.jpg,0.2,1.0,
rand_A7Z61KD8YM_render_front.jpg,0.5837641620336542,1.2242936697536886,
rand_5VPR5KPMZI_render_front.jpg,0.2,0.6904009015380439,
rand_KXY5PVTBZO_render_front.jpg,0.2,1.0991473901271662,
rand_FAOA596NA6_render_front.jpg,0.2,1.668141309524292,
rand_VDARSEOZEI_render_front.jpg,0.2,1.0,
rand_G90423MGE6_render_front.jpg,0.06600454424193214,0.5510215254188031,
rand_ONWA8H84KP_render_front.jpg,0.2,1.2356348674395898,
rand_TIC1CMF8FF_render_front.jpg,0.03809800917771233,1.0,
rand_ZFIHKNLJOG_render_front.jpg,1.372239424730166,0.6593675756925701,
rand_CCCUHBOTLL_render_front.jpg,0.2,1.0038087139349725,
rand_FDX692UJ7B_render_front.jpg,0.2,0.9082219059231893,
rand_Y5F5HU29JL_render_front.jpg,0.2,1.9616857697220444,
rand_GELNTHKOI1_render_front.jpg,0.5588867475107315,1.0,
rand_5LR7Q171V5_render_front.jpg,0.10090412230081158,1.3840340865809733,
rand_JU2B4V4Y60_render_front.jpg,0.2,1.0,
rand_IOECLDSY85_render_front.jpg,0.43043464914518337,1.0,
rand_47XXKGSCCO_render_front.jpg,0.2,0.835020311586615,
rand_30ILHRBT4Z_render_front.jpg,0.2,1.6622139252699772,
rand_7EGKGR5KZ0_render_front.jpg,0.2,1.6426400029006778,
rand_9LEHV4ODST_render_front.jpg,0.2,1.7488889828517544,
rand_RY0Z4Q233Y_render_front.jpg,0.2,1.0,
rand_05TEHN2CKS_render_front.jpg,0.2,1.0,
rand_V0S07KUHS7_render_front.jpg,0.2,1.4265764495946778,
rand_LUN3321IWI_render_front.jpg,1.7573212652752919,1.0,
rand_WBNTH56ZO3_render_front.jpg,0.2,1.325717591767314,
rand_CPY5QU0KDM_render_front.jpg,1.7112799685537834,0.3827836428734027,
rand_VZDBUZC6ZH_render_front.jpg,1.8980446265634965,1.0,
rand_A7BE70CRH0_render_front.jpg,0.5874183017473205,1.0,
rand_MPMLNGI49K_render_front.jpg,0.6753115034022517,0.7141469885637979,
rand_K2T0XV9UGQ_render_front.jpg,0.2,0.934633259740496,
rand_M1MMIWD7HK_render_front.jpg,0.2,1.0,
rand_QRB4W9YYSM_render_front.jpg,0.2,1.0,
rand_L9GX1XVCUL_render_front.jpg,0.2,1.0,
rand_PEEBWEO2VN_render_front.jpg,0.2,1.7275097039033938,
rand_63ZC07PQTP_render_front.jpg,0.07053000519998776,1.0,
rand_N8F2N1PIXX_render_front.jpg,0.2,1.808260798041876,
rand_ID0XXOHG7D_render_front.jpg,0.2,0.5269010431702184,
rand_2Q30IIICNE_render_front.jpg,0.2,1.0,
rand_LV1P7WRUTP_render_front.jpg,0.2,1.0123473460317574,
rand_ALN8X0G6XN_render_front.jpg,1.2044868794711163,1.0,
rand_CWQXB7I2YM_render_front.jpg,0.2,1.4048079015973294,
rand_YEYJ6WPIDY_render_front.jpg,1.2466851757620643,1.3371273326139315,
rand_Y91ONA48P8_render_front.jpg,1.8336090737658142,1.0,
rand_9D87B5F7XY_render_front.jpg,0.2,1.0,
rand_DZVB9BOO30_render_front.jpg,0.2,1.0,
rand_DIJ9HE6OZD_render_front.jpg,1.4846375366697853,1.3487771417905667,
rand_GQ7KTZI1QX_render_front.jpg,0.2,0.37253147291937466,
rand_K9PZNTKM17_render_front.jpg,0.2,1.4228151815448398,
rand_95PWEPL8SZ_render_front.jpg,0.2,1.0,
rand_KXO4VAYBN5_render_front.jpg,1.407551371548755,1.0,
rand_3Y8OTNYDDG_render_front.jpg,0.2,1.4507756474699556,
rand_CE9BDC6YWP_render_front.jpg,0.24575587647961528,1.5605890256999966,
rand_2E443L77XZ_render_front.jpg,1.9558807958859747,1.0,
rand_UQVRLPAFY8_render_front.jpg,0.2,0.9867482053288248,
rand_JWM8V8O4GE_render_front.jpg,1.8371695857986658,1.0,
rand_2J3UOGEKR6_render_front.jpg,0.2,1.474812834743892,
rand_KMBQJ3ZLWF_render_front.jpg,0.2,1.0,
rand_NRRTYNZZLW_render_front.jpg,0.2,0.21488754496883808,
rand_ZH1UHD0ENL_render_front.jpg,0.601637163388328,1.0,
rand_LKC1OG530J_render_front.jpg,0.2,1.69083550859392,
rand_BLLHXSOLID_render_front.jpg,0.2,1.0,
rand_RX14YXH623_render_front.jpg,1.4899999389551317,1.0,
rand_Z8NV4WNIPE_render_front.jpg,0.2,1.0,
rand_ZH77B4LAMU_render_front.jpg,0.2,1.3156342532380536,
rand_XL8XNPANI3_render_front.jpg,1.4914600891152825,1.1796059156866323,
rand_2QIQRNL2BL_render_front.jpg,0.2,1.0,
rand_9K5HBK6UIW_render_front.jpg,0.2,1.7467110147833984,
rand_RGF9Q3NI23_render_front.jpg,1.4159544760672385,1.0,
rand_NIVSN4DWDN_render_front.jpg,1.9288837996004762,1.3296127500229589,
rand_DQ8BLZ3XUV_render_front.jpg,0.6361513379267887,0.7700125892124812,
rand_J0RV3R5T5Z_render_front.jpg,0.9270026291018483,1.8992290352311685,
rand_DVWDYBR7YQ_render_front.jpg,1.1405686489735967,1.127797789870314,
rand_UZ1UNRR141_render_front.jpg,1.8206574926306698,1.0,
rand_3T2IO849QH_render_front.jpg,0.2,1.0,
rand_FQ4YBTS7YN_render_front.jpg,0.2,0.9760028528021134,
rand_52HWDMP88Q_render_front.jpg,0.2,1.0,
rand_7DB38S9TPK_render_front.jpg,0.2,1.5929362085967276,
rand_HGVXYLC30G_render_front.jpg,0.2,1.0,
rand_OOU0PY537C_render_front.jpg,0.9467616635705123,1.0,
rand_VYPNFVMG0L_render_front.jpg,0.2,1.650537624270182,
rand_J8QMPEHICF_render_front.jpg,0.2,1.0,
rand_5XQU9ZV1A0_render_front.jpg,0.6653951859272291,1.0,
rand_653RRS5DW9_render_front.jpg,0.2,1.5691737513846316,
rand_THFP3PSIRG_render_front.jpg,0.9150002393249961,1.6701986688078703,
rand_4104BNJZ5O_render_front.jpg,0.2,1.5460035195821613,
rand_OOALD0OKL4_render_front.jpg,0.22900271275662853,1.0,
rand_DI8621XWN7_render_front.jpg,0.8769624499921054,1.0,
rand_TL6OSG9ZXU_render_front.jpg,1.0106080025943056,0.49743037911591614,
rand_8KSPZBRHU8_render_front.jpg,0.2,0.9987390027992553,
rand_VRUQAXCQ23_render_front.jpg,0.2,0.8472954443214724,
rand_TIUN0O423Q_render_front.jpg,1.0664735099563782,1.8944128324248128,
rand_ZV4RUHM0X6_render_front.jpg,0.2,1.0,
rand_Y7MOKFW3IC_render_front.jpg,0.2,1.957523700842895,
rand_2CPOAS66P8_render_front.jpg,0.38684374444545,1.3385729255013485,
rand_3G1DDHTG0K_render_front.jpg,0.27847461103632476,0.4148217481064261,
rand_ICR79SSFME_render_front.jpg,1.978052730316106,1.0,
rand_M5TFE66GBD_render_front.jpg,0.23475829694721595,0.7734453096412977,
rand_RCX124DQMT_render_front.jpg,0.2,1.0,
rand_PEQZAX9F9H_render_front.jpg,0.2,1.0,
rand_43FFGR0D0O_render_front.jpg,0.2,1.0,
rand_OLVSBMGNZ0_render_front.jpg,0.2,1.0,
rand_7QPGFVS5SM_render_front.jpg,0.2,1.500765322372542,
rand_RO08L61XX6_render_front.jpg,0.2,1.4805323791241507,
rand_1BROAWODUK_render_front.jpg,0.036703313758858824,0.29366191556947935,
rand_8CWSMFZUPY_render_front.jpg,0.2,0.8499337567630656,
rand_6VRZU3AZU1_render_front.jpg,0.2,1.0,
rand_N80N4DGG1T_render_front.jpg,0.6229981146103831,0.8336709231206771,
rand_MZ86NI2U8M_render_front.jpg,0.5479337416885786,1.0,
rand_9Z6HE8U6RS_render_front.jpg,1.8718036244202045,1.090836193607696,
rand_PN02KS7YJ1_render_front.jpg,0.5970477655961783,1.6033793958657971,
rand_X1GOLCKQT5_render_front.jpg,0.2,1.0,
rand_Z4ZILJO7LT_render_front.jpg,0.2810738510228217,1.0,
rand_UEW1A9MTWJ_render_front.jpg,0.2,1.0581126266259735,
rand_LRLG8Y643Y_render_front.jpg,0.5597465916173778,0.865982762896351,
rand_D3W83DHV26_render_front.jpg,0.2,1.4293020688444367,
rand_WRK67EX6S6_render_front.jpg,0.2,1.153681225226362,
rand_907YI6K4WL_render_front.jpg,0.2,1.0,
rand_3DV2TP1VB8_render_front.jpg,0.2,1.5664660813990514,
rand_Q99BRRKFXJ_render_front.jpg,0.2,1.0,
rand_DS9JH8D9AK_render_front.jpg,0.9269735373589918,1.1757315456182498,
rand_KYQ5W496HA_render_front.jpg,0.2,1.333597472547723,
rand_A4A2BMXMW0_render_front.jpg,0.03317328611684367,0.4204909734588498,
rand_TLK86RFRI8_render_front.jpg,0.2,1.9216949136640202,
rand_IVHBEM6R6S_render_front.jpg,1.4214309156316716,1.0834893527703344,
rand_S7W4G8J18X_render_front.jpg,0.2,1.5186811730164054,
rand_9V6WTGC8AH_render_front.jpg,0.7746228331718037,1.0,
rand_ZTN3IFMFWN_render_front.jpg,0.2,1.0,
rand_6IP7FE5D2X_render_front.jpg,0.2,0.43407164217251004,
rand_P9IGTWYE8J_render_front.jpg,0.2,0.7110862778198395,
rand_DRX77EXMI4_render_front.jpg,0.2,1.545842955821882,
rand_WKXJFBVZ7R_render_front.jpg,1.4574061577599662,1.2728948613665902,
rand_E1S932E8Y9_render_front.jpg,0.2,0.27994736008984633,
rand_LUBK50GGI8_render_front.jpg,0.7178614889377484,1.0,
rand_XC86EUUGM9_render_front.jpg,0.2,1.0,
rand_VISH6RBGAP_render_front.jpg,0.2730461729824789,1.4700380137807603,
rand_JSNLZVWQ1J_render_front.jpg,0.8496232913993143,1.0,
rand_LDRM8LXNCX_render_front.jpg,0.2,1.5936601824490406,
rand_OKMMS73DTF_render_front.jpg,0.2,1.1468723400923695,
rand_99YLZZGB6N_render_front.jpg,0.44908909541416464,1.3920485360019457,
rand_UFEA6B9UD6_render_front.jpg,0.2,1.5163659406887082,
rand_Y5HBM0KSDQ_render_front.jpg,0.2,1.0,
rand_P5PIEG41TB_render_front.jpg,0.2,1.759975391727504,
rand_72LASZW93A_render_front.jpg,0.2681053269326723,1.0,
rand_I14OWT2XIU_render_front.jpg,0.2,1.6315530265044922,
rand_C79ZB2FQU7_render_front.jpg,0.2,1.0,
rand_DT6XXWAUF3_render_front.jpg,0.2,0.20115902812274614,
rand_4PJPEGAYOE_render_front.jpg,0.2,0.6043401522042147,
rand_1XHYW3WQLI_render_front.jpg,0.2,1.9568930576636432,
rand_CL48THYSPN_render_front.jpg,0.2,1.3158421317322164,
rand_TGN3EIQZHZ_render_front.jpg,1.3648515745520033,1.0,
rand_7CT6UX06VI_render_front.jpg,0.7895434401351737,1.0608807278829755,
rand_0GV8HQME58_render_front.jpg,0.2,1.0,
rand_SEAO1D05OT_render_front.jpg,0.2,1.0,
rand_PSNA1DWSTM_render_front.jpg,0.2,1.7863661309936012,
rand_R0NW40D6MG_render_front.jpg,0.2,1.6024627072423696,
rand_M5U4UAQ2LD_render_front.jpg,0.2,1.0,
rand_B32KOAGHI0_render_front.jpg,0.2,1.9947042007467282,
rand_RJHF6Z4UX5_render_front.jpg,0.2,1.145828126453713,
rand_2GSLQXHGP8_render_front.jpg,0.2,1.1649892605166055,
rand_UDH4ZEBLTK_render_front.jpg,1.465607607574979,1.0,
rand_QO00MLQFNK_render_front.jpg,0.2,0.4706931584416662,
rand_KW83H9ZGDN_render_front.jpg,1.053697321381357,1.5901241808690354,
rand_AKUF4LO3T7_render_front.jpg,0.2,1.8732781576387865,
rand_HS01S90K2P_render_front.jpg,0.3975623008036062,1.9860264027621704,
rand_HDJIJCW8QZ_render_front.jpg,0.2,1.0,
rand_493ROAS33C_render_front.jpg,0.2,0.5764203258667788,
rand_ZO3PT8YGYU_render_front.jpg,0.2,1.5422370379224473,
rand_OJSEF39X5B_render_front.jpg,0.9208382016879622,1.0,
rand_AI8KXDS7ZK_render_front.jpg,0.2,0.5904905083028962,
rand_MGWMTCT1TM_render_front.jpg,0.8722814575361102,0.7526984440087596,
rand_D5XHCJAPE0_render_front.jpg,1.6089743516062802,1.3766114765253576,
rand_RRM2RTEHKD_render_front.jpg,1.1944748536587306,1.0,
rand_CQ5BSVODE5_render_front.jpg,0.9726371276572388,0.9602148621181521,
rand_8NP99O8N39_render_front.jpg,0.2,1.190439757271863,
rand_MQFQHZ2C0C_render_front.jpg,0.1646098976487742,1.0,
rand_24LNDZK1TM_render_front.jpg,0.2,1.0,
rand_99XJ8Y5YQN_render_front.jpg,0.2,1.0,
rand_0VFEB82ZVO_render_front.jpg,1.078920536529825,1.0,
rand_E1C14S922N_render_front.jpg,1.8902861495406165,1.0894527646161758,
rand_WS4IPMOIBZ_render_front.jpg,1.8828001546169817,1.0,
rand_UAFGTDDPU1_render_front.jpg,1.3236035947745224,1.04400352521613,
rand_IEBJ6XMK1S_render_front.jpg,0.3652838661412372,1.6175675982732196,
rand_WYX7W2RTFB_render_front.jpg,0.2,1.0,
rand_PHTFMVSBYZ_render_front.jpg,0.2,1.6531207136539987,
rand_HQRZUEBI5Q_render_front.jpg,0.2,1.8091169032743872,
rand_G3J1K24Z7I_render_front.jpg,0.2,1.0,
rand_RG3HCQ7HGU_render_front.jpg,0.2,1.4210316203148328,
rand_DB5FHC2L4Q_render_front.jpg,0.2,1.4439311565613895,
rand_LHYNMU7EYW_render_front.jpg,0.2,0.8941057256811835,
rand_FZUPF53INA_render_front.jpg,0.2,0.8763956821894274,
rand_ES8OHQSAG7_render_front.jpg,0.2,1.1194374109915253,
rand_Q0NG4NXROV_render_front.jpg,0.2,1.996306745015034,
rand_I5UX4H8150_render_front.jpg,0.05116114608617628,1.0,
rand_WTGHP0HZE2_render_front.jpg,0.2,1.0,
rand_9M73T7RFM0_render_front.jpg,1.3082883939150531,1.0,
rand_NT7MEYKOCC_render_front.jpg,0.2,0.9990709165700298,
rand_3LB6N6HXAQ_render_front.jpg,0.11909685206959075,0.6730245373966796,
rand_HOABXNV9IS_render_front.jpg,0.2,0.8563274838204162,
rand_WLAMG1WJ3O_render_front.jpg,1.7947780916916058,1.0,
rand_GF3TUMMMBV_render_front.jpg,0.28681865076330637,1.1995973751996305,
rand_3ZCIR6ILWW_render_front.jpg,0.2,1.0,
rand_Q2OTSTAZ84_render_front.jpg,0.2,0.3042642105224359,
rand_MQ98VUSXFN_render_front.jpg,0.2,1.0,
rand_0KWOF4K3PW_render_front.jpg,0.2,1.4688649208176852,
rand_8A2HPHT43Y_render_front.jpg,0.45156556284324467,1.0,
rand_DUW2J090XD_render_front.jpg,0.2,1.0,
rand_5YA189KGQ4_render_front.jpg,0.2,1.0,
rand_YUTSSS5N2D_render_front.jpg,0.2,1.0,
rand_1EHUSGYR73_render_front.jpg,0.2,1.0,
rand_CHJCPD4KLC_render_front.jpg,0.2,1.8468485736823157,
rand_A9ENE65UKC_render_front.jpg,1.1308001439705064,1.0,
rand_Z94ITT884N_render_front.jpg,0.2,1.0,
rand_8LRWRUERKZ_render_front.jpg,0.2,0.4886074090995677,
rand_0AV43GAPCD_render_front.jpg,0.5702338037857517,1.8281324231513594,
rand_I1HZPJNLOP_render_front.jpg,0.2,1.624171207198441,
rand_4VC2YTSS7G_render_front.jpg,0.2,1.0,
rand_IORZ26YGGQ_render_front.jpg,0.2,1.0,
rand_25N2K5G9MV_render_front.jpg,1.3365816594422195,1.0,
rand_W3LYFDFJ89_render_front.jpg,1.9184042311190457,1.0,
rand_22I0Y5JF41_render_front.jpg,0.2,1.0,
rand_KT95A16SHZ_render_front.jpg,0.2,1.0,
rand_2EWQJNS22W_render_front.jpg,0.2,1.526176276942949,
rand_7II4SVEFJS_render_front.jpg,1.1144712912338963,0.5913798722853822,
rand_TLSLI0YE7P_render_front.jpg,1.5314651346524624,0.40860726624722743,
rand_TGKZDWBJPR_render_front.jpg,1.1010746577864132,1.0,
rand_AF56OFCL9K_render_front.jpg,0.2,1.6370440226814627,
rand_YLFH5J4WH5_render_front.jpg,0.2,0.8479372977758433,
rand_58BUC8A2J6_render_front.jpg,1.6852236336556732,0.28561033533904606,
rand_1SG75OZCBS_render_front.jpg,0.2,1.088287705355969,
rand_IV1C25S7XT_render_front.jpg,0.2,1.0,
rand_5559ZCUI67_render_front.jpg,0.2,1.0,
rand_WCELXAHRQD_render_front.jpg,0.2,0.432420119317158,
rand_UOFR94362T_render_front.jpg,0.2,1.0831358080160607,
rand_C3I8LKGG13_render_front.jpg,0.2,1.0,
rand_5QXCUGHKZQ_render_front.jpg,0.5356831743195212,0.2910544939057349,
rand_O98WOBOZDN_render_front.jpg,0.2,1.1856918590186032,
rand_3QKF33NDPW_render_front.jpg,0.2,0.24528134777093236,
rand_1X4SGYDPQC_render_front.jpg,0.2,1.1566046545583144,
rand_NR6HGWAKV1_render_front.jpg,0.2,1.5733669334187328,
rand_0JO2I2WROC_render_front.jpg,0.2,0.7114589464598164,
rand_LQXUNU638I_render_front.jpg,0.2,1.3623663644444097,
rand_12X76E1ED9_render_front.jpg,0.8065036444989284,0.2334298486262193,
rand_0XDHDEPZ7Y_render_front.jpg,0.2,0.21221877813829712,
rand_46W4YZP1QR_render_front.jpg,0.2,1.0,
rand_8HRCSKPKFF_render_front.jpg,0.2,1.1624787999424118,
rand_53QD6WH0ST_render_front.jpg,1.7237544331237538,1.0,
rand_41A6FAQQ89_render_front.jpg,0.3903910726909663,1.262695403989095,
rand_GFPWR47HS4_render_front.jpg,0.2,1.0,
rand_QN2G4J7IPQ_render_front.jpg,0.2,1.0,
rand_CZ8SQQ81SS_render_front.jpg,0.47149218075418453,1.0,
rand_Y5A8WGHAIF_render_front.jpg,0.2,1.0,
rand_SQRGW2P2LE_render_front.jpg,0.2,1.0,
rand_7AAFIIX57Y_render_front.jpg,0.2,1.1373869057591024,
rand_G81XBN148A_render_front.jpg,0.2,1.0,
rand_3JA35R39W3_render_front.jpg,0.2,1.291212283610529,
rand_KU2E6A9FV4_render_front.jpg,0.2,1.444200650585404,
rand_RDRK01D9AC_render_front.jpg,0.2,1.7283449188197808,
rand_5NIK3GYJVL_render_front.jpg,1.7304912073768823,1.0,
rand_R2D7JIR0NJ_render_front.jpg,0.2,1.0,
rand_LZYBWE232M_render_front.jpg,0.2,1.0,
rand_JU07ILEDQK_render_front.jpg,0.2,1.0,
rand_QR3OQUDU4P_render_front.jpg,1.2856812987247233,1.0,
rand_SCOD6CMAG8_render_front.jpg,0.2,1.0,
rand_EIOIRZCS4J_render_front.jpg,0.2,1.5367433603223783,
rand_2A6VEWXD7Q_render_front.jpg,0.40834932260351087,0.7996154883070992,
rand_5NW2K4I7FI_render_front.jpg,0.2,1.5477059687797121,
rand_X3ZZSL33HC_render_front.jpg,0.2,1.8750334309236316,
rand_5EW92XF18A_render_front.jpg,0.2,1.237632664800035,
rand_X9SNDZXUHB_render_front.jpg,1.5537962628363742,1.5182895888891679,
rand_EB5SR1OKJ0_render_front.jpg,0.868420805549819,1.4036837207219162,
rand_6J364J6Q1U_render_front.jpg,0.2765065333552905,1.4177407842648806,
rand_O7CEEXFFE5_render_front.jpg,0.2,1.0,
rand_8IYVAS4MDA_render_front.jpg,0.2,1.0,
rand_59ALBWGAYZ_render_front.jpg,0.2,1.572359136296347,
rand_ZMCX7SBZ83_render_front.jpg,0.2,1.0,
rand_FR6G4G29Z1_render_front.jpg,0.2,0.3256240166380238,
rand_SJGJP2EGEH_render_front.jpg,0.2,1.0,
rand_D1W6OJXJ6O_render_front.jpg,0.2,0.5796465682884039,
rand_9YZ14T72UQ_render_front.jpg,0.2,1.4804779560633021,
rand_PFBMCUDKM7_render_front.jpg,0.2,0.4437532993749732,
rand_OEM8F2IJRC_render_front.jpg,0.2,1.0,
rand_3UVF2GI9GN_render_front.jpg,0.2,1.0559365117501982,
rand_XL39EH8C8R_render_front.jpg,0.2,1.8296509674592831,
rand_6LT852E6UA_render_front.jpg,0.3665082607476622,1.0,
rand_XVOBMJVBRU_render_front.jpg,0.2,1.570986793526684,
rand_XBCIPUQV8D_render_front.jpg,1.2627259532453416,1.3120346634580173,
rand_GPMED5M9KO_render_front.jpg,0.2,1.6427801335427568,
rand_VZXENI74SY_render_front.jpg,0.2,1.8374188710403017,
rand_63ULCZ9SP8_render_front.jpg,0.2,1.0,
rand_5DY3AIHCOT_render_front.jpg,0.2,1.0,
rand_8I503LSAVD_render_front.jpg,1.3345435480394217,1.0,
rand_ZM0AKQ9CAS_render_front.jpg,0.2,0.7712894467629534,
rand_JZGXAQLW7N_render_front.jpg,0.2,1.0,
rand_BWS7OU8EU2_render_front.jpg,1.4126829890680586,1.0,
rand_R0VM0ZOVG9_render_front.jpg,0.2,1.5880565367718584,
rand_JUS392Z53Z_render_front.jpg,0.2,1.694866842274291,
rand_WSXNCG385V_render_front.jpg,1.736155843086347,0.5605850878889527,
rand_W71M2D15JO_render_front.jpg,1.2067470834140221,1.0,
rand_USFQWKDZ17_render_front.jpg,0.2,1.1473168110350367,
rand_4U9589HXZZ_render_front.jpg,0.042004962642759214,1.994824435309365,
rand_W1L1PM9FCW_render_front.jpg,0.2,1.9504563412745544,
rand_LVI1ZAYNTE_render_front.jpg,1.655297928419678,0.5677056659381277,
rand_XJI565WY3Y_render_front.jpg,0.2,0.5465421123931441,
rand_3QDX3BHICK_render_front.jpg,1.4296688890562175,1.0,
rand_UP7ODK1M0Q_render_front.jpg,0.2,1.4398770827776282,
rand_WEOPUOQO5T_render_front.jpg,0.2,0.8261508058248639,
rand_8FNU8OJSS0_render_front.jpg,1.2780849947864679,0.7373065989452188,
rand_VXIRCPV55U_render_front.jpg,0.2,1.2674432959044852,
rand_O00DVNZE1F_render_front.jpg,0.2,1.6582436504202716,
rand_CFEX9535U4_render_front.jpg,0.2,1.6494364535031218,
rand_L2WIXJINNN_render_front.jpg,0.2,1.0,
rand_BLWA9S33FD_render_front.jpg,0.2,1.0,
rand_RVLLKAK08U_render_front.jpg,0.2,1.0,
rand_YEXSJ41N6E_render_front.jpg,0.2,1.8558705686523909,
rand_C13CKSM42T_render_front.jpg,0.2,1.6768986934574983,
rand_MHQS6EZQ5C_render_front.jpg,1.8267486536114708,1.0,
rand_PAKN13A6DY_render_front.jpg,0.2,1.0,
rand_RJDL4TYLML_render_front.jpg,0.2,1.9528738792815539,
rand_1FD5WAL3V5_render_front.jpg,0.2,0.4561073684719619,
rand_HE4SKR4GU5_render_front.jpg,0.2,1.0,
rand_T5CE7E208U_render_front.jpg,0.2,1.0,
rand_RHN33GHL67_render_front.jpg,1.912778183937726,1.840776326650923,
rand_OOL0VP36OV_render_front.jpg,0.2941812724987418,0.4626112053928889,
rand_T31LN4VGU0_render_front.jpg,0.3014460801382215,1.4374303477532158,
rand_7AHXILIYK3_render_front.jpg,1.5854091215606405,1.3396013575269945,
rand_PRSZXM6H2G_render_front.jpg,0.2,1.8074564419645365,
rand_40CI3UJ2GM_render_front.jpg,1.9265349378092258,1.0,
rand_M6KUY8ZF6X_render_front.jpg,0.2,1.0,
rand_UKNILSWDSC_render_front.jpg,0.4631250908583058,1.806111584568952,
rand_WTZ3MEKIY7_render_front.jpg,0.6756177309415587,1.90337790596116,
rand_K0CD0E88BV_render_front.jpg,0.2,1.0,
rand_JYEZHFD29I_render_front.jpg,0.23590392819493577,1.0,
rand_9MUWO9L0J2_render_front.jpg,0.2,1.0,
rand_A2OTJEBAXQ_render_front.jpg,1.2770601383780857,0.9853241544155062,
rand_QWFY8WQ25A_render_front.jpg,0.2,1.3053474785033696,
rand_YNR99YKHOW_render_front.jpg,0.2,1.0,
rand_S70N0AXSLK_render_front.jpg,0.2,0.5469087260890032,
rand_SJWXWXWTZV_render_front.jpg,0.2,1.0,
rand_NXCSGS82Z6_render_front.jpg,0.2,1.4806608160791823,
rand_VIHL1BT7PS_render_front.jpg,0.2,0.8141187762454516,
rand_C3Y6KP8CX1_render_front.jpg,1.4556223908875598,1.1721002855671616,
rand_8C2RN1Z6C9_render_front.jpg,0.2,1.7781419900316568,
rand_DD4HP07OWX_render_front.jpg,0.7539439629841835,1.169340332304811,
rand_1VQCVY3Y8F_render_front.jpg,0.21713953963380184,1.0,
rand_NYFUC89O1G_render_front.jpg,0.2,1.0980843335450061,
rand_6CJUC7484W_render_front.jpg,0.2,1.0,
rand_58WJSRF401_render_front.jpg,0.2,1.484110064303771,
rand_0QKLALTJRD_render_front.jpg,0.2,1.3576303240865832,
rand_2M917LY5ZZ_render_front.jpg,0.2,1.0,
rand_YTQ1BH4G0Z_render_front.jpg,0.2,1.4394527147916925,
rand_ZOWCGZ9ZPK_render_front.jpg,0.2,0.27803757822745157,
rand_M2OAMCAU0M_render_front.jpg,0.6370734405534966,1.9247768380478563,
rand_PLE3OLNZ9F_render_front.jpg,0.2,0.904241439033342,
rand_D3WDAZKL27_render_front.jpg,0.2,1.0,
rand_UH2YHCNN6R_render_front.jpg,0.2992895205451598,0.5144911077074759,
rand_P5WH076O8V_render_front.jpg,0.2,1.0,
rand_XXEPY15GEW_render_front.jpg,0.2,1.0,
rand_4NO8R0JW64_render_front.jpg,0.2,1.3239181639400872,
rand_H38TFKFX2K_render_front.jpg,0.2,1.4450894671339767,
rand_B8FNUM8EPS_render_front.jpg,0.2,1.0,
rand_GMPZWOKTDT_render_front.jpg,0.2,1.321039876939408,
rand_YNEDK02S0T_render_front.jpg,0.2,1.7385635290378965,
rand_XRWG05HMKM_render_front.jpg,0.2,1.1135082013421298,
rand_NHQM5ATKQC_render_front.jpg,0.2,1.0546433763845848,
rand_NDPXFT23L2_render_front.jpg,0.2,1.0,
rand_XRRFQCJRUO_render_front.jpg,0.3415904535128338,1.0,
rand_PNBJWGINBT_render_front.jpg,0.2,1.909597507736218,
rand_N8TGGQYMRL_render_front.jpg,1.6298760784208433,0.4141536406828299,
rand_RPS91J4F4Q_render_front.jpg,0.2170457849808951,1.6806760344794702,
rand_I0MRBKY8SC_render_front.jpg,0.9035290112829333,1.5207224807644906,
rand_AVCZHE2UX0_render_front.jpg,1.9456681466087864,0.3865389993351569,
rand_3RCC8J24C4_render_front.jpg,0.2,1.6679162117667694,
rand_90GH84B1UQ_render_front.jpg,0.2,1.0,
rand_8YIN4ZBX2H_render_front.jpg,0.2,1.70588641138396,
rand_UZI5FRD92J_render_front.jpg,0.2,1.5533100193751146,
rand_UYECJ7L8GA_render_front.jpg,0.45319492289841534,1.0,
rand_A3YIJADOKC_render_front.jpg,0.2,0.5075020025218235,
rand_GWV5W2CYCI_render_front.jpg,1.8657129871720437,0.8643989812314183,
rand_AQMCNBQW6F_render_front.jpg,0.2,1.0,
rand_4GO8JROK89_render_front.jpg,0.2,1.0,
rand_XV15HSWJVW_render_front.jpg,0.5434285705234261,1.7794536500742364,
rand_I4UNY2B1KK_render_front.jpg,0.2,1.8956945722847431,
rand_MY0U3YBN1B_render_front.jpg,0.3284498914881866,1.0,
rand_4M2IM1ZCSG_render_front.jpg,0.2,0.9626256315974397,
rand_IGGPXM249O_render_front.jpg,0.2,0.9480735607050819,
rand_Z1UHNZRTYL_render_front.jpg,0.0745200669007493,0.9875922847337455,
rand_PSRH6ZXDVD_render_front.jpg,0.7830181585773175,0.7682490714579313,
rand_28TCTHHN3J_render_front.jpg,0.7375979065143483,1.0,
rand_NN50E7GNVI_render_front.jpg,0.2,0.6597320193314861,
rand_CC82K7GU34_render_front.jpg,0.2,1.0,
rand_J20TL21681_render_front.jpg,0.8129744340184004,1.0,
rand_MN0FOOOXB4_render_front.jpg,1.7302493573266933,1.1826782918884642,
rand_3XUQ1TZMJ0_render_front.jpg,0.42218721213198607,0.3576040632297631,
rand_W683GQS73E_render_front.jpg,0.33291935628282543,0.2821968427612375,
rand_NAMI2BXXHH_render_front.jpg,0.0010587635001786389,1.0,
rand_2NCWQSDFIY_render_front.jpg,0.2,0.59748693860652,
rand_TBAJVLO7Y3_render_front.jpg,0.3379020015260308,1.0,
rand_PMCAPOL0OB_render_front.jpg,0.2,0.5448442910681979,
rand_XK2M5LBGYX_render_front.jpg,0.4147931156723037,0.8070303843241555,
rand_H5CUJHNUZJ_render_front.jpg,0.021004392225293378,1.0,
rand_M1GT0AAVVT_render_front.jpg,0.2,0.5699085953024376,
rand_AMDWGPC9IR_render_front.jpg,0.2,1.0,
rand_RDUKXJG5DC_render_front.jpg,0.2,1.0,
rand_OLZIA2CR76_render_front.jpg,0.45149570598402544,1.0,
rand_VY1S7A2QLL_render_front.jpg,1.603729079664062,0.7550738150283074,
rand_EXW372UN4L_render_front.jpg,0.2,0.9448924869986703,
rand_U740QZAH4X_render_front.jpg,0.2,1.0,
rand_BTQSN2B9QA_render_front.jpg,0.2,1.0,
rand_O7FNUDXPAD_render_front.jpg,0.2,1.5743415429209977,
rand_2Y7GEPKX1H_render_front.jpg,0.15758184869876035,0.9446100156878319,
rand_2VXT84EGA1_render_front.jpg,0.2,1.0,
rand_03ED5XAYMM_render_front.jpg,0.18410919272951398,1.0,
rand_4JWGB0GOEW_render_front.jpg,0.2,1.0,
rand_U6SUZWT519_render_front.jpg,0.2,1.0,
rand_OCYJ9TEWHX_render_front.jpg,0.2,1.0,
rand_3UPLKH59YW_render_front.jpg,0.2,1.0,
rand_1GJ4Y6GWZU_render_front.jpg,0.2,1.0,
rand_TQV49N3A2S_render_front.jpg,0.2,1.8717769082494793,
rand_GAOGKSLQQD_render_front.jpg,0.6546218311181369,1.0680886699947227,
rand_OWES067DMU_render_front.jpg,0.2,1.8861627538289538,
rand_P3OLRMG1GD_render_front.jpg,0.49106797124877843,1.0,
rand_SA6F4FLN7H_render_front.jpg,0.2,0.9688909964631869,
rand_MI6G3F9VLE_render_front.jpg,1.7843716715928435,1.7697387752173839,
rand_DEPWPXOA8X_render_front.jpg,1.1312294035974095,1.0,
rand_L43M62UU5M_render_front.jpg,1.4308676849170299,0.9049691915255929,
rand_50FUCT2FL2_render_front.jpg,0.2,1.9019175362888048,
rand_GD110XB5LT_render_front.jpg,0.2,1.730490474611183,
rand_5O73X5BYGW_render_front.jpg,0.2,1.0,
rand_ZOEVWMH5O2_render_front.jpg,0.2,0.7325859447388468,
rand_HDI354Q4GJ_render_front.jpg,0.2,1.364876672775409,
rand_H1YZMAF3GW_render_front.jpg,0.2,1.6093047220746148,
rand_EKP335DY27_render_front.jpg,0.2,1.14687332922445,
rand_1NYTRRWAKM_render_front.jpg,0.07896245522237044,1.1602506108847304,
rand_RK9EBKZ4EB_render_front.jpg,1.269793004312257,1.1085361733318146,
rand_F0EYCOSCEF_render_front.jpg,0.2,0.2213903970002917,
rand_WBA0T686MQ_render_front.jpg,0.2,1.0,
rand_Z907S5LP7Z_render_front.jpg,1.6806440650857526,1.651005561644038,
rand_A0G1ABE1SV_render_front.jpg,0.2,1.3463875734868775,
rand_GE0WI751IK_render_front.jpg,0.2,1.0,
rand_DMWVOMO14R_render_front.jpg,1.8230113099632272,1.9059651733006562,
rand_I0D6Z1OLKC_render_front.jpg,1.2658938637299775,1.0,
rand_JQ9XMYPU1B_render_front.jpg,1.5702481854089998,1.098386464654689,
rand_354SATQSWX_render_front.jpg,0.2,1.3333148746509882,
rand_EYM8FI8B1G_render_front.jpg,0.2,1.1477889426256538,
rand_CSA6EAXFPU_render_front.jpg,1.5101086165315172,1.7908550922422384,
rand_6130G2A3QF_render_front.jpg,0.2,1.9674083181975923,
rand_G4BVSVEQ78_render_front.jpg,0.2,0.4741487960432955,
rand_I1I0FLOLLG_render_front.jpg,0.2,1.5160324122385005,
rand_FBKDRF90DP_render_front.jpg,0.2,0.30016752068339697,
rand_TQKR1C74JM_render_front.jpg,0.5993542782592036,1.2570124193765986,
rand_1QBX81UFGA_render_front.jpg,0.2,1.0,
rand_M4Z0YOEJ6V_render_front.jpg,0.2,0.9943999617176913,
rand_6N09RTWGE6_render_front.jpg,1.121190047191202,0.48496866434847485,
rand_GRZZEA8QA4_render_front.jpg,0.0770116503460192,1.0,
rand_SYFAOQLWSH_render_front.jpg,0.21987433398491096,1.0,
rand_1206DKC5IN_render_front.jpg,0.2,1.0,
rand_H2EEG8H3GC_render_front.jpg,0.2,1.592464735223794,
rand_BZ65VVMHRT_render_front.jpg,0.2,1.0,
rand_9K84N4LRJ3_render_front.jpg,0.2,1.0,
rand_H7J8JJF77V_render_front.jpg,1.7264935466987987,0.9019124067678075,
rand_52EP4QJLGQ_render_front.jpg,0.2,1.2441344248647472,
rand_GZ2LR4R67S_render_front.jpg,0.2,1.0,
rand_BKHK8VIJR7_render_front.jpg,0.2,1.7255362797251204,
rand_JMPMBYBRJ8_render_front.jpg,0.2,1.3371343060257719,
rand_WK48V591Q9_render_front.jpg,0.2,1.404971320135435,
rand_0AYSPSNK8T_render_front.jpg,0.2,1.0,
rand_QEZWLQLDOU_render_front.jpg,1.8806285805068077,1.0,
rand_OPLXKL6JFF_render_front.jpg,0.2,1.0,
rand_T1JV2DPS2X_render_front.jpg,1.162214699859795,1.6137705192349279,
rand_XG9DK763MO_render_front.jpg,0.2,1.0,
rand_40QHYBGIVB_render_front.jpg,0.2,1.3263817390891448,
rand_B179KC9MZ4_render_front.jpg,1.5193973037001705,0.9336123730795005,
rand_WLCVZO5HF2_render_front.jpg,0.2,1.6445479539571919,
rand_EVBKR452HC_render_front.jpg,0.2,0.9129780736664928,
rand_TYK5OIR8G7_render_front.jpg,0.2,1.7226504562504155,
rand_62K92YWQU3_render_front.jpg,0.2,0.9243563785983886,
rand_GLVO03NDNG_render_front.jpg,0.2,1.0092524803339598,
rand_E07LPCBPG5_render_front.jpg,0.2,1.0,
rand_RSK7OREJNX_render_front.jpg,0.2,1.6367519371939214,
rand_F234OK9CDN_render_front.jpg,0.2,1.1379328630027061,
rand_6A6NZ7VDV5_render_front.jpg,0.2,1.0,
rand_CRH2YKQWG4_render_front.jpg,0.2,1.3474514254337526,
rand_GZIR9KTIK2_render_front.jpg,0.2,1.4293573627676555,
rand_ZBEC2OCCVI_render_front.jpg,1.9911247487412764,0.9549155210481095,
rand_UFU4TYK6XP_render_front.jpg,0.2,1.2599166633648766,
rand_NPRKT7NAE5_render_front.jpg,0.2,1.0,
rand_FXNNCDA6CI_render_front.jpg,0.6941448335033389,1.5229792981858246,
rand_LGZCW8YYRN_render_front.jpg,0.003155473497009176,1.0,
rand_GGCL5DXJXN_render_front.jpg,0.2,1.3872866767667595,
rand_XRDBWOTOU6_render_front.jpg,0.2,1.0,
rand_IDWC22OIX7_render_front.jpg,0.2,1.2721119165398684,
rand_3BZARB9MX5_render_front.jpg,0.2,1.8154375773040337,
rand_NYU147FNW8_render_front.jpg,0.2,1.0,
rand_TCD1BS0CBR_render_front.jpg,0.2,1.0,
rand_IYXACC94AE_render_front.jpg,0.5987592979249694,1.270080004912195,
rand_4KYIJAC3HZ_render_front.jpg,0.2,0.6921298723614882,
rand_LIUSZPPVPI_render_front.jpg,0.2,1.2776662301044661,
rand_4GGNGJ3E4N_render_front.jpg,0.2,1.0,
rand_SXPMH02A87_render_front.jpg,0.2,1.0,
rand_D7X0X7F0F2_render_front.jpg,0.2,1.1421213218245005,
rand_G1F4MUBHRE_render_front.jpg,1.8269768297750326,1.0,
rand_BZ4PA90D3P_render_front.jpg,0.8922457296786734,1.0,
rand_072Z1RD0W5_render_front.jpg,0.2,1.0,
rand_ND0X7E0BQW_render_front.jpg,0.3087314523140152,1.0,
rand_71I4K8S021_render_front.jpg,1.2949845133321034,1.7463836389430267,
rand_YQO7RSQ9ZX_render_front.jpg,1.2784983008789585,1.0,
rand_DZV0AX1AQA_render_front.jpg,0.2,0.6821108817186883,
rand_XIALG7FNMT_render_front.jpg,0.9149776749713372,0.8565590114909332,
rand_EZCSCXZ0SH_render_front.jpg,0.2,0.2534543859904241,
rand_B64S5OYT42_render_front.jpg,0.2,1.2429725541549466,
rand_O3YS0OODHR_render_front.jpg,0.2,1.5751258423265158,
rand_VI63UPOXCX_render_front.jpg,0.2,0.24157523141812506,
rand_0WZDTSY8BE_render_front.jpg,0.2,1.55618215658686,
rand_EOXBWV0IM7_render_front.jpg,0.2,1.0,
rand_XJYIZ4X244_render_front.jpg,0.2,1.5692953826833826,
rand_934FZKK14I_render_front.jpg,0.8680429700745484,1.0,
rand_PNMO0UQWJZ_render_front.jpg,0.2,0.9196925919555117,
rand_RIU4GGNHS1_render_front.jpg,0.2,1.8479589922739144,
rand_8SWG3RNIQZ_render_front.jpg,0.5707509791214669,1.0,
rand_Z202IKS4A6_render_front.jpg,1.2934109295280412,1.0,
rand_1MQJR75Q15_render_front.jpg,1.1161687969246716,0.8059523581945154,
rand_TXGZ4CAXAN_render_front.jpg,0.07137582991555247,1.719201671991213,
rand_YKC03IRR6D_render_front.jpg,0.49574684148638326,0.3241480567537115,
rand_2D389BGEVI_render_front.jpg,0.2,1.0,
rand_1BJ76QX4NX_render_front.jpg,0.2,1.61483074718572,
rand_RYTF24XJFY_render_front.jpg,0.2,1.0,
rand_CATT0NMT59_render_front.jpg,0.6787860092215239,1.0,
rand_6B7B88YGRX_render_front.jpg,0.2,1.0,
rand_SQ8TAJOH5M_render_front.jpg,0.2,1.8509130252312744,
rand_N3C91YHGWB_render_front.jpg,0.2,1.2874018692765958,
rand_VOZHKWZIDT_render_front.jpg,0.2,1.0926344802168952,
rand_8N6ZJOGDUT_render_front.jpg,0.2,1.0148607926933868,
rand_XUQZABOU2G_render_front.jpg,0.5123907882429615,0.8884130410038882,
rand_7AHSNG1HH7_render_front.jpg,1.8888598912372387,1.0,
rand_R835GNJQCI_render_front.jpg,0.2,1.8620046554417062,
rand_N1MGGX9GE5_render_front.jpg,0.3822278785981106,1.1926073133448845,
rand_GSV8RZEU8C_render_front.jpg,0.8323725211054782,1.8945427967604098,
rand_LF1QJANUJU_render_front.jpg,0.2,1.0,
rand_PL6H2LALID_render_front.jpg,0.2,1.9790406826273392,
rand_27I32SSWJ0_render_front.jpg,0.2,1.5269199132713636,
rand_RT7066MO3D_render_front.jpg,0.2,0.5844126505218084,
rand_HROIYKHCPD_render_front.jpg,0.670914275058611,1.0,
rand_MG8KELMM8Y_render_front.jpg,1.2342802085901268,0.7249583140324025,
rand_D7OAC0HKEB_render_front.jpg,0.2,1.6469075500230326,
rand_MXFYP6XAVP_render_front.jpg,0.2,0.9919016793523905,
rand_G6EKRQ1D73_render_front.jpg,0.2,0.28529344984864335,
rand_NTIK0M5TJF_render_front.jpg,0.2,1.0,
rand_62H0R2XG4R_render_front.jpg,1.7609299779598988,1.0,
rand_XLH6TSUX84_render_front.jpg,0.7846737218843918,0.8644122466900452,
rand_ZKFIWP023W_render_front.jpg,0.2,1.0,
rand_7DBOJ9YSKY_render_front.jpg,0.2,1.251398675425917,
rand_69DBMTU8C2_render_front.jpg,1.722323917207715,0.2631039891352828,
rand_8BJJ5DLLJR_render_front.jpg,0.2,1.0,
rand_HW93XZY9D4_render_front.jpg,1.604866736046485,1.0,
rand_206YYQFZ5U_render_front.jpg,0.2,1.0,
rand_PIFGVDZ8B5_render_front.jpg,0.2,1.0159658504860916,
rand_IU3NAACI2H_render_front.jpg,0.13410557205076445,1.574291826212517,
rand_5V883QD4U2_render_front.jpg,0.2,1.0,
rand_45AD7EWMGP_render_front.jpg,0.2,0.9991938288830116,
rand_JGUQXXMDLU_render_front.jpg,0.7648899733127399,1.0,
rand_OJOOSVQIRG_render_front.jpg,0.2,1.4949516594449213,
rand_KW7FD7MQ5M_render_front.jpg,0.2,0.4810501058795608,
rand_HPTXVNPQIL_render_front.jpg,0.2,0.7837063889288705,
rand_HYPOLTH799_render_front.jpg,0.2,1.3600269935458136,
rand_L7MR5GX4DE_render_front.jpg,0.20625081921468302,1.9198701620522385,
rand_U3F8W5TX3O_render_front.jpg,0.2,1.3020746979017075,
rand_LN1VVMMCK3_render_front.jpg,0.2,1.0,
rand_MTUQYXJ2VR_render_front.jpg,0.2,1.1377761265114128,
rand_RQ9QQ89XP5_render_front.jpg,0.2,1.0,
rand_WUCGU5J01Y_render_front.jpg,0.2,1.0,
rand_URO885VTBY_render_front.jpg,0.7845416513759709,0.6495411234204749,
rand_2LHZPWI6HZ_render_front.jpg,0.006567506730829287,1.0,
rand_3VDHQTT7CP_render_front.jpg,0.46990996984227795,1.0,
rand_V3VU74LWCP_render_front.jpg,0.2,1.0,
rand_F9NVBTGP4F_render_front.jpg,0.2,1.1131606567223675,
rand_ROP8FNV1FA_render_front.jpg,0.2,1.0,
rand_GMXER56PJH_render_front.jpg,0.2,1.0,
rand_U6KNOVG9KM_render_front.jpg,0.19802454013064508,1.4916512899439276,
rand_JKZ7E2MJVP_render_front.jpg,0.5677241213233664,1.067999626725955,
rand_TRHYZMFOPG_render_front.jpg,0.2488581741954483,0.3059478826059894,
rand_9T8699GGWW_render_front.jpg,0.2,1.0,
rand_5N9TKTAKET_render_front.jpg,1.873154286949378,0.39677653539706725,
rand_QZJ77SMFPF_render_front.jpg,0.0798884880598516,0.34460721063148336,
rand_V0T7Q1DOH1_render_front.jpg,1.892073546466313,1.0,
rand_1THSQU7ABL_render_front.jpg,0.2,1.0,
rand_O6OD53HXL2_render_front.jpg,0.2,1.0,
rand_5ZKH1P22VX_render_front.jpg,0.2,0.9799009404282304,
rand_3EB8RXSAXH_render_front.jpg,0.2,1.0,
rand_XZ9PJPJOCU_render_front.jpg,0.2,0.8203045761786649,
rand_H7SB2JUQZ0_render_front.jpg,0.2,1.4553993116327022,
rand_HRZFZVLQCB_render_front.jpg,0.2,1.7160078227441038,
rand_W4G7MJFJ8H_render_front.jpg,0.2,1.5554011248093829,
rand_PGLNA51RYZ_render_front.jpg,0.2,1.1540367608513893,
rand_T4XRRLHWZN_render_front.jpg,0.2,1.0,
rand_MHRRSL751P_render_front.jpg,1.6266681091544286,1.0,
rand_97NFQ1F5IU_render_front.jpg,0.002913686558599471,0.6396003681942424,
rand_CQAG8P44C4_render_front.jpg,0.2,1.0,
rand_I4WP3RT43T_render_front.jpg,0.6165700136985608,1.0,
rand_1HVSYIRHH1_render_front.jpg,0.2,1.0,
rand_6U5A609SEB_render_front.jpg,0.2,1.0,
rand_JCV4X33WA8_render_front.jpg,0.2,1.0,
rand_TZ6OTTSQ3K_render_front.jpg,0.2,1.351342664675122,
rand_YYFRSF75M9_render_front.jpg,0.2,1.0,
rand_JTXLAIOW77_render_front.jpg,0.8047057649115024,1.0,
rand_USZJ1ND9FY_render_front.jpg,0.70853155283726,1.1976079185605832,
rand_940XB43OZ1_render_front.jpg,0.2,1.778996934323239,
rand_W1URZWW7RP_render_front.jpg,0.2,1.9850323831446015,
rand_PCRRP8295G_render_front.jpg,0.2,1.2041046875300239,
rand_S14WEMSOBY_render_front.jpg,0.2,1.0,
rand_XB4YN2VXXJ_render_front.jpg,0.2,1.043941377203799,
rand_N73R95VMXK_render_front.jpg,0.2,0.9314955287420725,
rand_U5GBA3RL0R_render_front.jpg,0.2,1.7697926732959366,
rand_KX293XU7R5_render_front.jpg,1.205029130887699,1.0,
rand_RA9A5S1WGU_render_front.jpg,0.2,1.0,
rand_FK2MD1OXI7_render_front.jpg,0.8842256129028405,1.3188360511525437,
rand_C300F8WXY7_render_front.jpg,0.2,1.0,
rand_QRHGBRAYQR_render_front.jpg,0.03201527629596135,1.0,
rand_6VC5BGX4V6_render_front.jpg,0.2,1.0,
rand_K5CHHPWUSA_render_front.jpg,0.2,0.815190630770237,
rand_P0V5H2I54R_render_front.jpg,0.2,1.0,
rand_II1S6XOT2L_render_front.jpg,0.2,1.0,
rand_NO2S870PUY_render_front.jpg,0.2,0.8098573451248738,
rand_QUG1QX0WXB_render_front.jpg,0.2,1.0,
rand_WFLX38FA01_render_front.jpg,1.8179874660006978,1.212700954978715,
rand_6XU2S26IE2_render_front.jpg,0.2,1.0,
rand_A4XTRJ626Z_render_front.jpg,1.1175046769441102,1.0,
rand_KVGVAULZD2_render_front.jpg,0.5195110651226793,1.0,
rand_5JEXB6PVML_render_front.jpg,0.2,0.8179292052836316,
rand_ZM8OPWXNM2_render_front.jpg,0.24693895226761753,1.5348159290602088,
rand_KN6A3O334C_render_front.jpg,0.2,1.7797417699222606,
rand_D3ZXPYA6WA_render_front.jpg,0.45895612106515316,0.8934458756598611,
rand_YJNUCJ0FSI_render_front.jpg,0.2,1.6609596783296243,
rand_MRW9Z4EVDB_render_front.jpg,0.3236085284446313,1.2568143699425005,
rand_9NTG375JGI_render_front.jpg,0.3649483234861268,1.0,
rand_TUE4JZ0LBB_render_front.jpg,0.2,0.7350338817881819,
rand_TSRX0JYPFD_render_front.jpg,0.36220015808649286,1.0823045805086355,
rand_DOQKA1L5UE_render_front.jpg,1.4916188307178888,0.7027891291260135,
rand_1F9X18XIIW_render_front.jpg,0.2,1.2665706615235253,
rand_JNYTHELH0S_render_front.jpg,0.2,1.2884648143602444,
rand_HYKYHF8PEU_render_front.jpg,0.2,1.686599536009907,
rand_DBOU0V1T3F_render_front.jpg,0.2,1.9610597046990896,
rand_V6JHCV5XCV_render_front.jpg,0.2,1.4469275212691894,
rand_XQK7QLIBGI_render_front.jpg,0.2,1.731899720632055,
rand_B39DP4Q23B_render_front.jpg,0.2,0.6169829628955454,
rand_EMQ965GLCE_render_front.jpg,0.2,1.0,
rand_T4OO18VVVL_render_front.jpg,0.2,1.8302158186915187,
rand_S2UTVIAEQI_render_front.jpg,1.5069002529918478,1.0,
rand_UYUTDT9GMD_render_front.jpg,0.2,1.0,
rand_Q2VSTYOXCO_render_front.jpg,0.392879108695656,1.4582066983580455,
rand_0BY70RI0OZ_render_front.jpg,0.2,1.6898671785865023,
rand_U5T2SCPQ52_render_front.jpg,0.2,1.0,
rand_36R6CCST4K_render_front.jpg,0.2,0.550952025723541,
rand_V6OQ0JZAMU_render_front.jpg,0.2,1.0,
rand_XHTU9R9GSY_render_front.jpg,0.2,1.0,
rand_Y9VX7R36MB_render_front.jpg,0.2,1.9656429524957355,
rand_TJUIJFPUJR_render_front.jpg,0.2,1.0,
rand_SH5KRXRBFA_render_front.jpg,0.18268600713419114,0.46359713823918897,
rand_HBWLC4QFH2_render_front.jpg,0.2,0.6291914646637119,
rand_FZL9VHVHTN_render_front.jpg,0.8817638430663248,0.6432724137782709,
rand_L4I3VQVJ79_render_front.jpg,1.3694135848913387,1.624387156886957,
rand_DGFBVE53HA_render_front.jpg,1.3726319837534253,1.7479448366915036,
rand_N7DVRH0WBA_render_front.jpg,0.2,0.47076943617735273,
rand_MXT3GPHJV6_render_front.jpg,0.2,0.834589654321372,
rand_42YY8R4WMG_render_front.jpg,0.2,1.3998213837859883,
rand_30V4815BMF_render_front.jpg,0.2,1.6700122370410149,
rand_EKXMNTW0VC_render_front.jpg,0.2,1.0,
rand_8XNSZGK39J_render_front.jpg,0.2,0.698719357350575,
rand_5ON6A0F107_render_front.jpg,0.2,1.3844800183790542,
rand_AYDHRKE416_render_front.jpg,0.2,1.5460261475946375,
rand_KIR47Q5XTP_render_front.jpg,0.2,1.2795311978920503,
rand_PTVZXH2K8P_render_front.jpg,0.14279315648205593,1.5785380474041202,
rand_TD1NMQCD1K_render_front.jpg,0.2,1.2525145167412444,
rand_8YZSFAW4NT_render_front.jpg,1.4612527239618467,0.8067186103456367,
rand_MG2MRYIMND_render_front.jpg,0.29926407438856883,0.7673921915502588,
rand_U3Z73ZK426_render_front.jpg,0.2,1.0,
rand_HNB9F3ZGQR_render_front.jpg,0.8156892471060639,1.0347264447714073,
rand_6F8HMQH5XO_render_front.jpg,0.2,1.32094297270856,
rand_H90UH1BYG3_render_front.jpg,0.6194511751655043,0.9069699407060299,
rand_TIQGHX20MH_render_front.jpg,1.699803012835706,1.0,
rand_7M1B3G6YLZ_render_front.jpg,0.2,0.8032242785986983,
rand_8ZR004JUK5_render_front.jpg,0.2,1.3107241757809507,
rand_M3QPPI6U2V_render_front.jpg,1.0046290877001953,1.0,
rand_N36IX1D20W_render_front.jpg,0.2,1.0,
rand_8XZU4JNH5W_render_front.jpg,0.2,1.8513908582587622,
rand_EXZ643SOW9_render_front.jpg,0.2,1.0,
rand_NH14SNBQFO_render_front.jpg,0.2,1.0508449613944293,
rand_QI113VG552_render_front.jpg,0.2,1.0,
rand_59Z5DQSN4B_render_front.jpg,0.2,1.8198595664313704,
rand_RS95QBNS71_render_front.jpg,0.2,1.3381989375473677,
rand_1ATXP6ENDE_render_front.jpg,0.2,1.0,
rand_9AAYIPZVJW_render_front.jpg,0.2,0.9802055240402263,
rand_O006OLUBHT_render_front.jpg,0.2,1.5144458292251357,
rand_B6ZO8UTRXX_render_front.jpg,0.0992699269515076,1.4713982367360943,
rand_I576YLPWA8_render_front.jpg,0.16554182028528897,1.9118310943067476,
rand_AA4A593E9S_render_front.jpg,0.23746946668894342,1.5314620279016122,
rand_JNQM3QSI7R_render_front.jpg,1.1716734277224676,1.3443392349487207,
rand_73F0N2Z9UQ_render_front.jpg,0.2,1.5458980418340802,
rand_R19OHQZ77W_render_front.jpg,1.1003908828279676,0.7449603886791718,
rand_D2PN22UUZW_render_front.jpg,0.2,1.0,
rand_O2LYAPEBBZ_render_front.jpg,0.2,1.7005285460522368,
rand_YZHXDY9WNI_render_front.jpg,0.2,1.0134748559066915,
rand_SNGDON1NQG_render_front.jpg,0.2,1.0,
rand_JTHPXEYOLV_render_front.jpg,0.2,1.0,
rand_WYSUNY93UE_render_front.jpg,0.052215969137729745,1.4362548997699907,
rand_CSRT1CSXVB_render_front.jpg,0.48511054996904424,1.696289330148464,
rand_YDY45XSZI0_render_front.jpg,0.2,1.094669339313739,
rand_HD15BLII8V_render_front.jpg,0.2,1.7100851621862083,
rand_TBFAFQ4KQZ_render_front.jpg,0.2,1.4756754180163563,
rand_MPV0MZJMX7_render_front.jpg,0.2,1.0,
rand_M5UV38NLL7_render_front.jpg,1.2947921382840255,1.0,
rand_I3RMFWGOOF_render_front.jpg,0.2,1.1374053340023635,
rand_PS9I7ME5DV_render_front.jpg,0.2,0.4273547225629923,
rand_5QAGF6FMUC_render_front.jpg,0.8671684323252271,0.8251350078957596,
rand_16P94TSNVE_render_front.jpg,1.3185111946009076,1.2417224556133126,
rand_O5XVBRCKUI_render_front.jpg,0.2,1.877112637092469,
rand_X90MPK9FPK_render_front.jpg,0.9112719423498932,1.0,
rand_4FIT41GWOP_render_front.jpg,1.7035098093248413,1.156888451182496,
rand_3AU8D8P2KL_render_front.jpg,0.3618400192641915,1.8518067357093073,
rand_LV8LX0Q9RE_render_front.jpg,0.2847609232164643,1.0,
rand_ED395J71AM_render_front.jpg,0.2,1.5316012038267732,
rand_D7CJSOBAJN_render_front.jpg,1.3372099471020857,1.7700327536428364,
rand_IOASGXNQ5L_render_front.jpg,1.314365144951152,1.0,
rand_RFMX0TFWKL_render_front.jpg,0.2,1.0,
rand_5P3B6RED6L_render_front.jpg,0.2,1.0,
rand_2KO21GH4KR_render_front.jpg,0.2,0.5433210661468236,
rand_N7079IV8BF_render_front.jpg,0.2,1.8829555221068608,
rand_0PKJZ47Y56_render_front.jpg,0.2,1.0,
rand_GMCE42P6R5_render_front.jpg,0.2,1.0,
rand_TR0T9TKMJQ_render_front.jpg,0.2,1.1828320428407124,
rand_NC5C1PDN0B_render_front.jpg,1.2311332061455775,1.355569479274577,
rand_GF33K539RU_render_front.jpg,1.3572344561400087,1.0,
rand_56DHQSF4PV_render_front.jpg,0.6334068000547364,1.0,
rand_Y0UCUWX79H_render_front.jpg,0.2,0.75653816253228,
rand_TLI1DSTSJC_render_front.jpg,0.2,0.29316571510050365,
rand_258W5BARKH_render_front.jpg,0.6371899539622943,0.485034413549544,
rand_7EDWL8GRWA_render_front.jpg,0.2,1.4148963348252888,
rand_IQTJS3SA21_render_front.jpg,0.2,1.0,
rand_FUFT5H64P8_render_front.jpg,0.2,1.6318678987931088,
rand_XKWOLUKU3C_render_front.jpg,0.2,1.5563972798441519,
rand_HKLR4HWH7W_render_front.jpg,0.2,0.8417226737141352,
rand_W7OC13S2S5_render_front.jpg,0.2,1.408839683461064,
rand_AHRT3669JS_render_front.jpg,0.2,1.0,
rand_WIOEOBB0ZX_render_front.jpg,1.812102930954743,1.0055155878265145,
rand_WU5VEOUUZS_render_front.jpg,0.2,0.24613381152368874,
rand_CYV2S453DF_render_front.jpg,0.2,1.0,
rand_DGPV3BF6R6_render_front.jpg,0.2,1.5959975098163834,
rand_ZH0ZZ5KC2W_render_front.jpg,1.5643451344212387,1.4706044930488644,
rand_CBS9N8T42H_render_front.jpg,0.2,1.0,
rand_T5VM4IBI2M_render_front.jpg,0.2,1.9800058441433597,
rand_PCLIIBCZBY_render_front.jpg,0.2,1.0614140093471225,
rand_09V9CIFX5E_render_front.jpg,0.2,1.9267556845193212,
rand_KPP9V65447_render_front.jpg,1.2172469643449313,1.0,
rand_TUJ8D1ZREK_render_front.jpg,0.2,0.4408890134105844,
rand_0UWAC9MSFE_render_front.jpg,0.2,1.0,
rand_ZBIGVLPRC4_render_front.jpg,0.2,1.5574439731034893,
rand_E4MQ6P9HPF_render_front.jpg,0.33404382879347505,1.1306803365949272,
rand_7LUZ70LAA6_render_front.jpg,0.2,1.0,
rand_D4ZZFPQJMT_render_front.jpg,0.2,1.0,
rand_G8AF7LEVND_render_front.jpg,0.625233681318645,1.6685672019306692,
rand_D4WTYT0XBE_render_front.jpg,0.2,0.6592588101771193,
rand_L5WTA8WF04_render_front.jpg,0.2,0.5692188679126737,
rand_OGC92Z9YQO_render_front.jpg,0.2,1.0,
rand_3SA4C3I2T2_render_front.jpg,0.2,1.0,
rand_SZIVWZ6GYM_render_front.jpg,0.2,0.22895658588156173,
rand_LPU6VCOFA0_render_front.jpg,0.45670738946826606,1.151050219571911,
rand_EQLO4M66U2_render_front.jpg,0.2,0.7576879903228437,
rand_DEKSDDAGRH_render_front.jpg,0.04484227257025308,0.6885604625468359,
rand_F5XAW99SVH_render_front.jpg,0.2,1.0,
rand_3CWAI3O3ZZ_render_front.jpg,0.2,1.687759356723192,
rand_9V4K738672_render_front.jpg,0.2,0.5657890639019498,
rand_0T0TI3VUMT_render_front.jpg,0.27587265732692035,1.3414879535267739,
rand_W1JYZH1SOR_render_front.jpg,1.482098659694223,1.240750603718931,
rand_NPD80IMWVH_render_front.jpg,0.2,0.9337315805084367,
rand_KVU56ONE7Z_render_front.jpg,0.2,1.0,
rand_X0VSV3MR6E_render_front.jpg,1.0065611242489159,1.5926251216767944,
rand_6VF5X3E1NB_render_front.jpg,0.2,1.0,
rand_C4VQ6JIUFS_render_front.jpg,0.2,1.0,
rand_D5E8OMQ9XA_render_front.jpg,0.2,1.7190659346478518,
rand_PKWIYHCKB9_render_front.jpg,1.3316257017312465,1.1487610470981315,
rand_D5HG48C9NN_render_front.jpg,1.6282950310774915,0.7987135560010961,
rand_1JGSONFALQ_render_front.jpg,1.2783274839838068,1.0,
rand_O65KWA3LVQ_render_front.jpg,0.2,1.5049288037677466,
rand_1Z4IMKM9ZT_render_front.jpg,0.1588019941899692,1.0,
rand_W29TA9V048_render_front.jpg,1.8708155475364823,1.0,
rand_XDKRLUC95Z_render_front.jpg,0.06411898787847292,0.4689611697332813,
rand_DXJS62ROX5_render_front.jpg,0.20240574286893231,1.096864662998923,
rand_KB10IUVVJH_render_front.jpg,0.2,0.8166298582338603,
rand_XURQZS81SY_render_front.jpg,0.2,1.7997049325254983,
rand_R6OX3KNOAY_render_front.jpg,0.4498409674555728,1.0,
rand_UL9R0TH4F3_render_front.jpg,0.2,0.34928442463635506,
rand_JSXI1TUD7U_render_front.jpg,0.2,1.0,
rand_QE1XGFBFET_render_front.jpg,0.7565326746878211,1.7146212889594787,
rand_EXE53952V8_render_front.jpg,0.2,1.9705260492042094,
rand_P62G0QJ6BA_render_front.jpg,0.8776542627600961,1.0,
rand_Y0RDIN39MW_render_front.jpg,1.44863210164224,1.1855009816319573,
rand_LYDXE82XOI_render_front.jpg,0.2,1.0,
rand_XAWFU3IYMX_render_front.jpg,0.2,1.0,
rand_H9KQ3KO2VL_render_front.jpg,0.9065435583847725,0.8505980208761483,
rand_CVF0N4FTJJ_render_front.jpg,0.2,1.0,
rand_FHO1JU4S0T_render_front.jpg,0.2,1.0,
rand_IRGZECGSAI_render_front.jpg,0.4618999941408015,1.0,
rand_S9813Y4P5C_render_front.jpg,0.2,1.3772228059036538,
rand_BAL2KO4Q62_render_front.jpg,0.2,0.2057174270380886,
rand_69LB9LNXAJ_render_front.jpg,0.2,1.4714049999964376,
rand_28Y9ZV7P4R_render_front.jpg,0.2,1.0,
rand_GLQQ94WR0I_render_front.jpg,1.2148696498797247,1.0,
rand_0UZW3TEBKT_render_front.jpg,0.2,1.2264809001514851,
rand_GD1NH8M8LP_render_front.jpg,0.2,0.8279873763792958,
rand_G75JVA1WZO_render_front.jpg,0.2,0.5811318800180634,
rand_WFHOTMJGET_render_front.jpg,0.547668048945394,1.1375968977605357,
rand_7K7EWWCX9K_render_front.jpg,0.2,1.0,
rand_K59D0SLI5B_render_front.jpg,0.2,0.4657893736037796,
rand_MRNE7IMH83_render_front.jpg,0.2,1.0,
rand_NYYDON4PMF_render_front.jpg,0.25553980254120523,0.32337708149577465,
rand_VIRY4PWEHA_render_front.jpg,0.6682379322659384,1.0,
rand_XSG3PZPHCM_render_front.jpg,0.2,0.8028999457640011,
rand_U8DM09PS80_render_front.jpg,0.2,1.6436015004661435,
rand_73NKBD3N21_render_front.jpg,0.2,1.7239936301057022,
rand_1WROKZEHC8_render_front.jpg,0.2,1.0,
rand_YVYNW00CPQ_render_front.jpg,0.011918667109321213,1.7199880356376147,
rand_YOIOPZS3LE_render_front.jpg,0.2,1.0,
rand_IECJGJPB4D_render_front.jpg,0.2,1.0,
rand_DKUWXH58PQ_render_front.jpg,0.2,1.110356006948134,
rand_1RZCYWNNZU_render_front.jpg,0.2,0.8883592245372129,
rand_DC80KVUJQC_render_front.jpg,0.2,0.6937326205431518,
rand_PXMKJDO9I4_render_front.jpg,0.2,1.4659739816813033,
rand_D2RQRI1ZWS_render_front.jpg,0.2,1.0,
rand_HKG4VNO2LI_render_front.jpg,0.29085960284116164,1.7348918144540069,
rand_YNFUBTN2LK_render_front.jpg,0.2,0.7448250187878929,
rand_HSVB212L0H_render_front.jpg,0.7919738941720611,0.37606463203329926,
rand_GC5Q2BO3FR_render_front.jpg,0.008193640200099273,1.4927882068029548,
rand_ZQ2FLIYVQL_render_front.jpg,0.0567741929029546,1.0324732462241506,
rand_5M024N6GM5_render_front.jpg,1.8213209852627206,1.0,
rand_JIVK02ZRWT_render_front.jpg,0.2,1.310204103377001,
rand_SSSNMX6NRV_render_front.jpg,0.2,1.137319714154346,
rand_EGY19RZL0X_render_front.jpg,0.2,1.8573989868748613,
rand_YB21UO50VE_render_front.jpg,1.9472724200742557,1.393218591682923,
rand_RS2547M3CU_render_front.jpg,0.2,1.3192576637948337,
rand_L0QM7JA1FS_render_front.jpg,0.2,1.0,
rand_2PL6FNIXMP_render_front.jpg,0.2,0.8226023889670844,
rand_TQ2DG6JNXK_render_front.jpg,0.2,0.7475852253542932,
rand_L4IF5SRSXX_render_front.jpg,0.20046327696698185,1.0,
rand_7J2NR8QIY8_render_front.jpg,0.2,1.6704951328018613,
rand_X5FW7XH70N_render_front.jpg,0.2,1.3436181783471943,
rand_WCRGR3FKYU_render_front.jpg,1.2491136333192128,1.4529086670920703,
rand_PPV2PFREHR_render_front.jpg,1.300459979735482,1.0,
rand_G87VAAP8FP_render_front.jpg,0.2,1.0,
rand_CK7OZH7OOQ_render_front.jpg,1.8657291631847168,1.8866668907771245,
rand_9I94R1G06F_render_front.jpg,1.102668587101476,1.0,
rand_8QCKT870AV_render_front.jpg,0.2,1.0,
rand_SHW66G2GVE_render_front.jpg,0.03642735103964401,0.5886128947616549,
rand_CTK2QSY7DJ_render_front.jpg,0.2,1.8202218606727392,
rand_RAU6MPJEGC_render_front.jpg,0.2,1.1418874067471427,
rand_SK6U9B4V65_render_front.jpg,1.138794388552537,1.3846426719105476,
rand_O9TNL19U84_render_front.jpg,1.759552032968981,1.4323822867300078,
rand_6ZMGOCNXW2_render_front.jpg,0.2,1.827113816583487,
rand_0KPO5WFM2T_render_front.jpg,0.2,1.7349193832730698,
rand_I186M2ERY7_render_front.jpg,1.1783965208252496,1.305805408824144,
rand_KLMRNCWKVN_render_front.jpg,0.2,1.0,
rand_ISB9WP8J25_render_front.jpg,1.7362137746674662,1.0,
rand_VO1QYXZA85_render_front.jpg,0.7618601799219791,1.0,
rand_D96LKRZ5AX_render_front.jpg,0.2,1.0,
rand_MZTHIORI0Q_render_front.jpg,1.0625232270096476,1.0,
rand_L998PBTN16_render_front.jpg,0.2,0.9960778388448859,
rand_TDSC62TYE3_render_front.jpg,0.2,1.0,
rand_M88HWC8EJT_render_front.jpg,0.2,1.7866920610952288,
rand_0883WEOFDQ_render_front.jpg,0.2,0.32693901736868936,
rand_M6KITVXQC4_render_front.jpg,0.7383461411746359,1.0,
rand_TGCRHA9MCA_render_front.jpg,0.2,1.0,
rand_1XMAKOTWNU_render_front.jpg,0.2,1.1340811693985904,
rand_63Y57RO1JI_render_front.jpg,1.1777427236805709,1.0,
rand_H758EV0TMN_render_front.jpg,0.2,1.0,
rand_NWJPFUGUNM_render_front.jpg,0.2,1.5074666763426665,
rand_9ODW604A1O_render_front.jpg,0.2,1.0,
rand_NZ9PECLPED_render_front.jpg,0.2,1.0,
rand_LYE9X39EEN_render_front.jpg,0.41723147475008626,0.7539402077317903,
rand_2UKDX2V39O_render_front.jpg,1.5360696698125842,0.880979858650357,
rand_HGU8B48VE7_render_front.jpg,0.06996189033958844,1.0,
rand_II3XMGEYXT_render_front.jpg,0.2,0.6903059304880415,
rand_5QCO9OETP2_render_front.jpg,0.12991969997408637,1.0,
rand_TQ2VGNZZVW_render_front.jpg,0.6795126483584957,1.8464628106094156,
rand_OX1SG0G9D7_render_front.jpg,0.2,1.0,
rand_IAVSTXF47Z_render_front.jpg,0.2,0.5655236676409496,
rand_K3QY58G6ZK_render_front.jpg,0.2,1.740704537694264,
rand_CQ63OARFJX_render_front.jpg,0.2,1.155959031453932,
rand_0V45X4ELM8_render_front.jpg,0.2,0.34686477421743167,
rand_FGYACTY8LZ_render_front.jpg,0.2,1.0,
rand_GA4UHIK18H_render_front.jpg,0.2,0.8570066805506626,
rand_AH13F12A88_render_front.jpg,0.7618639098091369,1.617646206819564,
rand_MB9637EVHA_render_front.jpg,0.2,1.7570572194940486,
rand_BK7NCIOYEX_render_front.jpg,1.9967461218380647,0.5601177498438795,
rand_P5HH4DEXTV_render_front.jpg,0.2,1.0,
rand_11SEFBSFKK_render_front.jpg,0.2,1.1467064302069994,
rand_J13NZS2B2X_render_front.jpg,0.2,1.041699214751634,
rand_MZX519TX0C_render_front.jpg,0.2,0.9269330047905908,
rand_FE8IJXWNL6_render_front.jpg,0.2,1.2142966951749403,
rand_XKKVXIEYTX_render_front.jpg,0.2,1.0,
rand_YC1B8YL83A_render_front.jpg,0.2,1.0,
rand_782W8WFUA9_render_front.jpg,0.2,0.8695252210881594,
rand_5M1NUK28JU_render_front.jpg,1.4558808229882911,1.7115016307507365,
rand_YDZTOUWXAW_render_front.jpg,0.2,1.8415384719723242,
rand_VIN6JWWVW4_render_front.jpg,0.2,1.8176926727033746,
rand_86C7PHS5UR_render_front.jpg,0.2684523474180218,1.0,
rand_KQ0Q9YOZZ1_render_front.jpg,0.2,1.0,
rand_P52XGQHIPL_render_front.jpg,0.2,1.5498036305158212,
rand_Q8DWYCXDWU_render_front.jpg,0.2,1.0,
rand_3VVEOIHDZD_render_front.jpg,0.2,1.1343217486259316,
rand_FNH3ZV4JU1_render_front.jpg,0.2,1.0,
rand_DQ9TS1S4R7_render_front.jpg,0.2,1.9211407567066254,
rand_JGA96EXQ7D_render_front.jpg,0.2,1.0,
rand_Z15JEWZ6ZP_render_front.jpg,1.2452777364799403,1.0,
rand_OFG173G9OT_render_front.jpg,0.2,1.5622618998841042,
rand_XOXINB2IZ4_render_front.jpg,0.2,1.5402618466903018,
rand_59IOWT9HFB_render_front.jpg,0.2,1.0,
rand_4D1FWCDWVQ_render_front.jpg,1.503151522233739,1.0,
rand_NUGYD8JETN_render_front.jpg,0.6905902170229756,1.0,
rand_2M8H83CQJP_render_front.jpg,0.2,1.0,
rand_MTHKTLCG0I_render_front.jpg,0.2,1.0,
rand_F0SX2UDF99_render_front.jpg,0.2,1.0,
rand_TQJ04JGOL5_render_front.jpg,0.2,1.0,
rand_I2LT85MURF_render_front.jpg,0.2,1.184504002142137,
rand_C7Y5MRNONL_render_front.jpg,0.2,0.4639830736356142,
rand_K0S3JWZ6P7_render_front.jpg,0.2,1.179868880979196,
rand_AHIIOID70L_render_front.jpg,0.2,1.0,
rand_WYW3304UEH_render_front.jpg,0.12535009522370189,1.0,
rand_6FQXW3RQM4_render_front.jpg,0.2,1.0,
rand_FYYE8S51W3_render_front.jpg,0.2,1.0,
rand_OWKI3EQAV6_render_front.jpg,0.43866123658108536,0.29227036654012123,
rand_802E66UG8D_render_front.jpg,0.2,0.7276520608061776,
rand_HHY2L8W4RL_render_front.jpg,0.7816924547764736,0.6310811717829319,
rand_ISC4I0W5VP_render_front.jpg,0.8749699590298858,1.0,
rand_5GIMCJ3641_render_front.jpg,0.2,0.22767470031098386,
rand_6ICXDB68FO_render_front.jpg,0.2,1.0,
rand_SSJIJMSMY3_render_front.jpg,0.6056407677484041,1.8423924084259913,
rand_3XWD6PBRPA_render_front.jpg,0.2,1.6810762788124383,
rand_8J2FANKZH5_render_front.jpg,0.6234838261106626,1.0,
rand_00MP0SPHA4_render_front.jpg,0.2,1.3684208207088868,
rand_076MTWGQ6I_render_front.jpg,0.2,1.0,
rand_W4TNL0I061_render_front.jpg,0.2,1.0,
rand_ISTHXBOMVY_render_front.jpg,1.6935576755084243,1.0,
rand_OW5XOLKCVK_render_front.jpg,0.2,1.0,
rand_JSIQDO4R3Y_render_front.jpg,0.2,0.8975807404993739,
rand_295MPL3NTA_render_front.jpg,1.6592035968638676,0.7582292112221989,
rand_Q7OLN6GU42_render_front.jpg,0.6310841704541079,1.0,
rand_FKYMC7JY0P_render_front.jpg,0.2,1.359482004389573,
rand_YQV0N3PWI6_render_front.jpg,0.5063041669731756,1.0,
rand_IRIDVDNJMM_render_front.jpg,0.2,1.9816502896667312,
rand_RIQ8EJ5EWQ_render_front.jpg,0.2,0.5751069682814566,
rand_IBZ1EYSWTI_render_front.jpg,0.2,1.0976781216105138,
rand_T9O1Y90I58_render_front.jpg,0.2,1.6915945800752057,
rand_0A36YXPNV0_render_front.jpg,0.2,0.6414438807170433,
rand_QPUSBQUQ69_render_front.jpg,0.9929519909458924,1.6322266111029315,
rand_M08N81WSLI_render_front.jpg,0.2,1.743290864025497,
rand_Q9DLD6ODQJ_render_front.jpg,0.2,1.0,
rand_MBMMLBA4PL_render_front.jpg,0.2,1.4035324711828723,
rand_6YP9WLWKLZ_render_front.jpg,0.2,1.2568094543635644,
rand_EX9K0M1SOI_render_front.jpg,0.2,1.866569043382706,
rand_GAH6EPYIOH_render_front.jpg,1.282748137567775,1.9032775079826811,
rand_M3MIV5MHSV_render_front.jpg,0.7009876503344512,1.3414634952466904,
rand_3FH7S1RBYY_render_front.jpg,0.052829376736734934,1.3353206380109655,
rand_QBQES3XB65_render_front.jpg,0.2,1.0,
rand_QKWK6K778V_render_front.jpg,0.2,0.41996422762568886,
rand_CAFATIJOUG_render_front.jpg,1.9460863214213238,0.4886710023866953,
rand_M6TE0I5IY8_render_front.jpg,0.2,1.255088012973055,
rand_0CQVYOX5F6_render_front.jpg,0.2,1.8541211717546908,
rand_S6L7371WR0_render_front.jpg,0.2,1.0,
rand_Q3BDSUCNFD_render_front.jpg,0.30145423840038266,1.0,
rand_Z8V13566SC_render_front.jpg,1.1765894983378142,1.0,
rand_CHO6YXJLZ7_render_front.jpg,0.2,1.806984210018143,
rand_BKDZ7IXQOB_render_front.jpg,0.2,1.0,
rand_STKWLVHTWK_render_front.jpg,1.4695030146766344,1.86287437477628,
rand_CY1J8VFWBF_render_front.jpg,0.2,1.0,
rand_YIW5QRSQWA_render_front.jpg,0.2577547071575732,0.9235429811689038,
rand_1TF1L7S7X0_render_front.jpg,0.2,1.1370371314351067,
rand_VU2GJ52O9H_render_front.jpg,0.2,1.5090953940296012,
rand_2OVWTM2Q1G_render_front.jpg,0.2,1.0,
rand_B3LVICPNW3_render_front.jpg,0.29194033403485675,1.0,
rand_94GEJP55IM_render_front.jpg,0.13396991785570478,1.0,
rand_D47IC19U3L_render_front.jpg,0.2,1.2719770608983567,
rand_YX2E90YM1N_render_front.jpg,0.2,1.9846348739835489,
rand_PEZGWPJ8VV_render_front.jpg,1.2432426042810376,1.5964055678945348,
rand_EXQF39ZOIO_render_front.jpg,0.2,1.0,
rand_QLQB0MDJ1G_render_front.jpg,0.2,0.7142533939501357,
rand_PAQ9VC9BRJ_render_front.jpg,0.16650061995026189,1.0,
rand_WJQFFN53VW_render_front.jpg,0.2,1.0,
rand_T2I7G3T329_render_front.jpg,1.1088246722191002,0.6193044581871765,
rand_NT19SEZ4XS_render_front.jpg,0.38227561899685947,1.499371847936578,
rand_75QWDYNUFM_render_front.jpg,0.2,1.9723585030557003,
rand_6V0M1JFODS_render_front.jpg,0.19957334185298303,1.0,
rand_KVZN7YY3GG_render_front.jpg,0.2,1.0,
rand_K84JDX3STO_render_front.jpg,0.9896076744795022,1.2561701810338082,
rand_X0F8A9482H_render_front.jpg,0.2,1.0,
rand_9RIWXOBQ2J_render_front.jpg,0.2,1.0,
rand_OW4J5K56GX_render_front.jpg,0.2,1.0,
rand_85XMLD2RVG_render_front.jpg,0.2,1.0,
rand_HDRVALGM5A_render_front.jpg,0.2,0.9615637252574782,
rand_OKALK46GBC_render_front.jpg,1.0435469400513842,1.0,
rand_RAXVPGNFR2_render_front.jpg,0.2,0.4812596357571844,
rand_N3G9OVQEL2_render_front.jpg,0.6498299726512176,1.0,
rand_442JHWNKNM_render_front.jpg,1.762631938218943,1.0,
rand_NBFGBPYVQV_render_front.jpg,0.2,1.0,
rand_V53FDTJ6MM_render_front.jpg,0.2,1.083093303340196,
rand_I224ROMXLR_render_front.jpg,0.8622020191700961,0.8765159113772645,
rand_CQ4PHOFFGO_render_front.jpg,0.2,1.0,
rand_3NJCAZUH8Y_render_front.jpg,0.2,0.2506700061509502,
rand_C53T3CRBVD_render_front.jpg,1.8112689189088675,0.9190490816506782,
rand_IM94PF69RI_render_front.jpg,0.2,0.8715518567682985,
rand_MVX41L21A2_render_front.jpg,0.2,1.637201661106041,
rand_VUXR400V92_render_front.jpg,0.2,1.0373185513350893,
rand_L5YPOBUUA0_render_front.jpg,1.9853832602506627,1.0,
rand_6NGZQ6EDJS_render_front.jpg,0.2,0.794237085571941,
rand_CK0TK3OC8C_render_front.jpg,0.6409768546557519,1.9567197695463436,
rand_MQV7T2KSLZ_render_front.jpg,0.2,1.2039349034611617,
rand_UM4PM282SW_render_front.jpg,0.2,1.0,
rand_DCCEXATI2I_render_front.jpg,0.2,1.0,
rand_6B1DRJ8GPA_render_front.jpg,0.03813152337120207,1.0,
rand_0HO5R8VDXW_render_front.jpg,0.2,1.0,
rand_LRZP24KHZF_render_front.jpg,0.2,1.8951257563322252,
rand_WASNS3KNMU_render_front.jpg,0.2,1.6041971093149745,
rand_T61RUMQLV5_render_front.jpg,0.2,1.0,
rand_15UI38FJ0Q_render_front.jpg,0.2,1.0,
rand_C2SGK4LR5L_render_front.jpg,0.2,1.0,
rand_BIWAIVFQCZ_render_front.jpg,0.2,1.0,
rand_4TRJ5YJIR5_render_front.jpg,0.2,1.0,
rand_NACMFUFF06_render_front.jpg,0.2,1.4852331352621904,
rand_XNWQ8Q5KGX_render_front.jpg,0.2,1.0,
rand_O0XNS2LFXY_render_front.jpg,0.856004331476587,1.3740991863226053,
rand_RAT1TXZ2WJ_render_front.jpg,0.2,0.6946629555288919,
rand_IELMIZ3BG4_render_front.jpg,0.2,1.0,
rand_Q9N4H20NAF_render_front.jpg,0.2,1.0,
rand_P9CM7RF9M5_render_front.jpg,0.2,1.0,
rand_8W06B9QH7E_render_front.jpg,0.2,1.7036432467548488,
rand_GHGGX2L06M_render_front.jpg,0.22245941266003166,1.0,
rand_Z4BZVJQ7B1_render_front.jpg,0.2,0.25712510276716755,
rand_0XE7PZWP00_render_front.jpg,0.2,1.8185293622467034,
rand_QI8KE6BVQW_render_front.jpg,1.9996417026177584,1.4995542824174273,
rand_HXRQ5GP3VV_render_front.jpg,0.2,1.0,
rand_I01M3ZPXTP_render_front.jpg,0.6797883950287056,1.0,
rand_T53824S90D_render_front.jpg,1.6387761784020625,1.8590415155698057,
rand_EB84WSPCAC_render_front.jpg,0.2,1.0,
rand_E9JRUFGYEV_render_front.jpg,0.2,0.9650796997700257,
rand_CJC061HJB7_render_front.jpg,1.117760221502283,0.8743185288174877,
rand_NR2QDVL0ZP_render_front.jpg,0.2,1.0,
rand_IKUCAK0Q0W_render_front.jpg,0.2,1.0,
rand_E5R1ECE9TS_render_front.jpg,1.1504446458618007,1.2441125463933729,
rand_IUW2KQMSX4_render_front.jpg,0.2,1.0,
rand_2XM4H1KF61_render_front.jpg,0.2,1.0,
rand_Y8G6KT8PDA_render_front.jpg,0.31402131660969035,1.0,
rand_HE09HMT17L_render_front.jpg,0.2,0.5485345205420802,
rand_MXOH2TCZ3S_render_front.jpg,0.2,0.4062814445018462,
rand_VFVTQX43IT_render_front.jpg,1.0020593894789092,0.9229269421191126,
rand_I5P6TWR8MM_render_front.jpg,0.2,0.9921057352228666,
rand_IJEL450E21_render_front.jpg,0.43910949141731925,1.0,
rand_SE5SVYX6S0_render_front.jpg,0.2,0.8828556197224182,
rand_5LFGFPCDEN_render_front.jpg,0.7955102185763643,0.5419998380289537,
rand_4XTNP0MTHK_render_front.jpg,0.2,1.0,
rand_2MUE6Q5UAI_render_front.jpg,0.2,0.5365482676634117,
rand_J1DIQCL2YR_render_front.jpg,0.2,1.0,
rand_4YUSBEKIEW_render_front.jpg,0.2,1.6631831315918024,
rand_WYY351GXAE_render_front.jpg,0.2,1.9808658965166195,
rand_4JVERS4NK0_render_front.jpg,0.2,0.8786333835025582,
rand_QHAMR0JPLK_render_front.jpg,0.2,1.0,
rand_AJUHXZ7F9N_render_front.jpg,0.2,1.253462903879393,
rand_MQKH3U0203_render_front.jpg,0.2,1.0,
rand_ZJ77Z136KR_render_front.jpg,0.2,1.0,
rand_KFB8U8SQES_render_front.jpg,0.05697244061861961,1.0,
rand_K9WTPAA26X_render_front.jpg,0.2,0.818770653192306,
rand_TJBPZVY36S_render_front.jpg,0.2,1.2047147433861622,
rand_P9J4JXJ4K0_render_front.jpg,0.2,1.0,
rand_9LKKMFT8XC_render_front.jpg,0.2,1.0421393688610197,
rand_UO6ZTBSURI_render_front.jpg,0.2,1.6251489743750163,
rand_A7BSBSGXNP_render_front.jpg,0.2,0.8553656183605416,
rand_6DIY7RYHX5_render_front.jpg,0.2,1.0,
rand_8OACSOKB0F_render_front.jpg,0.2,1.7447969690464609,
rand_I7KI6RMSWK_render_front.jpg,1.5557299171362515,0.4766753175616762,
rand_ZEMZ1S7MIC_render_front.jpg,0.2,1.2768338543814959,
rand_549V0PON6E_render_front.jpg,0.2,1.0,
rand_G9ZOGMVY3A_render_front.jpg,1.2206087830454109,1.5539937039321106,
rand_314WIE6LW0_render_front.jpg,0.2,1.0,
rand_Q3T78WWVBI_render_front.jpg,0.2,0.4558899200852663,
rand_JZP284M0IH_render_front.jpg,0.8825877431378286,1.0,
rand_ANU1M4ORQU_render_front.jpg,1.6035581119658964,1.0,
rand_68K47Z9S3O_render_front.jpg,0.43301729238558506,1.4652301676018644,
rand_1ETXMH92AU_render_front.jpg,0.5715581041378646,1.0516186600340165,
rand_CV94M47O2P_render_front.jpg,1.3868397525211582,0.5816974209666417,
rand_29EZKNAJZD_render_front.jpg,0.2,1.064576435446418,
rand_H3DUIFBZAJ_render_front.jpg,0.2,0.9232775497083812,
rand_E14SF4QEZ5_render_front.jpg,0.2,1.0,
rand_V44MR6N4MR_render_front.jpg,1.2669253942682779,1.0,
rand_7BDSK9UJ2F_render_front.jpg,0.8328542018690872,1.3802971554037229,
rand_V13E33KUFF_render_front.jpg,0.2,1.0,
rand_BQNZQZQ4Z7_render_front.jpg,0.1341464390073024,1.0,
rand_5VSZ5KNQOL_render_front.jpg,0.2,1.454023537747548,
rand_DL8BGX74NP_render_front.jpg,0.2,1.0,
rand_5V1GJ9H10Z_render_front.jpg,0.2,1.0,
rand_WKZ1JVZZAN_render_front.jpg,1.0873266289536556,1.4986563578267125,
rand_YJ4G3WMVCC_render_front.jpg,1.8769975176745846,1.2206919472508084,
rand_K63KXTQ53J_render_front.jpg,0.7042819121181596,1.0,
rand_2W5DPAO0PS_render_front.jpg,0.3600778877936506,1.3020761251929243,
rand_G7MYB1LHDY_render_front.jpg,0.2,1.0,
rand_4TDRM5ETJZ_render_front.jpg,1.4419132224267286,1.0,
rand_FEU8BYO98Q_render_front.jpg,0.2,1.0,
rand_74UQUF5L6A_render_front.jpg,0.027379554701644215,0.28612492051163363,
rand_4DMWMGJKA2_render_front.jpg,0.2,0.5935013574322712,
rand_RJSWKGPNZE_render_front.jpg,0.2,1.0,
rand_V4ED1KTEDK_render_front.jpg,1.6686892760831238,1.0,
rand_VR2BYIUNLF_render_front.jpg,0.2,0.4998675151239052,
rand_MOU3I42XU1_render_front.jpg,0.2,1.6448962640368727,
rand_5EVQPI9O9P_render_front.jpg,0.7861946980216068,1.9711551065053505,
rand_LR2IXLJO41_render_front.jpg,0.2,0.6022288177656416,
rand_PUPY2XMQ98_render_front.jpg,1.933364488079464,0.3662494702514312,
rand_VWJVNT1MMH_render_front.jpg,0.2,0.24958451234897916,
rand_810HJ2IUOM_render_front.jpg,0.2,1.0,
rand_L0OE8HVCU4_render_front.jpg,0.2,0.8544598680135091,
rand_5EFJW8FQRB_render_front.jpg,0.2,0.202868100863452,
rand_UF7KNICR8Q_render_front.jpg,0.2,1.3258030787497805,
rand_WY85MNRE9X_render_front.jpg,0.2,1.0,
rand_8N7W3L6I0A_render_front.jpg,0.2886186359051741,1.962517473193278,
rand_6VU489FTTW_render_front.jpg,0.2,1.801119419314802,
rand_5A23DW4AFR_render_front.jpg,0.2,1.0,
rand_CUTPFV9EJ1_render_front.jpg,0.2,0.6527592222419056,
rand_G1Q6IVC263_render_front.jpg,1.7056898761903212,1.0,
rand_WPQ1PBRNLT_render_front.jpg,0.2,0.739300618286393,
rand_LMKEFQ5NFL_render_front.jpg,0.2,1.0,
rand_V6CV0231IC_render_front.jpg,0.2,1.8363320457906545,
rand_LZQWL0ML9U_render_front.jpg,1.0683583987670098,0.5442990426949235,
rand_WU8H44RUC5_render_front.jpg,0.9598617738875281,1.7984351887496692,
rand_J9FTXC1V8L_render_front.jpg,0.2,1.0,
rand_HULY4CJ4V0_render_front.jpg,0.14732307848895476,1.0,
rand_4JPYDZHBB3_render_front.jpg,0.2,1.0,
rand_2TDZTPXPTX_render_front.jpg,0.2,0.47636498089044543,
rand_HNWXDQKFKQ_render_front.jpg,0.2,1.0,
rand_H18UBG0939_render_front.jpg,0.2,1.0,
rand_7WTLIRGG9Y_render_front.jpg,0.2,1.2066401882400852,
rand_RFURI972TU_render_front.jpg,1.513598443033716,1.0,
rand_IAWF61Z1EO_render_front.jpg,0.2,0.7605426429240807,
rand_MHUTP5PAD7_render_front.jpg,0.2,1.0,
rand_ZH5WV43Q34_render_front.jpg,0.2,1.0,
rand_YHW3BSGL9G_render_front.jpg,1.180526179641907,1.0,
rand_YMP71YQ0Q7_render_front.jpg,0.2,1.0,
rand_EDOV8CMMAJ_render_front.jpg,0.2,1.5006523340862283,
rand_4D67COCM29_render_front.jpg,0.2,1.4100933138273941,
rand_96MW02R7UU_render_front.jpg,1.2325295496552107,1.0,
rand_C2A2VGWH6P_render_front.jpg,0.2,1.2527290325356129,
rand_WBCD432X11_render_front.jpg,0.2,0.47325288302593993,
rand_HIJW1V0Q8G_render_front.jpg,0.2,1.5175836193690297,
rand_6IVUY27J83_render_front.jpg,0.2,1.0,
rand_H6DS4H6STM_render_front.jpg,0.2,1.0,
rand_H40VUJ2T1I_render_front.jpg,0.2,1.0,
rand_HW663QK0YL_render_front.jpg,0.2,1.7274963145758522,
rand_HLJBO9BX72_render_front.jpg,0.2,0.4273028823056756,
rand_EO25989WJW_render_front.jpg,0.2,1.0,
rand_TLROKVCYFK_render_front.jpg,0.8175587104478996,1.0,
rand_MNQ2W37X3G_render_front.jpg,1.2253469663073953,1.0,
rand_V10NQ9AZSP_render_front.jpg,0.2,1.0,
rand_7XFIH1SO2C_render_front.jpg,0.2,1.0,
rand_ZTVKFE9PFQ_render_front.jpg,0.2,1.0,
rand_TMOPMD90WR_render_front.jpg,0.2,1.0,
rand_BFNTXLRXAK_render_front.jpg,0.2,1.0,
rand_ZX53FLK6UQ_render_front.jpg,0.3630729573258964,1.0,
rand_S60P08PMAD_render_front.jpg,0.2,1.7820547817143273,
rand_EOZE1BML80_render_front.jpg,0.2,1.5202623471876846,
rand_IMF0KIZV2H_render_front.jpg,0.2,1.0,
rand_MRAL3BPVRZ_render_front.jpg,0.40412799081655093,1.8036841977385916,
rand_QCGA98KNBR_render_front.jpg,0.2,1.9568613372869297,
rand_3L3E87Z5PT_render_front.jpg,0.2,1.3969556051134917,
rand_O94M4HJ817_render_front.jpg,0.2,0.732895270183485,
rand_YONPWN0SZ8_render_front.jpg,0.2,1.3260763315708053,
rand_0PCAAYP11J_render_front.jpg,0.2,1.145815527147166,
rand_PJK0EWDO1A_render_front.jpg,0.2,1.0,
rand_8GF50XO1HM_render_front.jpg,0.2,0.60381664800434,
rand_DHVAFMOVXU_render_front.jpg,0.2,1.0,
rand_7NRL54NIF6_render_front.jpg,0.2,1.6013981635414096,
rand_TJ02GWEGPJ_render_front.jpg,0.2,0.451257544919128,
rand_TJN8R2VV4X_render_front.jpg,0.2,1.0,
rand_XCBM5C6HYG_render_front.jpg,0.2,0.6504674877269747,
rand_VYH80EH2A2_render_front.jpg,0.2,1.0,
rand_85IXFH0X5C_render_front.jpg,0.6034632141032228,1.0,
rand_NOLX4V40CV_render_front.jpg,0.2,1.931237709721352,
rand_1V8RADMOM3_render_front.jpg,0.2,1.982722569641437,
rand_HLXE55DKF6_render_front.jpg,0.2,1.4226112583661512,
rand_XLXIBLW5GF_render_front.jpg,0.2,1.3976217478605706,
rand_C4ICKB4HVR_render_front.jpg,0.2,1.3741391827580756,
rand_EPLXQLN3FA_render_front.jpg,0.2,1.0,
rand_5FHPHDE1JU_render_front.jpg,0.2,0.7763287459789534,
rand_F3OT73RNC7_render_front.jpg,0.2,1.2310790038857238,
rand_7FZAQG20A5_render_front.jpg,0.2,1.0,
rand_A9B1Y2PB58_render_front.jpg,0.2,0.38790990714007945,
rand_B73SRBUL8I_render_front.jpg,0.2,1.3948184247891349,
rand_7XEZW1FR0P_render_front.jpg,0.2,1.6484495866282491,
rand_U9W0GC7OFQ_render_front.jpg,1.2262444536263215,1.0,
rand_Y9TCBGSP2K_render_front.jpg,0.2,1.0,
rand_I52E370U6A_render_front.jpg,0.2,1.2988662997490936,
rand_3IYUS7KF9N_render_front.jpg,0.2,1.2427811956511032,
rand_ENTN935VTE_render_front.jpg,0.5848579907237643,1.0,
rand_GG0PIQZXP9_render_front.jpg,0.2,1.8918274024705777,
rand_X2J3567CGB_render_front.jpg,1.2587764892099347,1.7255801131730264,
rand_AB5C9KLAQ6_render_front.jpg,0.7141083457086881,1.4804995930096514,
rand_93EVXHOPS0_render_front.jpg,0.2,1.6219399203623612,
rand_7M0F5UV2DQ_render_front.jpg,0.14834253241042017,0.23418225434388648,
rand_6YGLA0SDP1_render_front.jpg,0.2,1.56306330978049,
rand_KQEE02PCEL_render_front.jpg,0.2,1.8394802218627444,
rand_L17SBPM7JX_render_front.jpg,0.2,1.0,
rand_ADKJNG6X7G_render_front.jpg,0.15996293775405745,1.0,
rand_L36RWH3QCG_render_front.jpg,0.2,1.0,
rand_IAA7IEXHWL_render_front.jpg,0.2,1.3796822848395744,
rand_BWVKRE5BT0_render_front.jpg,1.6516246134697814,1.4086685291745051,
rand_IY1Z03QY54_render_front.jpg,0.2,1.0,
rand_HUNTO71Q76_render_front.jpg,0.2,1.0,
rand_N23MI6HUHB_render_front.jpg,0.1976372787696301,1.5288599930224236,
rand_YVWKWS9TF8_render_front.jpg,0.2,1.0,
rand_EAGYAI6YAL_render_front.jpg,0.2,1.0,
rand_2OJGLLAH3H_render_front.jpg,0.2,1.6564540830737415,
rand_CNRMO549GC_render_front.jpg,0.2,0.22818010260391414,
rand_5ZYYBY9ZIA_render_front.jpg,0.2,0.9131901016630095,
rand_KC07B3PWZX_render_front.jpg,0.2,1.0,
rand_RQMVMRX1HB_render_front.jpg,0.2,0.9546651837940929,
rand_G2JJHLY6PO_render_front.jpg,0.2,1.0,
rand_1Y0YQ93QE1_render_front.jpg,0.9575708639630922,1.051350731442206,
rand_JD739LQKKB_render_front.jpg,0.2,0.8128739132713958,
rand_Y03LPZ367Z_render_front.jpg,0.2,1.6538569195772101,
rand_XN6WC70YOA_render_front.jpg,0.2691243018276632,0.31338007158021736,
rand_FUCR9P2XYT_render_front.jpg,0.2,1.4703467702044926,
rand_XHTFNAR3MA_render_front.jpg,0.2,1.0,
rand_3T9Z6P2DD0_render_front.jpg,0.2,0.7151075433278802,
rand_0NOC72K27D_render_front.jpg,0.11215724814368744,1.0,
rand_MKLSVOMBUE_render_front.jpg,0.2,1.0,
rand_WK8QW5YRW7_render_front.jpg,0.667884378174423,0.5499981948486352,
rand_92TKQPIJ33_render_front.jpg,0.2,0.5383714810084863,
rand_8Q72FAQVM6_render_front.jpg,0.3989619117907799,1.0,
rand_7CN2LNTO9H_render_front.jpg,0.2,1.0,
rand_EQE0XKW2TG_render_front.jpg,0.2,1.5108871364342562,
rand_LBCMVX4LDU_render_front.jpg,1.085753854954702,1.0,
rand_K174Z812FG_render_front.jpg,1.0526169413120703,1.0,
rand_4DMTRT5E50_render_front.jpg,0.6460032331724122,1.0,
rand_5PS4VXA1YC_render_front.jpg,0.4302091987893031,1.3360050205420546,
rand_FFJKFQVL9F_render_front.jpg,1.0948279237545921,1.0,
rand_IAHFR1GLSR_render_front.jpg,0.2,1.8662356863742406,
rand_OXHN46VBPB_render_front.jpg,0.2,0.8246185218136481,
rand_2E8HY3OO0H_render_front.jpg,0.2,1.0,
rand_FGYBO8NS4U_render_front.jpg,0.2,1.4674354854274159,
rand_HE2HIGEAYR_render_front.jpg,0.2,0.6825597970936436,
rand_MM3YZDCVY1_render_front.jpg,0.8730872722501011,1.158147510814006,
rand_3AK6THRIRM_render_front.jpg,1.7145517293800105,1.5818785626129968,
rand_JB0REFB0DE_render_front.jpg,0.2,1.7024620176027982,
rand_PJOJ22MZMV_render_front.jpg,0.2,1.2021969701728534,
rand_EB617XDS8X_render_front.jpg,0.2,1.0,
rand_BU897BJJ7M_render_front.jpg,0.2,1.7811192031291685,
rand_BXTLGG72GD_render_front.jpg,0.563245230953366,1.0,
rand_85XJSNLOUE_render_front.jpg,0.2,0.35672564960589026,
rand_QEAELP7XFT_render_front.jpg,1.1272232997527076,0.8281288914763365,
rand_B5QYLFAKNV_render_front.jpg,1.6188030844136059,1.0,
rand_B5LX6YDP0I_render_front.jpg,0.2,0.769281366315058,
rand_KDIMQ60HKM_render_front.jpg,0.2,1.0,
rand_ROWEN444CD_render_front.jpg,0.2,1.0,
rand_LZ4FDFBTRN_render_front.jpg,0.7075802764642412,1.0,
rand_3L73ZZWXWA_render_front.jpg,0.2,1.0,
rand_TK9I8PCGD5_render_front.jpg,0.38430301712434045,1.313755617069637,
rand_28R28NJ9TT_render_front.jpg,0.2,1.3971317748407222,
rand_O346LZEE0E_render_front.jpg,0.2,0.9448421040064516,
rand_2V6PI0FOKB_render_front.jpg,0.2,1.0,
rand_W4G8RIZ970_render_front.jpg,0.2553741673667116,1.0,
rand_PEFC71PQDF_render_front.jpg,1.3955402799331822,1.0,
rand_Y7H512MT2P_render_front.jpg,0.2,1.5227746774784816,
rand_FCQKRRQ1Z7_render_front.jpg,0.2,1.9598520941765747,
rand_XQKN4WBCSD_render_front.jpg,0.6643497555515225,1.5525925745639326,
rand_C0BNV7O135_render_front.jpg,0.2,1.6259733138477688,
rand_0MQTO8DP3W_render_front.jpg,0.2,1.5653039857876743,
rand_JFN0LLNEY3_render_front.jpg,0.2,1.0,
rand_41BMOKRYWT_render_front.jpg,0.579509723747822,0.8877118650488958,
rand_MKVKS9Q4IU_render_front.jpg,0.2,1.0,
rand_KNDUKPMVPE_render_front.jpg,0.2,1.4839325397717713,
rand_CSGYF4OHTO_render_front.jpg,0.2,1.0,
rand_JG4V7AYYOV_render_front.jpg,0.2,1.4531139725629958,
rand_5CD904XRYU_render_front.jpg,0.2,1.0,
rand_GTVO09TIYK_render_front.jpg,0.2,1.75731994029246,
rand_IP0BPTSBD0_render_front.jpg,0.2,1.0,
rand_XX16CACHLB_render_front.jpg,0.2,1.0,
rand_H6UHJL9DN1_render_front.jpg,0.2,1.8573929292510676,
rand_LPH3J3GA0D_render_front.jpg,0.4503297460823381,1.0,
rand_R7UK7GG1XX_render_front.jpg,1.6054447823993967,1.0,
rand_EKSBZXP8XR_render_front.jpg,0.2,1.0,
rand_UX1BEVCGVJ_render_front.jpg,1.431685167167564,0.7146634047363458,
rand_BHPZYV88FQ_render_front.jpg,0.2,1.6348569454284296,
rand_ECV0CWKJEM_render_front.jpg,0.5174895927745038,1.8444333364678236,
rand_6UROTSLW28_render_front.jpg,0.2,0.21311274515258083,
rand_GE527NS6IQ_render_front.jpg,1.7524959476819595,0.876499705534397,
rand_NXEYCPAL6L_render_front.jpg,0.2,1.0,
rand_SVF02J6EN2_render_front.jpg,0.2,1.3456878420037794,
rand_2JEIA5L9FF_render_front.jpg,0.2,1.0,
rand_OLA2HBBMND_render_front.jpg,0.3413207722140852,1.0,
rand_V59G7JM8FU_render_front.jpg,0.2,1.0,
rand_YGPSB07R1G_render_front.jpg,1.483249535724918,1.2037953725241601,
rand_WGZE9EDHST_render_front.jpg,0.2,1.7913966081461905,
rand_4Y88YQ405D_render_front.jpg,0.2,0.8217108194772056,
rand_25L0X2YZ67_render_front.jpg,0.0695438436055773,0.6914730165774534,
rand_ZLDNCUM0GY_render_front.jpg,0.2,1.3319868762022222,
rand_ITZUYYI7QG_render_front.jpg,1.3465230509039374,1.0,
rand_Q2OSNVNY3D_render_front.jpg,0.2,1.0,
rand_VFP9BK7347_render_front.jpg,0.2,1.2243675348796146,
rand_YNJ3C36NI8_render_front.jpg,1.1897014513546669,1.0,
rand_N8O24C8KWB_render_front.jpg,0.2,1.4531664769382093,
rand_E489IFV849_render_front.jpg,0.2,1.0,
rand_9IWN8XQ88U_render_front.jpg,0.2,1.9105997379637234,
rand_BTIJ463VC9_render_front.jpg,0.2,1.0,
rand_DGG86GBUL7_render_front.jpg,0.2,1.282759088515236,
rand_5Z55YC0I6V_render_front.jpg,0.2,1.7723956035794122,
rand_JWP9DEPCEX_render_front.jpg,1.5569617323442517,1.5283785804833,
rand_LZMP08913H_render_front.jpg,0.2,1.0,
rand_36T7IK65B4_render_front.jpg,0.2,1.0,
rand_SPH85AKNMR_render_front.jpg,0.4094385790682935,1.0,
rand_BR0I0C8F2C_render_front.jpg,0.2,0.9510478568448473,
rand_3HFY42MQ73_render_front.jpg,0.2,1.0712522043980315,
rand_YRWVIJ42BG_render_front.jpg,0.2,1.0,
rand_BYI64LYPS0_render_front.jpg,0.2,1.0,
rand_7Q1IIBDMHG_render_front.jpg,0.2,1.0,
rand_K27GURF2C8_render_front.jpg,0.2,1.0,
rand_5QRABYIBGQ_render_front.jpg,0.2,1.0,
rand_LGYYEILTVZ_render_front.jpg,1.3036861341767925,0.7024294494135144,
rand_B3FZYO072Y_render_front.jpg,1.476748368209996,0.45101984658635186,
rand_8VKRH4GRFM_render_front.jpg,0.2,0.859091222232627,
rand_R59YLAD0EE_render_front.jpg,1.9339208990005519,0.3456093117067799,
rand_6AFUZ6N9B1_render_front.jpg,0.8908809114511795,0.9624419572817902,
rand_H64DTNJTWK_render_front.jpg,0.2,1.0,
rand_Z7QR1GBFNJ_render_front.jpg,0.3408471183986075,1.3502501693273796,
rand_4RJVC059IV_render_front.jpg,0.46444095380640515,1.7026399048777028,
rand_ZCWPDFKPPV_render_front.jpg,0.2,1.0,
rand_VJYFGMTH33_render_front.jpg,0.2,1.5673649415002473,
rand_ISPSSLNNRD_render_front.jpg,0.15271296785908928,1.0,
rand_2W6WO62LBV_render_front.jpg,0.19490181368159853,1.0,
rand_C83HSRWIWT_render_front.jpg,0.2,1.0,
rand_3M9MOCLIXC_render_front.jpg,0.2,1.7439538078612644,
rand_FGNBCBL84I_render_front.jpg,0.2,1.6358448306896678,
rand_YGDNCM2BNH_render_front.jpg,0.2,1.089915752021975,
rand_8W021UMIPA_render_front.jpg,0.2,0.21972291122768883,
rand_L22GXECPVU_render_front.jpg,0.8105264018760368,1.0,
rand_NLUVW49PUQ_render_front.jpg,0.5421453249962314,1.0,
rand_1FN3SRD0XR_render_front.jpg,0.47146458754293574,1.0,
rand_BIM1DWZPXK_render_front.jpg,0.2,1.992438457572156,
rand_WEREAXF6DW_render_front.jpg,0.2,1.2551508606207482,
rand_J40ZV8I9I5_render_front.jpg,0.2,1.0,
rand_6JE5ISBRWU_render_front.jpg,0.2,1.0510260700042693,
rand_461EX89DF5_render_front.jpg,0.2,1.2708051443163577,
rand_9NLTF4R40F_render_front.jpg,0.2,1.1890106477287001,
rand_RXSGJUM9US_render_front.jpg,0.2,1.0,
rand_6VYW3KSGEJ_render_front.jpg,0.2,1.0,
rand_THRHK3XZJ5_render_front.jpg,0.2,1.7751953324735885,
rand_KL4A28KEMH_render_front.jpg,0.2,1.6922479763321878,
rand_5ODYFF21G1_render_front.jpg,0.2,1.0,
rand_37ELP037L5_render_front.jpg,0.8933658808155387,0.5898837460959101,
rand_TLCON907TC_render_front.jpg,0.2,1.4243658138476338,
rand_COMW8DRISI_render_front.jpg,0.2,0.9614044079858624,
rand_R0CDUO1XGC_render_front.jpg,0.834778892578512,0.7550275125020005,
rand_EXAX34UPJD_render_front.jpg,0.2,1.5384117535814648,
rand_NUUNO4436N_render_front.jpg,1.1865094369390314,0.7136865164857074,
rand_89D7BS639K_render_front.jpg,0.2,1.7332651479088488,
rand_LU5F3Q4E7K_render_front.jpg,0.2,1.0,
rand_JHCTVH3LCH_render_front.jpg,0.22912835076778615,1.2914559479207297,
rand_9K1SF35KU2_render_front.jpg,0.2,1.0,
rand_QS1KYPU2QF_render_front.jpg,0.2,0.7970470667944092,
rand_03UUHRKEYL_render_front.jpg,0.2,1.0038519749805976,
rand_AA9IEK2P7C_render_front.jpg,1.6977119851438631,1.8476837809669238,
rand_0WUYGUEFIB_render_front.jpg,0.2,1.6474776242498923,
rand_WRXVWK8J1Q_render_front.jpg,0.2,1.0,
rand_3MXTO8LD3G_render_front.jpg,0.08398810860465389,1.0,
rand_SV9YG8BNWC_render_front.jpg,0.2,1.8131438834271225,
rand_ZJB6D0GV56_render_front.jpg,0.2,1.329822296187506,
rand_NA2XBDLOMH_render_front.jpg,1.9246876691618893,1.0,
rand_GTCL0QBEIE_render_front.jpg,0.2,0.7607537070543136,
rand_ZZDZGUKVB0_render_front.jpg,0.2,1.1551039165107617,
rand_M58BDBU65O_render_front.jpg,0.2,1.0212305297778765,
rand_GYXKI95OGS_render_front.jpg,1.1560724096294677,0.5878638038581191,
rand_RTVX7RFXKQ_render_front.jpg,1.2076248769564983,1.0,
rand_440CNNU2R2_render_front.jpg,0.2,1.677269827482374,
rand_3YKPGXYGVG_render_front.jpg,0.2,1.213426644258815,
rand_JQIDNGB1E9_render_front.jpg,0.2,1.1498017462765684,
rand_FMTMWDN3BP_render_front.jpg,0.2,1.0,
rand_43EXXYWX5R_render_front.jpg,0.2,1.7638834306437388,
rand_4SW9OFG7CG_render_front.jpg,0.2,1.3573389355384773,
rand_HWW8H23Q72_render_front.jpg,0.2,1.0,
rand_6XGSUJQI4X_render_front.jpg,0.5881259079175651,1.5937134421188743,
rand_AZBYKKUGI8_render_front.jpg,0.2,1.3503579984503116,
rand_I20T52GTFT_render_front.jpg,0.9316254352356197,1.0,
rand_Y85UD5GHDR_render_front.jpg,0.31442710542046615,0.24523986639034928,
rand_Z3IFAISGKV_render_front.jpg,0.2,0.3439429990617705,
rand_LU0UE2Z4C2_render_front.jpg,0.02888655832265541,1.0,
rand_KCF5ME8773_render_front.jpg,0.2,1.0,
rand_GKLBY42P7K_render_front.jpg,1.924140853169433,1.0,
rand_JN1FUPQMXJ_render_front.jpg,0.2,0.8109645580155704,
rand_0FLZP5KRNR_render_front.jpg,1.1576995713690663,1.0,
rand_3S47AX5QNG_render_front.jpg,0.2,1.9741656419700295,
rand_R9U1VFI08N_render_front.jpg,0.16437552874674743,0.7695886036871948,
rand_NZN4C846A9_render_front.jpg,0.2,1.0,
rand_Z12YV57G0U_render_front.jpg,0.31069596788141873,1.954120250556648,
rand_44QS1HSR6P_render_front.jpg,0.2,1.1594076691654007,
rand_S7I6E4XF9C_render_front.jpg,0.2,1.1280635717424672,
rand_IQVZ9NT304_render_front.jpg,0.2,1.0,
rand_IIHVGMTAS5_render_front.jpg,0.2,1.3397387006408945,
rand_8ZGJS8A5UB_render_front.jpg,0.23398925180351315,1.0,
rand_QXK06MNX02_render_front.jpg,0.4342846203572277,0.7208236491457187,
rand_GDYWC3TKCJ_render_front.jpg,0.2,1.7723727304540484,
rand_WR2637ALGV_render_front.jpg,0.2,0.9610492958651646,
rand_2U6DO0WOU4_render_front.jpg,0.2,1.0,
rand_AP1D1NWIFZ_render_front.jpg,1.882550706827129,1.0,
rand_5FGHQVYZPU_render_front.jpg,0.2,1.0,
rand_EDN7RB0B4J_render_front.jpg,0.2,1.954065854847471,
rand_20UY60BYB1_render_front.jpg,0.2,1.0,
rand_ZOWVFNC6SZ_render_front.jpg,0.2,1.0,
rand_PN243XIG8J_render_front.jpg,0.2,0.49914278575942383,
rand_Y1BFZ38FFU_render_front.jpg,1.8399690695155035,1.548616002293344,
rand_XWNY84OU1V_render_front.jpg,0.5091168942871325,0.23222412825220315,
rand_TIWVVLSYND_render_front.jpg,0.2,0.7202474838633821,
rand_UQO9NJ1CYH_render_front.jpg,1.1755793104718335,1.0735253527049617,
rand_LYEHR8I1UU_render_front.jpg,0.2,1.0,
rand_EXZ1GJO3LQ_render_front.jpg,0.6671926562816402,1.3892514165313798,
rand_U8WJXSAIYC_render_front.jpg,0.2,1.6557695108151935,
rand_OYCUOVD1BO_render_front.jpg,0.2,1.0,
rand_SMIW5QDZM2_render_front.jpg,1.3828499748000072,0.9029561228208882,
rand_5OZD6JHWXW_render_front.jpg,0.41697752437400415,1.0,
rand_X982HMOMGH_render_front.jpg,0.2,1.355602159693971,
rand_BF4WQ3ZSXE_render_front.jpg,0.2,1.4117867895609082,
rand_LSHY72Q8AG_render_front.jpg,0.2,1.622378674324418,
rand_3GTAU45312_render_front.jpg,0.2,1.0,
rand_2HW0KFJ49O_render_front.jpg,0.2,1.0,
rand_PFTF0BIHJN_render_front.jpg,0.2,1.0,
rand_UPFVDYLVLM_render_front.jpg,0.2,1.0,
rand_DHE808JYSE_render_front.jpg,0.2,0.4165015471801573,
rand_2OPP4EQLWG_render_front.jpg,0.2,1.4482772208064136,
rand_GVL56PV1GQ_render_front.jpg,1.3282803405954022,0.7758805231942301,
rand_702JE9ZIXY_render_front.jpg,0.2,1.4993269331264212,
rand_79WUAI4ZIH_render_front.jpg,0.2,1.0,
rand_UYB6F8VFYE_render_front.jpg,0.2,1.0,
rand_EDFOIAN2TC_render_front.jpg,0.2,1.2719868552702438,
rand_140SIPQZRC_render_front.jpg,0.5144772496744214,1.0,
rand_5QJXNHYMAH_render_front.jpg,0.2,0.6691611964865053,
rand_AKNXKRTUAX_render_front.jpg,0.3376754818874117,1.5378959966134882,
rand_JAUMQ9JO0Y_render_front.jpg,0.2,1.1012583342395825,
rand_QE7IEM9QX9_render_front.jpg,0.2,1.4318242495860145,
rand_YJQWSHP67A_render_front.jpg,0.4440517006071085,0.26797660590578004,
rand_GYDI06DK68_render_front.jpg,0.2,0.7789950070378495,
rand_NSFQ1KPQ93_render_front.jpg,0.2,1.0,
rand_XPD43ODKHA_render_front.jpg,0.2,0.6966119215078117,
rand_SU6RS4SG05_render_front.jpg,0.038959057391130925,1.0,
rand_3PIV6QX2K8_render_front.jpg,0.2,1.6198003044699665,
rand_GEZE80YT1Q_render_front.jpg,0.2,0.9362721916772603,
rand_XCP2VUL5B1_render_front.jpg,0.2,1.6174295574599988,
rand_4ZYTUG9L1M_render_front.jpg,0.14089480910734187,1.5187705966851377,
rand_8MOOWKV6X8_render_front.jpg,0.2,0.9403004938566104,
rand_0KIRQ2KQZJ_render_front.jpg,0.2,0.5505913128996018,
rand_873QYY5JPZ_render_front.jpg,0.35057970834959895,1.5413755457035612,
rand_TA7H4AL7FC_render_front.jpg,0.2,1.7288708203678995,
rand_1COM1DGIXJ_render_front.jpg,0.2,1.061820869432225,
rand_V9S3CYQBSJ_render_front.jpg,0.33135224744067115,1.3197588586856017,
rand_HAI9QZNN6U_render_front.jpg,1.8251466980526296,1.6139210338455614,
rand_VDZ2TZ7ITI_render_front.jpg,0.2,1.3458975666252253,
rand_IDTJ8CGGOM_render_front.jpg,0.5547069653018324,1.5769852599988077,
rand_1Z61HPGUDS_render_front.jpg,0.2,0.23319552654771888,
rand_PCPNYLAM8A_render_front.jpg,0.33772435910432486,1.0,
rand_3KT4Q4TMFH_render_front.jpg,0.2,1.338498099112636,
rand_T0JTILYLYH_render_front.jpg,0.2,0.2796820474665076,
rand_T5AM6EISYG_render_front.jpg,0.2,1.0418491989842187,
rand_J8XGLUC63M_render_front.jpg,0.2,1.497161624436904,
rand_6A3P0TIRME_render_front.jpg,0.2,1.0,
rand_0O4KEYEZVM_render_front.jpg,1.987934263295461,0.7497226677439766,
rand_4EPGD865AX_render_front.jpg,0.2,1.7970275979468342,
rand_6J1WSYQNMD_render_front.jpg,0.2,1.5778993850848986,
rand_894APZALBM_render_front.jpg,0.2,1.0,
rand_TV95FERTAT_render_front.jpg,0.2,1.0,
rand_ROWNN61J1C_render_front.jpg,0.2,1.9332981669607183,
rand_JYCK1MHO51_render_front.jpg,0.2455918213467756,1.0,
rand_VV4HPI28V9_render_front.jpg,0.22026082372193168,1.0,
rand_06CZQRRGJD_render_front.jpg,0.23346016961723803,1.4306551243460923,
rand_3U0EYJ267C_render_front.jpg,1.5389561904815618,1.0,
rand_I2MHT3U1PS_render_front.jpg,0.2,1.0,
rand_I48WTLKBI4_render_front.jpg,0.2,0.809213795207774,
rand_1YDZJDD70B_render_front.jpg,0.2,1.8928512788601748,
rand_HKXE0XDGO6_render_front.jpg,0.2,1.0,
rand_H3IX6CI72M_render_front.jpg,0.16751148541034766,0.7352113704449312,
rand_3AKUJSCM6T_render_front.jpg,0.2849170109692418,1.0,
rand_PXWDW17OSN_render_front.jpg,0.2,1.0,
rand_OKD2FXF6VM_render_front.jpg,0.2,1.0,
rand_S93VPHN848_render_front.jpg,0.2,0.22400499766967866,
rand_87DZXC0RPK_render_front.jpg,1.3261682969506616,1.0,
rand_6OT9LU0JZO_render_front.jpg,0.9729145772610059,0.7389419132268022,
rand_4AFVVES4KY_render_front.jpg,0.2,1.0,
rand_DWEBDLNJL5_render_front.jpg,1.6151783830575972,0.9480395582408474,
rand_FJJ044I4UG_render_front.jpg,0.2,0.22919643127749756,
rand_W2RXXFVSRD_render_front.jpg,1.9798174261524555,1.0,
rand_T8J0G40LAY_render_front.jpg,0.2,0.5129655860562993,
rand_N69W4VNO4G_render_front.jpg,0.2,1.0390478523576403,
rand_KQCRDUOG3Q_render_front.jpg,0.2,1.0,
rand_ANX1VUUY9A_render_front.jpg,0.2,1.0,
rand_K09DOI2ERR_render_front.jpg,0.2,1.5811721355969783,
rand_PESRLUDNMQ_render_front.jpg,0.2309214682114935,1.0,
rand_K8GI7YKS1Z_render_front.jpg,0.2,0.7282016206483903,
rand_LSVDGG5JSM_render_front.jpg,0.2,1.0,
rand_R55RNOHUQV_render_front.jpg,0.2,1.0,
rand_JLOMI9UOEF_render_front.jpg,0.2,0.8450953025721539,
rand_J1VCZTKDYF_render_front.jpg,0.2,1.639981295161314,
rand_MAOGF0UKL5_render_front.jpg,1.185848957262286,1.0,
rand_E8LH4S8Z50_render_front.jpg,0.2,1.242120069412847,
rand_JRU48WWTUZ_render_front.jpg,0.2,1.0,
rand_FD8TIMEXLZ_render_front.jpg,1.3138432871738126,0.7177993141492283,
rand_T7089TWMOB_render_front.jpg,0.2,0.6509160070478631,
rand_MZT95V5W7F_render_front.jpg,1.4359243946499773,0.7981918441755576,
rand_JWSYXVA3L4_render_front.jpg,0.2,1.0,
rand_5UH4081937_render_front.jpg,0.31659832956870204,1.2952337249226242,
rand_E2Q3XT7NM9_render_front.jpg,0.2,0.5914024673040271,
rand_U19OSGMPS0_render_front.jpg,0.5266847485465336,1.3001230409530353,
rand_3RVDKKDWT7_render_front.jpg,0.2,0.8578560187950401,
rand_O0FBWM1OK8_render_front.jpg,0.2,0.8325225668745355,
rand_7OIAYPLS8E_render_front.jpg,0.2,1.0,
rand_EQZ9LQDRPO_render_front.jpg,1.6099179678120301,0.31429474418747083,
rand_JAM1QIE3I3_render_front.jpg,0.2,1.8692672296795179,
rand_QTDHLTWKQA_render_front.jpg,1.2918281923577513,1.2809017571398147,
rand_NSRKW1OKKP_render_front.jpg,0.2,0.570976410998373,
rand_9UW8INWFG0_render_front.jpg,0.2,1.2623554918168027,
rand_D3JA7F3WW6_render_front.jpg,0.2206511982795638,1.0,
rand_QBJNTX7OJR_render_front.jpg,0.021499850478804428,0.7378895286211646,
rand_I584LTYO1W_render_front.jpg,0.2,1.3171116868060195,
rand_KO6Y70ICA2_render_front.jpg,1.0257709018499437,1.6354265390232006,
rand_HL0LIXYI7R_render_front.jpg,0.2,0.5924772198017796,
rand_NJBVUH1YCQ_render_front.jpg,0.2,1.3171706764828115,
rand_PTOOB55S8S_render_front.jpg,1.0487593612301764,1.0,
rand_902U5GMH91_render_front.jpg,0.7846954237858541,1.0,
rand_YFKM41A3I6_render_front.jpg,0.9852523791020016,0.3074238823238747,
rand_EUOZ8KIFTB_render_front.jpg,0.2,1.4294819070067804,
rand_N71O3ABKJG_render_front.jpg,0.2,1.053729361418635,
rand_0MX7J42E4B_render_front.jpg,0.2,1.0,
rand_8OMBHBM8MQ_render_front.jpg,0.2,1.8525320384473491,
rand_1B6Q1C1662_render_front.jpg,1.5429093683430462,0.5660499091634453,
rand_6EUDZGDSWX_render_front.jpg,0.5954808636953786,1.3344347915487265,
rand_58RQKSYY6R_render_front.jpg,0.2,1.194482592300817,
rand_QVAU8WHOQL_render_front.jpg,0.2,0.5881576345298416,
rand_VW8W0AEED1_render_front.jpg,0.2,1.4695505614326154,
rand_1P50VW8VUD_render_front.jpg,1.7789503858494622,0.7764636136305694,
rand_ZPLG9UAWEY_render_front.jpg,0.2,1.0,
rand_PZRI6B3EU4_render_front.jpg,0.2,1.0,
rand_UC4TPX03NN_render_front.jpg,0.2,1.0,
rand_U7U7FSZ982_render_front.jpg,0.2,1.0,
rand_T957V85YBB_render_front.jpg,0.2,1.6595231377882367,
rand_1WVP9UJZ3K_render_front.jpg,0.2,1.1649768506532505,
rand_8FHNOLLBHL_render_front.jpg,0.2,0.8555399838411095,
rand_KC7Y44LY2G_render_front.jpg,0.2,1.5160030690875475,
rand_WTC4E49G58_render_front.jpg,0.5948578617909464,1.5351824411502024,
rand_BJFBTHAGUT_render_front.jpg,0.2,1.0,
rand_0MBKM6ZVHD_render_front.jpg,0.2,1.0,
rand_PMBO8N0LC5_render_front.jpg,0.2,1.4070987564964719,
rand_JTT4AB364V_render_front.jpg,0.2,1.0,
rand_88NICGS4WX_render_front.jpg,1.1104893103086098,1.0,
rand_865VH80NGK_render_front.jpg,0.345606046014882,1.0,
rand_NGYN66UEVZ_render_front.jpg,0.2,0.7080219562905763,
rand_U4GMEHZGR3_render_front.jpg,0.2,1.8530204062812328,
rand_2OKINPMFGO_render_front.jpg,0.2,1.9727770062368564,
rand_DROAI40XBB_render_front.jpg,0.2,0.9667361748052079,
rand_9OT73A78C9_render_front.jpg,0.04163935250545392,0.2948453245657977,
rand_RPLOPMSPXM_render_front.jpg,0.2,0.542923561295581,
rand_SS4DZ0VC8X_render_front.jpg,0.4588990187782733,0.5753988040879083,
rand_9EZ8BCKQCH_render_front.jpg,0.2,0.8036243487749133,
rand_8CRYI6PHVC_render_front.jpg,0.2,0.6022903970564919,
rand_UO1QPIU82B_render_front.jpg,1.9728331892395075,0.7882515825447192,
rand_TGIOS1IL29_render_front.jpg,0.2,1.0,
rand_VE06QJUBF3_render_front.jpg,0.2,1.6256786176446005,
rand_X6VBRQMTLI_render_front.jpg,1.3353223060864103,1.5029696572255118,
rand_GIJ02COAN9_render_front.jpg,0.3503022040911983,1.477892743401788,
rand_A5WHURJ5F8_render_front.jpg,0.2,0.777978474036046,
rand_70CQK2E8M6_render_front.jpg,0.7004845499940462,0.7879089758828226,
rand_S0HNQS40QX_render_front.jpg,0.2,1.0,
rand_57NZEOIBHZ_render_front.jpg,0.2,1.618093504051435,
rand_GO12B00OWO_render_front.jpg,0.2,1.9855951557129472,
rand_Z69ZP7G271_render_front.jpg,0.2,1.0,
rand_6J8OPWEFSL_render_front.jpg,0.9163373943224482,1.3180002471120942,
rand_C318XKNQ0L_render_front.jpg,0.6616080810254159,1.0,
rand_U4Y7W7I9G7_render_front.jpg,0.2,1.0,
rand_15TP8YML92_render_front.jpg,0.2,1.5805347220785533,
rand_LDPDZOYZXG_render_front.jpg,0.9292797684559926,1.4294728971347963,
rand_SMCPA4NGOY_render_front.jpg,0.6974309530519485,1.0,
rand_F0BLQDF8HW_render_front.jpg,0.2,0.8103926519401843,
rand_QH5HG1DARP_render_front.jpg,0.7650904834234604,1.854881502675921,
rand_ZCNR774691_render_front.jpg,0.2,0.7460269410710836,
rand_ZMTKIFIKID_render_front.jpg,0.9362539599622095,1.0,
rand_LV17T8S2DH_render_front.jpg,0.2,1.797063813859608,
rand_TX79G0095C_render_front.jpg,0.5671659436432737,1.0,
rand_KGGFDXDO32_render_front.jpg,1.126591339032591,1.0,
rand_CYYL3DU185_render_front.jpg,1.4299649369150151,1.0,
rand_57E7VGS0Z2_render_front.jpg,0.2,1.6153641278347939,
rand_1E7A3XJTG2_render_front.jpg,1.0300106149147348,1.8893425830815063,
rand_101FK8H6AZ_render_front.jpg,0.2,1.217538825522969,
rand_21SJ0WNZB1_render_front.jpg,0.2,1.5157784086909751,
rand_BR199MHTN0_render_front.jpg,0.2,1.0413227507118044,
rand_G42DMPJTRJ_render_front.jpg,0.2,0.6875430514922228,
rand_G90O0ZLO1K_render_front.jpg,0.20309384817295406,1.0,
rand_0WPM58LUD6_render_front.jpg,0.4692612066668438,1.0564171183769366,
rand_X6GP51F55H_render_front.jpg,0.2,1.6400356726207326,
rand_CUZ46D2ZJX_render_front.jpg,0.2,1.0,
rand_7J0WWI9XGD_render_front.jpg,0.2,1.349597694971967,
rand_U9K3DM8V2W_render_front.jpg,1.0627607415544311,0.9157804571641068,
rand_H76DXMABBG_render_front.jpg,0.2,1.794392916418252,
rand_UYLU5PT851_render_front.jpg,0.8811272930308724,1.3428604937842465,
rand_INUTTJS5K3_render_front.jpg,0.2,0.569707535372205,
rand_SEJXYTVF2A_render_front.jpg,0.17255230598197624,1.8043815458496408,
rand_643AMDPKLF_render_front.jpg,0.2,1.6639296251555402,
rand_OIQIGL5D21_render_front.jpg,0.2,1.0,
rand_2EO973YGBD_render_front.jpg,0.2,1.0,
rand_QR2G53YY78_render_front.jpg,0.9971926699000289,1.0,
rand_W856DOHABH_render_front.jpg,0.2,1.78836906261689,
rand_OP4DRKQTO4_render_front.jpg,0.8534240107566771,1.0,
rand_AV9GTFJKB1_render_front.jpg,0.2,1.924702738033878,
rand_ONP448WGHB_render_front.jpg,1.7700847850601402,1.0,
rand_WADKI2GH9V_render_front.jpg,0.2,1.0,
rand_IZEZT0UN24_render_front.jpg,0.30501063311490695,1.0759374766304342,
rand_1IWAAX0TFQ_render_front.jpg,0.9903236323785685,1.3900756332304118,
rand_NZOD2LKCYO_render_front.jpg,0.2,1.0,
rand_BT8P2Y8WCO_render_front.jpg,0.2,1.104209993828487,
rand_U9VRWX4ZAW_render_front.jpg,0.2,0.2834393022303816,
rand_3PFZEDH4DP_render_front.jpg,0.6343846585184989,1.0,
rand_D1065EZCU8_render_front.jpg,0.2423839261737506,1.0,
rand_1TCDKH2UCG_render_front.jpg,1.925308450648325,0.6033668057534093,
rand_YD1NV4D5RY_render_front.jpg,0.2,1.560828623532044,
rand_L96Z4NKSRC_render_front.jpg,0.2,0.7801046132612153,
rand_3RW557JIDN_render_front.jpg,0.2,1.54835187080088,
rand_LUPK8LEMYF_render_front.jpg,0.2,1.7493227065705295,
rand_42Y6B7DAS3_render_front.jpg,0.2,1.0,
rand_FIQ4TTSMO3_render_front.jpg,0.2,1.0,
rand_AKHD7U1TG1_render_front.jpg,0.2,0.8828836251236236,
rand_3AO22IE6YF_render_front.jpg,1.871197674501221,1.2655539800147095,
rand_846JM2H1HP_render_front.jpg,0.2,1.6021625067723864,
rand_LO70BFV4OB_render_front.jpg,0.7644065961274245,1.0,
rand_JC410D0GB5_render_front.jpg,0.2,0.2621119671514286,
rand_PBF1ERMYHJ_render_front.jpg,0.2,1.4448233258222856,
rand_M23NOO9V2X_render_front.jpg,0.2,0.938806364538211,
rand_8EC5XMV9MW_render_front.jpg,0.2,0.8759799043597494,
rand_UYMYZ515TD_render_front.jpg,0.2,0.6108021406764101,
rand_U7VQHUZAMN_render_front.jpg,0.2,0.3534832660388367,
rand_C4QYVPR2ZB_render_front.jpg,1.3062182910820173,1.0,
rand_C6XIHN550W_render_front.jpg,0.2,0.9650491283366971,
rand_GY5CPA1QC0_render_front.jpg,0.2,0.2784771325852941,
rand_7ETXF2GBVU_render_front.jpg,0.2,1.686133134800437,
rand_ZVELYCKU23_render_front.jpg,0.08722688815721291,1.0,
rand_O8U288ZDLZ_render_front.jpg,0.2,0.5853776600258569,
rand_DSU1C8ZIZJ_render_front.jpg,0.2,1.0,
rand_AI8X2HYNF2_render_front.jpg,0.2,1.011683201295578,
rand_YMU6C8HZ12_render_front.jpg,0.2,0.8296186123198936,
rand_K1U8097PK7_render_front.jpg,0.2,1.0,
rand_1V0LO2YAKU_render_front.jpg,1.284380373059111,1.0,
rand_2KFZ0VWDTF_render_front.jpg,0.3432986709212449,1.0,
rand_AFY7VVV2PR_render_front.jpg,0.2,0.299509661796325,
rand_7O5RW2T2FW_render_front.jpg,0.3104265947031566,1.0,
rand_E03VAZAQ08_render_front.jpg,0.2,0.9615557732241169,
rand_RZ1E9WILRC_render_front.jpg,0.2,1.0,
rand_JBCIPDE6WX_render_front.jpg,0.2,1.0,
rand_2CN94918I1_render_front.jpg,0.4599214083261165,1.0,
rand_BJFC9UFCTU_render_front.jpg,0.2,1.4818366863001315,
rand_QQ0A0UUPSD_render_front.jpg,0.2,0.7145410815041653,
rand_5YCQ2ECILG_render_front.jpg,0.2,1.0,
rand_Y0OSFXP6EP_render_front.jpg,0.362972998397044,1.0,
rand_4Y8W6APBRC_render_front.jpg,0.4080704673725757,1.0,
rand_3W5E12SALN_render_front.jpg,0.2,1.0,
rand_BJ42ENVMA5_render_front.jpg,0.2,1.0,
rand_QX3584QBZ9_render_front.jpg,0.2,1.7634903017533332,
rand_99XTN78HD7_render_front.jpg,0.2,1.0,
rand_6DCUK1D2AA_render_front.jpg,0.2,1.0,
rand_4RLUABNFCL_render_front.jpg,0.11555860466888723,1.5318198805944645,
rand_JZPUDXFORZ_render_front.jpg,0.2,1.0,
rand_IDTPL4EHPQ_render_front.jpg,0.2,1.0,
rand_U2CNXC6HJ9_render_front.jpg,0.2,0.5470594238537827,
rand_M2VPOLQPX7_render_front.jpg,0.2,1.0,
rand_18ZB6FI9T5_render_front.jpg,0.2,1.682785490957472,
rand_FCSP3RU1SR_render_front.jpg,0.2,1.0,
rand_ZPRKOUJ180_render_front.jpg,0.2,1.0,
rand_8SW5ONTTX8_render_front.jpg,0.2,1.0,
rand_R7IWX2J87I_render_front.jpg,0.2,1.0,
rand_Z4OLVZQOUD_render_front.jpg,0.2,1.0,
rand_OAGY32FCAK_render_front.jpg,1.0377330541051022,1.0,
rand_O35GU3MTCG_render_front.jpg,0.8397286077407478,0.5226667160292419,
rand_36HL6CAAQK_render_front.jpg,0.2,1.7674204160291158,
rand_FGJY3TQKB2_render_front.jpg,0.10213217918633677,1.6150626984651562,
rand_WCWMVB3LCA_render_front.jpg,0.2,0.6148073194853952,
rand_GMRJ0CSE2Z_render_front.jpg,1.712772318799446,1.0,
rand_5GJOYNX40U_render_front.jpg,1.1171356852776628,1.0,
rand_NHS9KDGOIA_render_front.jpg,0.2,1.0,
rand_GASYWQB78F_render_front.jpg,0.2,1.0,
rand_GTI800X17E_render_front.jpg,0.2,1.5071718674398122,
rand_KT07KX9F9M_render_front.jpg,0.2,1.1921613092460732,
rand_G04CE5TMM9_render_front.jpg,0.2,1.0,
rand_NG0OH0R7S6_render_front.jpg,1.3381358262547995,1.4224889340438391,
rand_98Z004YJBN_render_front.jpg,1.6295154827176583,1.711335572977219,
rand_S27MFM9S2F_render_front.jpg,1.9595252940871275,1.0,
rand_ZW07869PTO_render_front.jpg,0.2,1.4482880355062735,
rand_WJ11B5PGXW_render_front.jpg,0.40285752024038657,1.0,
rand_HAQ9W2QRTJ_render_front.jpg,0.2,1.7912323515961626,
rand_XQG94M4A10_render_front.jpg,0.2,1.8850330157932644,
rand_2V86DYDNBI_render_front.jpg,0.2,1.0,
rand_HVXRS34MT6_render_front.jpg,1.0399057627075419,1.0,
rand_M68WVTGHSA_render_front.jpg,0.2,1.0,
rand_D7KCHV5DRA_render_front.jpg,0.2,1.0996307961898482,
rand_GMR8CRPOEC_render_front.jpg,0.2,1.4432252144240758,
rand_W4Y9K3ALG8_render_front.jpg,1.916622688747561,1.3630182743949626,
rand_JLAJEHZC1L_render_front.jpg,0.9459225209492494,1.3661382126223798,
rand_W7N42A95LF_render_front.jpg,1.5612128927826194,1.8275407344918337,
rand_36BCSWBUBV_render_front.jpg,1.0027667083089555,0.749234926971021,
rand_SZ6QMGEKYV_render_front.jpg,1.0065074321589966,1.0,
rand_7WHSCBSJJI_render_front.jpg,0.2,1.0,
rand_JOGMETM9OK_render_front.jpg,1.6645347618781845,1.0,
rand_DGF0JIBANG_render_front.jpg,0.2,0.2009481014407848,
rand_CSX4RS852J_render_front.jpg,0.2,0.5296716630075508,
rand_6S2ZXXMSAN_render_front.jpg,0.2,0.4227487746067248,
rand_TIQFZSM9CC_render_front.jpg,0.6279531876002371,1.0,
rand_O8KDM9N589_render_front.jpg,1.3786855455640417,1.3751622983621539,
rand_DQ7ODSMVHE_render_front.jpg,1.828583539675292,0.7946254065683456,
rand_UJT1JF0VE6_render_front.jpg,0.2,1.747258651796879,
rand_4ZM6Q1MTTJ_render_front.jpg,0.5097555088434711,0.8204487250431436,
rand_XRQ3P3H65C_render_front.jpg,1.8606292970680793,1.0936729673239265,
rand_0BD28UCVO8_render_front.jpg,0.2,1.2400347787261412,
rand_2ZRIC1YOF9_render_front.jpg,0.2,1.749762383344514,
rand_MAEOHQW9LK_render_front.jpg,0.2,1.0,
rand_AH9IB2WFB3_render_front.jpg,1.8411615579089717,1.0,
rand_WE21SRYZZQ_render_front.jpg,1.4023235329830266,1.0,
rand_CQUKOZPFRX_render_front.jpg,1.522159008791433,1.0,
rand_KJBWIIHIBI_render_front.jpg,0.21886691201662423,1.7448418577031062,
rand_ZAKBZVU5XQ_render_front.jpg,0.2,1.2652351890660023,
rand_5AD33MAMF0_render_front.jpg,0.2,1.0,
rand_COLT87AV88_render_front.jpg,0.5437242845572725,0.5429923142807095,
rand_FK56FEC7JX_render_front.jpg,0.2,1.9539443593652714,
rand_QY8PK0J8OK_render_front.jpg,0.2,1.0,
rand_NRN470K5NI_render_front.jpg,0.2,0.24677811419650397,
rand_0UK9YYTMJ3_render_front.jpg,0.2,1.8798059424306481,
rand_0DSUJX1DET_render_front.jpg,0.2,0.6756130866946388,
rand_BEGJ9Q4BQZ_render_front.jpg,1.8736781289736288,1.4398921057858123,
rand_NMFD5XVAJ9_render_front.jpg,0.2,1.0,
rand_NMBWHJWGFS_render_front.jpg,0.22841913562078875,0.919555784997695,
rand_4E3U1JFXZ9_render_front.jpg,0.016679252134641054,0.7763385578225899,
rand_YE3C15V1SJ_render_front.jpg,0.2,0.7574666070749978,
rand_V1FE9PAVUO_render_front.jpg,0.3115375076843516,1.0,
rand_16UW0YHRXD_render_front.jpg,0.3953807716814366,0.5383638990024027,
rand_IHFZTWR67W_render_front.jpg,1.9634381728153953,1.0,
rand_LMDKJM2PIA_render_front.jpg,0.2,1.0,
rand_01D103W0ZJ_render_front.jpg,0.2714793351612985,1.8362564032448232,
rand_2HZSKQKFVI_render_front.jpg,0.2,1.2642177341508356,
rand_X3240JAMXQ_render_front.jpg,1.4312478697389464,1.0166004585605153,
rand_TW54V8RPGO_render_front.jpg,0.2,0.6070027398477715,
rand_40G09BOT9Y_render_front.jpg,0.2,1.0,
rand_1CC1X5R0NR_render_front.jpg,0.2,1.0,
rand_PR93FDE4KK_render_front.jpg,0.2,1.9800656727621262,
rand_0BWTXEFOYX_render_front.jpg,0.2,1.0,
rand_AS1FCDIF3H_render_front.jpg,1.8446134747481808,1.2764689451234068,
rand_PM7T1NWM55_render_front.jpg,0.2,1.1548599087300764,
rand_84XICAH8MR_render_front.jpg,1.2546082523328599,1.342099174731403,
rand_04GAM9B4PR_render_front.jpg,0.2,1.0222170911202255,
rand_QOZYWW08PS_render_front.jpg,0.48809339665496476,1.0,
rand_6LGVTZU5PK_render_front.jpg,0.2,1.0,
rand_31ASAOF21E_render_front.jpg,1.206264609559478,1.0,
rand_L4CC81U0AO_render_front.jpg,0.9536966715344317,1.0,
rand_4XU66IWUGP_render_front.jpg,1.3956807625733996,0.5198354760112588,
rand_WD4I7D61XN_render_front.jpg,0.2,1.9038467344954473,
rand_93OK562EG4_render_front.jpg,0.4109522771486567,1.0,
rand_Y7ESFRY16Q_render_front.jpg,0.48339598083347,0.4730323585156531,
rand_L06VUALDUP_render_front.jpg,1.618485123236278,1.0,
rand_MAQSROI5CF_render_front.jpg,0.29691669241050533,1.0,
rand_6587906WEZ_render_front.jpg,0.2867197417131577,1.0,
rand_G34R8R2LK5_render_front.jpg,0.2,0.5750872749783114,
rand_5QD88EYPC4_render_front.jpg,0.2863485642919186,1.0083933493585684,
rand_9IOH5E43L5_render_front.jpg,0.2,0.9904198113879388,
rand_0LQ33XZVP8_render_front.jpg,0.2,1.0,
rand_AVQH7YTC6B_render_front.jpg,0.2,1.0,
rand_UVJYQ6V7YX_render_front.jpg,0.2,1.5774697937481632,
rand_C6SNGEF41Q_render_front.jpg,0.2,1.5368079261187313,
rand_RJYDKM6E7C_render_front.jpg,0.2,1.0,
rand_9RNJF7KZL4_render_front.jpg,0.2,1.7430282715018042,
rand_CIOCVV6PEL_render_front.jpg,0.2,1.0,
rand_ZHGPARTDBK_render_front.jpg,1.220468377292209,1.0,
rand_FNMC07NAFS_render_front.jpg,0.2,0.9748806569319781,
rand_R7QK9XP400_render_front.jpg,0.2,0.4115866929676613,
rand_3NO822RZCD_render_front.jpg,0.3941596300747867,1.7755013466793839,
rand_KB0YP6ADBY_render_front.jpg,0.2,1.4790469287424992,
rand_LW4RSATXG0_render_front.jpg,1.02123243636888,1.0,
rand_ZY50R49CHY_render_front.jpg,0.9395890004404979,0.298494430439783,
rand_9UTCYVPGGQ_render_front.jpg,0.2,1.0,
rand_NRFU803UGF_render_front.jpg,0.4015689565889966,1.1981453193558045,
rand_TN1PDCXQO3_render_front.jpg,0.2,1.0,
rand_PJV70270CK_render_front.jpg,0.2,1.0,
rand_QHXH4BG19Y_render_front.jpg,1.780074641174057,1.0,
rand_KOBZMM462K_render_front.jpg,0.2,1.6175893519646507,
rand_OPO3GD1JN3_render_front.jpg,0.09120291663887659,1.0,
rand_9W5HJ571OC_render_front.jpg,0.2,1.446085290380113,
rand_QUEF8GR034_render_front.jpg,0.2,1.3176083036936608,
rand_17N0KQPJOU_render_front.jpg,0.2,1.8110935469072154,
rand_5VQB41E4W8_render_front.jpg,0.2,1.0,
rand_S160X7ARJW_render_front.jpg,0.2,1.1214494916551752,
rand_XP74E3DMP4_render_front.jpg,0.2,1.0,
rand_AD5AOUSQFK_render_front.jpg,0.252082808426761,1.0,
rand_UWV0YA38KT_render_front.jpg,0.4223444328527899,1.6538535801634529,
rand_H6KSAMIWSO_render_front.jpg,1.615438485817871,1.835705992427006,
rand_RYEUZBKK34_render_front.jpg,0.2,0.22494632273679627,
rand_W77A749UAF_render_front.jpg,0.2,1.165388444841243,
rand_29Y6R278T5_render_front.jpg,0.2,0.2593219992737861,
rand_C4LIVDLPBN_render_front.jpg,0.5891916949858631,1.2945674612906684,
rand_XJLWRQ5X6J_render_front.jpg,0.2,1.8413365250204445,
rand_PLB8M4QFXN_render_front.jpg,0.2,1.1474901432169122,
rand_I2FI8NRQ4U_render_front.jpg,0.2,1.687245069995309,
rand_QHQP9X2O6Y_render_front.jpg,0.2,1.0348987814694954,
rand_ZAORTJAVNX_render_front.jpg,0.2,1.3366082345124062,
rand_38JJ3T92JE_render_front.jpg,0.2,1.0,
rand_M3G2WQCVW2_render_front.jpg,0.2,1.0,
rand_HJCMK9J9YB_render_front.jpg,0.2,1.0,
rand_A4LUD9E16B_render_front.jpg,0.2,1.1209733810216715,
rand_JEV1XGUA9Z_render_front.jpg,0.2,1.0,
rand_4MXEUQR3KQ_render_front.jpg,1.2817911088716492,1.0,
rand_SXG2UVBWTR_render_front.jpg,0.2,1.0,
rand_O1JGU8RLCC_render_front.jpg,0.2,1.8675930993262324,
rand_4OHQ3DVBNC_render_front.jpg,1.512124062821439,1.0123920939652622,
rand_ZW4ZKT3LC3_render_front.jpg,0.2,0.7891148013502005,
rand_J9N7CAB5DM_render_front.jpg,0.2,1.1861590435331817,
rand_PADXA1H5KG_render_front.jpg,1.189440823576037,1.662007559812102,
rand_LC4AR1S5HL_render_front.jpg,0.2,0.65626171291639,
rand_90EXM8GJ5B_render_front.jpg,0.2,1.0,
rand_C9UX1TVDVP_render_front.jpg,0.2,1.0,
rand_RNH0PRUZNE_render_front.jpg,1.916618943371748,1.0,
rand_IPXQ7TOJ16_render_front.jpg,0.6144087392755067,1.1911460009018962,
rand_401VZK3IHN_render_front.jpg,1.7274730006394654,1.4664275560112028,
rand_TI0HBS9TUQ_render_front.jpg,0.2,1.9870135936719595,
rand_6XAZFGC96Y_render_front.jpg,0.2,1.0,
rand_XMB5YZI81O_render_front.jpg,0.6453236978496879,1.0,
rand_JRBEEUOFP0_render_front.jpg,0.2,0.695537478242236,
rand_OFF0X7RQ27_render_front.jpg,0.2,0.335671683915141,
rand_ES9LFGNTDE_render_front.jpg,0.2,0.8164103121672561,
rand_FGMU9RVNZU_render_front.jpg,0.2,1.7378292487127376,
rand_2OPSLPOO9Z_render_front.jpg,0.2,0.9813135745200599,
rand_TX3MVHHBPJ_render_front.jpg,0.9979872472821938,1.0,
rand_RNMDBYUO2S_render_front.jpg,0.6697454156601146,1.936742524860296,
rand_GE9NBC1HFY_render_front.jpg,1.9852646088998185,1.0,
rand_MMWCBWRD6X_render_front.jpg,0.2,1.3161351026158659,
rand_E524RGLPLK_render_front.jpg,0.2,0.6674995909478361,
rand_IWR6D7ECQT_render_front.jpg,1.7776853948274183,1.0,
rand_UKRKO1G7C6_render_front.jpg,1.8626368671282616,1.0,
rand_AH6RFCXBRK_render_front.jpg,0.2,1.173869878991658,
rand_Z05CKHC8MA_render_front.jpg,0.2,1.459350811451516,
rand_L7I93QDK5P_render_front.jpg,0.2,0.836692978174091,
rand_IYZC7VYQGS_render_front.jpg,0.5832388052603552,1.9512507677152853,
rand_RBPOUG210R_render_front.jpg,0.2,0.314858620251829,
rand_HN44TH9OB2_render_front.jpg,0.2,0.4790286211517193,
rand_WS75DXZ4JK_render_front.jpg,0.2,0.8829014286275858,
rand_PQPS6JJ0SK_render_front.jpg,0.2,1.0,
rand_2EJ1B8VRYH_render_front.jpg,0.2,1.8702716471239174,
rand_TKQ5KIENCA_render_front.jpg,0.2,1.2577576629492195,
rand_IBL2Q0HKO5_render_front.jpg,0.2,1.0,
rand_CKOONBHNF6_render_front.jpg,0.2,1.4357735625361994,
rand_9G5NBOHAV8_render_front.jpg,0.2,1.4465245465532584,
rand_26JG87ISLU_render_front.jpg,0.4800096309469979,1.1297416095227395,
rand_LUNFO4SGVD_render_front.jpg,0.5726303606783956,1.3545535341529675,
rand_EP1XYW7P2D_render_front.jpg,0.03385781765492957,1.774409510618117,
rand_OREK591KOU_render_front.jpg,0.2,0.844525898012243,
rand_8RCYUWXHAW_render_front.jpg,0.4995494428488654,1.0,
rand_EDZVWXMWKL_render_front.jpg,0.08736941369569151,1.0,
rand_MLVC36N3BY_render_front.jpg,0.2,1.9741064441051306,
rand_F2IRZHCRW5_render_front.jpg,0.2,1.2943061952227188,
rand_T6T19FLGCV_render_front.jpg,1.3068902696300433,1.232935968401412,
rand_4TZER6QIQE_render_front.jpg,0.3864731937209742,1.9263298409405558,
rand_OZGAJZ2SRB_render_front.jpg,0.2,1.0,
rand_MWCSXYX134_render_front.jpg,0.15917404434397797,1.6278131589228915,
rand_2AIUX71P0X_render_front.jpg,1.8899286240455235,1.0,
rand_QG2ARIBYVB_render_front.jpg,0.7891532470759557,1.0,
rand_OS00EWHO0D_render_front.jpg,0.6578975050762952,1.5051221175461578,
rand_M3ZBRIU5L8_render_front.jpg,0.07338310858465502,1.0,
