File Name,waist,width
rand_3QYVVAPR1Z_render_front.jpg,1.0,0.43844966614806613
rand_WHT1OBOWZE_render_front.jpg,1.0,0.2
rand_G6SSN6V8LN_render_front.jpg,1.0,0.2
rand_113NBSX2YK_render_front.jpg,1.0,0.2
rand_BNDLVRRDVL_render_front.jpg,1.0,0.4302223235050562
rand_Q9W8967EGI_render_front.jpg,1.1083607978996644,0.2
rand_N7G4ECZJ7Y_render_front.jpg,1.0691275063318884,0.2
rand_DYXSF1X4ZY_render_front.jpg,1.0,0.30888855534937076
rand_DF6WD12TTY_render_front.jpg,1.0,0.2
rand_RQP83XID3E_render_front.jpg,1.0,0.2
rand_XY8XO3LN58_render_front.jpg,1.0,0.2
rand_ABHE8ICRFU_render_front.jpg,1.1216314522050344,0.2
rand_IU3O96IQM7_render_front.jpg,1.0,0.719455852403901
rand_D8RGQ63663_render_front.jpg,1.9405512368633027,0.7010898266930063
rand_9Y2QUOB7C9_render_front.jpg,1.0,0.15813154766645823
rand_GKTDGOUG58_render_front.jpg,1.0,0.2
rand_J2MTP5SDPK_render_front.jpg,1.0873480379227625,0.7995875576602053
rand_IC1QXGZ6Q9_render_front.jpg,1.0,0.2
rand_RLS9AQKAUE_render_front.jpg,1.0,0.14624904048044823
rand_7ZP45XYGON_render_front.jpg,1.0,0.2
rand_4SQ28282EI_render_front.jpg,1.0,0.42462964402564274
rand_W9SHI7NY7E_render_front.jpg,1.2823982680458785,0.17470275570441793
rand_0HSJBH42VZ_render_front.jpg,1.9573278628953186,0.3967336478686787
rand_SZMMLUPR1E_render_front.jpg,1.1896932071097928,0.2
rand_5EUREMVS4V_render_front.jpg,1.8991233976940993,0.2
rand_PWPDI4ZIWY_render_front.jpg,1.0,0.9180367716404902
rand_BWCGM9ATHV_render_front.jpg,1.0284811181677282,0.40882838042665726
rand_CML83OF0KY_render_front.jpg,1.0,0.2
rand_IP5376LSKU_render_front.jpg,1.0,0.11941271047985053
rand_4UNNOBHCOD_render_front.jpg,1.0,0.2
rand_JRB0G1NH5C_render_front.jpg,1.0,0.3538963333520191
rand_Y7FVKA6OHI_render_front.jpg,1.0,0.2
rand_MSEDKJF50D_render_front.jpg,1.0,0.18335884675028602
rand_XDX2N1D6CI_render_front.jpg,1.5444510760682486,0.2
rand_ECO6VX0MF8_render_front.jpg,1.0,0.2
rand_9XBR2LLQ2S_render_front.jpg,1.0,0.5422255087473326
rand_7PRKJMJS7T_render_front.jpg,1.0,0.7623795996532382
rand_WWG6LLXRA6_render_front.jpg,1.0,0.5897931592599631
rand_EVWGEZ96TJ_render_front.jpg,1.0,0.2
rand_UHVPIBEH5B_render_front.jpg,1.0,0.6041087693459837
rand_ELX6PGWAER_render_front.jpg,1.0,0.2
rand_B3S5T029OW_render_front.jpg,1.0,0.2
rand_EW1S5FHQLI_render_front.jpg,1.0,0.2
rand_L8JPIDR16V_render_front.jpg,1.0,0.2
rand_83LPY6W2OE_render_front.jpg,1.0,0.2
rand_AZ07TY2MJU_render_front.jpg,1.0,0.2
rand_5ENCFLKTFI_render_front.jpg,1.0,0.2
rand_RSW151WP0G_render_front.jpg,1.0,0.2
rand_1ROH7FK4DC_render_front.jpg,1.0,0.2
rand_3MN40XII0W_render_front.jpg,1.0,0.2
rand_TCGF6JCAOL_render_front.jpg,1.0,0.2
rand_TP48HNAMJ2_render_front.jpg,1.0,0.2
rand_HUBOJVFGSO_render_front.jpg,1.0,0.2
rand_QYICG2CNPY_render_front.jpg,1.0,0.2
rand_30NIEBGJ0S_render_front.jpg,1.0,0.24517945919631096
rand_U4EOTEF5J3_render_front.jpg,1.0,0.2
rand_4LRSTE32E9_render_front.jpg,1.0,0.2
rand_821FGATVKJ_render_front.jpg,1.0,0.8146077361658847
rand_DH9W45A284_render_front.jpg,1.797931468952564,0.2
rand_QIF18UCNC2_render_front.jpg,1.139917343532865,0.2
rand_3CXADRGDB4_render_front.jpg,1.0,0.2
rand_81ZKIROZSK_render_front.jpg,1.0,0.2
rand_403L3EDLPI_render_front.jpg,1.1492692906634074,0.39422839900870443
rand_TSC4GAM9I9_render_front.jpg,1.2822067991200274,0.2
rand_HNKHCG72KN_render_front.jpg,1.0,0.2508460861725904
rand_WTJNK6HQL2_render_front.jpg,1.0,0.7210196205247766
rand_LIGBMAHO3A_render_front.jpg,1.0,0.40479228723491323
rand_NJO02GYQSQ_render_front.jpg,1.0,0.2
rand_SDM5BIJFE2_render_front.jpg,1.8871525955132626,0.3884214504343395
rand_9RHYNCRRCB_render_front.jpg,1.0,0.2
rand_QYRUL3F4S6_render_front.jpg,1.5735930014527186,0.2
rand_L8O0QXEOJ5_render_front.jpg,1.417673293511945,0.2
rand_NS85QPOQRB_render_front.jpg,1.0,0.2
rand_449PE4SR4F_render_front.jpg,1.0,0.2
rand_I6MR2OG3QH_render_front.jpg,1.0,0.9896159034882551
rand_H0IVGQ3OSH_render_front.jpg,1.0,0.2
rand_HJN90YPRE1_render_front.jpg,1.0,0.2
rand_2I5S7YUFIQ_render_front.jpg,1.0,0.4763629604040265
rand_PGY6QUUHWA_render_front.jpg,1.8483217608422073,0.2
rand_R9D2HOTAAF_render_front.jpg,1.0,0.2
rand_YMI7RNKOGI_render_front.jpg,1.0,0.2
rand_R6U8SLVOAP_render_front.jpg,1.0,0.2
rand_LKB48P8KRZ_render_front.jpg,1.0,0.2
rand_HXPBGOW5SW_render_front.jpg,1.0,0.2
rand_CSJRVGANUJ_render_front.jpg,1.0,0.5167160855220403
rand_MY32D25AEN_render_front.jpg,1.0,0.2
rand_248Z665KJK_render_front.jpg,1.0,0.2
rand_2VYGRSMXHI_render_front.jpg,1.0,0.17891368056398088
rand_5G3KZ1HE63_render_front.jpg,1.0,0.2
rand_WU2GIAAJPZ_render_front.jpg,1.0,0.2
rand_3JTMJJELSJ_render_front.jpg,1.0,0.2
rand_7ZC6DU3LEU_render_front.jpg,1.0608356985415246,0.2
rand_GFCXKPS33Z_render_front.jpg,1.0,0.2
rand_PTYS5OXS5H_render_front.jpg,1.4587618227813195,0.2
rand_DNIBX3E4OY_render_front.jpg,1.0,0.672980201828483
rand_L7NGCK6RR4_render_front.jpg,1.0,0.2
rand_GAWY2GUOL1_render_front.jpg,1.0,0.2
rand_MMFO81PM23_render_front.jpg,1.9445902159600705,0.13896506210359044
rand_MGVHBGWOGR_render_front.jpg,1.0,0.2
rand_67VVL44C5G_render_front.jpg,1.0,0.3212274973592205
rand_O8F641FT2U_render_front.jpg,1.334135439549808,0.6217660608124531
rand_KG86TAUDBS_render_front.jpg,1.0,0.2
rand_718ZA8WUY5_render_front.jpg,1.0,0.2911665978845672
rand_7GILJDQPYH_render_front.jpg,1.4953816590274494,0.3041444019366785
rand_2BQIWYJHBS_render_front.jpg,1.0,0.6278474987346616
rand_UFT20FQSC0_render_front.jpg,1.310712778461398,0.7594166372355192
rand_7QB2PSIT9P_render_front.jpg,1.0,0.2
rand_TKG0C7O7J6_render_front.jpg,1.4121044205292599,0.2
rand_JC6VBNVXRP_render_front.jpg,1.0,0.34246904374476306
rand_V7NJ6IYTZ4_render_front.jpg,1.0,0.6706761344257146
rand_OVYB5ULDNO_render_front.jpg,1.4448557817776184,0.2
rand_VMAZB22BU9_render_front.jpg,1.0,0.2
rand_HIBX3OI8BH_render_front.jpg,1.0,0.12119060430217374
rand_4JL5VL04JQ_render_front.jpg,1.9391229802493988,0.2
rand_LNS6CVKAJ3_render_front.jpg,1.0,0.2
rand_7HV4JD7LN4_render_front.jpg,1.0,0.2
rand_9QAYO8512D_render_front.jpg,1.0,0.1559932418931782
rand_XFVDS46MEN_render_front.jpg,1.0,0.2
rand_JZ1ANKGL0C_render_front.jpg,1.0,0.2
rand_OG5GQDDS6B_render_front.jpg,1.6379475972317654,0.8751625717418234
rand_Q4N8UWJRXX_render_front.jpg,1.0,0.6500890396577592
rand_8X8NV25MTC_render_front.jpg,1.0,0.2
rand_WHRX8C9I0Q_render_front.jpg,1.0937441806565713,0.2
rand_0SIJPX9R36_render_front.jpg,1.0,0.2
rand_L5CPJCCDIU_render_front.jpg,1.8686034692773545,0.2
rand_450OVO0JJI_render_front.jpg,1.0,0.3870308623211013
rand_YOZF701IR0_render_front.jpg,1.0,0.2
rand_M7Y15IKVMU_render_front.jpg,1.0,0.2
rand_3U11701WS8_render_front.jpg,1.0,0.3973928879434654
rand_FLUVEFYF8J_render_front.jpg,1.0,0.2
rand_LZ0Y15ZBG7_render_front.jpg,1.8425275523818143,0.9055593398760977
rand_MAUEJ8Q75D_render_front.jpg,1.0,0.2
rand_AGYBO94UUH_render_front.jpg,1.0,0.32888768038560134
rand_YW8LONCAW2_render_front.jpg,1.0,0.2
rand_WX4SB4QOKZ_render_front.jpg,1.0,0.5840140809803483
rand_3DA2V47R4H_render_front.jpg,1.183384588240099,0.2
rand_IU69EY1LRT_render_front.jpg,1.0,0.46021991023316466
rand_OJJTRH6TP6_render_front.jpg,1.0,0.8891562843359955
rand_2RG5D6DNJI_render_front.jpg,1.8337587156321882,0.2
rand_HYOSBQGIV2_render_front.jpg,1.0,0.2853843691452521
rand_YHUGSYHVM6_render_front.jpg,1.0,0.8398014613819962
rand_YCHJV0FU0D_render_front.jpg,1.0,0.586533613497097
rand_BYCBDWS1VA_render_front.jpg,1.0,0.21087589568046744
rand_3SO4WIR3E2_render_front.jpg,1.0,0.2
rand_WZJ6AQW28C_render_front.jpg,1.0,0.2
rand_W0TGZ32YWI_render_front.jpg,1.0,0.2
rand_LU61MC8Q3P_render_front.jpg,1.0,0.2
rand_8F052PWLFA_render_front.jpg,1.0,0.2
rand_DENF0S4CBB_render_front.jpg,1.0,0.2230596403019564
rand_ES6DIHWHVD_render_front.jpg,1.0,0.2
rand_90IAB2UJUP_render_front.jpg,1.0,0.2
rand_THQWHQ6GHY_render_front.jpg,1.0,0.14657276390459584
rand_H9VTR16Z0B_render_front.jpg,1.0,0.8295713347363921
rand_8T26O6CWRV_render_front.jpg,1.0,0.2
rand_7GV8X1HDTI_render_front.jpg,1.0,0.4459613229217728
rand_19V3TE2OTT_render_front.jpg,1.0,0.2
rand_J3UN8E8Z0X_render_front.jpg,1.7305525943537685,0.2
rand_80AH2FZ55X_render_front.jpg,1.0,0.5178121308420611
rand_KNMLG9WXBM_render_front.jpg,1.0,0.2
rand_9A9FO1H2NB_render_front.jpg,1.0,0.2
rand_O5UKHAZPWC_render_front.jpg,1.5195193044763209,0.39712323124626936
rand_81XJWYQHRK_render_front.jpg,1.0,0.2529122796041699
rand_D3VUHCRO2Z_render_front.jpg,1.0,0.13474320798483824
rand_K2T6Y2003S_render_front.jpg,1.4483394390901407,0.2
rand_33WP52FT2X_render_front.jpg,1.0,0.2
rand_7L20HPNNFV_render_front.jpg,1.0,0.4997427204661039
rand_BGBQ80U3UI_render_front.jpg,1.0,0.2
rand_VMDMOL6MAY_render_front.jpg,1.2195552045935707,0.412139463962676
rand_0UHSE020SQ_render_front.jpg,1.0,0.2
rand_PQ561JBTYQ_render_front.jpg,1.0,0.9331374156448898
rand_1LEED0NHXS_render_front.jpg,1.8422144598904986,0.2
rand_4WK17YJCOX_render_front.jpg,1.0,0.2
rand_VCPOLS9F8G_render_front.jpg,1.0,0.2
rand_9NWCAE0M80_render_front.jpg,1.0,0.9243428125124158
rand_TYS8FVOEIS_render_front.jpg,1.0,0.2
rand_0G3YRBDWX7_render_front.jpg,1.0,0.6721657663382905
rand_LJTWGU3IA3_render_front.jpg,1.0,0.2
rand_X4OP35UD86_render_front.jpg,1.1121269931719315,0.2
rand_112OSFSEX7_render_front.jpg,1.0,0.896547616420153
rand_QGA9US8EA9_render_front.jpg,1.0,0.2
rand_MSB5MQALCI_render_front.jpg,1.0,0.2
rand_IDQGNOUSIC_render_front.jpg,1.0,0.2
rand_F0EZJLOSYN_render_front.jpg,1.0,0.8746945445070106
rand_4VDT5B3AU3_render_front.jpg,1.4738926240387658,0.2
rand_ZC5MVWPXE2_render_front.jpg,1.0,0.8685558819857381
rand_2IPEZ2YCB5_render_front.jpg,1.0,0.8410971236249105
rand_1HQAX4I58N_render_front.jpg,1.7140734840950422,0.9434330268259544
rand_W6SECBC8V8_render_front.jpg,1.0,0.2757633507243121
rand_0OCUW7VTOG_render_front.jpg,1.9656521431130112,0.2
rand_7HY12OGM3L_render_front.jpg,1.0,0.2
rand_C4HJIQRH4V_render_front.jpg,1.0,0.3579749812571106
rand_RR36067AXI_render_front.jpg,1.0,0.5029170686694486
rand_22312U97J5_render_front.jpg,1.0,0.7804513415317128
rand_UBTNI420C3_render_front.jpg,1.440468089929751,0.42787278616865654
rand_3HKSI5OSB3_render_front.jpg,1.0,0.819207312340439
rand_7ZLJZJNYFY_render_front.jpg,1.044318613427015,0.2
rand_5P2MPPG76S_render_front.jpg,1.0,0.9280983825325517
rand_3D5CEOZZF3_render_front.jpg,1.0,0.2
rand_7UHY8FN5G3_render_front.jpg,1.0,0.8188224052503794
rand_0RJO4EBN7I_render_front.jpg,1.0,0.9289300920690053
rand_PX2E6U31WW_render_front.jpg,1.9873715412187747,0.2
rand_6P4MDEF4BF_render_front.jpg,1.0,0.557845458286013
rand_JIX8HCZY0D_render_front.jpg,1.0,0.2
rand_I2F8JX7IP5_render_front.jpg,1.0,0.2
rand_Q6I0XL21I7_render_front.jpg,1.0,0.2
rand_RDKNUBUP2T_render_front.jpg,1.0,0.4681752682354321
rand_TSG7SF7YHN_render_front.jpg,1.0,0.2
rand_7W5QBA3T02_render_front.jpg,1.7830409918024852,0.2
rand_769ULVC8LE_render_front.jpg,1.9560419770406778,0.14850403080713717
rand_R74TENW3ML_render_front.jpg,1.0,0.264473075961571
rand_UTAFNS2E8V_render_front.jpg,1.0,0.2
rand_RRKHJON9QF_render_front.jpg,1.0,0.4658270067281971
rand_87Q2QT3ZP6_render_front.jpg,1.630236114114493,0.2
rand_1HVSA5XZI5_render_front.jpg,1.0,0.44757193304473897
rand_I5PL0ALI9P_render_front.jpg,1.3690644060286887,0.2
rand_9CQL2TLGNR_render_front.jpg,1.0,0.9805714846770032
rand_C8RG7LHZ5S_render_front.jpg,1.0336080530324305,0.2
rand_2RVRQGYG3L_render_front.jpg,1.0,0.6834725259843398
rand_HA3DD4QOW3_render_front.jpg,1.0,0.2
rand_HI187F79GD_render_front.jpg,1.0,0.2
rand_07ZQTVELA0_render_front.jpg,1.0,0.2
rand_H5K6YKXKUC_render_front.jpg,1.0,0.8208709757994815
rand_XEWBM4MJRN_render_front.jpg,1.0,0.2
rand_BIFM6L6QFR_render_front.jpg,1.0,0.22246018941270462
rand_O39OTFFIP2_render_front.jpg,1.0,0.2
rand_FD4P7FXFTS_render_front.jpg,1.0,0.2
rand_OVIEZ1TT8U_render_front.jpg,1.0,0.23668562420965644
rand_C29UV68GEB_render_front.jpg,1.920746409356914,0.32185197881724326
rand_2JACTXNOCY_render_front.jpg,1.0,0.2
rand_0YROZT130H_render_front.jpg,1.0245828554991783,0.23302277394938614
rand_T46J59GPLB_render_front.jpg,1.0,0.2
rand_HK4ZH5DKD6_render_front.jpg,1.0,0.4858000987229625
rand_NF95FEOMW6_render_front.jpg,1.0,0.2
rand_8VE32GO5D0_render_front.jpg,1.0,0.2053945877742232
rand_QIRK6OR9N4_render_front.jpg,1.2546123117284076,0.2
rand_2HDUVYCBRB_render_front.jpg,1.8331320351343527,0.547836430329058
rand_U36F09VTK0_render_front.jpg,1.0,0.2221991435585884
rand_S3UVCNV095_render_front.jpg,1.0,0.46156101750046175
rand_8313UH9JAH_render_front.jpg,1.0,0.2
rand_1FV0QQANPN_render_front.jpg,1.0,0.22338679782598247
rand_MPN7EI9C3T_render_front.jpg,1.0,0.2
rand_QNMKT8HLBZ_render_front.jpg,1.0,0.677289253314707
rand_R3EB8U6YVK_render_front.jpg,1.0,0.9150156021640222
rand_0PX4UUFTWO_render_front.jpg,1.0,0.2
rand_2GAAIPXSL5_render_front.jpg,1.0,0.2
rand_ZU7KAFOFCL_render_front.jpg,1.0,0.2
rand_93JYLV3O9W_render_front.jpg,1.0,0.6496211914381613
rand_VPV05NAWKS_render_front.jpg,1.0,0.2
rand_DGYUW4HG3N_render_front.jpg,1.0,0.5416632521804539
rand_6KQQIZWB4F_render_front.jpg,1.0,0.7583206668199637
rand_7JUXOOWT7M_render_front.jpg,1.0,0.2
rand_Q11DQAVN00_render_front.jpg,1.9316902107855556,0.2
rand_54KFRYT6NA_render_front.jpg,1.0,0.82492569483103
rand_CTHGXOMLCU_render_front.jpg,1.0,0.2
rand_V7GPCTV9FS_render_front.jpg,1.0,0.4197749608560978
rand_OYUUY6Q48P_render_front.jpg,1.2720056528518484,0.2
rand_VK5N7EDY4Y_render_front.jpg,1.0,0.2
rand_M1T93KCG7E_render_front.jpg,1.0,0.2
rand_HB1BM193BZ_render_front.jpg,1.0,0.2
rand_BUUS90960X_render_front.jpg,1.040044264483921,0.2
rand_BVUYZLPYQ5_render_front.jpg,1.0,0.9587566710619407
rand_BCI7Y65BH0_render_front.jpg,1.0,0.2
rand_GB7PK52GMD_render_front.jpg,1.0,0.2
rand_M1J4JIJ017_render_front.jpg,1.0,0.2
rand_XC5K6QBQED_render_front.jpg,1.0,0.3607743752381428
rand_KV6WI2BGJY_render_front.jpg,1.0,0.2
rand_5DC7RFDCTA_render_front.jpg,1.0,0.2
rand_SW4BD26CHS_render_front.jpg,1.0,0.983884439529885
rand_UMC06OH5JB_render_front.jpg,1.0,0.2
rand_O7WS5J4C3D_render_front.jpg,1.904592504371698,0.2
rand_4K05ULD7F5_render_front.jpg,1.0,0.2
rand_FDI6YGX040_render_front.jpg,1.0,0.9870128670995294
rand_ZRQG1OTN6Y_render_front.jpg,1.683459075670002,0.2
rand_IBRIITJ54O_render_front.jpg,1.0,0.2
rand_PQZH4Z5Q85_render_front.jpg,1.0,0.2
rand_G5US9OA286_render_front.jpg,1.717908667045446,0.5909187121980473
rand_LGK36B8VCS_render_front.jpg,1.645554100189779,0.2
rand_SCA75BLSJZ_render_front.jpg,1.0,0.4000749901095808
rand_ZQY5ZCM3I9_render_front.jpg,1.0,0.2
rand_JJ1VXD8BKQ_render_front.jpg,1.0,0.35837147359844557
rand_RT707BND5G_render_front.jpg,1.0,0.2
rand_WHEBY3SFYC_render_front.jpg,1.0,0.2
rand_B174HKFADX_render_front.jpg,1.0,0.8520389489719764
rand_JORM7GQ6WK_render_front.jpg,1.0,0.5370291194340693
rand_XKD9H2N3ZM_render_front.jpg,1.0,0.2
rand_J0ZJU3CSET_render_front.jpg,1.0,0.2
rand_6FNAS5G562_render_front.jpg,1.1953017214199337,0.5906566719133044
rand_1C45W2KBUZ_render_front.jpg,1.0,0.2
rand_QN4OBUR4MS_render_front.jpg,1.0,0.2
rand_UZDG7V7Z78_render_front.jpg,1.8719379904773676,0.2
rand_QMWFU2MXZ2_render_front.jpg,1.0,0.18648693764858532
rand_HM54VGNHWN_render_front.jpg,1.6902379012684152,0.2
rand_CMHFJDBF8Z_render_front.jpg,1.0,0.18777589608218365
rand_XITTBM88U0_render_front.jpg,1.0,0.17436553325163523
rand_7JW3QMSKDB_render_front.jpg,1.0,0.19095005290381134
rand_IVBAYJ8CI5_render_front.jpg,1.0,0.2
rand_YBMTVKYXJF_render_front.jpg,1.0,0.2
rand_ETHSHMQ4YF_render_front.jpg,1.0,0.8909191595497806
rand_KSVM5O4Z9T_render_front.jpg,1.6188017184390988,0.2
rand_4TCLGET64H_render_front.jpg,1.0,0.5270358751509402
rand_LX5M5W56EU_render_front.jpg,1.0,0.2
rand_PH5DJSBDR5_render_front.jpg,1.0,0.2
rand_YA1HUV8C27_render_front.jpg,1.0,0.2
rand_1YN8ZHI10G_render_front.jpg,1.0,0.5791917609973536
rand_BYHIJVRBII_render_front.jpg,1.0,0.4299069286104068
rand_FOJPWAXROX_render_front.jpg,1.2584233161613074,0.2
rand_HKCTV0F1QH_render_front.jpg,1.2157071460382807,0.5556005409849564
rand_UQR0DVFMMK_render_front.jpg,1.0,0.2
rand_WU7ZQLQ6JT_render_front.jpg,1.0,0.5679224062497518
rand_GKF20MONXT_render_front.jpg,1.0,0.2
rand_DSFACBRTWX_render_front.jpg,1.76693539616782,0.1413773856928167
rand_5KIUTZPHUJ_render_front.jpg,1.0,0.4148621431655385
rand_7A1WMGQKSK_render_front.jpg,1.0,0.8404033492559675
rand_THV31XNV3Z_render_front.jpg,1.0,0.9334122140317828
rand_J0FAFKL92P_render_front.jpg,1.0,0.47805922202725104
rand_B4NAAY2F2B_render_front.jpg,1.0,0.18846768260378963
rand_UPTB6AHYX6_render_front.jpg,1.0,0.43344383845041246
rand_POGEBWJHKG_render_front.jpg,1.0,0.57762487362885
rand_04O2UOROT1_render_front.jpg,1.0,0.2
rand_CE0Z6ZHNDG_render_front.jpg,1.0,0.9035340885148635
rand_7WG2VRLCBK_render_front.jpg,1.0,0.2659612479957534
rand_76DXD3W8AD_render_front.jpg,1.0,0.2
rand_LQ0JNZCHC7_render_front.jpg,1.0,0.21305403478814022
rand_Z3OUR6OU3U_render_front.jpg,1.969433127976321,0.16270921747134798
rand_QAUPVSIWQJ_render_front.jpg,1.3820645270423193,0.2
rand_4ANWG2DINO_render_front.jpg,1.0,0.5015878996928957
rand_I26UXMBXAT_render_front.jpg,1.0,0.8066123447387067
rand_2G1HJPOK9F_render_front.jpg,1.0,0.2
rand_M80U1VNN6W_render_front.jpg,1.0,0.2
rand_5W8D2GOBW3_render_front.jpg,1.0,0.2
rand_SGUNFG3P1Z_render_front.jpg,1.3692857733419705,0.2
rand_RH32N4Y406_render_front.jpg,1.112302441492933,0.36213851629074056
rand_PJTDNR64U8_render_front.jpg,1.0,0.2
rand_D47MNCD5FU_render_front.jpg,1.0,0.9729772643982342
rand_2GZKHRDY8J_render_front.jpg,1.1506086828970274,0.4569689260108075
rand_KK4GGPKC96_render_front.jpg,1.7300642064867637,0.8153954987752362
rand_OZ2JNUJHB1_render_front.jpg,1.9076892237914405,0.2
rand_4SPB8SQ4AP_render_front.jpg,1.4363580481001534,0.2
rand_KS398YFCBW_render_front.jpg,1.0,0.34328651519213466
rand_9WLEUKKSES_render_front.jpg,1.0,0.4190615517017342
rand_2YSG5LC1SJ_render_front.jpg,1.0,0.39114328332644155
rand_5QJHO24LA4_render_front.jpg,1.0,0.24861208601035892
rand_LRYW7W27OM_render_front.jpg,1.0,0.6198486492297407
rand_F6EALBWXTT_render_front.jpg,1.0,0.2
rand_94D87RNMID_render_front.jpg,1.0,0.2
rand_HNJ4G3GCQF_render_front.jpg,1.0,0.2
rand_DRXBMZPWS6_render_front.jpg,1.4032916375797255,0.10656924737280751
rand_X2T3IP3ORV_render_front.jpg,1.0,0.37226480928705774
rand_Y8BT5T8NJT_render_front.jpg,1.0,0.3516381305145383
rand_K1BBUUGHFD_render_front.jpg,1.0,0.2
rand_SBJEXK6BSO_render_front.jpg,1.3145306235069971,0.2777339661225289
rand_QYEWOXQC3J_render_front.jpg,1.5937156467491174,0.2
rand_HKR4JSRN1T_render_front.jpg,1.7512664635288455,0.2
rand_I3IKFCC8FG_render_front.jpg,1.1293389124347857,0.2
rand_NLAX0XRNO8_render_front.jpg,1.6091399613198547,0.8561959274634766
rand_AH92EJU013_render_front.jpg,1.0,0.2
rand_NNE4QF0WJW_render_front.jpg,1.0,0.2
rand_AHR4VIKETG_render_front.jpg,1.5010465302888176,0.2
rand_GS3TM8DZDH_render_front.jpg,1.0,0.5609321980853755
rand_OINB1PWBRS_render_front.jpg,1.189437297675326,0.7211757289851104
rand_N4ZJB4ZXWS_render_front.jpg,1.0,0.2
rand_4KUYS1XZYZ_render_front.jpg,1.0,0.6284394639126549
rand_84S0X0BUH1_render_front.jpg,1.6852247039029193,0.25496951433476644
rand_8VR7G0HXBX_render_front.jpg,1.1864096052379365,0.2
rand_H9NCSO6M7V_render_front.jpg,1.0,0.2
rand_JKL6X7LND4_render_front.jpg,1.0,0.2
rand_K9JF7BBHRV_render_front.jpg,1.0,0.2
rand_PNWGBFYD9B_render_front.jpg,1.8538153884893172,0.2
rand_3PEK775TQV_render_front.jpg,1.0,0.2
rand_YFKMTZT4G5_render_front.jpg,1.0,0.7999824775563098
rand_ZBMSJACWQR_render_front.jpg,1.0,0.2
rand_E81HD69NNW_render_front.jpg,1.5310097124454667,0.2
rand_GQOCJHSZ2A_render_front.jpg,1.898236659470642,0.2
rand_IZCBT7WPB9_render_front.jpg,1.5239017971797493,0.7375376405304661
rand_DA938FYDHB_render_front.jpg,1.0,0.15088671107733226
rand_53P7HC6MVN_render_front.jpg,1.433231419657583,0.6306231359731734
rand_0IO65ELOGG_render_front.jpg,1.7383593380143512,0.10613492834012979
rand_FKQ1P11XVD_render_front.jpg,1.2388925178364527,0.10521882225127459
rand_5ESF0AXBPY_render_front.jpg,1.0,0.2
rand_FWSA8FL2ZB_render_front.jpg,1.0,0.8967200148149976
rand_VRO2Z6O54O_render_front.jpg,1.0,0.2
rand_S1NENJWEX9_render_front.jpg,1.0,0.2
rand_P6D3EW5XI3_render_front.jpg,1.0,0.2
rand_4VVG1KAW6V_render_front.jpg,1.0,0.2
rand_O629VSEETX_render_front.jpg,1.0,0.8026116867898778
rand_LCJKDUBTIU_render_front.jpg,1.0,0.316364611407544
rand_MTAY3I2BJ3_render_front.jpg,1.0,0.21366190627505582
rand_U42CSZG7NL_render_front.jpg,1.2763367895949478,0.2
rand_LTYJM5F8Y6_render_front.jpg,1.0,0.2975282234975189
rand_4A91TVQ1ZC_render_front.jpg,1.0321905346536533,0.9801424516491349
rand_N3VPZCD9B5_render_front.jpg,1.0,0.2995071290543086
rand_R0C36A7FUB_render_front.jpg,1.0,0.2
rand_W1WSLFT0MD_render_front.jpg,1.0,0.872328671121955
rand_R9LGPITW3Z_render_front.jpg,1.0,0.2068725473554168
rand_A407QTE7IL_render_front.jpg,1.0,0.2
rand_XYD2ZG5PWZ_render_front.jpg,1.0,0.2910196885768328
rand_I8K04LVAVO_render_front.jpg,1.0,0.605928439118118
rand_J4RQUJACEZ_render_front.jpg,1.0,0.2
rand_5LK5BAV64E_render_front.jpg,1.6737528507683765,0.1621117577639741
rand_QIO77YBF7H_render_front.jpg,1.0,0.2
rand_XNYCF0733R_render_front.jpg,1.0,0.2
rand_2YQZ16SQM1_render_front.jpg,1.1466048891561555,0.2
rand_Q88MKB3C07_render_front.jpg,1.0,0.2
rand_W083NYJDUT_render_front.jpg,1.0,0.8088404560227261
rand_XGQIEQG82F_render_front.jpg,1.0,0.8356726450425936
rand_B2YY50KN3N_render_front.jpg,1.0,0.8898078642118337
rand_9ANMJ5F2U5_render_front.jpg,1.42989644391496,0.909774557000442
rand_LYTM71HQAC_render_front.jpg,1.6871114684838835,0.9335843822785043
rand_R5YK7L9ZY1_render_front.jpg,1.0,0.2
rand_9RB4IMGWAH_render_front.jpg,1.5864859031597516,0.16302491569289942
rand_4R1OKVQ3F4_render_front.jpg,1.0,0.5218538007636483
rand_ILZPCU7Y6F_render_front.jpg,1.0,0.6838349433758971
rand_H9PAZNI5C0_render_front.jpg,1.0,0.9290427203550704
rand_498QTRCO1T_render_front.jpg,1.0,0.5467754116433542
rand_B4MVQ8RSTM_render_front.jpg,1.0,0.5270795364813988
rand_WR5NW1Y6YB_render_front.jpg,1.8580131578815338,0.2
rand_GUM8AB63QF_render_front.jpg,1.0,0.38377095119862537
rand_XTRLUQN2VQ_render_front.jpg,1.0,0.9993177059075286
rand_DTBPS3450C_render_front.jpg,1.0,0.6276109610536937
rand_FJ66YEL2LZ_render_front.jpg,1.0290456244193182,0.4728159305169667
rand_E5TCUZB9IP_render_front.jpg,1.0,0.2
rand_GW4LJ5R0ZT_render_front.jpg,1.1458683890618255,0.2
rand_BNUYC8FDPX_render_front.jpg,1.0,0.7708065399719454
rand_BOZ75HTPWT_render_front.jpg,1.0,0.2
rand_JWS2K6YUG2_render_front.jpg,1.0,0.2
rand_TCCPBSG29Y_render_front.jpg,1.2269387900407864,0.2
rand_OMFIQHSGJI_render_front.jpg,1.0,0.563513622367057
rand_3ZECUVVJVR_render_front.jpg,1.0,0.2
rand_FX7V2SY5LF_render_front.jpg,1.5217933328097024,0.2
rand_PG5YI68WX6_render_front.jpg,1.0,0.2
rand_6RH1G90HD5_render_front.jpg,1.0,0.17848328509300818
rand_85TVJLMFGP_render_front.jpg,1.008132853424016,0.2
rand_CTRW3KILCI_render_front.jpg,1.0,0.2
rand_9Q9DWBMMH8_render_front.jpg,1.8279131296677837,0.8071645827710914
rand_8WIH8JNTPQ_render_front.jpg,1.802809967430653,0.36687140844366917
rand_IZ99GS4DRK_render_front.jpg,1.0,0.2
rand_GC1ASA9GWP_render_front.jpg,1.0,0.5529868500918647
rand_N8D3H1RQ7J_render_front.jpg,1.0,0.2
rand_DW3YZP7MWA_render_front.jpg,1.0,0.2
rand_GXHDNYR79Z_render_front.jpg,1.0,0.2
rand_4PE0Z04VI3_render_front.jpg,1.9987229359595937,0.2
rand_6OV3QJ5LB9_render_front.jpg,1.0,0.2
rand_RQDJSZ9CDI_render_front.jpg,1.0,0.3691952788478353
rand_J3VUIPCX17_render_front.jpg,1.0,0.2322360499538064
rand_0DI5LMM8WZ_render_front.jpg,1.0,0.2
rand_974IQAGU7W_render_front.jpg,1.0,0.5732872596409071
rand_DL7KJ7ETGV_render_front.jpg,1.0,0.2
rand_SLTPHBI5RF_render_front.jpg,1.0,0.8741383862956377
rand_WS2VHKZCLA_render_front.jpg,1.381206033092337,0.7056420896256921
rand_BUUEHYMVI3_render_front.jpg,1.0,0.2
rand_7S4K67RQ8D_render_front.jpg,1.0,0.8089814015952759
rand_NKD6SCLFRB_render_front.jpg,1.4748354763824199,0.2
rand_J0OY3GTZZA_render_front.jpg,1.3642231002223397,0.7289362160915085
rand_JIW6516EBT_render_front.jpg,1.0,0.2
rand_1FO3CTKYV8_render_front.jpg,1.0,0.8329955738541465
rand_LO0VPP61R6_render_front.jpg,1.0,0.2
rand_EWXJOLYIJC_render_front.jpg,1.0,0.5652141661551143
rand_TAWGUCAJ5I_render_front.jpg,1.0,0.517846946966533
rand_4XCU32VYML_render_front.jpg,1.0,0.15243302941005138
rand_KVMU5I0QMF_render_front.jpg,1.0,0.13686792537686307
rand_FHCEP1UNTX_render_front.jpg,1.0,0.5258196275769148
rand_MNWJYP97T9_render_front.jpg,1.1281208247722923,0.49475487664713635
rand_U0QUJROKQC_render_front.jpg,1.0,0.32589591011201713
rand_7IR3MGYTF5_render_front.jpg,1.0359768029761343,0.2
rand_YK11MGG89W_render_front.jpg,1.7532386043661408,0.2
rand_M84FVRL3BB_render_front.jpg,1.0,0.4631198392525938
rand_6YCGWMORN9_render_front.jpg,1.0,0.2
rand_KU6CQGZYER_render_front.jpg,1.0,0.2
rand_2ETYQSPPS0_render_front.jpg,1.0,0.2519425753357464
rand_HVSPSF1OEI_render_front.jpg,1.0,0.4416497488053285
rand_1JW3GNY0HI_render_front.jpg,1.5645623633497476,0.3873326123408837
rand_2UO1IZ4GYS_render_front.jpg,1.0,0.3363744193385503
rand_ICP8REL29T_render_front.jpg,1.0,0.48369699882015227
rand_T10L5YH84F_render_front.jpg,1.9236446115479313,0.2
rand_PCVS1LUMZQ_render_front.jpg,1.0,0.19866374333370007
rand_8L5C2F28RH_render_front.jpg,1.0,0.8246062464016972
rand_BRJ9THPJID_render_front.jpg,1.2163016990330802,0.2
rand_414YH9WX81_render_front.jpg,1.0,0.2
rand_91YHM2CUEA_render_front.jpg,1.0,0.2
rand_OIXFIIRJLF_render_front.jpg,1.0423275908467282,0.2
rand_RV8H2AT1JY_render_front.jpg,1.2074661964478612,0.2
rand_WPB672N5M3_render_front.jpg,1.257281125001796,0.14793340589650777
rand_L5F75PP8S9_render_front.jpg,1.0,0.2
rand_HLUMQM1DHX_render_front.jpg,1.0,0.2
rand_ZL1ERTQAU5_render_front.jpg,1.0,0.2
rand_17OFXQ6IZF_render_front.jpg,1.0667848925260968,0.8028342928402783
rand_AF2G5C1G33_render_front.jpg,1.0,0.2
rand_UJ8M5F5XQH_render_front.jpg,1.0,0.2005298516220368
rand_QVTBKSE3K8_render_front.jpg,1.4302271940044902,0.6906091050753821
rand_6M3DRZ8IKY_render_front.jpg,1.0,0.6501528444399095
rand_LLHJVCZ1BK_render_front.jpg,1.0,0.7206141841817737
rand_F31L27S5YD_render_front.jpg,1.509371382868283,0.2
rand_3PJE2FECL6_render_front.jpg,1.0,0.33553201939270094
rand_SZRX8TY51T_render_front.jpg,1.0,0.818567857952341
rand_R3Y38YJW3H_render_front.jpg,1.0,0.2
rand_70AJY5QPFH_render_front.jpg,1.0,0.2
rand_R9JA6DUT59_render_front.jpg,1.0,0.2
rand_3WE35GMQ8C_render_front.jpg,1.4321342464815563,0.2
rand_ATQLMI1907_render_front.jpg,1.0,0.6080853000883987
rand_7Y10178YHH_render_front.jpg,1.0,0.2
rand_0AAY3NQH8J_render_front.jpg,1.0,0.2
rand_BMD0266VE9_render_front.jpg,1.0,0.538697887616003
rand_URDU4OZNLC_render_front.jpg,1.0,0.4619246432916688
rand_PHJITKUILV_render_front.jpg,1.0,0.2
rand_0B1T21D8NX_render_front.jpg,1.0,0.2
rand_97J3ZJ3Q9C_render_front.jpg,1.0,0.848137019912186
rand_ALE6R7AQQP_render_front.jpg,1.2565009112284318,0.2
rand_TYRWE94TMW_render_front.jpg,1.2407913080379949,0.2
rand_6U96U8BHBG_render_front.jpg,1.0,0.2
rand_151MB9PXLQ_render_front.jpg,1.5941932639760314,0.8423120363406401
rand_SD6JYQ3NHE_render_front.jpg,1.0,0.15124205479569416
rand_0Q1ZZAS60M_render_front.jpg,1.8035815493948686,0.2
rand_HTCZH3SO8L_render_front.jpg,1.0,0.1631062733507187
rand_UJ3IMGEO9L_render_front.jpg,1.0,0.2
rand_Z0HAFUDB4W_render_front.jpg,1.0,0.2
rand_V8EIVGGMLD_render_front.jpg,1.0,0.2965225484017847
rand_58Z6H5TI8M_render_front.jpg,1.0,0.5624323450672484
rand_COHEXRK1CP_render_front.jpg,1.0,0.2
rand_5R3ZJBV7RK_render_front.jpg,1.0,0.2745836883357685
rand_H44RFIGBWV_render_front.jpg,1.704372184263463,0.9180903954934861
rand_3PX3J8ZR3D_render_front.jpg,1.0,0.2
rand_WGIIOYTJUN_render_front.jpg,1.8139614842164713,0.2
rand_2HQEJ5LVL4_render_front.jpg,1.0,0.2
rand_MSPKN6AITE_render_front.jpg,1.844909890458068,0.7312362988621115
rand_WJOQAO1SUU_render_front.jpg,1.0,0.2
rand_F5KXWKZDFH_render_front.jpg,1.0,0.2
rand_QOHHQKYVCO_render_front.jpg,1.209445447196818,0.2
rand_B316XIDLP0_render_front.jpg,1.0,0.2
rand_ZL3KYW7IB5_render_front.jpg,1.0,0.2
rand_1NRWZ4LWPC_render_front.jpg,1.0,0.2
rand_WVF85ORIT4_render_front.jpg,1.6540591071253004,0.2
rand_DBP4IFPGM1_render_front.jpg,1.0,0.2
rand_W0385YI17Y_render_front.jpg,1.0,0.2
rand_PISGY1N8OG_render_front.jpg,1.0,0.34981139784471404
rand_GKRIPGAR81_render_front.jpg,1.0,0.2
rand_BCHNTOMYPJ_render_front.jpg,1.0,0.5667031734060591
rand_EB274GMZ0P_render_front.jpg,1.8339272855686262,0.2
rand_E39IL3GKSD_render_front.jpg,1.0,0.8002757176594222
rand_FT9AO58TYJ_render_front.jpg,1.0,0.2
rand_5VPBR4V96M_render_front.jpg,1.661092298239409,0.36104629752722117
rand_E5GWETVI1S_render_front.jpg,1.0,0.2
rand_G9YEKEAAEI_render_front.jpg,1.0,0.858399174313421
rand_05Y512GKGH_render_front.jpg,1.0,0.706381155448793
rand_J1IUV9VY8Q_render_front.jpg,1.0,0.2
rand_PBVHM8F5W1_render_front.jpg,1.5017386959992505,0.2
rand_Z4XO5MSQIY_render_front.jpg,1.0,0.2
rand_QGKZT6MOHC_render_front.jpg,1.0,0.24998008972343613
rand_27JZ41GKNT_render_front.jpg,1.0,0.770681347624864
rand_YL8YM6MRUH_render_front.jpg,1.0,0.6842196131149962
rand_BFTU2HH7BX_render_front.jpg,1.0,0.2
rand_QJJ0GRUB8Z_render_front.jpg,1.0,0.2
rand_RPNJ4SX4PK_render_front.jpg,1.0,0.6102570004295671
rand_GA2FRI3RZ7_render_front.jpg,1.0,0.2
rand_PVM5WKJZL9_render_front.jpg,1.0,0.2
rand_SAOPZKTE7A_render_front.jpg,1.0,0.2
rand_ANRW29KCL1_render_front.jpg,1.0,0.2
rand_MOL13L4OHT_render_front.jpg,1.0,0.6383937446480862
rand_H90NQPXG3M_render_front.jpg,1.0,0.8132842246023041
rand_WAGOCFCFMH_render_front.jpg,1.0,0.6848571281850793
rand_G7IBN9VIGA_render_front.jpg,1.3187030773700013,0.11467926657942298
rand_GSCIQ78RV8_render_front.jpg,1.0,0.4413078474185379
rand_B7EBDL83Z6_render_front.jpg,1.0,0.2
rand_5E0Y3LPO3Q_render_front.jpg,1.251766800390559,0.2
rand_S078N1VR8W_render_front.jpg,1.0,0.2
rand_I0AA8Z1IDB_render_front.jpg,1.7712198927678844,0.4696270304231349
rand_L84HDK6DMZ_render_front.jpg,1.0,0.22080130756063948
rand_VJ6AU7ADUY_render_front.jpg,1.0,0.2
rand_ALU9KMK7NY_render_front.jpg,1.0,0.5078425147487761
rand_5YS26RYTKI_render_front.jpg,1.0,0.2
rand_FOWJGGYZG8_render_front.jpg,1.0,0.6906835950401664
rand_O59WTHMV35_render_front.jpg,1.0,0.6818124616182517
rand_WHT1E0DDLV_render_front.jpg,1.227862306990956,0.24948275133790299
rand_ICRGZAT82S_render_front.jpg,1.5340386176312677,0.2
rand_4TJC1640N1_render_front.jpg,1.0,0.8791905503650129
rand_QPRJ4RNJJX_render_front.jpg,1.0,0.2
rand_M3YF6PJTE7_render_front.jpg,1.0,0.758639200707281
rand_IITHMZRQFZ_render_front.jpg,1.0,0.2
rand_RNKYDZESX2_render_front.jpg,1.0,0.2
rand_QOGE61TPL9_render_front.jpg,1.5376757942129835,0.2
rand_WS4M76PUVL_render_front.jpg,1.4754256804740242,0.2
rand_G5Z957FZR0_render_front.jpg,1.0,0.2
rand_UPYRFVMV5X_render_front.jpg,1.0,0.5148840194500353
rand_MV1V95QMTO_render_front.jpg,1.0,0.2
rand_9D6GUJPPCV_render_front.jpg,1.2554671391185832,0.2
rand_03NUC9OR55_render_front.jpg,1.2965962583306032,0.2
rand_GLROGGZN66_render_front.jpg,1.0,0.2
rand_UG3Q06SOYP_render_front.jpg,1.0,0.31725135158305184
rand_NRKCZA37BC_render_front.jpg,1.0,0.2
rand_8QDFYHD7OM_render_front.jpg,1.0526181957923648,0.2
rand_THQK3U2NS2_render_front.jpg,1.0,0.2
rand_PYI4BM9FI4_render_front.jpg,1.5067931673828592,0.2
rand_M2HV5ZMBH4_render_front.jpg,1.0,0.2
rand_05H6WP8PJX_render_front.jpg,1.2559015782044256,0.2
rand_5CZD1V8UT3_render_front.jpg,1.0,0.4762252148467062
rand_972CXFP4LE_render_front.jpg,1.8047516092340057,0.2
rand_0YRUMDW1J3_render_front.jpg,1.0,0.2
rand_ZLTDMPDPJK_render_front.jpg,1.0,0.2
rand_IQG7GB8MCL_render_front.jpg,1.0,0.6880171656457217
rand_FWT52LRTLW_render_front.jpg,1.0,0.8441897404039277
rand_SQ5S6OVLPG_render_front.jpg,1.3712297751226044,0.5056160669914821
rand_ATDY3AJN0Q_render_front.jpg,1.7114314965761332,0.2
rand_JXBZOQTTHP_render_front.jpg,1.0,0.2
rand_4OHCUB82R5_render_front.jpg,1.0,0.3805172845779228
rand_JWR4048NT8_render_front.jpg,1.0,0.30833102970432735
rand_2WV10CDJSA_render_front.jpg,1.0,0.2
rand_XUKLZL7LTE_render_front.jpg,1.2248167066592808,0.2713152756555146
rand_89BU5D7HT9_render_front.jpg,1.7421217719621365,0.21015589892849806
rand_JM81NQMYB4_render_front.jpg,1.0,0.4572757613780122
rand_68HLAQ0IH3_render_front.jpg,1.7915508141960923,0.2
rand_EG5ZN3A6N6_render_front.jpg,1.0,0.7051639583307429
rand_BGAYEKMAZ0_render_front.jpg,1.6378408522790657,0.18525009240951507
rand_KO8UGAPN7E_render_front.jpg,1.5597895373456092,0.2
rand_LY3VYIIBR3_render_front.jpg,1.3292877800547804,0.2
rand_162IYSX008_render_front.jpg,1.3033167395320029,0.2
rand_2OBIIXEYM4_render_front.jpg,1.0,0.4263994808697509
rand_JE0L62P85L_render_front.jpg,1.123637930570999,0.17101177593344388
rand_Z1Q4FWGY05_render_front.jpg,1.0,0.2
rand_GPV3MMFNQ0_render_front.jpg,1.5806630264130566,0.2974001244824674
rand_01H2S9IZZL_render_front.jpg,1.0,0.9803118528864215
rand_94CLJ0V41M_render_front.jpg,1.0,0.5022044414470207
rand_7QUPVGLVPI_render_front.jpg,1.0,0.2
rand_XDJB5DFNXI_render_front.jpg,1.6404848096901021,0.2
rand_D9RMV2SYPC_render_front.jpg,1.0,0.3581434139374857
rand_3IN05XWEF1_render_front.jpg,1.2888575380847889,0.2
rand_6NXT2QHV30_render_front.jpg,1.2122010087008797,0.8235905481215067
rand_RB7DIBGYI0_render_front.jpg,1.0,0.2
rand_NLNPIB80WS_render_front.jpg,1.0,0.2
rand_TPHYZUQ5AS_render_front.jpg,1.8259298084917184,0.8552963365125569
rand_M5PDDLZTID_render_front.jpg,1.0,0.2
rand_GFQ0STYHXQ_render_front.jpg,1.0,0.6841645688314658
rand_8M3YM0BASQ_render_front.jpg,1.0,0.6782949026884636
rand_SU2I8HTCI3_render_front.jpg,1.0,0.7049752986127613
rand_VRUQAXCQ23_render_front.jpg,1.0,0.2
rand_P4V3YQWI46_render_front.jpg,1.0,0.5692906308396186
rand_OOALD0OKL4_render_front.jpg,1.226115296738755,0.5907212672442693
rand_LILW78QTVP_render_front.jpg,1.0,0.1327782660691968
rand_TIUN0O423Q_render_front.jpg,1.0,0.2
rand_2CPOAS66P8_render_front.jpg,1.0,0.19259906468525628
rand_7M7HMFR83D_render_front.jpg,1.0,0.6415779569975801
rand_26WOIYTDU1_render_front.jpg,1.6374949929542608,0.33881504376812555
rand_3G1DDHTG0K_render_front.jpg,1.6451607292634916,0.2
rand_ICR79SSFME_render_front.jpg,1.0,0.2
rand_V61AHPDH4M_render_front.jpg,1.49907652785551,0.16048225216497047
rand_P1L07W84MA_render_front.jpg,1.9112804580811193,0.5489797392345137
rand_M5TFE66GBD_render_front.jpg,1.2940127378763147,0.2
rand_CS9FSZS416_render_front.jpg,1.0,0.2
rand_LNFBQC3TI5_render_front.jpg,1.0,0.709944027510188
rand_7QPGFVS5SM_render_front.jpg,1.0,0.31946567012060934
rand_OLVSBMGNZ0_render_front.jpg,1.0,0.2
rand_Y84FBI7QCO_render_front.jpg,1.0,0.2
rand_PEQZAX9F9H_render_front.jpg,1.0,0.568902036026737
rand_7DB38S9TPK_render_front.jpg,1.0,0.6260777529914323
rand_HVUXN4N586_render_front.jpg,1.0,0.2848324238568122
rand_OOU0PY537C_render_front.jpg,1.0,0.6080236146707656
rand_HGVXYLC30G_render_front.jpg,1.0,0.2
rand_IMB4RPKGCM_render_front.jpg,1.0,0.584318636515341
rand_OZ6BT4FT6N_render_front.jpg,1.0,0.6995951175873587
rand_TM8KBNE3SX_render_front.jpg,1.0,0.8661597926018952
rand_GXWW2JK9OU_render_front.jpg,1.0,0.2
rand_5XQU9ZV1A0_render_front.jpg,1.0,0.23005763703687276
rand_V8UBT3GOTJ_render_front.jpg,1.0,0.23088756857411066
rand_4ZBA4I3ZXD_render_front.jpg,1.0,0.2
rand_Y6J50IRNN5_render_front.jpg,1.4695400286982006,0.2
rand_67CNICZN0X_render_front.jpg,1.0,0.2
rand_FB342W86SX_render_front.jpg,1.2654796616439659,0.2
rand_7SU8KTXKEV_render_front.jpg,1.1245034932442675,0.2
rand_D3W83DHV26_render_front.jpg,1.0,0.8532565549482309
rand_V7OEROU0NB_render_front.jpg,1.0,0.31933392220486845
rand_WRK67EX6S6_render_front.jpg,1.9307268142292653,0.34460462231816974
rand_X1GOLCKQT5_render_front.jpg,1.0,0.2
rand_IMYIMXC00P_render_front.jpg,1.0,0.2
rand_Z4ZILJO7LT_render_front.jpg,1.0,0.5144957117294003
rand_Q99BRRKFXJ_render_front.jpg,1.0,0.2
rand_3DV2TP1VB8_render_front.jpg,1.0,0.2
rand_BURY74T7EG_render_front.jpg,1.0,0.4421174971485906
rand_32HHHMX606_render_front.jpg,1.0,0.2
rand_ODD9L7MA2P_render_front.jpg,1.1973180915193362,0.6567401935552204
rand_D3ET1FLFXS_render_front.jpg,1.0,0.2
rand_A59V8B2QAV_render_front.jpg,1.0,0.719750500467304
rand_RFOQJZZOG9_render_front.jpg,1.0,0.36407178808298357
rand_6O9ON561HO_render_front.jpg,1.0,0.2
rand_UO6AIFEEUF_render_front.jpg,1.1634642872427308,0.2
rand_X88B8AAQLW_render_front.jpg,1.0,0.7877546688273134
rand_A16ZJ4Q917_render_front.jpg,1.4312346576476074,0.2
rand_UAJEC6B3GM_render_front.jpg,1.0,0.508505576356827
rand_WPCGF9NTXU_render_front.jpg,1.0,0.2
rand_H4M9WRX6D8_render_front.jpg,1.0,0.6188077195749768
rand_DS9JH8D9AK_render_front.jpg,1.0,0.8638351751053964
rand_MB68NHO8DH_render_front.jpg,1.0,0.2
rand_BU52F2Z0A2_render_front.jpg,1.0,0.33880704095637204
rand_YS591GQ2ZX_render_front.jpg,1.0,0.2
rand_5LNA3DD267_render_front.jpg,1.0,0.596458156516163
rand_RO08L61XX6_render_front.jpg,1.8150476961029667,0.2
rand_0DR6EJTF04_render_front.jpg,1.0,0.829604527794889
rand_72PKKZ7KQO_render_front.jpg,1.0,0.10942524822929642
rand_BZIL6VZTUH_render_front.jpg,1.4159846050261513,0.2
rand_DC3GUQMJZJ_render_front.jpg,1.0,0.2
rand_SK6VEO20IG_render_front.jpg,1.0,0.6149840895582933
rand_4FTJVAOOXW_render_front.jpg,1.0,0.45374551744028957
rand_X7V021FE83_render_front.jpg,1.0,0.3724604171632673
rand_DDH3P7FONQ_render_front.jpg,1.0,0.2
rand_6VRZU3AZU1_render_front.jpg,1.0,0.444928431720202
rand_PN02KS7YJ1_render_front.jpg,1.4003051909188295,0.2
rand_NR46SGHKJE_render_front.jpg,1.0,0.4523103805605133
rand_N8F2N1PIXX_render_front.jpg,1.0,0.7776718760132106
rand_ID0XXOHG7D_render_front.jpg,1.0,0.2
rand_XC4RRHG45Z_render_front.jpg,1.0,0.2
rand_9VSOQGEB67_render_front.jpg,1.0,0.3718204005326985
rand_LV1P7WRUTP_render_front.jpg,1.046820827646556,0.7094372993344076
rand_J9PBYWTLEZ_render_front.jpg,1.1939150656477602,0.753578817105176
rand_2Q30IIICNE_render_front.jpg,1.951510039510914,0.997955033403919
rand_6OVB44A996_render_front.jpg,1.300543290978096,0.7647607101296067
rand_AO04L3GAZ6_render_front.jpg,1.0,0.7171716186011216
rand_MG425IHTJD_render_front.jpg,1.0,0.9154263163768281
rand_RMPB1WVFIX_render_front.jpg,1.0455551039766533,0.2
rand_ALN8X0G6XN_render_front.jpg,1.0,0.46664543486574916
rand_J52HUIXRUW_render_front.jpg,1.0766480803713339,0.2
rand_UZLCNVVHYP_render_front.jpg,1.0,0.44428761185346166
rand_DZVB9BOO30_render_front.jpg,1.0,0.2
rand_X32ISKUEHN_render_front.jpg,1.5603487766873154,0.2
rand_HFFMMPA1IP_render_front.jpg,1.0,0.2
rand_DIJ9HE6OZD_render_front.jpg,1.0,0.2
rand_KJ24JF9VIO_render_front.jpg,1.0,0.3420472203604564
rand_05TEHN2CKS_render_front.jpg,1.0,0.2
rand_SUIN9RTP8N_render_front.jpg,1.0827454109269838,0.2925185381294968
rand_WDI9CL3VNE_render_front.jpg,1.0,0.2
rand_PF1QTRC837_render_front.jpg,1.0,0.2
rand_GNXSMM981R_render_front.jpg,1.0,0.2
rand_4GQXDPSCGI_render_front.jpg,1.0196177104416444,0.2
rand_VZDBUZC6ZH_render_front.jpg,1.4215638731228357,0.2
rand_LUN3321IWI_render_front.jpg,1.021065906344564,0.2
rand_SF0LFDGGGM_render_front.jpg,1.0,0.7881348502798078
rand_WBNTH56ZO3_render_front.jpg,1.3147954069584884,0.2
rand_QRB4W9YYSM_render_front.jpg,1.0,0.2
rand_A4ZIASGXLT_render_front.jpg,1.22248479466246,0.6659603388828859
rand_5DEJMROWNQ_render_front.jpg,1.0,0.2
rand_M1MMIWD7HK_render_front.jpg,1.218808541202495,0.2
rand_MEALY329TM_render_front.jpg,1.0,0.4476214892963537
rand_MPMLNGI49K_render_front.jpg,1.5445245780409151,0.2
rand_RGIGTM004I_render_front.jpg,1.0,0.2
rand_V8B20T9JR5_render_front.jpg,1.1328858169002607,0.21035947539337702
rand_L9GX1XVCUL_render_front.jpg,1.511861484045629,0.2550379296351304
rand_ZM1R17PAYY_render_front.jpg,1.0,0.2
rand_V1LS41H3SP_render_front.jpg,1.0,0.2
rand_C1F671IFJC_render_front.jpg,1.073018039338053,0.2
rand_HPAB9QRCGV_render_front.jpg,1.0,0.3679724855720571
rand_BTFNFA0379_render_front.jpg,1.0,0.2
rand_9K5HBK6UIW_render_front.jpg,1.095599527866661,0.23601237775971767
rand_JM0QU12JBT_render_front.jpg,1.0,0.2
rand_GL3411HCQ9_render_front.jpg,1.0,0.7583353389803893
rand_J0RV3R5T5Z_render_front.jpg,1.0,0.8050591300805592
rand_YX2EH9HKC6_render_front.jpg,1.0,0.4716885804748079
rand_ACOMY9IYTQ_render_front.jpg,1.0,0.43404413106428263
rand_XNBO3J3QNL_render_front.jpg,1.0,0.34875070187171836
rand_3T2IO849QH_render_front.jpg,1.1309976849016352,0.327323524087566
rand_DVWDYBR7YQ_render_front.jpg,1.0,0.2347917141121052
rand_UEFF50GMDO_render_front.jpg,1.0,0.2
rand_FQ4YBTS7YN_render_front.jpg,1.1359349708590558,0.2
rand_I1SJ4RLE2C_render_front.jpg,1.0,0.2
rand_2E443L77XZ_render_front.jpg,1.0,0.2
rand_3Y8OTNYDDG_render_front.jpg,1.840691094228485,0.2
rand_KZ9BKAMFJQ_render_front.jpg,1.771178112503739,0.2
rand_HKOAYO4NY4_render_front.jpg,1.0,0.2
rand_T7IN4E3BDK_render_front.jpg,1.0,0.2
rand_K9PZNTKM17_render_front.jpg,1.6444798344787588,0.9288566907944968
rand_1HHKILYVH7_render_front.jpg,1.0,0.8139907596724929
rand_3MUOFXY633_render_front.jpg,1.0,0.2
rand_5ELIO91V7N_render_front.jpg,1.0,0.2671395163381085
rand_NRRTYNZZLW_render_front.jpg,1.0,0.5167236839529471
rand_NCPFIOQYW4_render_front.jpg,1.0,0.3363650615161783
rand_MOI445B9LY_render_front.jpg,1.0,0.2
rand_2E2EL4UZUS_render_front.jpg,1.0,0.9418410796068437
rand_R7PP830DYB_render_front.jpg,1.0,0.5854707772641728
rand_ZBWU0NAST9_render_front.jpg,1.0,0.410450632753822
rand_2QIQRNL2BL_render_front.jpg,1.0,0.2
rand_QTWK8MTREQ_render_front.jpg,1.0,0.8846111760321006
rand_O6PLRYH368_render_front.jpg,1.2540831610563967,0.2
rand_NAD4NIRNPL_render_front.jpg,1.0,0.6228585509519354
rand_WYX7W2RTFB_render_front.jpg,1.0,0.48256129085451327
rand_8Q5G2N95KP_render_front.jpg,1.0,0.2
rand_2AB3B4YP5E_render_front.jpg,1.0,0.6414555702045581
rand_DB5FHC2L4Q_render_front.jpg,1.2128718289999503,0.2
rand_RG3HCQ7HGU_render_front.jpg,1.4742909487727702,0.2
rand_WVOZX0HURP_render_front.jpg,1.0,0.2
rand_CZ2BOYEV7S_render_front.jpg,1.0,0.2
rand_YCR7T70T3U_render_front.jpg,1.0,0.2
rand_AGJAABUCUK_render_front.jpg,1.0,0.2
rand_BO39DY5V6D_render_front.jpg,1.0,0.8101172360507255
rand_I4GLS2H9P2_render_front.jpg,1.0,0.2
rand_Q0NG4NXROV_render_front.jpg,1.0,0.2
rand_LHYNMU7EYW_render_front.jpg,1.4950664717719662,0.9317292612219661
rand_CNI1FWBUGT_render_front.jpg,1.0,0.2
rand_E4OK445PGH_render_front.jpg,1.0,0.42514931922385324
rand_AI8KXDS7ZK_render_front.jpg,1.0,0.6477189324621643
rand_ZRRQWVE98U_render_front.jpg,1.0,0.9877236229658962
rand_OJSEF39X5B_render_front.jpg,1.4157748867009285,0.7340668486054512
rand_60O2M6OFIY_render_front.jpg,1.0,0.2
rand_DGSQP4UOEV_render_front.jpg,1.0,0.6724561429049485
rand_9CYUTS1QA5_render_front.jpg,1.0463419730402674,0.3528558451177526
rand_99XJ8Y5YQN_render_front.jpg,1.3819004013574503,0.2
rand_ECZLZGM06E_render_front.jpg,1.0,0.2
rand_CQ5BSVODE5_render_front.jpg,1.061505623762601,0.2
rand_RRM2RTEHKD_render_front.jpg,1.0,0.7196954870621176
rand_D3OWUFGM9B_render_front.jpg,1.0,0.2
rand_8NP99O8N39_render_front.jpg,1.0,0.32766732633798473
rand_RZWNT4YS0K_render_front.jpg,1.0,0.2
rand_NH5YHTROIO_render_front.jpg,1.0,0.6745411845769641
rand_3JT53N3NWC_render_front.jpg,1.0,0.2
rand_GULX8HXQCA_render_front.jpg,1.0,0.67313820881022
rand_JZF1NUJLSW_render_front.jpg,1.0,0.2
rand_E1C14S922N_render_front.jpg,1.3310020601717827,0.2
rand_UAFGTDDPU1_render_front.jpg,1.8453626602433453,0.2
rand_WS4IPMOIBZ_render_front.jpg,1.3430196139484185,0.9127748005226404
rand_3ZCIR6ILWW_render_front.jpg,1.1799613055958678,0.13193864308087228
rand_IM7OSNSZPJ_render_front.jpg,1.0,0.796983007146644
rand_X3SHZW7I86_render_front.jpg,1.124878398518721,0.2
rand_0VX7RDL1S4_render_front.jpg,1.0,0.5567405929965417
rand_VC4O4NAW7F_render_front.jpg,1.0,0.23532293129141593
rand_AKS7S180W3_render_front.jpg,1.0,0.9942685264242166
rand_FAEXV1X6CK_render_front.jpg,1.0,0.842079557932799
rand_5C8ISJJK7A_render_front.jpg,1.0,0.878076055950586
rand_GIXN5Z4ZL0_render_front.jpg,1.0,0.2
rand_3WXW2CMXST_render_front.jpg,1.0,0.6001204195024272
rand_CNS8JVPN58_render_front.jpg,1.0,0.2
rand_8G1UOFIIAQ_render_front.jpg,1.0,0.7906578010486071
rand_KIMK1C5GVQ_render_front.jpg,1.0,0.2
rand_53QGRK1EKJ_render_front.jpg,1.0,0.5856310788023934
rand_DUW2J090XD_render_front.jpg,1.0,0.2
rand_DAJZCZLFUE_render_front.jpg,1.0,0.2
rand_GMSLZXQMDK_render_front.jpg,1.0,0.2
rand_MQ98VUSXFN_render_front.jpg,1.0,0.2
rand_G78KVPZB0W_render_front.jpg,1.0,0.2
rand_I5UX4H8150_render_front.jpg,1.0,0.2
rand_7BHISBM41M_render_front.jpg,1.0,0.5388396720157689
rand_YJFTT698XZ_render_front.jpg,1.0,0.2778714309703564
rand_JJQ7HDO9FS_render_front.jpg,1.0,0.2
rand_NOVMPTBIVB_render_front.jpg,1.0,0.6785818438574589
rand_QEBDIZ58GO_render_front.jpg,1.0,0.3459712439668369
rand_9M73T7RFM0_render_front.jpg,1.0,0.45368097629591375
rand_AXKILDUON8_render_front.jpg,1.0,0.2
rand_WTGHP0HZE2_render_front.jpg,1.0,0.2
rand_WLAMG1WJ3O_render_front.jpg,1.5436983964914504,0.2
rand_4N2SG8FWXE_render_front.jpg,1.0,0.2
rand_6UWIK3E1WF_render_front.jpg,1.8787857934718994,0.2
rand_KU4ETNVRF6_render_front.jpg,1.0,0.6301195310389758
rand_3LB6N6HXAQ_render_front.jpg,1.0,0.2
rand_NT7MEYKOCC_render_front.jpg,1.0403408605304747,0.45456537842609124
rand_ZZY8HMF8NC_render_front.jpg,1.0,0.9881542554152393
rand_QYOFKZ452R_render_front.jpg,1.0,0.2
rand_TNSWCP8SDP_render_front.jpg,1.0,0.6031664638825308
rand_ZTN3IFMFWN_render_front.jpg,1.0,0.4756683301270094
rand_SYECDZLYBT_render_front.jpg,1.142627042305333,0.3021202879181912
rand_0DE2R1ZEY1_render_front.jpg,1.0,0.17088734829322594
rand_WKXJFBVZ7R_render_front.jpg,1.2176703707799483,0.2
rand_IORUF5PJ7M_render_front.jpg,1.0,0.2257770892728089
rand_3E09L1CVT7_render_front.jpg,1.0,0.2
rand_2X54AJDWLR_render_front.jpg,1.0,0.8752303814680369
rand_249PILOD2G_render_front.jpg,1.0,0.2
rand_HSTQGSP49P_render_front.jpg,1.0,0.9059763878637349
rand_XXRSU3D2KT_render_front.jpg,1.88644055984309,0.2
rand_02F8A04RMS_render_front.jpg,1.0,0.805640740520782
rand_ZWAY9M1IUW_render_front.jpg,1.0,0.20175473717914877
rand_AWYJLL5JJS_render_front.jpg,1.70620893645021,0.2
rand_P9IGTWYE8J_render_front.jpg,1.0,0.2
rand_79APAP2CU3_render_front.jpg,1.6249625355953672,0.2
rand_X5YJ18PZIN_render_front.jpg,1.1439065364250462,0.2
rand_LUBK50GGI8_render_front.jpg,1.0,0.18772203796998171
rand_S7B1KF4DXJ_render_front.jpg,1.0,0.4864304467325554
rand_LSKBSNL98H_render_front.jpg,1.0,0.2
rand_Y5HBM0KSDQ_render_front.jpg,1.0,0.2
rand_UFEA6B9UD6_render_front.jpg,1.0,0.9598235121155088
rand_99YLZZGB6N_render_front.jpg,1.0,0.9075457449218405
rand_QSSLAQ1RJQ_render_front.jpg,1.0,0.16614451688649756
rand_IANLUW9YH9_render_front.jpg,1.0,0.2
rand_873KMDM5Y5_render_front.jpg,1.0,0.2
rand_1328ERLDIC_render_front.jpg,1.0,0.40304884690947673
rand_JXX6WKE4SO_render_front.jpg,1.0,0.2
rand_BRQYZFUM9Y_render_front.jpg,1.0,0.2
rand_485J9YNDZM_render_front.jpg,1.8472744943972703,0.9870243302501602
rand_HRNHA4TQ2G_render_front.jpg,1.0,0.4551841683395178
rand_S7W4G8J18X_render_front.jpg,1.0,0.2
rand_3XIWQOE63G_render_front.jpg,1.0,0.37508626748482177
rand_235FADVM6W_render_front.jpg,1.0,0.2
rand_F7KK2KFKPK_render_front.jpg,1.0,0.2
rand_CZ2I883VQW_render_front.jpg,1.0,0.2
rand_Y5Q4CYSDXJ_render_front.jpg,1.0,0.7682627846914736
rand_3Q47520F48_render_front.jpg,1.0,0.2
rand_TZM0CB896U_render_front.jpg,1.0,0.22283920001651786
rand_37GF4BNOVC_render_front.jpg,1.0,0.2
rand_2GSLQXHGP8_render_front.jpg,1.7049664567672451,0.28742753419182143
rand_NUQQNK9TNU_render_front.jpg,1.0,0.9775186443300222
rand_RJHF6Z4UX5_render_front.jpg,1.0,0.2
rand_J8VDYIYTXR_render_front.jpg,1.0,0.2
rand_S8IZ45MX62_render_front.jpg,1.3489831777015837,0.2
rand_64QEJ9XK5J_render_front.jpg,1.0,0.2
rand_PTTYXPXT8H_render_front.jpg,1.2927398319691001,0.34734790948539895
rand_UDH4ZEBLTK_render_front.jpg,1.5718266248567123,0.37027637258937307
rand_KW83H9ZGDN_render_front.jpg,1.0,0.2
rand_493ROAS33C_render_front.jpg,1.8830925061747104,0.21363756490720176
rand_14JTBA2OBL_render_front.jpg,1.2790892017130329,0.2
rand_F0RBB9YBEK_render_front.jpg,1.0,0.2
rand_PM50J4KUDX_render_front.jpg,1.5045633155474234,0.2
rand_HDJIJCW8QZ_render_front.jpg,1.0099637768209835,0.11859037486407636
rand_C5HF5Q612C_render_front.jpg,1.0,0.9511832743725285
rand_71YR0IRKN3_render_front.jpg,1.0,0.2
rand_9ALZV7HLNF_render_front.jpg,1.0,0.2
rand_R4PIHQPR6K_render_front.jpg,1.0,0.9140960720952778
rand_BJ03KNWRBQ_render_front.jpg,1.0,0.7508032192595467
rand_72LASZW93A_render_front.jpg,1.0,0.2
rand_50TUUFWQ5D_render_front.jpg,1.0,0.36862047204765847
rand_G2G138S98F_render_front.jpg,1.0,0.2
rand_KS1UB76FUF_render_front.jpg,1.0,0.2
rand_DT6XXWAUF3_render_front.jpg,1.0,0.2
rand_EHN4Z56KRY_render_front.jpg,1.0,0.2
rand_FMGGI4C8XU_render_front.jpg,1.6996263767064257,0.2
rand_A5BMRX4246_render_front.jpg,1.0,0.9744739810236512
rand_Y7Z4JG606E_render_front.jpg,1.0,0.2
rand_YSGW7SG8AK_render_front.jpg,1.0,0.3614085332795697
rand_7CT6UX06VI_render_front.jpg,1.468284483870773,0.2
rand_44V8ZSPGWA_render_front.jpg,1.0,0.2
rand_0GV8HQME58_render_front.jpg,1.0,0.9147427423293787
rand_GZH8PCH6XU_render_front.jpg,1.5987299515416407,0.2
rand_0UAQ4EFU48_render_front.jpg,1.0,0.2
rand_F0UQSBFB3N_render_front.jpg,1.0,0.2
rand_QP2KFBA6CB_render_front.jpg,1.0,0.2
rand_KQRMF13IRA_render_front.jpg,1.0,0.2
rand_M2Q0PRRL8W_render_front.jpg,1.1068965272084923,0.2
rand_61HZP6YSKA_render_front.jpg,1.0,0.2
rand_QTFAMYE3RC_render_front.jpg,1.0,0.2
rand_6QNK9W4N2X_render_front.jpg,1.6320732665294713,0.4886483226296626
rand_RVFBKH9QOC_render_front.jpg,1.0,0.2
rand_01ENQ6W28N_render_front.jpg,1.5103665428865356,0.2
rand_KKG1VFOKCP_render_front.jpg,1.0,0.2
rand_Z4WFQBJXJA_render_front.jpg,1.0,0.2
rand_X15TI27ELK_render_front.jpg,1.0,0.2
rand_KC10TR5Z3Z_render_front.jpg,1.0,0.38752250718514347
rand_GUKU8ONG0N_render_front.jpg,1.0,0.649315326458585
rand_R06WO6UMJH_render_front.jpg,1.46815695374281,0.5043741142333976
rand_OX7WSK69EC_render_front.jpg,1.0,0.2
rand_4GVTK1KMWR_render_front.jpg,1.0,0.9634481015878074
rand_KFZYBZY95N_render_front.jpg,1.0,0.2
rand_KWAPQLMTKM_render_front.jpg,1.0,0.2
rand_AWINX03G8G_render_front.jpg,1.0,0.8066849926337004
rand_Y4Y3K9JM2P_render_front.jpg,1.0,0.2
rand_5KO4QZB4SN_render_front.jpg,1.12692501500967,0.2
rand_T4OWVBJ6L8_render_front.jpg,1.0,0.2
rand_9VUJTKSLBJ_render_front.jpg,1.0,0.6902827342670139
rand_TKAW9HDW3D_render_front.jpg,1.0,0.9126049974609871
rand_WOD8OIXT0E_render_front.jpg,1.0,0.6407500257073991
rand_9IRL8RL994_render_front.jpg,1.0,0.8469208588517837
rand_DIILRTL67U_render_front.jpg,1.0,0.2
rand_VTCTPQ412C_render_front.jpg,1.7000097026375456,0.2
rand_XNQGFBTDRO_render_front.jpg,1.211195262566418,0.2
rand_AOJ55QHE1V_render_front.jpg,1.8423762898594704,0.22981304544967585
rand_7K7VYG66BD_render_front.jpg,1.348807487895299,0.2
rand_LIO2E29RFS_render_front.jpg,1.0,0.2
rand_2R2FIAM9KA_render_front.jpg,1.0,0.8075674102430821
rand_Z5ZLMMTEJA_render_front.jpg,1.0099415819270643,0.9326246097795154
rand_KVCHG6NZ2J_render_front.jpg,1.1976803239526186,0.2
rand_PUWGOROHZO_render_front.jpg,1.0,0.29337919742773516
rand_6VQJ7CU904_render_front.jpg,1.0189685194118545,0.2
rand_Y0IDTQJV42_render_front.jpg,1.0,0.2
rand_2Y5K74W50F_render_front.jpg,1.0,0.23008233462979905
rand_RVFZSAWGIF_render_front.jpg,1.0,0.2
rand_QT2ZEROA07_render_front.jpg,1.0,0.2
rand_I1LHN7CQQL_render_front.jpg,1.0,0.2
rand_4IH94NZT45_render_front.jpg,1.3908356538294315,0.2
rand_STBIJ2RM93_render_front.jpg,1.0,0.9489718313058724
rand_03VA7ZYYHZ_render_front.jpg,1.0,0.2
rand_49SCVYNNQ1_render_front.jpg,1.0,0.2
rand_9ZBTWPBUMX_render_front.jpg,1.0,0.2
rand_1E6EZ39VWX_render_front.jpg,1.0,0.2
rand_JH3DO9CLFZ_render_front.jpg,1.0,0.2
rand_MA9XKJ7HEX_render_front.jpg,1.6054625262465,0.5142686512843548
rand_XH1WGQHEHT_render_front.jpg,1.6210641341883236,0.2
rand_9ICOVO6LFD_render_front.jpg,1.004451685949366,0.2
rand_FOMTA7W2NL_render_front.jpg,1.0,0.2
rand_LI6U8MJHW5_render_front.jpg,1.2056769159944931,0.4806606482004395
rand_JHW7V6SAMY_render_front.jpg,1.4936712721629075,0.2
rand_ZCFN3QU73V_render_front.jpg,1.0,0.2
rand_X2Q6OW8SO2_render_front.jpg,1.0,0.2
rand_8GQHXF6W88_render_front.jpg,1.0,0.2
rand_4P9CXPHWSB_render_front.jpg,1.0,0.9109771574059544
rand_ZASJXLPWS7_render_front.jpg,1.0,0.20918612640636136
rand_G91HQ2ZAQ9_render_front.jpg,1.0,0.2
rand_74S737VXV3_render_front.jpg,1.0,0.9253763964638112
rand_I2NGU0JH6Y_render_front.jpg,1.0,0.2
rand_PT0J2QTHRB_render_front.jpg,1.0,0.2
rand_YFB7MC506A_render_front.jpg,1.460712469688006,0.2
rand_XTU20FWK3D_render_front.jpg,1.0,0.5744091741073684
rand_93R5EQK9J0_render_front.jpg,1.0,0.2
rand_JXLNO52F0K_render_front.jpg,1.0,0.2
rand_OOZ9SLANJY_render_front.jpg,1.0,0.293036050247897
rand_P96XZHPI6A_render_front.jpg,1.0,0.8539606353909631
rand_L34KBZQR8B_render_front.jpg,1.3585185503010697,0.2
rand_JF7Z0O7K5T_render_front.jpg,1.0,0.2
rand_KZQORFCZYX_render_front.jpg,1.0,0.789367225399257
rand_MB5JOZLU2X_render_front.jpg,1.0,0.2
rand_1SR34YTITJ_render_front.jpg,1.0,0.5155556973880377
rand_2W5342REK5_render_front.jpg,1.0,0.2
rand_JRU56L1DR9_render_front.jpg,1.0,0.5874349902400041
rand_CV8HI8L2JM_render_front.jpg,1.0,0.10954780159212138
rand_F8EDMMB2V9_render_front.jpg,1.0,0.1657443150389279
rand_539CW0ZGMF_render_front.jpg,1.0,0.4863532311403985
rand_SRM8RO260U_render_front.jpg,1.0,0.9684710160666475
rand_XND2OHFQVK_render_front.jpg,1.0,0.8769664854695671
rand_TO6DPX0VHB_render_front.jpg,1.0,0.5488444271414635
rand_DG6Z780K3J_render_front.jpg,1.0,0.49423330745915606
rand_6K4VQC8DRN_render_front.jpg,1.0,0.16518466267795878
rand_JREGV6GCKK_render_front.jpg,1.0,0.2
rand_B7F0TGRNIV_render_front.jpg,1.0,0.2
rand_DSWI854YJ0_render_front.jpg,1.0,0.5691044638041945
rand_0CZFZ5YSTY_render_front.jpg,1.002533695490139,0.2
rand_KQIGP450Z8_render_front.jpg,1.0,0.2
rand_84SY75VS9B_render_front.jpg,1.0,0.9955613941108641
rand_I25ZJ9L0W6_render_front.jpg,1.0,0.2
rand_SLOVEP7RCA_render_front.jpg,1.0,0.2
rand_F9QTU1ODVF_render_front.jpg,1.0,0.2
rand_6T1JN6MPP1_render_front.jpg,1.0,0.2
rand_DJOTZ3UQJ3_render_front.jpg,1.0,0.2
rand_BTE7X9ZOI0_render_front.jpg,1.0,0.2
rand_9VUKMUB4D1_render_front.jpg,1.0,0.7019093913567883
rand_K3HZBC9J0J_render_front.jpg,1.0,0.19435403344370755
rand_S86ABSMCR9_render_front.jpg,1.0,0.2
rand_L7OKAYAXOM_render_front.jpg,1.0,0.2963661841499191
rand_488LHIZ8YO_render_front.jpg,1.0,0.3658123402458201
rand_FM5EGYTH1D_render_front.jpg,1.7094955145021815,0.3390503198639306
rand_P15SZ7TIM0_render_front.jpg,1.0,0.2
rand_Y0RS6J4L8O_render_front.jpg,1.0,0.7132042348566017
rand_35BIETX1LS_render_front.jpg,1.0,0.5457883623708596
rand_YB1MCMAH2E_render_front.jpg,1.0,0.5038991499280602
rand_M0NDWABRFN_render_front.jpg,1.0,0.9673715038326745
rand_7H3QYO8I3D_render_front.jpg,1.0,0.29050619815034695
rand_IT20RF32TX_render_front.jpg,1.0,0.5957069036698348
rand_16YQ54G4OO_render_front.jpg,1.0,0.5860125278783044
rand_ZYX5T6DIWW_render_front.jpg,1.0,0.2
rand_9K4MVNMNN9_render_front.jpg,1.0,0.6177660867060527
rand_XE3T5KTC6C_render_front.jpg,1.9722641106313836,0.2
rand_AOOKKBR0HM_render_front.jpg,1.0,0.2
rand_B8WLV2RVU4_render_front.jpg,1.3793379520695495,0.4571838832581654
rand_4TVSB2HNTB_render_front.jpg,1.413387134402596,0.2
rand_DIBQDUQ7YV_render_front.jpg,1.0,0.2
rand_5WBTCQYR2B_render_front.jpg,1.0,0.2
rand_E6PG29YXWD_render_front.jpg,1.0,0.5521626566671146
rand_JB6PF1RFRR_render_front.jpg,1.133352575098192,0.8309164520274055
rand_HAGIHNPDDQ_render_front.jpg,1.0,0.8834618823420538
rand_ROUCW9BJX1_render_front.jpg,1.0,0.2
rand_4O4QW164UM_render_front.jpg,1.0,0.2
rand_WFW6402UVT_render_front.jpg,1.0,0.2
rand_OCJGHDFCDG_render_front.jpg,1.0,0.2
rand_RTUDPBKMGG_render_front.jpg,1.0,0.4426551636204836
rand_ZSA2ZLWTGQ_render_front.jpg,1.0,0.30356635738116633
rand_P8NA8RCUIJ_render_front.jpg,1.469261476113154,0.22474511891044288
rand_CM5USHP23L_render_front.jpg,1.0,0.2
rand_GDPYK3R978_render_front.jpg,1.739420797232808,0.9253535212442577
rand_BSQOPRX4KK_render_front.jpg,1.0,0.5497495000839565
rand_OBNC2EUUMN_render_front.jpg,1.0,0.676277081981908
rand_U2OK9N6NJM_render_front.jpg,1.0,0.2
rand_7Y815PPWP6_render_front.jpg,1.0,0.2
rand_DNT98Q9E78_render_front.jpg,1.0,0.2
rand_MDRSSVZOFM_render_front.jpg,1.1697065475568174,0.5442124949306336
rand_6JEC93RC8X_render_front.jpg,1.0,0.12535866578881005
rand_4MYOAS3O6B_render_front.jpg,1.0,0.9217038349786915
rand_KP038YQO85_render_front.jpg,1.0,0.5037248632109126
rand_OZ9OG87EZU_render_front.jpg,1.0,0.2
rand_6VQJ3V6J6G_render_front.jpg,1.0,0.9946312445954488
rand_6COKKPXXRC_render_front.jpg,1.0,0.2910776910758549
rand_3GHUL45Y8O_render_front.jpg,1.0,0.9508482978066776
rand_543GNUXYUW_render_front.jpg,1.0,0.2
rand_34MX2PWN68_render_front.jpg,1.0,0.6667906420327832
rand_SIXRTX7O4X_render_front.jpg,1.6290979114653834,0.48242129088628805
rand_MUVKSW0RFO_render_front.jpg,1.0,0.26721952009125627
rand_KLNKIPETFQ_render_front.jpg,1.0,0.2
rand_HRZ4L9AIJV_render_front.jpg,1.0,0.6205837956773372
rand_GL2SEG8TD1_render_front.jpg,1.0,0.9033239247043374
rand_P40LO061QE_render_front.jpg,1.0,0.5473951945393737
rand_0BYYF4ET0T_render_front.jpg,1.0,0.9458734474892322
rand_10F463E47S_render_front.jpg,1.0,0.2
rand_N82AVE8WJ3_render_front.jpg,1.0,0.2
rand_TTYUYYPK5S_render_front.jpg,1.0,0.7294508168825181
rand_4GW1RT7ZVY_render_front.jpg,1.0,0.2
rand_42UIK37K09_render_front.jpg,1.392568050812769,0.2
rand_182E5ECH53_render_front.jpg,1.0,0.2
rand_NARZHAX4TP_render_front.jpg,1.0179111003265624,0.2
rand_JMRRJGCI3B_render_front.jpg,1.0,0.7958916115249092
rand_WZQC11MPF5_render_front.jpg,1.0,0.2
rand_3A6MLJEVMY_render_front.jpg,1.0,0.2
rand_OE27GCR9B9_render_front.jpg,1.0,0.8319344735265508
rand_7MPSDJOS26_render_front.jpg,1.0,0.2
rand_FB3J6XXE5S_render_front.jpg,1.0,0.8313329792941261
rand_BE39LFWG80_render_front.jpg,1.0,0.7938647598221796
rand_PHQ2VXSGWH_render_front.jpg,1.1937197967655764,0.2007207290309267
rand_YLMYFQVOLH_render_front.jpg,1.0,0.2
rand_RJJ3QESM06_render_front.jpg,1.0,0.2
rand_R26ZQ13RF8_render_front.jpg,1.0,0.2
rand_1X5ZRKGBJ9_render_front.jpg,1.9945265432497712,0.2
rand_AFBPRY09Q2_render_front.jpg,1.0,0.7272235909555432
rand_C27HQAEIG0_render_front.jpg,1.0,0.834337147842789
rand_FKHOR95SG9_render_front.jpg,1.0,0.2
rand_FAOA596NA6_render_front.jpg,1.0,0.7590955240829521
rand_E4Q9OYSSU5_render_front.jpg,1.0,0.2
rand_P5EDQ6FH4E_render_front.jpg,1.7859547239058542,0.2
rand_8Q8OGWQLJ1_render_front.jpg,1.0,0.1363574313967494
rand_G90423MGE6_render_front.jpg,1.0,0.2
rand_5VPR5KPMZI_render_front.jpg,1.0,0.9095115422803616
rand_KXY5PVTBZO_render_front.jpg,1.0083457342324502,0.3345733663238086
rand_VHMTC2V252_render_front.jpg,1.0,0.2
rand_8DR2RJGRPI_render_front.jpg,1.0,0.2
rand_3BL69R6AOD_render_front.jpg,1.0,0.2
rand_RHIRZG2QVH_render_front.jpg,1.5516339279702969,0.2
rand_FDX692UJ7B_render_front.jpg,1.4538422447231487,0.835339603807473
rand_A19QJE19JJ_render_front.jpg,1.4148614398971957,0.2
rand_NOGUF3JFNO_render_front.jpg,1.0,0.2
rand_YWYYH60DMF_render_front.jpg,1.0,0.4952430225111316
rand_28T397A12V_render_front.jpg,1.0,0.3886457254775082
rand_ZF5PGDJOKT_render_front.jpg,1.0,0.4503268338516603
rand_IOECLDSY85_render_front.jpg,1.0,0.2
rand_EC35M55304_render_front.jpg,1.0,0.2
rand_6J4AH4H8KJ_render_front.jpg,1.0,0.8497022058174081
rand_IM8SB9V0WH_render_front.jpg,1.0,0.8181954353589165
rand_MICA6KDWP3_render_front.jpg,1.0,0.9860388948954483
rand_SZ0NQ0LLYK_render_front.jpg,1.0,0.7526551929671093
rand_NG5OVT3FXL_render_front.jpg,1.0,0.8548310748125322
rand_MHT8CYTJUP_render_front.jpg,1.1471172211537781,0.15504370571296305
rand_FZYAG21I4Q_render_front.jpg,1.0,0.2
rand_2QCQUZPLFK_render_front.jpg,1.0,0.36583274185534953
rand_RLY6VM2F0A_render_front.jpg,1.2733140320714185,0.2
rand_H7YXMCFW8V_render_front.jpg,1.0,0.2
rand_FDGLFR8PDI_render_front.jpg,1.0,0.24216877734492986
rand_KPC8FJ7PS4_render_front.jpg,1.0,0.2
rand_B2G7SQB5TA_render_front.jpg,1.391331738073067,0.2
rand_SHM2GZOOZQ_render_front.jpg,1.0,0.2
rand_UWEBJX15NM_render_front.jpg,1.355695387654771,0.2
rand_1XYCI6SPUI_render_front.jpg,1.0,0.2
rand_SVUCY3YLRE_render_front.jpg,1.0,0.2
rand_FELGBT1Q66_render_front.jpg,1.0,0.5864532654213387
rand_7LIHWSA54O_render_front.jpg,1.0,0.2
rand_FGZI4DPIHN_render_front.jpg,1.0,0.17950390233982993
rand_AZHWS951Q0_render_front.jpg,1.0,0.2
rand_Q3BYV5XN2T_render_front.jpg,1.0,0.5699182807167184
rand_5U9I0AZNMT_render_front.jpg,1.0,0.2
rand_I2VIG70Z4P_render_front.jpg,1.4435989768114177,0.2
rand_INUA0XOBB7_render_front.jpg,1.0,0.14498755971246913
rand_I40VVS2V97_render_front.jpg,1.0,0.43999390488121215
rand_E8DJYJXXUA_render_front.jpg,1.0,0.6528864158071475
rand_3CFTQAEPKH_render_front.jpg,1.0,0.3183305633960277
rand_TBYTRE01NH_render_front.jpg,1.1201352466001389,0.2
rand_PEFJI8FNUY_render_front.jpg,1.0,0.2
rand_E6RY88JPSV_render_front.jpg,1.0,0.2
rand_9HPURHGZX6_render_front.jpg,1.5715182955373783,0.7614830322824125
rand_YQEZ3UNYJC_render_front.jpg,1.0,0.2
rand_NBHAQOX3O7_render_front.jpg,1.0,0.5562519438213499
rand_2BWWUFZYF0_render_front.jpg,1.0,0.2
rand_I6FRBS3WPZ_render_front.jpg,1.0,0.9839516176615033
rand_5RVAS71KLW_render_front.jpg,1.0,0.2
rand_AB06OSARF2_render_front.jpg,1.6712805033858633,0.5685116163920206
rand_U5CDI126UU_render_front.jpg,1.0,0.2
rand_OG17KCEUQU_render_front.jpg,1.0,0.27045348067355557
rand_58G5KVLATR_render_front.jpg,1.4105602978146852,0.2
rand_8UXJFGMMOX_render_front.jpg,1.0,0.2
rand_02M03L3OLR_render_front.jpg,1.0,0.2
rand_VJP279HPFX_render_front.jpg,1.101202512896689,0.2
rand_5HP8QWC5A2_render_front.jpg,1.231728315364765,0.2
rand_F9GYW3GGIU_render_front.jpg,1.0,0.5964556863480114
rand_90QTQQFJDF_render_front.jpg,1.0,0.5731140945538213
rand_VL91QN3CAN_render_front.jpg,1.8576553975594159,0.2
rand_7J5Y2OWUGW_render_front.jpg,1.140937824681376,0.2
rand_EIKKZ3FOT0_render_front.jpg,1.4226246751008038,0.9322010269590185
rand_YYRHT0MYZS_render_front.jpg,1.0,0.2
rand_8847VYCXF8_render_front.jpg,1.0,0.32982297763641705
rand_DDWN401L7M_render_front.jpg,1.0,0.2
rand_0K0V6ZB9VD_render_front.jpg,1.0,0.2
rand_JZC6RG7BYB_render_front.jpg,1.163549460444767,0.2
rand_JIT6TDX7XB_render_front.jpg,1.0,0.2
rand_U5UPQS98MP_render_front.jpg,1.0,0.2
rand_G3QOOIFO6B_render_front.jpg,1.0,0.45890508075530145
rand_OBK77NVXJV_render_front.jpg,1.0,0.2
rand_ZBHED0EHZT_render_front.jpg,1.0,0.8643483788589821
rand_48LYP6V6UG_render_front.jpg,1.0,0.9142890950635003
rand_PPX61HABMD_render_front.jpg,1.0,0.2
rand_125AEM45MO_render_front.jpg,1.5553976162744088,0.2
rand_LJ9N0KX56N_render_front.jpg,1.0,0.11475708470078344
rand_84F7MO2RD9_render_front.jpg,1.0,0.2
rand_748MA3S64R_render_front.jpg,1.1050280300528201,0.7340289862513476
rand_SY4HMVFNBT_render_front.jpg,1.430158953348596,0.2
rand_0LNJQEWROQ_render_front.jpg,1.0,0.2
rand_XCGEONT4NU_render_front.jpg,1.0,0.2
rand_RGZDBIS0B4_render_front.jpg,1.0,0.8047670240304104
rand_CLKFDX1ZQ9_render_front.jpg,1.0,0.2
rand_2IOVWQGJNP_render_front.jpg,1.0,0.3961172526758001
rand_J0LGJ3VQI4_render_front.jpg,1.7540959358508847,0.2
rand_CABH70E1A4_render_front.jpg,1.0,0.2
rand_DPE7E6RNJ0_render_front.jpg,1.0,0.2
rand_X50MFCE48D_render_front.jpg,1.6635908169025873,0.2
rand_5FCSGI0MRC_render_front.jpg,1.0,0.2
rand_2FND0XM5IU_render_front.jpg,1.0,0.10271473822793079
rand_GC4RSZHWVO_render_front.jpg,1.0,0.2
rand_WBP7F5ZH0O_render_front.jpg,1.0,0.5887201657614262
rand_SHN98G56C5_render_front.jpg,1.899535932655653,0.2
rand_2CCCFHC6CM_render_front.jpg,1.0,0.2
rand_ZZLDQPEEVV_render_front.jpg,1.0,0.2
rand_DO2X5JDYKI_render_front.jpg,1.0,0.2
rand_662XCMYYPZ_render_front.jpg,1.0,0.2
rand_CGP4HP0GU9_render_front.jpg,1.0,0.24908412100338048
rand_BVUKFLTZWH_render_front.jpg,1.0,0.2
rand_Y0OL7QOJX8_render_front.jpg,1.000277196437545,0.2
rand_LV0TI6V5J8_render_front.jpg,1.0,0.8087649522539091
rand_KZZSTC5C37_render_front.jpg,1.2997679559901298,0.7543768508765398
rand_ZHN3I73O2X_render_front.jpg,1.0,0.5409283998641664
rand_MSNRK0T5SU_render_front.jpg,1.0,0.558510789839622
rand_U8H92AVL2R_render_front.jpg,1.0,0.11789026894510318
rand_10XSDFMD58_render_front.jpg,1.0,0.21123908487302284
rand_TO41L69M7H_render_front.jpg,1.0,0.3409092372645277
rand_P2IDCS4YPH_render_front.jpg,1.0,0.2
rand_4Y922GZE64_render_front.jpg,1.0,0.2
rand_92JHV3OON5_render_front.jpg,1.0,0.693637817255501
rand_DBYXHPWOQ6_render_front.jpg,1.0,0.12980479075008783
rand_97LSHDK6TA_render_front.jpg,1.0,0.30221676154990657
rand_IK5FUEPO9V_render_front.jpg,1.0,0.7842349695696839
rand_1EK588H239_render_front.jpg,1.0,0.5037398278502864
rand_ILP01O238H_render_front.jpg,1.4790125382686115,0.2
rand_TLGFNH1CY9_render_front.jpg,1.1342123193967883,0.4146311655094821
rand_IC7VOYWUSJ_render_front.jpg,1.0,0.14680265929433658
rand_P8MQFPU1IE_render_front.jpg,1.1243978688592637,0.15380637044879322
rand_7XFC92AY9S_render_front.jpg,1.671780115464099,0.3538949964637831
rand_3PZVZM30GL_render_front.jpg,1.0,0.511889444729751
rand_KANNQVDSYV_render_front.jpg,1.1343802587680565,0.2
rand_1A8YV15ISI_render_front.jpg,1.0,0.9278034877052782
rand_3CBW1KTWDB_render_front.jpg,1.0,0.7208272897399418
rand_VJ7VCN2428_render_front.jpg,1.0,0.2
rand_B42DOFK1KU_render_front.jpg,1.0,0.2
rand_BYKB3MRM11_render_front.jpg,1.151802657181825,0.6893877436127672
rand_L2BAM8URB0_render_front.jpg,1.0,0.28755374686839363
rand_OYHW2F7OQT_render_front.jpg,1.1090094864818063,0.4683647025832882
rand_DG62PPU2OZ_render_front.jpg,1.694980571074589,0.2
rand_EKZ7LZGV2A_render_front.jpg,1.0,0.6733671263753738
rand_8PKCXTKVC0_render_front.jpg,1.0,0.2
rand_T1BIEYY6RT_render_front.jpg,1.3630979906980434,0.2538046389196075
rand_ZPBXPE6K18_render_front.jpg,1.0,0.2
rand_1YOLRT1MYV_render_front.jpg,1.0,0.2
rand_0DGH540E96_render_front.jpg,1.0,0.2
rand_MYQ1T12899_render_front.jpg,1.0,0.2
rand_RTIQNQ91N0_render_front.jpg,1.0,0.36551381864634325
rand_J9950V4I15_render_front.jpg,1.0,0.12041162970768653
rand_4V1OZDKTQ4_render_front.jpg,1.0,0.4361786822441218
rand_F37S6GV194_render_front.jpg,1.0,0.2
rand_1SMCHYUXER_render_front.jpg,1.0,0.6185514117519804
rand_328P7DYIXW_render_front.jpg,1.0,0.2
rand_IMNE1T8BU9_render_front.jpg,1.1000906914250441,0.8233837296270645
rand_RGUZRCB2C7_render_front.jpg,1.0,0.30561996623697896
rand_AWTLYHCC2E_render_front.jpg,1.0,0.5441831005896302
rand_16IC7ENB6D_render_front.jpg,1.0,0.7510063410030303
rand_4DBJLIXUHG_render_front.jpg,1.0471887430642033,0.2
rand_ZICEG2MT0P_render_front.jpg,1.0,0.2
rand_MXMB96Z22M_render_front.jpg,1.0,0.7338307347797394
rand_61KRISBRVQ_render_front.jpg,1.0,0.6277141422110033
rand_8KKRTKM7L5_render_front.jpg,1.0,0.3128351594805749
rand_1E5NSANWXW_render_front.jpg,1.0,0.184815098939482
rand_QIIGTS1PO0_render_front.jpg,1.0,0.2
rand_11OEV5Y6MD_render_front.jpg,1.0,0.2
rand_7A0A1SPI8N_render_front.jpg,1.0,0.2
rand_N5HRZ5IPTW_render_front.jpg,1.0,0.2
rand_MPOC4DJS72_render_front.jpg,1.0,0.10027900103180487
rand_HDBYHOG2VT_render_front.jpg,1.1552200054159663,0.2
rand_1PVFPZE9QT_render_front.jpg,1.0,0.2
rand_P1GFD6HQUW_render_front.jpg,1.0,0.8694112883521592
rand_HT7E2FZ2N1_render_front.jpg,1.6932716840316677,0.2
rand_OFOMISLNXG_render_front.jpg,1.0,0.1781441280455689
rand_YACBY8HRG8_render_front.jpg,1.0,0.2
rand_C3KW455IDK_render_front.jpg,1.0,0.444683048894441
rand_GKO6AQ63XN_render_front.jpg,1.0,0.8577339577975879
rand_9S78SV5TGH_render_front.jpg,1.0,0.2
rand_E3P4KXHMJH_render_front.jpg,1.0,0.2
rand_XQKC1ZX8P7_render_front.jpg,1.0,0.2
rand_JL8VBN9XAM_render_front.jpg,1.0,0.2
rand_UM30CWOMOI_render_front.jpg,1.0,0.9231560609640307
rand_9AHEPQR1S8_render_front.jpg,1.1142949373674758,0.2
rand_E9J789XOAF_render_front.jpg,1.0,0.13981111447594474
rand_R1O4NFP90X_render_front.jpg,1.2389619378968093,0.23396160498887092
rand_DVP4I0ARW0_render_front.jpg,1.0,0.9856011285289684
rand_S2RMBQL084_render_front.jpg,1.0,0.2
rand_N2MGLES1SP_render_front.jpg,1.0,0.2
rand_LQCZWCXGD1_render_front.jpg,1.0,0.2
rand_RXUAUTMKPU_render_front.jpg,1.0,0.14531257215199178
rand_LOFN2KM6XY_render_front.jpg,1.0,0.32053996736795143
rand_A6JL211ZXH_render_front.jpg,1.0,0.3061143434760781
rand_O3JF8AKFYG_render_front.jpg,1.4490810665433114,0.6808011896158057
rand_CREV0TI7A9_render_front.jpg,1.0,0.2
rand_N7NSBY3C7O_render_front.jpg,1.2217683865270361,0.5547262679607027
rand_VMIWSLSTNA_render_front.jpg,1.4452581035186198,0.2
rand_51LYDA80CJ_render_front.jpg,1.0,0.4666682798207371
rand_2KATY57UFQ_render_front.jpg,1.0,0.2
rand_TMBCDOCSYR_render_front.jpg,1.0,0.3981901514857541
rand_N319VO2R7N_render_front.jpg,1.2315376382917593,0.9817417541113389
rand_51QQ6LC2BK_render_front.jpg,1.0,0.2
rand_HCS6XO4886_render_front.jpg,1.0,0.2
rand_KGQ7W8HHZP_render_front.jpg,1.0,0.4197879159918343
rand_VJDCUII8TU_render_front.jpg,1.0,0.2
rand_GHYAPEHOVO_render_front.jpg,1.0,0.3614079836619455
rand_IGRMMKJ8XG_render_front.jpg,1.0,0.4320540706857767
rand_XSA4FZR03A_render_front.jpg,1.0,0.2
rand_I72MA0V1VQ_render_front.jpg,1.0,0.956392914199735
rand_B2LIOUKAUC_render_front.jpg,1.0,0.2
rand_66QS23AAMW_render_front.jpg,1.0,0.6824684942921959
rand_CFUALUISHQ_render_front.jpg,1.0,0.2
rand_VPLOLXDWIA_render_front.jpg,1.0,0.26006448889140044
rand_2QMS4P7PGH_render_front.jpg,1.0132218150580954,0.4788919217147708
rand_GF7AEV5DT5_render_front.jpg,1.0,0.2
rand_0O0DJJWFIT_render_front.jpg,1.0,0.8553374244467292
rand_WW307JHB02_render_front.jpg,1.524224202994211,0.2
rand_E1909N9EKN_render_front.jpg,1.0,0.7508227233977155
rand_RK08NI06CX_render_front.jpg,1.0,0.37528068659020564
rand_A64SAETF6G_render_front.jpg,1.4678058804818848,0.2
rand_DTI9DPEHKG_render_front.jpg,1.0,0.6669071328319902
rand_AA2WVJ3CJP_render_front.jpg,1.0,0.5209676999149121
rand_2Y6K5NLDIO_render_front.jpg,1.0,0.7941271627870126
rand_8IPHKO2YFF_render_front.jpg,1.0,0.829919331889633
rand_XP2YEIKZMI_render_front.jpg,1.0,0.9374416764395779
rand_PN6FG4YURB_render_front.jpg,1.0,0.2
rand_BD4MDH23H7_render_front.jpg,1.0,0.31637698206788045
rand_2DM6VZ6T6I_render_front.jpg,1.0602433410910974,0.2
rand_E6I6HXJOJ7_render_front.jpg,1.0,0.37523498277966927
rand_45YW88LW7L_render_front.jpg,1.0,0.2
rand_KXXNP54I2L_render_front.jpg,1.8656314227332027,0.2
rand_VHYT44RUCI_render_front.jpg,1.0,0.2
rand_M26LOOZ5XO_render_front.jpg,1.4250468706898438,0.2
rand_QCEG1A0ECY_render_front.jpg,1.0,0.7067213842441685
rand_NR1Z3T6IM0_render_front.jpg,1.0,0.2
rand_ZNW1LN2LHF_render_front.jpg,1.0,0.2
rand_Z9DX0O3VND_render_front.jpg,1.1858233926103885,0.19707603665362733
rand_R5LYUC4FM5_render_front.jpg,1.0,0.341072849271882
rand_O1PDJTDM57_render_front.jpg,1.6673662156122535,0.579746473851239
rand_TXQWLAQJ0V_render_front.jpg,1.0,0.2
rand_2OT2X0E1RR_render_front.jpg,1.0,0.2
rand_L9H8ZSEFKJ_render_front.jpg,1.0,0.2
rand_BJIQF8ZHDH_render_front.jpg,1.5601801413665095,0.2
rand_0LIA8CT5QT_render_front.jpg,1.7587856111820455,0.2
rand_4VLKW376FX_render_front.jpg,1.0,0.8105104328713226
rand_NVGI88HQ77_render_front.jpg,1.3434808716314177,0.2
rand_1GLL11GYFZ_render_front.jpg,1.5908836557103323,0.2145622601704479
rand_NFA7PUL6CQ_render_front.jpg,1.0,0.2
rand_HFS4D6M3G5_render_front.jpg,1.0,0.24878354654801654
rand_70T6C36REZ_render_front.jpg,1.901987869079695,0.2
rand_6D06T3MPMK_render_front.jpg,1.0,0.4713784986961619
rand_9W4M7B5GCS_render_front.jpg,1.0,0.2870945140033212
rand_X2KKSLKOB1_render_front.jpg,1.0,0.2
rand_9MLVNASM0F_render_front.jpg,1.0,0.4055276675866828
rand_93OEEYP09C_render_front.jpg,1.9280026459052402,0.6688865577757529
rand_IEMKDYD8CR_render_front.jpg,1.0,0.2
rand_DNFS7DLDHM_render_front.jpg,1.0,0.48178633997106957
rand_WQJGD9TPEV_render_front.jpg,1.0,0.2
rand_BX9ILGFUGO_render_front.jpg,1.9037115143791272,0.2
rand_XNO5QCRTI9_render_front.jpg,1.0,0.631495001751876
rand_ZR3Y5U73GX_render_front.jpg,1.061151174011267,0.1938083091261904
rand_0BE09EO73N_render_front.jpg,1.2311881196615915,0.2
rand_2S9T2VWJXF_render_front.jpg,1.0,0.2
rand_DSPYZEPX57_render_front.jpg,1.0,0.2
rand_ZURN5RA792_render_front.jpg,1.9794891677515678,0.2
rand_U2U405V3IK_render_front.jpg,1.0,0.6542193529734407
rand_4H29SLGZ0Z_render_front.jpg,1.0,0.5331680990862445
rand_WORVJ4G8JO_render_front.jpg,1.0,0.30364794686410035
rand_O1YLYJHW4W_render_front.jpg,1.4536314297279613,0.8833156858185527
rand_N52ADG7QFZ_render_front.jpg,1.0,0.2
rand_CCPBQ8X8FY_render_front.jpg,1.0,0.2
rand_1BLNIJI0YM_render_front.jpg,1.0,0.8094772539158769
rand_1UUYHHN5U4_render_front.jpg,1.2118498984967387,0.2
rand_EOEH750119_render_front.jpg,1.0,0.2
rand_BUQGKGETHY_render_front.jpg,1.0,0.2
rand_WE30DWLQWJ_render_front.jpg,1.0,0.2
rand_0NAH2KPCD4_render_front.jpg,1.0043414111515347,0.2
rand_DKLTZKLGX2_render_front.jpg,1.0,0.2
rand_IYHQZUP5DB_render_front.jpg,1.7651053927764535,0.2
rand_E2SC3GLMSL_render_front.jpg,1.0,0.24150801836335484
rand_B5D6100EBJ_render_front.jpg,1.0,0.2
rand_GT08VWWFU4_render_front.jpg,1.0,0.2
rand_TB13XAK4DR_render_front.jpg,1.0723000663171747,0.2
rand_X4J7SJNZPT_render_front.jpg,1.0,0.2
rand_EWLQX494AA_render_front.jpg,1.1446259865113584,0.7656781308490404
rand_39XGZEX36T_render_front.jpg,1.0,0.2
rand_APS29TOO3I_render_front.jpg,1.0,0.2
rand_LP75F8MNSL_render_front.jpg,1.3089509524186806,0.2
rand_XZNLVO1PPU_render_front.jpg,1.0,0.2
rand_WNN1CSV747_render_front.jpg,1.0,0.5665142910607615
rand_C9DWTR1I28_render_front.jpg,1.0,0.8448225665719394
rand_8HGR12JXX8_render_front.jpg,1.0,0.17888719193480587
rand_NDGABNK1HE_render_front.jpg,1.0,0.2
rand_QZNIQZVWMK_render_front.jpg,1.0,0.2
rand_MRM5OS0YGR_render_front.jpg,1.0,0.2
rand_A0RT126EGJ_render_front.jpg,1.0,0.2
rand_V7A0FQMLWJ_render_front.jpg,1.2723451468155085,0.8745518149506359
rand_8BDRWVLOGF_render_front.jpg,1.6779600869880458,0.6733079738169901
rand_SJHYNP53AK_render_front.jpg,1.0,0.6060747797163372
rand_UVZGMNGA4W_render_front.jpg,1.0,0.5530913291284876
rand_N7YD46O3J7_render_front.jpg,1.0,0.2
rand_2XV0EOAT5D_render_front.jpg,1.0,0.22594251144856076
rand_3TAWUDGKQJ_render_front.jpg,1.0,0.575324689654699
rand_T6PG09K5QS_render_front.jpg,1.0,0.5245727759741905
rand_A51QG3ME3O_render_front.jpg,1.0,0.8492809914178061
rand_3O6NDT95XY_render_front.jpg,1.0,0.18599369821358624
rand_Q8I74PDH67_render_front.jpg,1.0,0.9069679659439769
rand_TZ4VEFWNEQ_render_front.jpg,1.571104584931268,0.2
rand_SBZEOWU262_render_front.jpg,1.0,0.2
rand_FTQISLA9IQ_render_front.jpg,1.0,0.24245000453912197
rand_JJD0Z9NIUE_render_front.jpg,1.0,0.2
rand_0BC49T2K2O_render_front.jpg,1.0,0.2
rand_6NWQCGPD7C_render_front.jpg,1.0,0.2160650399129705
rand_6AGC4UHTDZ_render_front.jpg,1.0,0.6902939176824643
rand_60VYUXY2L6_render_front.jpg,1.0,0.2
rand_E0WMIOOF8B_render_front.jpg,1.0,0.2
rand_X65PF5FOAL_render_front.jpg,1.9221435254199664,0.2
rand_5DVS167AF5_render_front.jpg,1.0,0.2
rand_HXEZ5O6QIO_render_front.jpg,1.0,0.2
rand_VV82G8HXST_render_front.jpg,1.0,0.2
rand_YSIARC2AHI_render_front.jpg,1.5130731701199678,0.22097656276402555
rand_94LS6ZW0YA_render_front.jpg,1.5443438984912143,0.2
rand_C3J6DT9VQ3_render_front.jpg,1.0,0.2
rand_8PFW9BPB2T_render_front.jpg,1.2189689226357001,0.3090025585257194
rand_ZQFHURJ27G_render_front.jpg,1.0,0.2
rand_80WLCY6UC1_render_front.jpg,1.0,0.2
rand_0ZIZZVYANH_render_front.jpg,1.0,0.4660038285742918
rand_82SIPQEQ1G_render_front.jpg,1.0,0.6258315643957227
rand_OPWCLFXUBA_render_front.jpg,1.758127023660705,0.18978856755568205
rand_IZG55PEF29_render_front.jpg,1.0,0.2
rand_0BJN099F0J_render_front.jpg,1.0,0.2
rand_FNJW932PDD_render_front.jpg,1.0,0.7278274233777013
rand_Q22PP3YN1U_render_front.jpg,1.7338710071366665,0.2
rand_9PH2YG4HLP_render_front.jpg,1.0,0.6606076246121716
rand_A3BXDAC2LT_render_front.jpg,1.1701868736763879,0.2
rand_IZ33K5P39Z_render_front.jpg,1.0,0.805191474681905
rand_E9O77GIM0D_render_front.jpg,1.0,0.2
rand_P9MIF3E0OR_render_front.jpg,1.0,0.2
rand_14S3RGMSRG_render_front.jpg,1.0,0.1196642589742255
rand_1TANJTXE50_render_front.jpg,1.0,0.917593934715434
rand_LM7YUSPI5Q_render_front.jpg,1.4423381276446126,0.11520102380841181
rand_8YICV1GDV9_render_front.jpg,1.0,0.2
rand_GREI068ZG8_render_front.jpg,1.0,0.367503722867501
rand_5RSD26FL6L_render_front.jpg,1.0,0.8965552130787258
rand_CV9ACSA4G5_render_front.jpg,1.6649094890118736,0.2
rand_S5F51J8RI9_render_front.jpg,1.0,0.8655336781123975
rand_IG3A7HXB96_render_front.jpg,1.0,0.2
rand_ORVXQUWK6M_render_front.jpg,1.9790624306357403,0.422287258744934
rand_QMQ6O0PHHC_render_front.jpg,1.0,0.1449036324994904
rand_CHFWWJO880_render_front.jpg,1.50668654887714,0.2
rand_YA4CJMZR2O_render_front.jpg,1.0,0.2
rand_I3PU595L7U_render_front.jpg,1.3734945929717837,0.2
rand_Y8JHMB6IA1_render_front.jpg,1.0,0.3349235674521906
rand_4RR0AAIIIY_render_front.jpg,1.0,0.552940608812176
rand_BH24SZ7ODA_render_front.jpg,1.0,0.2906516627628763
rand_G8EZ1TY7ZZ_render_front.jpg,1.0,0.2
rand_ZQ1KJFBGZB_render_front.jpg,1.9704443030012877,0.2
rand_BU7C8Z9IJ0_render_front.jpg,1.048076885847506,0.2
rand_S2UMO7XNI8_render_front.jpg,1.0,0.2087280637469614
rand_2C1TE3U7QA_render_front.jpg,1.0,0.2
rand_552IQ6BSYN_render_front.jpg,1.0,0.2
rand_AR9E6FOQM7_render_front.jpg,1.0,0.6600303428163368
rand_QH8L4OBOVL_render_front.jpg,1.0,0.5810423550780732
rand_F0EEVPENK4_render_front.jpg,1.0,0.2
rand_JZ8FOVBU8D_render_front.jpg,1.0,0.14644082019733703
rand_AE9AGPLS50_render_front.jpg,1.0,0.7991198758417404
rand_OSBPUVRHOC_render_front.jpg,1.0,0.5325938140159646
rand_CMHIQ72AXJ_render_front.jpg,1.0,0.21713286298071716
rand_FLLRHOOG8W_render_front.jpg,1.915075480647272,0.2
rand_89BWE0TPEQ_render_front.jpg,1.0,0.2
rand_6GDQKVAYKU_render_front.jpg,1.8792244429681988,0.2
rand_FNS8NO9V5Y_render_front.jpg,1.0,0.3166987426604495
rand_MEOLJPOHS8_render_front.jpg,1.0,0.527848128057601
rand_6BTHRRKREG_render_front.jpg,1.0,0.3920049184793689
rand_8PBBNDRGJK_render_front.jpg,1.0,0.45562045373618965
rand_SLECZMJDBS_render_front.jpg,1.0,0.2
rand_20DQCAX3HD_render_front.jpg,1.0,0.2
rand_FCMK6F2MJP_render_front.jpg,1.0,0.2
rand_JSQ29IM6B8_render_front.jpg,1.0,0.2
rand_9VSCOTI224_render_front.jpg,1.0,0.2
rand_6BUD2SSB87_render_front.jpg,1.312750846289572,0.9327692186344924
rand_ZFWNJY73CK_render_front.jpg,1.0,0.2
rand_HQU47UH79I_render_front.jpg,1.0,0.12040509370397397
rand_GICUWZFB4X_render_front.jpg,1.1727521341062146,0.42565375808252115
rand_3LFR3G4DLP_render_front.jpg,1.0,0.2
rand_XZVCQO3WL5_render_front.jpg,1.678731099331416,0.2
rand_6VFYUI3EF9_render_front.jpg,1.212939617548968,0.6247991012602467
rand_RM84XGNFZZ_render_front.jpg,1.0,0.5280909205537228
rand_011R6U208P_render_front.jpg,1.0,0.28801661886128166
rand_HFLKTLZP3E_render_front.jpg,1.198667976317269,0.8981512913327213
rand_CRJNX11FYA_render_front.jpg,1.0,0.2146321408144427
rand_06LOOVU6TN_render_front.jpg,1.0,0.7117507194846167
rand_AP927NWFOI_render_front.jpg,1.0,0.35150118775941763
rand_3B3FKIRROF_render_front.jpg,1.9002907484674876,0.825966753076449
rand_5KS156XEPJ_render_front.jpg,1.0,0.2
rand_8YDDE7ZSO5_render_front.jpg,1.0,0.39976504007671354
rand_ZOL1RTELRP_render_front.jpg,1.0,0.2
rand_OL8ZL3HOJ5_render_front.jpg,1.1550965877329138,0.2
rand_N5X9IP40X4_render_front.jpg,1.0,0.2
rand_2ITOX0E0RA_render_front.jpg,1.0,0.1315994201678454
rand_IHOOIO0TXB_render_front.jpg,1.483068653497782,0.6167745325103029
rand_3AUY9EZOOK_render_front.jpg,1.0,0.48752585140927607
rand_AYRNT706XG_render_front.jpg,1.0,0.2
rand_KRHLHL7KU2_render_front.jpg,1.0,0.2
rand_G2D2GZKI1I_render_front.jpg,1.0,0.30822993798066123
rand_KK7LIVAG8B_render_front.jpg,1.0,0.2
rand_TEUGR4926D_render_front.jpg,1.2566181395295115,0.9666758988052813
rand_G40MWO5L6W_render_front.jpg,1.1981608961172272,0.2
rand_GYVDQ9Q3WN_render_front.jpg,1.0,0.9588150327192945
rand_W7VHXYDFPT_render_front.jpg,1.0,0.2
rand_42QX1MYP2C_render_front.jpg,1.0,0.6714721738463653
rand_XWNFDI8YKA_render_front.jpg,1.0,0.2
rand_QNCN59F3PC_render_front.jpg,1.0,0.2
rand_E7BVFTTCZK_render_front.jpg,1.0,0.2
rand_I8UQD3PCL5_render_front.jpg,1.0,0.556973710479038
rand_35HPABMO7N_render_front.jpg,1.0,0.2
rand_C4SGHBA32O_render_front.jpg,1.0,0.2
rand_2SLK6RGV8K_render_front.jpg,1.811883148840264,0.7662033843860324
rand_YMETSOHICF_render_front.jpg,1.0,0.2
rand_24C0WR5YIG_render_front.jpg,1.0,0.2
rand_L4QE0W4QE1_render_front.jpg,1.0,0.2
rand_4IPL5PFBM7_render_front.jpg,1.0,0.2
rand_7SRESBECDF_render_front.jpg,1.0,0.9829501894671756
rand_MW92E3WRLU_render_front.jpg,1.0,0.5624399761623418
rand_ZQAGQ2KBIG_render_front.jpg,1.0,0.2
rand_EOHPTOIN8N_render_front.jpg,1.0444454683134854,0.2
rand_GQTIKUMV3B_render_front.jpg,1.6617131195752752,0.5142516012177136
rand_CJ8GZ4JURH_render_front.jpg,1.0,0.8260962869088054
rand_H5ZVJEEP4W_render_front.jpg,1.0,0.2
rand_WM47E2X3VT_render_front.jpg,1.0894643627585316,0.26014477468309577
rand_RW2J0R0ZZ6_render_front.jpg,1.0,0.2
rand_JJJJHJ89JA_render_front.jpg,1.0,0.2
rand_RDC7DE9DNJ_render_front.jpg,1.235718957697145,0.2
rand_RESZJX89F2_render_front.jpg,1.0,0.6888432504303442
rand_9LYDZYM0FB_render_front.jpg,1.0,0.1043150287325868
rand_HA49UIFNCH_render_front.jpg,1.0,0.19711610818346523
rand_XKENB7CI8F_render_front.jpg,1.0,0.2
rand_ORB3LSYM4X_render_front.jpg,1.0,0.4152309299967052
rand_SD3JPIKKED_render_front.jpg,1.0,0.23572064461900752
rand_6QSDWGCIZC_render_front.jpg,1.6119679949104446,0.8341048880933768
rand_6R7VMXUJBR_render_front.jpg,1.0,0.36856951243400815
rand_HRCH9MPCH9_render_front.jpg,1.8837241303348486,0.5751931564472242
rand_OJNHGTPGU3_render_front.jpg,1.0,0.2
rand_VIIVIJ2TIN_render_front.jpg,1.0,0.2
rand_W2RJN3LLVW_render_front.jpg,1.0,0.2
rand_YB97D9TZPE_render_front.jpg,1.0,0.31385327354698367
rand_18PWALKH28_render_front.jpg,1.0,0.2
rand_SAV2ORDUR6_render_front.jpg,1.0,0.14131196538960303
rand_N8F7440G8S_render_front.jpg,1.0,0.2
rand_GMCH5D830L_render_front.jpg,1.0,0.23434328921951716
rand_SRCBDK1JHU_render_front.jpg,1.7553922727112168,0.2
rand_IB7P3SE468_render_front.jpg,1.0,0.9736633306141482
rand_CQM0FHRBTA_render_front.jpg,1.0,0.2
rand_RRZJBRPS46_render_front.jpg,1.0,0.7816871378613421
rand_XG07JQ26FM_render_front.jpg,1.0,0.6988927889224821
rand_RGR7WIYQ8Y_render_front.jpg,1.9197259128988304,0.34343492682673854
rand_367195B03L_render_front.jpg,1.0,0.3662688848288812
rand_ORT8NAN5IB_render_front.jpg,1.6189102644643603,0.2
rand_WT8FRNLQ1K_render_front.jpg,1.0,0.7149922174904447
rand_8LVMKSJ7JQ_render_front.jpg,1.0,0.46090622327811226
rand_7AXBQ9TRL9_render_front.jpg,1.0,0.2
rand_PIW7KVSQMB_render_front.jpg,1.0,0.704212692130247
rand_2ER5JR6MG7_render_front.jpg,1.0,0.2
rand_3D5WGR1NHO_render_front.jpg,1.0,0.2
rand_KKJ5P9SCGT_render_front.jpg,1.0,0.2
rand_J921UUO05F_render_front.jpg,1.0,0.3993667736663369
rand_RCKDDDSBIA_render_front.jpg,1.0,0.5867479301013266
rand_166TVX8TI3_render_front.jpg,1.0,0.2
rand_RJW59ZHYUY_render_front.jpg,1.0,0.5899540550777767
rand_PQT5RTFG9U_render_front.jpg,1.0,0.9199078849418261
rand_E4KWAFH6KS_render_front.jpg,1.0,0.5959435481889851
rand_GAW69UPKL2_render_front.jpg,1.0,0.45476650075378955
rand_WPVFALZT2H_render_front.jpg,1.1206580496367913,0.46269484863509025
rand_6C1BFY8D98_render_front.jpg,1.0,0.2
rand_1I3YGU31K3_render_front.jpg,1.0,0.6669072529057889
rand_THQMEMZC5I_render_front.jpg,1.0,0.8168722155629344
rand_UY83XULJO3_render_front.jpg,1.0,0.4402490209140545
rand_PF7AI3EOF7_render_front.jpg,1.0,0.2
rand_RLJ2GVM2EV_render_front.jpg,1.0,0.2
rand_4P0XNB42CN_render_front.jpg,1.983690376520798,0.5525955855609904
rand_0DQ6ATPRWJ_render_front.jpg,1.618901875448513,0.2
rand_2ZCXETMKX9_render_front.jpg,1.0,0.2
rand_LR1FOY32WZ_render_front.jpg,1.0,0.6987026948066298
rand_V81RLQH7XB_render_front.jpg,1.0,0.2
rand_8SAL96YJAP_render_front.jpg,1.0,0.561730892666732
rand_F0NC4GOWE2_render_front.jpg,1.0,0.3547726678692439
rand_3C7X2I6WQ7_render_front.jpg,1.0,0.2
rand_EQTCWY41X2_render_front.jpg,1.0,0.2
rand_P2O4GSXN11_render_front.jpg,1.271724477405775,0.28341693540057944
rand_7IV9890MUC_render_front.jpg,1.174499244794844,0.2
rand_0PVUPT1AP8_render_front.jpg,1.0,0.2
rand_7G2D48P95M_render_front.jpg,1.0,0.2
rand_KLPB3B5LOJ_render_front.jpg,1.0,0.2
rand_G1ERWS0N76_render_front.jpg,1.0,0.7386185161484394
rand_YLZAQID8ND_render_front.jpg,1.0,0.7037058910458951
rand_C6NTAY4F3J_render_front.jpg,1.0,0.2
rand_DIVV7NZMOJ_render_front.jpg,1.0326402344423307,0.6552588598727423
rand_AEKAU0BALC_render_front.jpg,1.0,0.7041764534040997
rand_PJGA3QUN56_render_front.jpg,1.0,0.2217412849783602
rand_YQ6TUUG7UJ_render_front.jpg,1.0,0.2
rand_8WDOLHY1YM_render_front.jpg,1.0,0.501361968543684
rand_XU7POB206L_render_front.jpg,1.0,0.31184862752413167
rand_XWTW0GNV2Z_render_front.jpg,1.0,0.2
rand_QP8KQ2FCLF_render_front.jpg,1.9711570082591656,0.2
rand_Q7200F33L3_render_front.jpg,1.0,0.6441914107569333
rand_28ILVS1UCT_render_front.jpg,1.0,0.6427281414207393
rand_T37ZTBXH7O_render_front.jpg,1.574537132753031,0.9461661395661443
rand_IFFIDCJVYE_render_front.jpg,1.0,0.9363544771486103
rand_KK9ZJZK6HQ_render_front.jpg,1.0,0.3421220277259013
rand_2Q3BVE0NUL_render_front.jpg,1.0,0.2
rand_AQ6M57REA6_render_front.jpg,1.3169798327362185,0.37389781036158165
rand_H6UVTHINGY_render_front.jpg,1.0,0.2
rand_NECZHVKUMU_render_front.jpg,1.0,0.2
rand_675RNMBU0L_render_front.jpg,1.3784662246702781,0.2
rand_PHFIKGFF1Q_render_front.jpg,1.0,0.2
rand_0UOHSKIU66_render_front.jpg,1.1567546668879007,0.5640895260519986
rand_Y212S8RJ0S_render_front.jpg,1.0,0.37242244723893925
rand_4MSEFRFCQP_render_front.jpg,1.0,0.2
rand_CTY97988BQ_render_front.jpg,1.0,0.2
rand_9QYL14DQLV_render_front.jpg,1.0,0.2
rand_0CD8GFOYI4_render_front.jpg,1.0,0.9251656721200567
rand_6XO8WZUWPN_render_front.jpg,1.0,0.9262571195016346
rand_M3TS0681VH_render_front.jpg,1.0,0.47674145263564216
rand_7E0577ELSM_render_front.jpg,1.0,0.46574490423507076
rand_0ZY50Q5AU3_render_front.jpg,1.0,0.564562564884803
rand_HCM00JKB8I_render_front.jpg,1.3551318675699549,0.2
rand_LRSAR4070I_render_front.jpg,1.0,0.5032996571854521
rand_CP3BFGYHNH_render_front.jpg,1.0,0.2
rand_0ZFOV1QU2B_render_front.jpg,1.0,0.2
rand_O1NZNU4LE3_render_front.jpg,1.0,0.5401024897981631
rand_F3TBMP71JM_render_front.jpg,1.0,0.9766093448263348
rand_CZ8ZJRIERP_render_front.jpg,1.0,0.24704227893375189
rand_6W5MY8Y3QK_render_front.jpg,1.054114798071193,0.7071248196697726
rand_MWBIJJVQ05_render_front.jpg,1.0,0.6529374780281412
rand_FZJBSTT5NC_render_front.jpg,1.0,0.3994779115974275
rand_4H5Z0RJML6_render_front.jpg,1.0,0.2
rand_VV2SACF4ON_render_front.jpg,1.0,0.2
rand_X4E192CSYO_render_front.jpg,1.0,0.2
rand_ZK2S3N05Z1_render_front.jpg,1.0,0.2
rand_05UL8K3AHM_render_front.jpg,1.0,0.2
rand_BBTJG0ARUY_render_front.jpg,1.7462872938416765,0.2470033320593925
rand_3O77D4O0H9_render_front.jpg,1.0,0.11835610850509166
rand_KWB2CEHG21_render_front.jpg,1.0,0.2
rand_G1KD45RT0N_render_front.jpg,1.0,0.2
rand_C4VS4C18MF_render_front.jpg,1.0,0.2
rand_RYAGLP9ZHE_render_front.jpg,1.9645531203432978,0.2
rand_C47DJAHRD8_render_front.jpg,1.0,0.47175756100185695
rand_59DYS4RI9O_render_front.jpg,1.0,0.33790185722464405
rand_5EDQDK7XOL_render_front.jpg,1.0,0.2
rand_EY8V928ERR_render_front.jpg,1.0,0.5050426243550178
rand_RE3L6NVTDA_render_front.jpg,1.0,0.2
rand_TL1108GYOK_render_front.jpg,1.0,0.3623886025779789
rand_1L391F0KO6_render_front.jpg,1.6189169285919935,0.2
rand_HQ24GBG3QS_render_front.jpg,1.1122124042326387,0.2
rand_HDXDSGLE0Z_render_front.jpg,1.0,0.2522243726328927
rand_G4XWDRT2MK_render_front.jpg,1.0,0.940653903191176
rand_OYXR7AK5MV_render_front.jpg,1.0,0.2
rand_F1M4Y57SVO_render_front.jpg,1.0,0.2
rand_MGJGOXM3Y9_render_front.jpg,1.0,0.15108207042952043
rand_9Z7PLA2NB2_render_front.jpg,1.0,0.8942054324153568
rand_HNYTM7V9W1_render_front.jpg,1.6150224607694685,0.5631174327196588
rand_MGV17DXGK5_render_front.jpg,1.2496116854921602,0.9412810109744001
rand_GTTFYW9YJ9_render_front.jpg,1.0,0.2
rand_7Y95TTS64H_render_front.jpg,1.0,0.11390925829525639
rand_AHPOOVMJS8_render_front.jpg,1.0,0.2
rand_HIBDLUFY7D_render_front.jpg,1.0,0.9374316200231708
rand_YD8ZS3W513_render_front.jpg,1.0,0.6477997141261107
rand_T23YVVY38F_render_front.jpg,1.0,0.2
rand_O7VFBS5LV6_render_front.jpg,1.0,0.5208578122850661
rand_166KJGCYM8_render_front.jpg,1.0,0.2
rand_ZTJIE0XLDL_render_front.jpg,1.4008579954776075,0.22080467522162306
rand_WWOOTPOWRR_render_front.jpg,1.0,0.2326464020104734
rand_KC1BUAKVY9_render_front.jpg,1.0,0.2
rand_Z9ZIYM691S_render_front.jpg,1.0,0.9496785792425619
rand_RX9CMZWMK1_render_front.jpg,1.0,0.7756375967327576
rand_3SVCRTSEGG_render_front.jpg,1.0,0.2
rand_RS7K9GT9OD_render_front.jpg,1.4034438264380427,0.2
rand_UZTH8341UI_render_front.jpg,1.0,0.6932223030059245
rand_SY7GU8QYKZ_render_front.jpg,1.0,0.2
rand_MJ7H0JL2EA_render_front.jpg,1.7848131167995513,0.7708485763115321
rand_QPCRZX4BMS_render_front.jpg,1.0,0.4349282769416668
rand_HJ8BLO9SMJ_render_front.jpg,1.743868749877851,0.30359386501618646
rand_EPYQSVB725_render_front.jpg,1.0096275676761262,0.2
rand_QKRH61Y0EZ_render_front.jpg,1.938863920208918,0.2
rand_LWGKNM33MU_render_front.jpg,1.2579576787065356,0.2
rand_H0Q0P3UYDR_render_front.jpg,1.880617398121481,0.9612138819292391
rand_70ZGIP94UO_render_front.jpg,1.0,0.2
rand_DTREZ7NTMF_render_front.jpg,1.0,0.2
rand_00CXQDTPMH_render_front.jpg,1.9410274460202799,0.3761332366153841
rand_QBYVOYYI5P_render_front.jpg,1.0,0.2
rand_RPMZ3NYYQO_render_front.jpg,1.3592764696831503,0.2
rand_D5ZYCUAMYZ_render_front.jpg,1.0,0.12887665992817005
rand_PFDW1N82B4_render_front.jpg,1.0,0.36476834110224565
rand_LJFJW3ENTG_render_front.jpg,1.0,0.3575946503105413
rand_I7NX01Q8GM_render_front.jpg,1.0,0.2
rand_OJWRCDO9KN_render_front.jpg,1.2239032778851233,0.7330736930449852
rand_OW4JSZLTYL_render_front.jpg,1.0,0.2
rand_Q2FUP9MDYS_render_front.jpg,1.8698380819255753,0.2
rand_ZRDD4B7MIM_render_front.jpg,1.0,0.2
rand_PQKLGGNM8A_render_front.jpg,1.0150284883345873,0.2
rand_7OLDSV7HYN_render_front.jpg,1.0,0.2
rand_EJDAUS4E14_render_front.jpg,1.7492513445967446,0.15152575346762603
rand_8W9HWT3IRX_render_front.jpg,1.0,0.5490180714360947
rand_YVWPFTU07S_render_front.jpg,1.0,0.9826928440650876
rand_FVG3YR27CA_render_front.jpg,1.8689948394391007,0.5071016310749927
rand_1LBQ0YSHNA_render_front.jpg,1.0,0.2
rand_BTK1Z0PPLG_render_front.jpg,1.0861480047455552,0.36809841685533007
rand_6OCQ3NJLOV_render_front.jpg,1.0,0.25064517185202184
rand_NE4BG6SA3G_render_front.jpg,1.0630932103019237,0.8138925530632222
rand_8PPZ4N9M1B_render_front.jpg,1.537368041727276,0.389632422804732
rand_LTXHIE2K5T_render_front.jpg,1.7148048307161545,0.6134645425095808
rand_KO0Z4WJ1DE_render_front.jpg,1.4036667268401253,0.2
rand_Z3P6GVTJYP_render_front.jpg,1.2550507835900424,0.2
rand_QSVO2JTL45_render_front.jpg,1.0,0.47973578845904585
rand_87F9OOFI0S_render_front.jpg,1.6707920396405824,0.518875594194148
rand_H8M37QED0G_render_front.jpg,1.0,0.382809158424653
rand_9EMZ9URTQ4_render_front.jpg,1.0,0.2
rand_YROLT1M5MI_render_front.jpg,1.0,0.2
rand_RZ7CSH4BP7_render_front.jpg,1.0,0.4449038068846497
rand_SZVOHAW324_render_front.jpg,1.6305154434322044,0.688933144164309
rand_IKDVMLL8I9_render_front.jpg,1.0,0.2
rand_J34PO1LFBJ_render_front.jpg,1.0,0.2
rand_I4ABEZPQ2A_render_front.jpg,1.0,0.2
rand_WZ7DOHTT0Z_render_front.jpg,1.0,0.2
rand_VJ1BOIY9Q5_render_front.jpg,1.0,0.9889856316724313
rand_AG02ZF0FJY_render_front.jpg,1.0,0.35258348832518405
rand_1Q0WT40K2N_render_front.jpg,1.228343393252768,0.21248800279927943
rand_6DEU0RV4CV_render_front.jpg,1.0,0.7375203955986229
rand_VQ4HSDRWA8_render_front.jpg,1.0,0.2
rand_5EOU6FNRWE_render_front.jpg,1.0,0.2
rand_17PWELCLK8_render_front.jpg,1.0,0.33613134153876845
rand_8LORNXLBNE_render_front.jpg,1.0179245347055612,0.2
rand_PMQB47W4NV_render_front.jpg,1.0,0.8390685924398422
rand_2DFFMJHIW4_render_front.jpg,1.0,0.2
rand_ACAVWZDL9M_render_front.jpg,1.0,0.5010379734296149
rand_XLOR2W206Y_render_front.jpg,1.0,0.2
rand_8XROCCBBQS_render_front.jpg,1.0,0.5152276328504196
rand_TXMGXUVKZ8_render_front.jpg,1.0,0.2
rand_03L6UFVLYD_render_front.jpg,1.0,0.2
rand_07LSZ9ASL3_render_front.jpg,1.0,0.70415207149036
rand_DT4IN3VG1L_render_front.jpg,1.4875032345161667,0.2
rand_JSGSZK2W9C_render_front.jpg,1.0,0.2
rand_N756EI2LL7_render_front.jpg,1.0,0.2
rand_A7AI2G9R1D_render_front.jpg,1.0,0.2750050978057774
rand_PJ8U61VXUM_render_front.jpg,1.0,0.2
rand_9M5184S49F_render_front.jpg,1.0,0.9312860126144783
rand_5LUXAE7G4C_render_front.jpg,1.8014488580965868,0.2
rand_9AVIPBVSRT_render_front.jpg,1.0,0.3581470137356274
rand_OYAMYQX0FX_render_front.jpg,1.0,0.3382350204212863
rand_TNMYE0N4B3_render_front.jpg,1.0,0.2
rand_AG8HU4GBKI_render_front.jpg,1.0,0.2
rand_0MGW5YEOOW_render_front.jpg,1.3795388817555998,0.2
rand_2JL1QW4MNU_render_front.jpg,1.0,0.2
rand_QH7ZNEZK61_render_front.jpg,1.0,0.2
rand_5W28BPIKQW_render_front.jpg,1.0800522006641589,0.1616252536930536
rand_257XLAF482_render_front.jpg,1.0,0.2
rand_CD9BREOXBU_render_front.jpg,1.0,0.2
rand_MM291174BV_render_front.jpg,1.0,0.8300478466422291
rand_0UHRIDT4ZQ_render_front.jpg,1.0,0.2
rand_DWPSUB1O7Z_render_front.jpg,1.3705187904898177,0.2
rand_7EZISEW0XF_render_front.jpg,1.0,0.2
rand_MHA1JRTOMR_render_front.jpg,1.1826982478196675,0.5471578627489049
rand_CX4YA5RP89_render_front.jpg,1.0694480323819349,0.6169998831464361
rand_5ZNE8V1XB8_render_front.jpg,1.0,0.2
rand_V04GG7OWZV_render_front.jpg,1.0,0.41839724727253547
rand_V3W8G8SZI2_render_front.jpg,1.0,0.9735261795742923
rand_S5OTXHZFGN_render_front.jpg,1.0,0.2
rand_197UV7D7Y9_render_front.jpg,1.0,0.933105396563389
rand_R0UU9XH86D_render_front.jpg,1.0732770807979999,0.2
rand_HGLXJ7A92B_render_front.jpg,1.0,0.2
rand_QYO94BSE95_render_front.jpg,1.0,0.4629811061843856
rand_C0SO3XD3HR_render_front.jpg,1.0,0.2
rand_FVFM1XNCUK_render_front.jpg,1.8123051692472099,0.2
rand_C1YRMQDKAL_render_front.jpg,1.0,0.8105868885144475
rand_DAAS6N2ARY_render_front.jpg,1.6464235974219057,0.6990584577933998
rand_QCK157SV3K_render_front.jpg,1.0,0.4788819911278921
rand_4HKDI2H23S_render_front.jpg,1.0,0.24549766237291987
rand_8UQPABB7R6_render_front.jpg,1.0,0.2
rand_QEISDC7889_render_front.jpg,1.781999792008293,0.2
rand_XES1EQZZGQ_render_front.jpg,1.9465672426951106,0.2
rand_ZAO0IES79Q_render_front.jpg,1.0,0.2
rand_CMTCX9XKBX_render_front.jpg,1.0,0.2
rand_H3YYNO6WEK_render_front.jpg,1.0,0.2
rand_KUEVBB0C3L_render_front.jpg,1.0,0.2
rand_MUHCSOHDOJ_render_front.jpg,1.0,0.2855554788995667
rand_AQFM6FHNVM_render_front.jpg,1.0,0.2
rand_1NKO547NCV_render_front.jpg,1.0,0.6891614724424957
rand_GUOARU6VQZ_render_front.jpg,1.0,0.9830088562700853
rand_LE4GCBNFGB_render_front.jpg,1.0,0.2
rand_N4ABCA3VMS_render_front.jpg,1.0,0.2
rand_IQXKJP9F7B_render_front.jpg,1.0,0.2
rand_3VXG67Y63W_render_front.jpg,1.0,0.14039365161015688
rand_GU6RDAS42M_render_front.jpg,1.0,0.2
rand_3F83YWFDRI_render_front.jpg,1.8173640670656175,0.7807163799185988
rand_JVH95D4L4S_render_front.jpg,1.0,0.2
rand_DM5CN9J19O_render_front.jpg,1.0,0.2
rand_SD9DC67XPX_render_front.jpg,1.0,0.9195805710170009
rand_0XQOWJR8TB_render_front.jpg,1.6827238151515733,0.9396041733210208
rand_RQ67PXQVR2_render_front.jpg,1.3706846587446813,0.2
rand_YPZ62DOWYT_render_front.jpg,1.6898135395801719,0.6368792387644544
rand_0QUFXIPBFM_render_front.jpg,1.0,0.2
rand_K7OSU7CILO_render_front.jpg,1.0,0.2
rand_6YP9BMAJ22_render_front.jpg,1.0,0.2
rand_C0RL1FT4GL_render_front.jpg,1.0,0.2
rand_ONLSUHJ0QT_render_front.jpg,1.0,0.2
rand_3V8VJJ5GXL_render_front.jpg,1.0,0.2
rand_US3IHQPPZM_render_front.jpg,1.0,0.5397958456324327
rand_0JO0KU9H08_render_front.jpg,1.0,0.2
rand_1UFGA8AAGP_render_front.jpg,1.0,0.2
rand_3NEKBHD8Q9_render_front.jpg,1.0,0.5632226358681234
rand_HQSE5EDIYU_render_front.jpg,1.0,0.2
rand_CL7D22CZ0G_render_front.jpg,1.0,0.7155548879758646
rand_8FRBW85OVH_render_front.jpg,1.0,0.2
rand_YJGL924Y72_render_front.jpg,1.0,0.2477627196296432
rand_DBP2WM8KIC_render_front.jpg,1.0,0.43905880623197646
rand_6VBCSAIJZ3_render_front.jpg,1.0,0.9422374026294151
rand_XA5EOESEOI_render_front.jpg,1.0,0.2
rand_BX6EQ0A6VU_render_front.jpg,1.0,0.2
rand_V7IHJFB63C_render_front.jpg,1.0,0.2
rand_QKOHXI93QH_render_front.jpg,1.0,0.35220522606042404
rand_RHVO1WNTTZ_render_front.jpg,1.0,0.318963242652621
rand_IJBCV1642B_render_front.jpg,1.0,0.2
rand_IR3A418VOW_render_front.jpg,1.0,0.49231682281167277
rand_ONCKO7BM7Q_render_front.jpg,1.0,0.2
rand_3O6BIIFMCO_render_front.jpg,1.0,0.2
rand_IC80IH8NCV_render_front.jpg,1.5913440262410916,0.2
rand_1Q3K9IQ92P_render_front.jpg,1.0,0.8734492819437946
rand_WRATOY3XVW_render_front.jpg,1.0,0.9842450902576315
rand_4OHIXWV6W8_render_front.jpg,1.2932442952467929,0.5067177639517904
rand_TXBMHC75KZ_render_front.jpg,1.0,0.5793053843943723
rand_B72BFTUJJ4_render_front.jpg,1.0,0.48205156860024845
rand_7UGTWC127G_render_front.jpg,1.247043441216911,0.2
rand_DGM4ZU0MCY_render_front.jpg,1.0,0.2
rand_JGIGSPKECR_render_front.jpg,1.5455984698860585,0.2
rand_K3GF9VMGTO_render_front.jpg,1.3263419193147188,0.23847834110028995
rand_VC2EV8OWKW_render_front.jpg,1.0,0.2
rand_Z8SG3CLBM0_render_front.jpg,1.0,0.2
rand_GUEJECMN1B_render_front.jpg,1.2347388580217578,0.44716037166686184
rand_1M0KW74XQN_render_front.jpg,1.0,0.2
rand_9M2EWZUJSG_render_front.jpg,1.1953350653441053,0.2
rand_5LN7TT2XQP_render_front.jpg,1.0,0.9069376881152106
rand_98CUYPTZFM_render_front.jpg,1.0,0.7742426375281877
rand_PJ99BABZE3_render_front.jpg,1.0,0.2
rand_U1NZCAIQ04_render_front.jpg,1.0,0.2
rand_F86XLCS84L_render_front.jpg,1.0,0.2
rand_HEWD1I8GHT_render_front.jpg,1.0,0.2
rand_WRPWWOXMJO_render_front.jpg,1.0,0.2
rand_AISNHOFXML_render_front.jpg,1.0,0.6713565337963152
rand_5Q24JVIYFD_render_front.jpg,1.1743129773203929,0.7020435940168469
rand_7SUHORO96H_render_front.jpg,1.0,0.9543657415637903
rand_9LFGPF2RAB_render_front.jpg,1.7081138787712375,0.711476804166164
rand_1Z9O1W6SAN_render_front.jpg,1.0,0.2
rand_8IEIMCYLEE_render_front.jpg,1.0,0.6213453739181689
rand_ZQ3LW6I4S5_render_front.jpg,1.0,0.2
rand_R91EZRWI0G_render_front.jpg,1.0,0.2
rand_W648XYGO9K_render_front.jpg,1.0,0.2367738219664033
rand_LLBN5F1BPY_render_front.jpg,1.4868882918604343,0.779277755450796
rand_X2NYNAK7P9_render_front.jpg,1.0,0.5207237833861185
rand_2W1ARDYTQA_render_front.jpg,1.0,0.9136731225029053
rand_CPE7ZDB7MY_render_front.jpg,1.0,0.2
rand_HAYTTXLGXR_render_front.jpg,1.0,0.294907404668142
rand_IKM4EX767C_render_front.jpg,1.0,0.2
rand_VWZ63WZLRR_render_front.jpg,1.0,0.794875560299715
rand_AMY1HKTNRC_render_front.jpg,1.0,0.9907319230216839
rand_RNG8YWOPKC_render_front.jpg,1.0,0.6969465204603207
rand_WGLQZ1QZ1R_render_front.jpg,1.0,0.2
rand_0HPKKSOCCM_render_front.jpg,1.0,0.6181866896774237
rand_B7IKYREJR0_render_front.jpg,1.0,0.2
rand_YLL97ZD20F_render_front.jpg,1.0,0.2789942084068352
rand_YUFW86V6ED_render_front.jpg,1.0,0.2
rand_I5RMUZ300I_render_front.jpg,1.1464192257549295,0.5020555210345113
rand_LR8ZR6OETM_render_front.jpg,1.0,0.2
rand_T7YUHKV35Z_render_front.jpg,1.0,0.2
rand_8M04KRM76C_render_front.jpg,1.0,0.2
rand_MO2EDXRYJ7_render_front.jpg,1.7726516131119365,0.2
rand_UZT8QW6TNH_render_front.jpg,1.5685582497543926,0.2
rand_ZUH7B4R3TK_render_front.jpg,1.3585346363132547,0.2
rand_7OUPQ20XGR_render_front.jpg,1.0,0.1093513045675474
rand_X562PZRL91_render_front.jpg,1.6240803992698618,0.2
rand_1HF52EAFZ4_render_front.jpg,1.6944764244235213,0.2
rand_MJA8OAZ0IE_render_front.jpg,1.0,0.12204903640208871
rand_7NVV58EE6R_render_front.jpg,1.0,0.3365523632369113
rand_L02K6CU0DL_render_front.jpg,1.0,0.7545167768698962
rand_HSO5AILY00_render_front.jpg,1.0,0.2
rand_C70F60DXPM_render_front.jpg,1.0,0.6359931993411296
rand_0MD0FOQ2NM_render_front.jpg,1.0,0.18519966884520145
rand_AFPB5IOPTY_render_front.jpg,1.7261679845519935,0.2
rand_3NLA679VJF_render_front.jpg,1.0,0.6692545039769033
rand_BI4FQFC6J1_render_front.jpg,1.0,0.2
rand_K7ADV5C9M3_render_front.jpg,1.0,0.7535079816499672
rand_ODIUD0YSE5_render_front.jpg,1.0,0.889955630153845
rand_OSL0Y5HZHB_render_front.jpg,1.0,0.2
rand_EB0G939E6Z_render_front.jpg,1.0,0.2
rand_W65BNDSVFH_render_front.jpg,1.4412378302289297,0.5089560457701999
rand_C32MG9JOI8_render_front.jpg,1.0,0.5175353600362037
rand_5OT03VSC6I_render_front.jpg,1.0948258119724437,0.2
rand_VDPN8GNDZ4_render_front.jpg,1.264824558525021,0.6221166187368112
rand_H63SSYNB8C_render_front.jpg,1.1401246866319883,0.8844999970028485
rand_L0U9AVWILY_render_front.jpg,1.0,0.9310223085074273
rand_ZKFJKR09FJ_render_front.jpg,1.477443331570675,0.2
rand_K0YROUA3OG_render_front.jpg,1.0,0.6494004790598366
rand_JBE9C6YSW3_render_front.jpg,1.0,0.2
rand_4CZ61SD6AE_render_front.jpg,1.2723177048459458,0.2
rand_FCI8EF61ZC_render_front.jpg,1.7704900192335935,0.33939506743143955
rand_2S62Y2DTMT_render_front.jpg,1.0,0.3144194740119856
rand_09ELMFK1ND_render_front.jpg,1.0,0.5773094435849028
rand_TPBYWA25G4_render_front.jpg,1.0,0.6109031454677752
rand_Z8Y9IEZNCK_render_front.jpg,1.0,0.2
rand_KQ6RROY765_render_front.jpg,1.0,0.2
rand_JI1EHV99RN_render_front.jpg,1.7860000507776221,0.6915192516255065
rand_S9FZZF60F6_render_front.jpg,1.0,0.2
rand_19JTGZW434_render_front.jpg,1.0,0.80942360484433
rand_NNVJBL8B15_render_front.jpg,1.0,0.35890898567555596
rand_UMY5K78PBX_render_front.jpg,1.0,0.2
rand_NFHEBYWO3X_render_front.jpg,1.0,0.3228380198735612
rand_KPZWA7KJJC_render_front.jpg,1.0,0.26926317744288125
rand_DT7EOKNQOP_render_front.jpg,1.3673972617101717,0.902251126275316
rand_E0AU5NYYE5_render_front.jpg,1.0,0.2
rand_QSQOMAHSTA_render_front.jpg,1.0,0.507441161560614
rand_IFZTC4VRWU_render_front.jpg,1.0,0.7540535259332093
rand_A3OLOV1YWB_render_front.jpg,1.0,0.478576573227676
rand_C9W6ESTRNQ_render_front.jpg,1.5560771316997983,0.7671876041648479
rand_IYF3AMZMI4_render_front.jpg,1.100965222796434,0.8154180113509958
rand_R16ZATZWZY_render_front.jpg,1.0,0.2
rand_HOW6R4EPDW_render_front.jpg,1.0,0.2
rand_RUBPX9GV12_render_front.jpg,1.0,0.619706439701552
rand_8DGTWSNWEQ_render_front.jpg,1.0,0.5536039575228517
rand_L9090NLV3H_render_front.jpg,1.5223506756071599,0.39411834579893545
rand_TNYEKW2YA5_render_front.jpg,1.0,0.4350507225526806
rand_ZT0HHY5ISU_render_front.jpg,1.835363788213685,0.2
rand_OXCNWQQVNC_render_front.jpg,1.1385059315575285,0.9316407212701261
rand_CT9365544U_render_front.jpg,1.0,0.20203853687344803
rand_27EHCCD7SI_render_front.jpg,1.0,0.31603711185168404
rand_D1V9NGLIRG_render_front.jpg,1.0,0.7692162396577937
rand_6YGLO1BHYF_render_front.jpg,1.0,0.5970202780982802
rand_QHU4BNJKQR_render_front.jpg,1.0,0.40955332363671293
rand_0MBY846ZGF_render_front.jpg,1.0,0.2
rand_UL85X8ND54_render_front.jpg,1.0,0.391008924881022
rand_RRTAM3PBNV_render_front.jpg,1.0,0.2
rand_LG8JGXUN6B_render_front.jpg,1.0,0.2
rand_4ZXNGF6SQ0_render_front.jpg,1.0,0.8214079616750388
rand_53YLW09OCP_render_front.jpg,1.0,0.2
rand_UB7HA2E4SU_render_front.jpg,1.853037807830137,0.2
rand_5I3OE0EHUJ_render_front.jpg,1.0,0.8058636588695883
rand_EEJB50M54W_render_front.jpg,1.0,0.8164008082432139
rand_G6TWKOWXMS_render_front.jpg,1.0,0.8789613791292086
rand_K8S3BB8E3X_render_front.jpg,1.0,0.4865738217960005
rand_VOIB4CPIQ3_render_front.jpg,1.0,0.2
rand_86Y8LKHPRO_render_front.jpg,1.462785426521437,0.2
rand_NNLWIFSY0K_render_front.jpg,1.0,0.8941652798288292
rand_4ISHFE2JC2_render_front.jpg,1.348574762467802,0.2
rand_64YHOMW1ME_render_front.jpg,1.0,0.2
rand_BO4MYG7UP4_render_front.jpg,1.0,0.2
rand_PXTG6AFBAJ_render_front.jpg,1.0,0.6899597699081454
rand_CEBIYKT095_render_front.jpg,1.589122352594397,0.12379992808418715
rand_26PYSAOLYF_render_front.jpg,1.0,0.20453395191767076
rand_0DGAAUOV2V_render_front.jpg,1.0,0.556071806997371
rand_EJP0S4KWNM_render_front.jpg,1.0,0.2
rand_8PY4ZMX2VC_render_front.jpg,1.0,0.2
rand_TR4E7P59NO_render_front.jpg,1.0,0.9516130612336343
rand_0NJY4WUB2P_render_front.jpg,1.0,0.6896145049989438
rand_Q2Z8EO67RU_render_front.jpg,1.0,0.2
rand_BYLNINRU11_render_front.jpg,1.5033894911340275,0.36592973708977283
rand_5RM85VSIVW_render_front.jpg,1.0,0.4220942914127006
rand_3XOFNPLJP1_render_front.jpg,1.0,0.2
rand_MDHRIDB8AC_render_front.jpg,1.4885391641257342,0.2
rand_9M3GW01CRB_render_front.jpg,1.0,0.2
rand_I98Z8M7QJ4_render_front.jpg,1.0,0.5750699784448744
rand_JY76Q61T5A_render_front.jpg,1.003779606322428,0.4905063758578012
rand_8MUVR3SF17_render_front.jpg,1.0,0.9245780839989747
rand_GJ7IRQ23XO_render_front.jpg,1.0,0.2635861890071116
rand_AVJ3M3QYF1_render_front.jpg,1.0,0.2
rand_QVX8GBZ45R_render_front.jpg,1.0,0.13067051342658723
rand_K5DPMFJ2ED_render_front.jpg,1.0,0.2
rand_EQ40UQSR4F_render_front.jpg,1.0,0.2
rand_XTCK98FZPJ_render_front.jpg,1.0,0.2
rand_3MX8P0MTR6_render_front.jpg,1.0,0.5207210027870129
rand_FTJXW28B7I_render_front.jpg,1.0,0.572729090195016
rand_RSAN385FXI_render_front.jpg,1.0,0.5504621558182938
rand_BGD2O3Z6U1_render_front.jpg,1.8935656645246526,0.4214584292747927
rand_JW4807U42U_render_front.jpg,1.0,0.2
rand_HP70ZRBELJ_render_front.jpg,1.6835321956531857,0.2
rand_4DD5NYZYD0_render_front.jpg,1.0,0.6501237969757444
rand_V9N46GQYVJ_render_front.jpg,1.0,0.6096748407997745
rand_TJURDSALV9_render_front.jpg,1.0,0.2
rand_5WX6NLLR47_render_front.jpg,1.0,0.7193305099081948
rand_IEHBILMEAU_render_front.jpg,1.0,0.2
rand_GLAYSDO8XM_render_front.jpg,1.5707612993431805,0.2
rand_0WE7K5UYGW_render_front.jpg,1.0,0.2
rand_U1KXW4Y8ZQ_render_front.jpg,1.0,0.2
rand_J97QA1K42F_render_front.jpg,1.0,0.6945636809795374
rand_BFEEXIODDM_render_front.jpg,1.0,0.2
rand_X8WBA5D7Y2_render_front.jpg,1.139820625663625,0.5796506071325517
rand_FO8UKHY0K4_render_front.jpg,1.0,0.9665915683424614
rand_NXQAM55RSD_render_front.jpg,1.0,0.2
rand_01L2T9IFAL_render_front.jpg,1.0,0.783946462389665
rand_FKHMD7CJ2H_render_front.jpg,1.251091910587315,0.2127841626070499
rand_TBXSHGH8J4_render_front.jpg,1.0,0.2
rand_ZR6T6PJSQV_render_front.jpg,1.0,0.14446967423030146
rand_YH9SS7PHKG_render_front.jpg,1.0,0.5889990291361517
rand_BF7XMSD1NL_render_front.jpg,1.0,0.2
rand_QZTX3TFRQB_render_front.jpg,1.563062008820858,0.9587194645583598
rand_3WGDRA2ED1_render_front.jpg,1.0,0.2
rand_SUL9CEVVJM_render_front.jpg,1.0,0.7318638340236199
rand_RVHGSYQQ5C_render_front.jpg,1.0,0.2
rand_IS0PR7OX6O_render_front.jpg,1.0,0.6777852173457556
rand_4WBQWP81AN_render_front.jpg,1.0,0.2
rand_BO9T4MNN5C_render_front.jpg,1.0,0.6962963473912778
rand_QVBYWQYGOD_render_front.jpg,1.0,0.7847756353223089
rand_Z9740HS7NB_render_front.jpg,1.0,0.2
rand_4CCX6OV2Q2_render_front.jpg,1.0,0.2
rand_AAA5CZOZPF_render_front.jpg,1.0,0.2
rand_5VX3XTSVF5_render_front.jpg,1.0,0.2
rand_H2IJBROLPT_render_front.jpg,1.0,0.2
rand_RZ028OQRXH_render_front.jpg,1.7647906558790787,0.2
rand_MX8HW91P2Y_render_front.jpg,1.0,0.5563424522279573
rand_WZPW1F8TPP_render_front.jpg,1.426475046266003,0.3210048898864838
rand_3DMDAU2SWP_render_front.jpg,1.3213356665616787,0.2
rand_ZTESEJT59P_render_front.jpg,1.0,0.7483634771929117
rand_NR7UXKVZD5_render_front.jpg,1.0,0.9764820100164435
rand_GMC172KOXX_render_front.jpg,1.8686395439212529,0.2
rand_WHFDDGEJTF_render_front.jpg,1.5105330257555798,0.41845542616506104
rand_MTFHA9NCL0_render_front.jpg,1.0,0.8134483947525478
rand_NUH85PAIX7_render_front.jpg,1.0,0.8693564399133933
rand_IQ2RYZE65I_render_front.jpg,1.0,0.7188841847958966
rand_A1SPA3WK4K_render_front.jpg,1.0,0.8989438825048505
rand_BMC32E4QQ0_render_front.jpg,1.0,0.2
rand_QYUO6BSVU6_render_front.jpg,1.8808551009172576,0.6350997571363312
rand_TQQUZ1G9PJ_render_front.jpg,1.0,0.512269828663372
rand_491GMQYYLM_render_front.jpg,1.6489319285376254,0.1292191419881524
rand_XEDT43U8H9_render_front.jpg,1.0,0.782111438122928
rand_QEXJI2LPD2_render_front.jpg,1.0,0.2
rand_R81O7QPF2P_render_front.jpg,1.2589374036088792,0.42545991355604396
rand_8WMZJB9F5C_render_front.jpg,1.0,0.7631554638164401
rand_9O55NVP045_render_front.jpg,1.934279843581046,0.4191809852328412
rand_SN0HL9G8C8_render_front.jpg,1.0,0.2
rand_L5DKYS1JLP_render_front.jpg,1.0,0.2
rand_S28B0RSRHL_render_front.jpg,1.0,0.2
rand_L33ZJL5JF2_render_front.jpg,1.2427239680104598,0.2
rand_GAXBD67EZB_render_front.jpg,1.0,0.2
rand_7TGRJEX39N_render_front.jpg,1.0,0.2
rand_ASKNOJ0BNI_render_front.jpg,1.263787032437998,0.14726586027512753
rand_VC7DYWFD2J_render_front.jpg,1.0339649232463826,0.2
rand_OZ4JI7WT12_render_front.jpg,1.0,0.2
rand_CP3E1EVX80_render_front.jpg,1.0,0.2
rand_6S745H9FQ3_render_front.jpg,1.0,0.1941334590411431
rand_MEP1B1R3N2_render_front.jpg,1.6428030430666816,0.2
rand_CJ04RUEQWA_render_front.jpg,1.0,0.2021742061720691
rand_X2NR4YED9F_render_front.jpg,1.0,0.7793104259630191
rand_I5SYVYDBZP_render_front.jpg,1.0,0.2
rand_ZKXZR27KXH_render_front.jpg,1.0,0.456835822379015
rand_XU1OKSQ7OO_render_front.jpg,1.0,0.44601638850930636
rand_6A9NDY4SG7_render_front.jpg,1.0,0.9520192843923936
rand_BCTM2FLADL_render_front.jpg,1.0,0.7633242497991656
rand_Z2BGAZLSXD_render_front.jpg,1.0,0.614895164059809
rand_WEOHPP2JUG_render_front.jpg,1.0,0.2
rand_KQ890FDQ8X_render_front.jpg,1.0,0.18865776392174965
rand_R9V72FLDA6_render_front.jpg,1.0,0.6236345673636298
rand_CGHTG0K2RS_render_front.jpg,1.0,0.16703918879592564
rand_GX37TG4XLT_render_front.jpg,1.8892101722305137,0.2
rand_IKHE8XBEA5_render_front.jpg,1.0,0.8070387831401966
rand_JDAPA7JUM2_render_front.jpg,1.3722415776054797,0.2
rand_LLQ4HH131J_render_front.jpg,1.0,0.8144454882159519
rand_U10CKJLWN0_render_front.jpg,1.0,0.9094674170685668
rand_F1BU3UYP8K_render_front.jpg,1.0,0.8253251889474167
rand_M6G77YH3AM_render_front.jpg,1.0,0.2
rand_550I51IW8U_render_front.jpg,1.0,0.2
rand_Z9KTA67UWJ_render_front.jpg,1.0,0.2661936287454217
rand_MI5FQJTZB0_render_front.jpg,1.0,0.9821199097064542
rand_78YYEAKNZV_render_front.jpg,1.0,0.2
rand_5UF480VFGX_render_front.jpg,1.0,0.2
rand_4NB51KJC65_render_front.jpg,1.0,0.2
rand_KM0Y5FQ71K_render_front.jpg,1.0,0.2
rand_4S0158QFAX_render_front.jpg,1.0,0.2
rand_OHJGUECNFB_render_front.jpg,1.2609932079466089,0.2
rand_G8OI2TA633_render_front.jpg,1.0,0.40643515331937385
rand_7N9ROC02H1_render_front.jpg,1.0,0.2
rand_GSYFFY1GET_render_front.jpg,1.0,0.8518264289585676
rand_H63JYPRUST_render_front.jpg,1.0,0.2
rand_6HU0QZDL49_render_front.jpg,1.401427889940158,0.2
rand_E18XAKO94M_render_front.jpg,1.0,0.2
rand_KXELNEWE2J_render_front.jpg,1.0,0.42698931698061937
rand_4XJJRNH3DN_render_front.jpg,1.1379616546250837,0.7634859944755187
rand_NWBBQIYJTN_render_front.jpg,1.0,0.2
rand_41OYMQIYYR_render_front.jpg,1.0,0.3045530839508559
rand_ZXRC02NEQI_render_front.jpg,1.0,0.2
rand_5S88WS2E87_render_front.jpg,1.0,0.6719056715224525
rand_PIUQNJCCV2_render_front.jpg,1.0,0.2816448345148663
rand_55NYURBNPD_render_front.jpg,1.0,0.2
rand_O7A7HRV6EP_render_front.jpg,1.0,0.2
rand_LAH83EKEXB_render_front.jpg,1.0,0.12210078537619468
rand_8WOI52W3DG_render_front.jpg,1.0,0.4597317966130352
rand_J0Q9CTB7K8_render_front.jpg,1.0,0.837445175176932
rand_O3WVE6IATM_render_front.jpg,1.95852443206312,0.12727247445234613
rand_09Q7K7ZX8A_render_front.jpg,1.0,0.4301948628889757
rand_47RRUKY8WP_render_front.jpg,1.0,0.2
rand_E8PFU4F3YJ_render_front.jpg,1.4916181917939926,0.7572900241850381
rand_49W9ITFJZK_render_front.jpg,1.1763183582841834,0.2
rand_W11XAJJQMM_render_front.jpg,1.0,0.6158201279499969
rand_H80K1FCZYF_render_front.jpg,1.690687630755415,0.20987127778348896
rand_WATY11C6HT_render_front.jpg,1.0,0.2
rand_MPGK783J8Z_render_front.jpg,1.0,0.5149507717076954
rand_CNU4OQAWI3_render_front.jpg,1.0,0.2
rand_5H1L7BJTON_render_front.jpg,1.0,0.2
rand_P46OB055YT_render_front.jpg,1.101615499023259,0.2
rand_8RRCKI53E6_render_front.jpg,1.0,0.3377749196120682
rand_HX2T6UMMBL_render_front.jpg,1.0,0.2
rand_4ENEUU4QK6_render_front.jpg,1.0,0.2
rand_2I4VZ4SXFX_render_front.jpg,1.0,0.6781128103110499
rand_3Y0NBL7PDI_render_front.jpg,1.0,0.2
rand_DB46VWEOPM_render_front.jpg,1.0,0.854852219254045
rand_QQ4GQ1K33M_render_front.jpg,1.0,0.5139567261294106
rand_29P1XRFUMX_render_front.jpg,1.0,0.3205916849581568
rand_H99XIE3J41_render_front.jpg,1.0,0.5117193228024272
rand_3ZJ5KQXBPV_render_front.jpg,1.0,0.8209996335931188
rand_9PK35MK1VU_render_front.jpg,1.14719595321526,0.2
rand_09RJPU2VKT_render_front.jpg,1.0,0.9270313710280357
rand_JL9MMV1LS4_render_front.jpg,1.0,0.662437256838566
rand_MOYBRIF9IZ_render_front.jpg,1.0,0.2
rand_3IE1SL43UW_render_front.jpg,1.0,0.2
rand_BO3RYHO5TL_render_front.jpg,1.0,0.23555181807483253
rand_EXQRYEFM3B_render_front.jpg,1.0,0.2
rand_N46U2TZQAC_render_front.jpg,1.4247438174514726,0.9526441922196724
rand_6LPOMMSUJ6_render_front.jpg,1.0,0.19345092024915117
rand_1B5CR6NH5K_render_front.jpg,1.0,0.2
rand_9STL8YIVBY_render_front.jpg,1.0,0.7318534594561619
rand_TSQFL5IWFJ_render_front.jpg,1.0,0.1166086166322049
rand_0R3KEWI7YP_render_front.jpg,1.5613382129020283,0.44377702241717154
rand_W6BOIWOII8_render_front.jpg,1.0,0.4753969504078739
rand_TPQ1GNLJIE_render_front.jpg,1.31176661618759,0.2
rand_IXKDDEX2IA_render_front.jpg,1.0,0.2
rand_05PQL1BU0S_render_front.jpg,1.917881974323814,0.9557015834080878
rand_F38J013VAJ_render_front.jpg,1.781951334255249,0.6990313987556726
rand_OCZPMLIAQH_render_front.jpg,1.0,0.4222356430105315
rand_OMUGFJG5F6_render_front.jpg,1.0,0.7409193647228219
rand_SQ4S5I93ZT_render_front.jpg,1.0,0.8616376394067408
rand_97OZ7OMGQ3_render_front.jpg,1.0,0.41605801561321665
rand_AZ9EB1QPBW_render_front.jpg,1.0,0.2
rand_X1O9H0382P_render_front.jpg,1.0,0.2639158405163555
rand_H6P419XACO_render_front.jpg,1.0,0.4613578626452779
rand_37G3ICUQE2_render_front.jpg,1.0,0.2
rand_Y1V4W56EGK_render_front.jpg,1.0,0.2
rand_LWZV11CTLS_render_front.jpg,1.0,0.2
rand_ZKL35WRT8B_render_front.jpg,1.0,0.7141638811176876
rand_ZAVTOSEDKC_render_front.jpg,1.0,0.2
rand_ZK86FXT3PE_render_front.jpg,1.0,0.2
rand_7UFP0P64UZ_render_front.jpg,1.0,0.38821796459529834
rand_OEU9D5RKII_render_front.jpg,1.692659837367665,0.2
rand_DWD3D0H45U_render_front.jpg,1.8719659181554915,0.2
rand_34PN3WYU4G_render_front.jpg,1.9852883199915656,0.2
rand_S9Q9HGRNC8_render_front.jpg,1.0,0.2
rand_6IMLPSVJIV_render_front.jpg,1.0,0.2
rand_1XH5WVWCAY_render_front.jpg,1.0,0.14662299119520789
rand_ZN9XNZFPJY_render_front.jpg,1.0,0.2
rand_ZOTB66MHUO_render_front.jpg,1.0,0.2
rand_5SDL4XFRLY_render_front.jpg,1.0,0.9172701526129423
rand_RWFZMUL7G5_render_front.jpg,1.0,0.2
rand_ELXRPKNR5Z_render_front.jpg,1.0,0.2
rand_Y3XLPKFANH_render_front.jpg,1.0,0.2
rand_6ASN15QTDF_render_front.jpg,1.0,0.823566458192444
rand_ZS9Y4LQK3T_render_front.jpg,1.8210339460752087,0.2
rand_YYQQDE05S1_render_front.jpg,1.0,0.38199835493789436
rand_LBWK2RT328_render_front.jpg,1.0,0.2
rand_2Q792FZJCM_render_front.jpg,1.0,0.7422790875566422
rand_BKHBMTNLXC_render_front.jpg,1.0,0.5390863506403101
rand_JXFCF0UDEB_render_front.jpg,1.0,0.2
rand_ODBSKY17RA_render_front.jpg,1.0,0.2
rand_L7DUAZ79XZ_render_front.jpg,1.0,0.6519092734904525
rand_0IQLMC4K63_render_front.jpg,1.0,0.6769859677445967
rand_Z1AEGFJIGM_render_front.jpg,1.0,0.2
rand_Q5I1U46Z0V_render_front.jpg,1.1385056360019796,0.2709133155893758
rand_FLZY6FXO99_render_front.jpg,1.0,0.2
rand_3FZ68RA9U7_render_front.jpg,1.941976599352236,0.2
rand_LOOEHNZWNV_render_front.jpg,1.0965014429376345,0.5408846227448916
rand_O8VKJ3SF99_render_front.jpg,1.5727641498320164,0.16450819478214496
rand_RJ2TSFV4HS_render_front.jpg,1.7368743471574977,0.5473745611896904
rand_YZJS2XJMUV_render_front.jpg,1.003025113474571,0.5890384405409747
rand_V226MZOLKB_render_front.jpg,1.0,0.33048992302459523
rand_XT4PSDZ69P_render_front.jpg,1.0,0.2
rand_R2A9DWTU9S_render_front.jpg,1.0,0.3586787843717162
rand_1LVXR8X01T_render_front.jpg,1.0,0.2
rand_N14RKEXLTR_render_front.jpg,1.0,0.8941184168282633
rand_337BAB093Y_render_front.jpg,1.0,0.38889953987731884
rand_LWZ32B17N5_render_front.jpg,1.4153958415698007,0.2
rand_RX5M5FHS4H_render_front.jpg,1.2250931268573946,0.2
rand_3DC1S3RNZ8_render_front.jpg,1.4015538860372838,0.2
rand_AYA2DWWYBC_render_front.jpg,1.0,0.20718943193653103
rand_9K6DRMVN0F_render_front.jpg,1.0,0.32190072516386276
rand_WPJRJQCBPB_render_front.jpg,1.0,0.15617498487789144
rand_KNM34BTZFT_render_front.jpg,1.0,0.2
rand_MGT8I2Q13P_render_front.jpg,1.0,0.12761971859431703
rand_IIH8KJ0GJD_render_front.jpg,1.9943303003497892,0.2
rand_YB3GDI85XH_render_front.jpg,1.0,0.2
rand_20YLSURI6L_render_front.jpg,1.0,0.23672058178468175
rand_3R1WNNCX6K_render_front.jpg,1.4643293669907806,0.8231231776885368
rand_SXY0UU33BS_render_front.jpg,1.0,0.2
rand_PVKTB0DW0G_render_front.jpg,1.0,0.5951803075736902
rand_4NR8EVJB97_render_front.jpg,1.8550940432497949,0.2
rand_YSVNLC3H52_render_front.jpg,1.0,0.2
rand_EC6LNBYLJZ_render_front.jpg,1.0,0.9432007767850903
rand_U9J6H3JXA2_render_front.jpg,1.1425636084887478,0.2
rand_D9G8WV021B_render_front.jpg,1.0,0.2
rand_JT4WETVK1B_render_front.jpg,1.0,0.2
rand_0OXVB520OF_render_front.jpg,1.2692974482520698,0.9841856181248809
rand_V41Z3Q1YNX_render_front.jpg,1.0,0.310598861950085
rand_7T45EXB1NL_render_front.jpg,1.0,0.2
rand_5VGTVQ1KGW_render_front.jpg,1.0,0.17766518347859353
rand_TE79OSI4W3_render_front.jpg,1.964699828628627,0.6453453822526447
rand_0Y6PBH3Y9U_render_front.jpg,1.0,0.6803883847572333
rand_VXDT30FL6C_render_front.jpg,1.0,0.2
rand_IM4755YLFD_render_front.jpg,1.2656636429237913,0.2
rand_K0AF7R6ZYZ_render_front.jpg,1.9375606552961502,0.84707581966307
rand_5AABJHESEJ_render_front.jpg,1.0,0.2
rand_JJ5K45O9B0_render_front.jpg,1.7522348451041165,0.2
rand_FGN0H03YEC_render_front.jpg,1.0,0.5658699241448573
rand_YJV1HN3XU2_render_front.jpg,1.0,0.2
rand_QIX7L5F082_render_front.jpg,1.0,0.2
rand_FMPBCESPKM_render_front.jpg,1.0,0.9171079369984634
rand_RR6BX54NCI_render_front.jpg,1.0,0.25717151078390676
rand_4B1X62NQDU_render_front.jpg,1.0,0.1286172303472536
rand_2SM0ZCHGVJ_render_front.jpg,1.9976331219284797,0.2
rand_JK6KJG8GT6_render_front.jpg,1.0,0.26119139006101366
rand_P4GLHSYE9H_render_front.jpg,1.0,0.33469330577557044
rand_ASDW2VRY18_render_front.jpg,1.0,0.4382419252368378
rand_7DL60W09NS_render_front.jpg,1.0,0.3464618004073413
rand_IPWIVXKIBT_render_front.jpg,1.0,0.2
rand_1544247ZUO_render_front.jpg,1.0,0.2
rand_3QL547CC4A_render_front.jpg,1.0,0.2
rand_L3T22GAUI8_render_front.jpg,1.0,0.2
rand_8GVJTBOUB7_render_front.jpg,1.0,0.2
rand_EVKFHMKHUA_render_front.jpg,1.0,0.6769841445937188
rand_4SW76WOOXO_render_front.jpg,1.0,0.6426695905340241
rand_X2AQUCKNBS_render_front.jpg,1.0,0.7265648399021987
rand_JKHHGA6KT3_render_front.jpg,1.0,0.9771238068550998
rand_R9ZGEEWHCF_render_front.jpg,1.0,0.6840039390292487
rand_E72L588UKE_render_front.jpg,1.0,0.2
rand_WFSPC9HL5G_render_front.jpg,1.0,0.2
rand_UMBR8HEX8U_render_front.jpg,1.0,0.2
rand_I55XOYVWXM_render_front.jpg,1.0,0.2
rand_Y4OF9TNS2Y_render_front.jpg,1.0,0.2
rand_YFITIJA013_render_front.jpg,1.5438895939599653,0.2
rand_0ND80UMWTD_render_front.jpg,1.0,0.2
rand_K35DN4DC23_render_front.jpg,1.0,0.43751215571778523
rand_IX1GN6480P_render_front.jpg,1.0,0.2
rand_JRM9X6WUCS_render_front.jpg,1.0,0.7272565196605676
rand_W73OIRUFY2_render_front.jpg,1.0,0.2398656587552127
rand_PPCFT5O9ND_render_front.jpg,1.0186778104482501,0.27533904498361517
rand_SUMPQM6H7R_render_front.jpg,1.0167574094419114,0.9191490629709262
rand_I0B9ZLANXN_render_front.jpg,1.3619441281252875,0.2
rand_3YTFHQ9LFU_render_front.jpg,1.0,0.2
rand_5ZE7JGRD4Y_render_front.jpg,1.0,0.2
rand_0UFNU9Z3I9_render_front.jpg,1.5343313878343088,0.2
rand_H41DRSYOS7_render_front.jpg,1.0,0.2
rand_I1TRZC71KU_render_front.jpg,1.0,0.5815170644941497
rand_AERXYAUJAJ_render_front.jpg,1.5055187482292447,0.2
rand_TZ42L4ZGG0_render_front.jpg,1.3678382406759282,0.7871681138501281
rand_W8681A4EWD_render_front.jpg,1.0,0.2
rand_VAY6GJFSL1_render_front.jpg,1.0,0.4444635223067944
rand_LGF4K2ASXY_render_front.jpg,1.0,0.13793572641107152
rand_Z452CZITG5_render_front.jpg,1.5857786311224742,0.31434701856892
rand_T1CNKYRQCK_render_front.jpg,1.0,0.6254078614630867
rand_JQYKEOIUC1_render_front.jpg,1.0,0.2
rand_8ETV84UHKD_render_front.jpg,1.2346795430676716,0.2
rand_AZ0RWG8NVZ_render_front.jpg,1.5504277963410455,0.2
rand_4ZRRY8CP35_render_front.jpg,1.0,0.3436167055266768
rand_08FQDNWC80_render_front.jpg,1.332842225118429,0.9864747489101108
rand_586OGR0NPP_render_front.jpg,1.3621540796857337,0.9101512553819184
rand_IKPMBU6VHP_render_front.jpg,1.694408564816081,0.43321404329610236
rand_OVD79CMTX8_render_front.jpg,1.8421096344252659,0.2
rand_FOI0NWTG9X_render_front.jpg,1.9071602729497974,0.2
rand_O0QMYH7G9R_render_front.jpg,1.6804656483101428,0.2
rand_41BHZ893CA_render_front.jpg,1.13039933525059,0.6052403779211957
rand_NT9XM4SM1I_render_front.jpg,1.7518720727962453,0.2
rand_NP4E8B5QM4_render_front.jpg,1.792179090640143,0.1364429299583123
rand_D1YDAO3RIB_render_front.jpg,1.9812331214567442,0.47967251578079895
rand_CVRAGKZ50Y_render_front.jpg,1.0,0.8448360636668028
rand_K9MZJ28P5I_render_front.jpg,1.0,0.2
rand_P1R67DQO2R_render_front.jpg,1.0,0.48113747851775324
rand_WZXY75DOWE_render_front.jpg,1.0,0.6445631560154627
rand_3ZA23C0O69_render_front.jpg,1.0,0.3072838440397105
rand_UO413FD5SG_render_front.jpg,1.7417292111484963,0.6851025906829793
rand_12WDG3098V_render_front.jpg,1.0,0.2
rand_9GAFU7C1X4_render_front.jpg,1.0,0.2
rand_OQ75K4I3J0_render_front.jpg,1.0,0.3857622860612562
rand_5L2GL2NSSR_render_front.jpg,1.0,0.6639361159096216
rand_KQTKIXUCPQ_render_front.jpg,1.0,0.2
rand_VHGQUHX9Z5_render_front.jpg,1.0,0.2
rand_D6R8365HSC_render_front.jpg,1.0,0.643464837572579
rand_C50TSX8HVH_render_front.jpg,1.0,0.11106890727792557
rand_9C18FMDVMG_render_front.jpg,1.0,0.9781195030166444
rand_X67D2EXO0F_render_front.jpg,1.4000651216762923,0.3372899003776316
rand_RE0YN8HUGI_render_front.jpg,1.6639162148415454,0.23348666295189557
rand_385M475CKI_render_front.jpg,1.0,0.7023357296718604
rand_70M0P3RB7I_render_front.jpg,1.0,0.2
rand_EIUGLI5QMV_render_front.jpg,1.0,0.2
rand_WOQUDZY363_render_front.jpg,1.0,0.19026765027981093
rand_X5IFQNTAGM_render_front.jpg,1.0,0.2
rand_87HYUY7F8Z_render_front.jpg,1.0,0.6113411730575071
rand_HBUCY25RS4_render_front.jpg,1.0,0.2
rand_BD2PS9HB75_render_front.jpg,1.0,0.2
rand_DMD1A0JVP2_render_front.jpg,1.0,0.6058654205912741
rand_WGR5JJUPC4_render_front.jpg,1.0,0.2
rand_97ABI9ORNR_render_front.jpg,1.0,0.5700264715092733
rand_C56YT79LVN_render_front.jpg,1.0,0.32297049136944134
rand_81NP9VRNOR_render_front.jpg,1.0,0.10685913956997535
rand_VU9ZG0KHUD_render_front.jpg,1.270261718491159,0.2
rand_5925ZGHRV7_render_front.jpg,1.5044377079249225,0.2
rand_11BCYICJ0Y_render_front.jpg,1.0,0.2
rand_F1HMCE6HDL_render_front.jpg,1.8330406728696356,0.27955385439842434
rand_534438MA23_render_front.jpg,1.0,0.4721355931608304
rand_3ZLJDLGVHG_render_front.jpg,1.0,0.7412355853756287
rand_K3NM6YIALW_render_front.jpg,1.0,0.5623812562916887
rand_6B0TRO9IK4_render_front.jpg,1.0,0.650502939919321
rand_B4W6S1CIRT_render_front.jpg,1.0,0.3655866227117319
rand_BDLIZL4FEC_render_front.jpg,1.0,0.4833544840988171
rand_G2W3KJ3G83_render_front.jpg,1.0,0.2
rand_C3I3FJZRW5_render_front.jpg,1.0,0.4624905992072268
rand_AQ9J8PZFV9_render_front.jpg,1.5349705294444806,0.2
rand_T2HNG98K7L_render_front.jpg,1.0,0.2
rand_IRDXZ0QF7U_render_front.jpg,1.0,0.2
rand_NCN3GMEXE2_render_front.jpg,1.0,0.8295689255173282
rand_Z6L9DZPL4R_render_front.jpg,1.0,0.8949611144939722
rand_TCNJUPYIXE_render_front.jpg,1.8753010669606005,0.2
rand_L91CTHL2DI_render_front.jpg,1.0,0.2
rand_WC9D0SZAUF_render_front.jpg,1.0,0.2
rand_N346070VNC_render_front.jpg,1.484769983429651,0.22495659285241593
rand_0DM0NCFR6S_render_front.jpg,1.0,0.2
rand_IDFZCW4AA3_render_front.jpg,1.0,0.8899373512412458
rand_8VPZSXCN5T_render_front.jpg,1.0,0.47858834193907995
rand_DDRHV4E2Q9_render_front.jpg,1.7766779363352243,0.2
rand_JBSXOA75Z3_render_front.jpg,1.1530692027607419,0.2
rand_SO9L072HIL_render_front.jpg,1.0,0.5009076824635714
rand_HMMLDPDDF4_render_front.jpg,1.0,0.2
rand_FQ6879K7LG_render_front.jpg,1.4852985409776314,0.2
rand_0PGKZS94SS_render_front.jpg,1.0,0.7757291515060666
rand_3D3J8H7262_render_front.jpg,1.9957890033203345,0.8091419244158992
rand_QE3IZNQ2TG_render_front.jpg,1.0,0.5713960693172394
rand_NIWWJTF3G7_render_front.jpg,1.0,0.9436098702476298
rand_E4NVZYA6FH_render_front.jpg,1.0,0.5283268846972778
rand_71ZY8DV67E_render_front.jpg,1.0,0.36350878370767603
rand_IWW3UUXT79_render_front.jpg,1.6347396839175654,0.8723347019314508
rand_MFXCCE9LJJ_render_front.jpg,1.0,0.8315351727129909
rand_BMMOAPAUEN_render_front.jpg,1.0,0.7376927448366615
rand_R915M1WAGU_render_front.jpg,1.0,0.2
rand_WQATEX63Z9_render_front.jpg,1.0,0.2
rand_TTPCD4CSZN_render_front.jpg,1.747845863853101,0.2
rand_F2UUD3XM71_render_front.jpg,1.0,0.2
rand_XK5QNC9SFD_render_front.jpg,1.0,0.2
rand_MI9NHSRHFS_render_front.jpg,1.0,0.2
rand_G0HQX4ALBN_render_front.jpg,1.3946603110897282,0.2
rand_8ZJWUC8Z7Q_render_front.jpg,1.5257334073597448,0.7649502788189536
rand_WBRP09LPBL_render_front.jpg,1.7994595132757758,0.3848554227292321
rand_AD2VCJOCXW_render_front.jpg,1.0,0.2
rand_B13NECQ3LD_render_front.jpg,1.0,0.22992431798781504
rand_U21EUV998O_render_front.jpg,1.6328478660907755,0.6475890758471269
rand_WSWES58G4Q_render_front.jpg,1.0,0.4946737586667448
rand_NOB52HBRH5_render_front.jpg,1.2835841700269184,0.2
rand_XVGJ19FBZQ_render_front.jpg,1.0,0.6706178849887038
rand_FN3F6BHUFA_render_front.jpg,1.0,0.42558862962765287
rand_IVMR5Q8SUB_render_front.jpg,1.0,0.8487380041688278
rand_VYF9NJZE81_render_front.jpg,1.0,0.6082580606247205
rand_3HQX0IL98A_render_front.jpg,1.0,0.5245816984574976
rand_ST0OO0NK67_render_front.jpg,1.0288418297273259,0.446623920735156
rand_YJV9EUFQBL_render_front.jpg,1.4324168423410626,0.2
rand_SIRMJQ7VVE_render_front.jpg,1.0,0.2
rand_DHRYGTWCA8_render_front.jpg,1.7029999249531662,0.7463810987527664
rand_ME9NADIZHL_render_front.jpg,1.0,0.9940017736749127
rand_ISX9WR1A1G_render_front.jpg,1.0,0.2
rand_6PXQ5J1D5T_render_front.jpg,1.4422923217764718,0.2
rand_UFEJRZ7VR0_render_front.jpg,1.0,0.2
rand_EL1E6F25BT_render_front.jpg,1.8707172330372495,0.2
rand_EYLBPOJKUU_render_front.jpg,1.0457404312344356,0.2
rand_HZIMY5BKOV_render_front.jpg,1.0,0.2
rand_4Y1S3O4ZW1_render_front.jpg,1.0,0.2
rand_QF8XMO7ID2_render_front.jpg,1.5191263914387159,0.1872275585873312
rand_MP7WC40WT1_render_front.jpg,1.3660224312983233,0.2
rand_2FL857NSB7_render_front.jpg,1.550140556545613,0.5474003511459954
rand_WPX2KJ74GZ_render_front.jpg,1.0,0.329787929528472
rand_1726G5NVB5_render_front.jpg,1.0,0.6494527103016067
rand_K9P3LFVYKG_render_front.jpg,1.0,0.2
rand_ZJ4FAC9CCQ_render_front.jpg,1.0,0.2
rand_92MZIGKWMJ_render_front.jpg,1.0,0.2
rand_UJLOFJK1W6_render_front.jpg,1.0,0.7845394452821555
rand_VRCT0KNMLE_render_front.jpg,1.0,0.2
rand_BP3OMRYRE2_render_front.jpg,1.0,0.2
rand_UNND7SS1XE_render_front.jpg,1.0,0.2
rand_N9BHTF38QH_render_front.jpg,1.0,0.2
rand_11OSBUKK3W_render_front.jpg,1.0,0.2
rand_T62MT3G5UB_render_front.jpg,1.0,0.2
rand_7LD74VNR5N_render_front.jpg,1.0,0.40305672552945426
rand_KIUXVL7U7Q_render_front.jpg,1.0,0.8835536221365725
rand_LG19IPUF9O_render_front.jpg,1.0,0.2
rand_7TNJ05TG8Y_render_front.jpg,1.0,0.6305216893545994
rand_DPHZ50U50S_render_front.jpg,1.9186241278531595,0.8555137394142714
rand_0EIKY9VW5T_render_front.jpg,1.0,0.7212718954402496
rand_DHSYSVGCAZ_render_front.jpg,1.0,0.2
rand_0VA4SZVS1C_render_front.jpg,1.0,0.11319519380738756
rand_92QN6N73JU_render_front.jpg,1.0,0.5248143343560758
rand_X1PBHIH4F4_render_front.jpg,1.0,0.9115614477166274
rand_51WTO61XKV_render_front.jpg,1.7624955140745924,0.2
rand_ZBQADBBS78_render_front.jpg,1.0,0.2
rand_ZUH68RCP25_render_front.jpg,1.0,0.25093143682560887
rand_KCZRIGB1AA_render_front.jpg,1.0,0.5359495160472996
rand_X0AC32QE4L_render_front.jpg,1.0,0.2
rand_2QZYVY23XQ_render_front.jpg,1.0,0.20586352888007164
rand_ODLV47UZ98_render_front.jpg,1.0,0.2
rand_4GPZDKENQZ_render_front.jpg,1.8439029131491291,0.8657979360833302
rand_HBOZDBQK78_render_front.jpg,1.0,0.2
rand_WAA4ASTOC2_render_front.jpg,1.0,0.4541043962351926
rand_IXWK9SQTR7_render_front.jpg,1.0,0.5162306336309287
rand_5GFW08SG3W_render_front.jpg,1.0,0.2
rand_LILVHIXTJX_render_front.jpg,1.0,0.20672212535325418
rand_FZ13J55VCF_render_front.jpg,1.0,0.7471423906917397
rand_NG2JRR5PNQ_render_front.jpg,1.0,0.34023774132846274
rand_42UE630015_render_front.jpg,1.1575481911805388,0.3164034619751257
rand_JWP9DEPCEX_render_front.jpg,1.0,0.2
rand_4EL34FAZY6_render_front.jpg,1.7973620330489686,0.2
rand_IPE6E40NAL_render_front.jpg,1.0,0.2
rand_YJBC4LQHEB_render_front.jpg,1.0,0.7323789654431765
rand_LYBRB4LXMH_render_front.jpg,1.691801709666767,0.20387668889916377
rand_YRWVIJ42BG_render_front.jpg,1.0,0.1774558673390555
rand_ZSM0FHTBAN_render_front.jpg,1.178088210645562,0.2135401398387336
rand_XCGF6U2EXL_render_front.jpg,1.0,0.2
rand_777V4XINHA_render_front.jpg,1.0,0.9120936844942202
rand_BR0I0C8F2C_render_front.jpg,1.0,0.9484132778448803
rand_SPH85AKNMR_render_front.jpg,1.589439827927592,0.42908421354045945
rand_A7B889ZKIP_render_front.jpg,1.2897539025334224,0.27690070725419086
rand_NBLNY7BYIH_render_front.jpg,1.0,0.2
rand_T517OXP4NS_render_front.jpg,1.0,0.2
rand_GTCEQV92HU_render_front.jpg,1.0,0.2949784518554791
rand_RZJ3NNMCA8_render_front.jpg,1.0,0.6997348634775229
rand_HDDCTL4OTA_render_front.jpg,1.713390424413301,0.2
rand_13ELYX7YHC_render_front.jpg,1.2787196592409944,0.2
rand_ZQNW42XJ13_render_front.jpg,1.0,0.2
rand_TTM3AR6HHC_render_front.jpg,1.553182003687956,0.24816162281654255
rand_K27GURF2C8_render_front.jpg,1.1367613273280537,0.343581647892871
rand_CI19GG48M7_render_front.jpg,1.0,0.45006835770561593
rand_MJ3XM48SS4_render_front.jpg,1.0,0.2
rand_LVEN4CMFS4_render_front.jpg,1.0,0.2
rand_20V2S3TUI3_render_front.jpg,1.0,0.7457543927465169
rand_Q2OSNVNY3D_render_front.jpg,1.1307574088828578,0.2
rand_OWV67U9SEG_render_front.jpg,1.0,0.43215230607761146
rand_YNJ3C36NI8_render_front.jpg,1.7586566324106312,0.957625786261731
rand_XXH9WS5NNH_render_front.jpg,1.0,0.2
rand_GA0YEED6IX_render_front.jpg,1.0,0.2639397566387368
rand_A5DK71Z0AG_render_front.jpg,1.0,0.2
rand_8A0C5VBTES_render_front.jpg,1.0,0.7304912524004356
rand_E489IFV849_render_front.jpg,1.0,0.9546214167397788
rand_YGDNCM2BNH_render_front.jpg,1.0,0.2
rand_3OV1BTF03C_render_front.jpg,1.0,0.34143962406750156
rand_5SCX792FAB_render_front.jpg,1.0007605638248818,0.2009793407040047
rand_EYUIVQD0LI_render_front.jpg,1.5498914022793027,0.2
rand_9SNUECZ0ZC_render_front.jpg,1.0,0.9913991077004144
rand_UF6OC89CWI_render_front.jpg,1.0,0.2
rand_BNGBRK4LQ5_render_front.jpg,1.933797759678216,0.2
rand_8W021UMIPA_render_front.jpg,1.0,0.2
rand_IQUFLRLRRJ_render_front.jpg,1.0,0.2
rand_UWTT93DRVX_render_front.jpg,1.0,0.2
rand_47HE31BIWB_render_front.jpg,1.0,0.6090591598612977
rand_0RE33ZV0AX_render_front.jpg,1.0,0.2
rand_IA92HN1373_render_front.jpg,1.9641585749541894,0.10534232373121116
rand_NLUVW49PUQ_render_front.jpg,1.0,0.2
rand_9ZB3Z0ACMC_render_front.jpg,1.0,0.8623882972792024
rand_S67UHXSNE8_render_front.jpg,1.0,0.9346813831954235
rand_1FN3SRD0XR_render_front.jpg,1.0,0.2
rand_8WMBPI2FIW_render_front.jpg,1.0,0.2
rand_2J9KEEMC5R_render_front.jpg,1.0,0.2
rand_245154LRY6_render_front.jpg,1.0,0.2
rand_OWEXFCC6HC_render_front.jpg,1.0,0.8571355726035579
rand_WEREAXF6DW_render_front.jpg,1.0,0.15210224831930283
rand_88BJ44D9K1_render_front.jpg,1.0,0.42157089835257644
rand_MH7SVGBG08_render_front.jpg,1.0,0.2
rand_CIO4ADZ9RB_render_front.jpg,1.0,0.2
rand_7N4O68KK4H_render_front.jpg,1.7449310449799513,0.2
rand_1RXTBHEXZS_render_front.jpg,1.0,0.2
rand_LGYYEILTVZ_render_front.jpg,1.808333834726652,0.2
rand_Z7QR1GBFNJ_render_front.jpg,1.8459757033349367,0.34189299401652484
rand_6AFUZ6N9B1_render_front.jpg,1.8271957153624427,0.29679257952966265
rand_R59YLAD0EE_render_front.jpg,1.0,0.5453918223572547
rand_M6QHJTO6F9_render_front.jpg,1.0,0.8753368246308897
rand_ZCWPDFKPPV_render_front.jpg,1.0,0.2
rand_M6PJO1YGIK_render_front.jpg,1.0,0.2644274215017782
rand_XQ1GERLH4R_render_front.jpg,1.292002706034339,0.2
rand_C83HSRWIWT_render_front.jpg,1.0,0.29560044602130076
rand_2W6WO62LBV_render_front.jpg,1.0,0.2
rand_O9LN5X325O_render_front.jpg,1.9354541528268006,0.2
rand_JB0REFB0DE_render_front.jpg,1.6433040203556262,0.2
rand_BU897BJJ7M_render_front.jpg,1.0,0.7160192851816668
rand_BXTLGG72GD_render_front.jpg,1.7486235496367084,0.7293216602009764
rand_M70K1W9LYC_render_front.jpg,1.0,0.2
rand_QEAELP7XFT_render_front.jpg,1.6044488536217885,0.2
rand_2V6PI0FOKB_render_front.jpg,1.0,0.36393211805467374
rand_O346LZEE0E_render_front.jpg,1.240223457588968,0.5452040635860614
rand_PEFC71PQDF_render_front.jpg,1.4703384211777655,0.2
rand_V85DTKH866_render_front.jpg,1.0,0.4544206581211194
rand_TK9I8PCGD5_render_front.jpg,1.8845418059189303,0.2
rand_LZ4FDFBTRN_render_front.jpg,1.0,0.2
rand_ZQ5FO7K5TN_render_front.jpg,1.0,0.2
rand_Y7H512MT2P_render_front.jpg,1.0,0.2
rand_XQKN4WBCSD_render_front.jpg,1.0,0.2
rand_FCQKRRQ1Z7_render_front.jpg,1.989060354749438,0.44118364814562583
rand_MKLSVOMBUE_render_front.jpg,1.0,0.2
rand_OX38DWNFPM_render_front.jpg,1.0,0.395874368799807
rand_WK8QW5YRW7_render_front.jpg,1.0,0.2
rand_7CN2LNTO9H_render_front.jpg,1.0,0.2
rand_8Q72FAQVM6_render_front.jpg,1.0,0.23607620881400318
rand_FGC1P64BP3_render_front.jpg,1.0,0.6583772777529593
rand_CHDEPW1060_render_front.jpg,1.0,0.9305581471357408
rand_JYGYDMDA3U_render_front.jpg,1.0,0.5733598764844852
rand_QIS1TTFPV1_render_front.jpg,1.213928909518864,0.19630905986915279
rand_LBCMVX4LDU_render_front.jpg,1.9464286846006913,0.2
rand_EQE0XKW2TG_render_front.jpg,1.0,0.2
rand_K174Z812FG_render_front.jpg,1.0,0.2
rand_VQMT9462TV_render_front.jpg,1.0829793803042613,0.2
rand_FGYBO8NS4U_render_front.jpg,1.2314840427067817,0.10638456305401757
rand_GR0Y96XSTC_render_front.jpg,1.0,0.2
rand_2WL1H6ARLS_render_front.jpg,1.0,0.2
rand_YFCQ83RDAF_render_front.jpg,1.0,0.2
rand_1TI733OBE8_render_front.jpg,1.0,0.2
rand_2E8HY3OO0H_render_front.jpg,1.0,0.2
rand_3ZXEPZQU4X_render_front.jpg,1.4038196684565534,0.44991770340934456
rand_6UROTSLW28_render_front.jpg,1.1824024172050192,0.2
rand_PAYK0UP37S_render_front.jpg,1.0,0.9036806592683184
rand_ZKY424TASG_render_front.jpg,1.0,0.3864520627821544
rand_USVJTXPW4A_render_front.jpg,1.48653789014468,0.2
rand_VTYWU5NPZ7_render_front.jpg,1.5745271657268,0.5050067960786566
rand_TM1JJPRKRP_render_front.jpg,1.0,0.2
rand_7W4YTLE7IM_render_front.jpg,1.0,0.45813228162341335
rand_NXEYCPAL6L_render_front.jpg,1.0,0.27313952728595525
rand_LJ4UCJ34WG_render_front.jpg,1.0,0.8718922843038446
rand_G2538S7UCI_render_front.jpg,1.6411282977444115,0.2598331570553947
rand_V59G7JM8FU_render_front.jpg,1.0,0.2
rand_FW3EQKKYX6_render_front.jpg,1.0,0.8440913151707843
rand_4Y88YQ405D_render_front.jpg,1.0,0.2
rand_MKVKS9Q4IU_render_front.jpg,1.0,0.7981640037423099
rand_41BMOKRYWT_render_front.jpg,1.1536184078047484,0.2
rand_A0XAF4CXHQ_render_front.jpg,1.7952954533506256,0.6796339610580869
rand_JFN0LLNEY3_render_front.jpg,1.0,0.2
rand_Z7RCPDTREN_render_front.jpg,1.65561915328265,0.2
rand_8W195L72DE_render_front.jpg,1.0,0.4581060011850091
rand_ENHELB1IQE_render_front.jpg,1.0,0.2
rand_JG4V7AYYOV_render_front.jpg,1.0,0.2
rand_LLX5FNZK9M_render_front.jpg,1.8018513234367548,0.2
rand_F8RE4L48VS_render_front.jpg,1.572109757129315,0.2
rand_P3F68PH7L1_render_front.jpg,1.807661845201438,0.3750072150066489
rand_7U1X0YUV6E_render_front.jpg,1.0,0.2
rand_IP0BPTSBD0_render_front.jpg,1.0,0.2
rand_5CD904XRYU_render_front.jpg,1.0,0.41867365734378326
rand_0LN9OC6S1F_render_front.jpg,1.1425487342655778,0.2
rand_QW578TFGWR_render_front.jpg,1.0,0.2
rand_L4J0QQN6IQ_render_front.jpg,1.0,0.2
rand_6C2BYV1W52_render_front.jpg,1.0,0.2
rand_EKSBZXP8XR_render_front.jpg,1.0,0.13717909948954568
rand_X8NVFENQU2_render_front.jpg,1.0,0.2
rand_PN243XIG8J_render_front.jpg,1.4393155066241314,0.6957774585678126
rand_8757YWS009_render_front.jpg,1.0,0.8542068719785223
rand_ZOWVFNC6SZ_render_front.jpg,1.0,0.2
rand_4VYST1UT4T_render_front.jpg,1.2477592219072353,0.12908694941972865
rand_4BDZ5AY21U_render_front.jpg,1.0,0.8581824388257542
rand_OUCRLFQWTR_render_front.jpg,1.4296795934127433,0.2
rand_XWNY84OU1V_render_front.jpg,1.0,0.2
rand_Y1BFZ38FFU_render_front.jpg,1.0,0.231147788937483
rand_6DK2DL62ET_render_front.jpg,1.0,0.2
rand_N6OZFO1FN9_render_front.jpg,1.0,0.2
rand_T9SJDOCF2R_render_front.jpg,1.0,0.9344806209467234
rand_GLWF6JM6W2_render_front.jpg,1.0,0.2
rand_TIWVVLSYND_render_front.jpg,1.0,0.7278267099567725
rand_NB33U5LRDB_render_front.jpg,1.4314661594401712,0.2
rand_8OQZ6ECR8Q_render_front.jpg,1.0,0.12326458176770515
rand_C0Z8NW0629_render_front.jpg,1.0,0.453393554478694
rand_V8CV1OHM5V_render_front.jpg,1.8879537267006838,0.2
rand_OYCUOVD1BO_render_front.jpg,1.8614537227957961,0.7036894390860741
rand_8GZRWADBZY_render_front.jpg,1.328755153677235,0.5251159947649323
rand_U8WJXSAIYC_render_front.jpg,1.0,0.8090780981210386
rand_EXZ1GJO3LQ_render_front.jpg,1.9414866409976992,0.2
rand_0FLZP5KRNR_render_front.jpg,1.8307448266201192,0.6469376994945826
rand_JN1FUPQMXJ_render_front.jpg,1.0,0.2
rand_3S47AX5QNG_render_front.jpg,1.0,0.2
rand_NZN4C846A9_render_front.jpg,1.0,0.2
rand_9MH9DCQK4G_render_front.jpg,1.0,0.4012467443731874
rand_3LJXT22NL0_render_front.jpg,1.0,0.2
rand_IIHVGMTAS5_render_front.jpg,1.0,0.8760903112324625
rand_S7I6E4XF9C_render_front.jpg,1.0,0.2
rand_S4FRAWJLK5_render_front.jpg,1.5689323205036363,0.8845845246182834
rand_44QS1HSR6P_render_front.jpg,1.6980111135993894,0.5794500175420008
rand_TH192T3MAJ_render_front.jpg,1.0,0.4331106072994284
rand_KX7EB8Q1AR_render_front.jpg,1.5275124643294937,0.5086330843596177
rand_IRNUYC9LM6_render_front.jpg,1.0,0.2
rand_AP1D1NWIFZ_render_front.jpg,1.0,0.2069674380213537
rand_EDN7RB0B4J_render_front.jpg,1.697999806729443,0.2
rand_5FGHQVYZPU_render_front.jpg,1.0,0.10928635274391296
rand_UVA7H5GJY6_render_front.jpg,1.0,0.45308805392519846
rand_UKVP5P5YO8_render_front.jpg,1.0,0.2
rand_HGH4VUN253_render_front.jpg,1.0,0.2
rand_OK9105L7A5_render_front.jpg,1.0,0.2970991673064241
rand_NSFQ1KPQ93_render_front.jpg,1.0,0.2
rand_P96VKL21PE_render_front.jpg,1.0,0.2
rand_QE7IEM9QX9_render_front.jpg,1.1785346854443493,0.2
rand_QF6UF3SUV0_render_front.jpg,1.1459572392671311,0.2
rand_WDZQ406Z5N_render_front.jpg,1.0,0.2
rand_JLSNXPRJD4_render_front.jpg,1.2951127679580292,0.2
rand_BCJDG8RFCQ_render_front.jpg,1.0,0.2
rand_G85PIRSEOQ_render_front.jpg,1.0,0.2
rand_PS31V5WT2B_render_front.jpg,1.0,0.2
rand_WQOZ4J5QNI_render_front.jpg,1.0,0.40784298709248834
rand_3PIV6QX2K8_render_front.jpg,1.0,0.7073496532298963
rand_1J57RQ3RZS_render_front.jpg,1.0,0.5286485216128646
rand_QNVD2TT3DP_render_front.jpg,1.0,0.8749375065993988
rand_ZQY8C3BQCI_render_front.jpg,1.897350850302027,0.2
rand_GEZE80YT1Q_render_front.jpg,1.0,0.73451820703486
rand_0DKUIPHO4V_render_front.jpg,1.0,0.2
rand_SMIW5QDZM2_render_front.jpg,1.0,0.49315487337167274
rand_SZJ2J6N9IV_render_front.jpg,1.0,0.6209215334786544
rand_MAAOZ5OJP0_render_front.jpg,1.0,0.2
rand_3GTAU45312_render_front.jpg,1.0,0.2
rand_FJ5I4XATEH_render_front.jpg,1.0,0.2
rand_919WCALQ8C_render_front.jpg,1.0,0.6444132768441091
rand_4ZYO2O5IL0_render_front.jpg,1.0,0.6885357811371476
rand_6WAP5KNXMK_render_front.jpg,1.0,0.482590057903871
rand_UPFVDYLVLM_render_front.jpg,1.0,0.6830667348297084
rand_DHE808JYSE_render_front.jpg,1.0,0.2
rand_7DZJRHQZZ6_render_front.jpg,1.0,0.7058766433725296
rand_2OPP4EQLWG_render_front.jpg,1.916353294083021,0.2
rand_3PWPL5GLNZ_render_front.jpg,1.0,0.895294163109589
rand_TWDZPHSCOI_render_front.jpg,1.0,0.9473678200199646
rand_140SIPQZRC_render_front.jpg,1.0,0.2
rand_5Y2IH6K5KG_render_front.jpg,1.0,0.2
rand_5QJXNHYMAH_render_front.jpg,1.0,0.8103533911656102
rand_79WUAI4ZIH_render_front.jpg,1.655199986945568,0.7165574157740079
rand_UYB6F8VFYE_render_front.jpg,1.3564147633806214,0.2
rand_R0CDUO1XGC_render_front.jpg,1.0,0.2
rand_COMW8DRISI_render_front.jpg,1.0,0.2
rand_ALMXUR64ZE_render_front.jpg,1.1423131110121363,0.2
rand_TLCON907TC_render_front.jpg,1.0,0.5305693298598526
rand_GXXC9AD2ZM_render_front.jpg,1.0,0.2
rand_THHG5PT1YF_render_front.jpg,1.044573923468214,0.6142103518200195
rand_5Z2E5YB0BT_render_front.jpg,1.7491052944036114,0.2
rand_975WVIC37F_render_front.jpg,1.2449453403718174,0.2
rand_EXAX34UPJD_render_front.jpg,1.3044178102548898,0.5917111687529868
rand_86B0R044E1_render_front.jpg,1.0,0.2
rand_UKP12M48AO_render_front.jpg,1.0,0.3915510574929286
rand_0FRNVLDXLN_render_front.jpg,1.0,0.6418663666633468
rand_ELYQLV0FR8_render_front.jpg,1.0,0.332061425899948
rand_8Q32MLGBSY_render_front.jpg,1.0,0.16933574967392903
rand_J1DGOT5YPP_render_front.jpg,1.8770841775309957,0.2
rand_NZE7YTO6S1_render_front.jpg,1.0,0.1897971046566632
rand_TIR8G1QYZK_render_front.jpg,1.1487167968772125,0.3149507691863747
rand_QS1KYPU2QF_render_front.jpg,1.0,0.2
rand_BK9VGMUN9Y_render_front.jpg,1.0,0.2
rand_JHCTVH3LCH_render_front.jpg,1.0925919393302181,0.83508852251605
rand_W90DU2SUWG_render_front.jpg,1.0,0.2
rand_2UQETXGXYZ_render_front.jpg,1.5780837120367393,0.2
rand_J40ZV8I9I5_render_front.jpg,1.0,0.39100246676098427
rand_461EX89DF5_render_front.jpg,1.0291523654089956,0.2
rand_7QK8UO5MD8_render_front.jpg,1.7349080928751897,0.2
rand_2G1QPJJ47F_render_front.jpg,1.0,0.5135417169920051
rand_VFADJN6Y4U_render_front.jpg,1.6493067090818259,0.2
rand_6VYW3KSGEJ_render_front.jpg,1.0,0.11804094841975682
rand_XVNQLT6E6R_render_front.jpg,1.0,0.9209575709594131
rand_4ACZ8M7DL3_render_front.jpg,1.0,0.2
rand_AZ10V0M48W_render_front.jpg,1.0,0.9225111119885866
rand_IZFJCDXOEE_render_front.jpg,1.0,0.2
rand_I9IZ8CV8P6_render_front.jpg,1.0,0.2
rand_37ELP037L5_render_front.jpg,1.5757304479482275,0.2
rand_THRHK3XZJ5_render_front.jpg,1.8553236714261012,0.2
rand_KL4A28KEMH_render_front.jpg,1.0,0.2
rand_CO9TCYQBB4_render_front.jpg,1.0,0.9245590030635642
rand_V1OMPC50YC_render_front.jpg,1.0,0.2
rand_4ZBU17U56F_render_front.jpg,1.5338905330684287,0.7291327345801578
rand_EZFILJZMX5_render_front.jpg,1.0,0.2
rand_43EXXYWX5R_render_front.jpg,1.0,0.8264106243161634
rand_FMTMWDN3BP_render_front.jpg,1.0,0.2
rand_K2VPQWD9DH_render_front.jpg,1.2240559025686102,0.2
rand_CPA96T8TZL_render_front.jpg,1.930817541355757,0.8222429576710404
rand_MIPZBNJJ90_render_front.jpg,1.0,0.2
rand_55H5KUSB5U_render_front.jpg,1.0,0.2
rand_R7FHVNSP0Y_render_front.jpg,1.9480984377905382,0.7310322577977016
rand_GKLBY42P7K_render_front.jpg,1.605360135140823,0.9947567201487643
rand_KCF5ME8773_render_front.jpg,1.7092709671399107,0.5459576681372751
rand_0TLHSUGZMH_render_front.jpg,1.0,0.2
rand_JR859TD87B_render_front.jpg,1.0,0.2
rand_3MXTO8LD3G_render_front.jpg,1.0,0.2
rand_GUGYBC94E0_render_front.jpg,1.0,0.4803072306329986
rand_0WUYGUEFIB_render_front.jpg,1.1381589445477318,0.2
rand_AA9IEK2P7C_render_front.jpg,1.0,0.2
rand_V5Z1V8UM6Z_render_front.jpg,1.0,0.2
rand_TD62E5ZQJS_render_front.jpg,1.0,0.2
rand_GTCL0QBEIE_render_front.jpg,1.0,0.2
rand_U8QS5SN6R5_render_front.jpg,1.0,0.2
rand_467Q17Q8DI_render_front.jpg,1.0,0.2
rand_M58BDBU65O_render_front.jpg,1.966968527451833,0.41983677500771666
rand_ZZDZGUKVB0_render_front.jpg,1.0,0.16302929825488832
rand_M0ZJJ3U0QX_render_front.jpg,1.0,0.7215999509825369
rand_440CNNU2R2_render_front.jpg,1.0,0.2
rand_GYXKI95OGS_render_front.jpg,1.0,0.2
rand_5G933ER7SN_render_front.jpg,1.0,0.2
rand_68K47Z9S3O_render_front.jpg,1.0,0.7439469616843921
rand_SXBX5SG7EJ_render_front.jpg,1.0,0.885512961452532
rand_R9DJ1GN5ED_render_front.jpg,1.78042351336949,0.2488469508825838
rand_IS0NHK0WX5_render_front.jpg,1.0,0.2
rand_IA98YBBSJL_render_front.jpg,1.0,0.24799410453381404
rand_BFDSIBW0RW_render_front.jpg,1.0,0.2
rand_29EZKNAJZD_render_front.jpg,1.0,0.6621125883768207
rand_T8N9VMQFNK_render_front.jpg,1.0,0.2
rand_V13E33KUFF_render_front.jpg,1.0,0.2
rand_3PB1EL1ZGT_render_front.jpg,1.4043281625408168,0.2
rand_8OACSOKB0F_render_front.jpg,1.0,0.5716474830859601
rand_3Z1IRGN0IR_render_front.jpg,1.64496560086712,0.2
rand_A7BSBSGXNP_render_front.jpg,1.0,0.2
rand_MHB7S3JOM8_render_front.jpg,1.0,0.2
rand_0YN1FIW5GU_render_front.jpg,1.0,0.2
rand_549V0PON6E_render_front.jpg,1.0,0.425763372707896
rand_G9ZOGMVY3A_render_front.jpg,1.0,0.2
rand_I7KI6RMSWK_render_front.jpg,1.4217293060770948,0.2046041316513343
rand_ERHF4R88O2_render_front.jpg,1.0,0.2
rand_FYGI38IU70_render_front.jpg,1.0,0.7434905644261766
rand_WULQDWIGV3_render_front.jpg,1.0,0.2
rand_2NAPRBUDZT_render_front.jpg,1.0,0.2
rand_Q6V3FSLJC5_render_front.jpg,1.2680260595806279,0.2
rand_GU3VDECHIC_render_front.jpg,1.7968173390204976,0.2
rand_WX26K21XK8_render_front.jpg,1.0,0.8474265402411536
rand_LYC5NW2W5I_render_front.jpg,1.0,0.2
rand_9Y38ANI4OD_render_front.jpg,1.0604413407930753,0.8641424842300275
rand_14X1LMXHEI_render_front.jpg,1.0,0.22070254922200394
rand_4WVMI8MNMI_render_front.jpg,1.9712466681743082,0.4846388633105496
rand_RJSWKGPNZE_render_front.jpg,1.0,0.6214855854534854
rand_U135S2ZFV1_render_front.jpg,1.8431726251363445,0.2
rand_ZMBKB5WTDB_render_front.jpg,1.0,0.2
rand_SMV2H6X7KU_render_front.jpg,1.0,0.5190853336583948
rand_5EVQPI9O9P_render_front.jpg,1.0,0.2
rand_PUPY2XMQ98_render_front.jpg,1.0,0.2
rand_2HJVZ4YOWC_render_front.jpg,1.0,0.22707321154527726
rand_MOU3I42XU1_render_front.jpg,1.0,0.2
rand_VR2BYIUNLF_render_front.jpg,1.0,0.5506347665727453
rand_5422HGD42D_render_front.jpg,1.0,0.539796196674997
rand_WBTL13I8RD_render_front.jpg,1.869775362989525,0.25960683351192365
rand_UKY6WY0N77_render_front.jpg,1.0,0.9647466520087193
rand_LDN130J798_render_front.jpg,1.0,0.2
rand_DL8BGX74NP_render_front.jpg,1.0,0.2
rand_BQNZQZQ4Z7_render_front.jpg,1.0,0.31365292858404437
rand_FRXRE53RKR_render_front.jpg,1.0,0.2
rand_TFPPQVQ9E7_render_front.jpg,1.0,0.2
rand_WKZ1JVZZAN_render_front.jpg,1.0,0.2
rand_ASA00G32A6_render_front.jpg,1.0,0.5298940745547708
rand_6QMEA9ARK9_render_front.jpg,1.2142412996967402,0.8837536709782996
rand_273QADAK6Z_render_front.jpg,1.0,0.13615581614275135
rand_PZV8QYMLZW_render_front.jpg,1.0,0.2
rand_MFCL8S8C17_render_front.jpg,1.0,0.725351479746018
rand_1DK7P8PVXM_render_front.jpg,1.9402532665316075,0.32581681324810563
rand_WC8OCYJS60_render_front.jpg,1.0,0.6330835822350394
rand_4YAT3UA7R8_render_front.jpg,1.0,0.2
rand_JM4H2205XT_render_front.jpg,1.0059507133041516,0.6664644836295464
rand_4TRJ5YJIR5_render_front.jpg,1.0,0.2
rand_6MUPZKEEPD_render_front.jpg,1.0,0.5575491148086014
rand_OTNJT14KW8_render_front.jpg,1.0,0.2
rand_Q6RNALOUVZ_render_front.jpg,1.0,0.2
rand_9D90JSDGQ0_render_front.jpg,1.0,0.5648399881208737
rand_422ZHLMV9X_render_front.jpg,1.0,0.2
rand_Z4BZVJQ7B1_render_front.jpg,1.7024328303572829,0.7891493831251982
rand_GHGGX2L06M_render_front.jpg,1.0,0.2
rand_M8KPBT0NXY_render_front.jpg,1.0,0.6458354131918922
rand_ZE2WCRXKN9_render_front.jpg,1.0,0.46870282933374885
rand_L5YPOBUUA0_render_front.jpg,1.0,0.2
rand_TV4IYVBWOS_render_front.jpg,1.0,0.6358948255259536
rand_CQ4PHOFFGO_render_front.jpg,1.0,0.2
rand_MVX41L21A2_render_front.jpg,1.0,0.2
rand_3NJCAZUH8Y_render_front.jpg,1.8787631391717685,0.8946807213915742
rand_IM94PF69RI_render_front.jpg,1.0,0.2
rand_C53T3CRBVD_render_front.jpg,1.0,0.39812705150545546
rand_CK0TK3OC8C_render_front.jpg,1.225472287119949,0.9228136194079141
rand_ZDQP6K7P54_render_front.jpg,1.0,0.2
rand_Z4GNAUV90M_render_front.jpg,1.0,0.2
rand_9GTTFVP9JD_render_front.jpg,1.0,0.2
rand_CAR0AIZG9D_render_front.jpg,1.314939171360555,0.24610411867727056
rand_DCCEXATI2I_render_front.jpg,1.0,0.2
rand_UM4PM282SW_render_front.jpg,1.0,0.8905236238307309
rand_QEXD1TLWJV_render_front.jpg,1.0,0.2
rand_GCU09CLDYK_render_front.jpg,1.0,0.2
rand_L1W54Y5D6P_render_front.jpg,1.3881449878047667,0.2
rand_5OLD04AHZD_render_front.jpg,1.0,0.321417967913032
rand_QHMXZMMIUC_render_front.jpg,1.0,0.8918403246524769
rand_BIWAIVFQCZ_render_front.jpg,1.3389934283808118,0.2
rand_C2SGK4LR5L_render_front.jpg,1.0,0.5916181452942534
rand_LRZP24KHZF_render_front.jpg,1.0,0.831309162790674
rand_4KYFCF656T_render_front.jpg,1.0,0.2
rand_BP1KC1H6RP_render_front.jpg,1.0,0.845980347625559
rand_SE5SVYX6S0_render_front.jpg,1.0,0.8384764138930089
rand_IHY1V0XQJ5_render_front.jpg,1.0,0.7877025989238478
rand_I5P6TWR8MM_render_front.jpg,1.0,0.4673563889726219
rand_S7ZKYNS6ZC_render_front.jpg,1.0,0.35565869405094175
rand_BURRUKB3H4_render_front.jpg,1.0,0.2
rand_J8UEODBJP5_render_front.jpg,1.0,0.40971873626660826
rand_RA39AOA5EQ_render_front.jpg,1.0,0.2
rand_8OFBWHKMNI_render_front.jpg,1.0,0.2
rand_3GXW8WJYTW_render_front.jpg,1.0,0.3273444534748926
rand_7KL5OMJ0TF_render_front.jpg,1.0,0.8918802264970656
rand_5KHUSWJS4V_render_front.jpg,1.0408695459357786,0.10510635230078623
rand_J1DIQCL2YR_render_front.jpg,1.0,0.7036475681367397
rand_9SVM7IHT3M_render_front.jpg,1.0122605542865148,0.9834970469239972
rand_XTUV3QWJJK_render_front.jpg,1.0,0.2
rand_6MFQMNH8XV_render_front.jpg,1.0,0.9653819389983239
rand_SARFS5KXDP_render_front.jpg,1.0,0.709648591996313
rand_AJUHXZ7F9N_render_front.jpg,1.0,0.7695622111597729
rand_MY3M3OU6F4_render_front.jpg,1.0,0.5040158281015431
rand_RQU6NNVUIW_render_front.jpg,1.0,0.9217191681075703
rand_4CPLR1ON7U_render_front.jpg,1.0,0.5833028369509382
rand_4YUSBEKIEW_render_front.jpg,1.0,0.9637727170041929
rand_TJBPZVY36S_render_front.jpg,1.0,0.2
rand_P9J4JXJ4K0_render_front.jpg,1.0,0.5266616529554343
rand_8SMC76INLO_render_front.jpg,1.0,0.2
rand_UO6ZTBSURI_render_front.jpg,1.0,0.16117799236726868
rand_8ASQXYCCV8_render_front.jpg,1.0,0.2
rand_BPLV7VAHFS_render_front.jpg,1.0,0.17380256832912983
rand_EB84WSPCAC_render_front.jpg,1.5781152919265145,0.6015590745526259
rand_BAOV0YVKO1_render_front.jpg,1.552680765676149,0.1589108212354703
rand_E9JRUFGYEV_render_front.jpg,1.0,0.2
rand_DMXVEWQH3W_render_front.jpg,1.0,0.6981628759466008
rand_T53824S90D_render_front.jpg,1.057466339580575,0.2
rand_UFVRJOQ1KE_render_front.jpg,1.0,0.2
rand_OV207TG5TG_render_front.jpg,1.0,0.8928369833070643
rand_G3CHCJ7I5B_render_front.jpg,1.0,0.2
rand_PEDXBWN00K_render_front.jpg,1.0,0.2
rand_CJC061HJB7_render_front.jpg,1.0,0.2
rand_NR2QDVL0ZP_render_front.jpg,1.7349264664910946,0.3257287315958798
rand_94N2ZST1AP_render_front.jpg,1.2921808599936895,0.7005185786579552
rand_2XM4H1KF61_render_front.jpg,1.0,0.436766464919194
rand_LW0C56SVKL_render_front.jpg,1.0,0.5987967614587899
rand_YFGNN3O1BU_render_front.jpg,1.0,0.6365893395727859
rand_V8KZTAKP7F_render_front.jpg,1.0,0.43447850853315717
rand_NI1M2V6LRB_render_front.jpg,1.8664553887707007,0.2
rand_NAJ84HV7UP_render_front.jpg,1.0,0.2
rand_A9B1Y2PB58_render_front.jpg,1.0,0.2
rand_G6OLJ04OEI_render_front.jpg,1.0,0.5419050849354738
rand_UN3JZMDFZ8_render_front.jpg,1.8163078024541663,0.2
rand_WGPKQ63IXO_render_front.jpg,1.0,0.2
rand_62WGFLOGXZ_render_front.jpg,1.0,0.1513784703808928
rand_ADC9SBFTHA_render_front.jpg,1.0,0.2
rand_04ANOD2PBA_render_front.jpg,1.0,0.2
rand_Y9TCBGSP2K_render_front.jpg,1.0,0.2
rand_G1I1T5GOLW_render_front.jpg,1.5726257120516496,0.2
rand_B73SRBUL8I_render_front.jpg,1.8615366372861237,0.2
rand_7XEZW1FR0P_render_front.jpg,1.0644317192642445,0.5926493692807704
rand_XS08SP065V_render_front.jpg,1.0,0.3866949286022576
rand_GG0PIQZXP9_render_front.jpg,1.0,0.45397731526544594
rand_DJNH6RIYQ0_render_front.jpg,1.0,0.2
rand_8BIREE1142_render_front.jpg,1.0,0.27239611673652997
rand_KIGF4KYDLK_render_front.jpg,1.0,0.2
rand_Z77YG8NM9B_render_front.jpg,1.274185060727421,0.2
rand_ENTN935VTE_render_front.jpg,1.0,0.2
rand_QA3WLVGP9J_render_front.jpg,1.0,0.2
rand_3IYUS7KF9N_render_front.jpg,1.4475232244231986,0.7927713465600232
rand_XR68JI28HB_render_front.jpg,1.0,0.2
rand_V4HBBEM4KO_render_front.jpg,1.489513210016601,0.2
rand_G3VW6I0WBS_render_front.jpg,1.0,0.8825963924509849
rand_7M0F5UV2DQ_render_front.jpg,1.0,0.2
rand_T77FJVKQUV_render_front.jpg,1.0,0.4546902260124276
rand_X2J3567CGB_render_front.jpg,1.3166883543095929,0.40287985941361215
rand_AB5C9KLAQ6_render_front.jpg,1.357956989597976,0.2
rand_7NRL54NIF6_render_front.jpg,1.0,0.2
rand_KCKDY9NWJH_render_front.jpg,1.4226765206502394,0.8519817101896242
rand_9AP0YU9SE4_render_front.jpg,1.0,0.2
rand_A9O9L8AOG0_render_front.jpg,1.2893418059506978,0.724309931464329
rand_W9S51SJJ49_render_front.jpg,1.7054311223440668,0.24749729517920543
rand_DOQGPVR2GL_render_front.jpg,1.0,0.677799217881319
rand_8GF50XO1HM_render_front.jpg,1.8401295489590046,0.745128980396388
rand_PJK0EWDO1A_render_front.jpg,1.3723277192711572,0.4658212323628761
rand_33TVO9K7FH_render_front.jpg,1.692685339146745,0.2
rand_TJ02GWEGPJ_render_front.jpg,1.0,0.2
rand_VYH80EH2A2_render_front.jpg,1.0683112292680477,0.2
rand_LTLFFZFQY7_render_front.jpg,1.0,0.971498160042365
rand_HLXE55DKF6_render_front.jpg,1.0,0.31441178665833497
rand_MNJIUQKPKM_render_front.jpg,1.0,0.2
rand_FSMW5MOE99_render_front.jpg,1.0,0.2
rand_CD3CY6SO8T_render_front.jpg,1.7311175095537419,0.2
rand_363T7XSOB3_render_front.jpg,1.0,0.2
rand_NOLX4V40CV_render_front.jpg,1.0,0.2
rand_1430HD0STX_render_front.jpg,1.0,0.7982193289379371
rand_LH4HOT1RSV_render_front.jpg,1.398174888906781,0.2
rand_C4ICKB4HVR_render_front.jpg,1.0,0.9462195984584819
rand_XLXIBLW5GF_render_front.jpg,1.0,0.2
rand_QSJI9HSK7N_render_front.jpg,1.0,0.2
rand_XUV29PSEMH_render_front.jpg,1.0969686929329028,0.6716187005960289
rand_JD739LQKKB_render_front.jpg,1.3859992285996512,0.7303265897064565
rand_GTOVJH3AZN_render_front.jpg,1.0,0.5479471546803782
rand_5ZYYBY9ZIA_render_front.jpg,1.0,0.6855098376059917
rand_CNRMO549GC_render_front.jpg,1.0,0.2
rand_0GTAD1P1ZP_render_front.jpg,1.0,0.5179855990356415
rand_RQMVMRX1HB_render_front.jpg,1.0,0.8530470936284062
rand_9HWS3Y3JY7_render_front.jpg,1.3212299175636875,0.37842142293995173
rand_S5ZMV6M5X0_render_front.jpg,1.0,0.3762402820255556
rand_XN6WC70YOA_render_front.jpg,1.8384177099888035,0.5508947960583598
rand_XHTFNAR3MA_render_front.jpg,1.2093152355612018,0.2
rand_6FVZXZS5SK_render_front.jpg,1.0,0.2
rand_3T9Z6P2DD0_render_front.jpg,1.0,0.2
rand_R255SILF69_render_front.jpg,1.2832256115143423,0.8214203014930969
rand_OAOJWAOCAB_render_front.jpg,1.7885644372842726,0.2
rand_2G33DY0PDF_render_front.jpg,1.0,0.8393074766277153
rand_KQEE02PCEL_render_front.jpg,1.7231296671124352,0.2
rand_CFBP02AQPO_render_front.jpg,1.0,0.2
rand_XBDNSDM2J2_render_front.jpg,1.0,0.4484992745071208
rand_89NCX66NEA_render_front.jpg,1.0,0.8025679517266998
rand_7YVJKE960W_render_front.jpg,1.0,0.583434274849314
rand_HUNTO71Q76_render_front.jpg,1.0,0.2
rand_N23MI6HUHB_render_front.jpg,1.0,0.2
rand_Y7141OZK98_render_front.jpg,1.961570264794306,0.2
rand_D8H6BIUAQR_render_front.jpg,1.0,0.2
rand_69JE3NBZQ6_render_front.jpg,1.2581853251579087,0.2
rand_4S4HUI9Y2V_render_front.jpg,1.0,0.2
rand_U1YRJUJABN_render_front.jpg,1.0,0.14702232096029794
rand_44WTVDOUVY_render_front.jpg,1.2847566349465196,0.8521037841718554
rand_7SUL31VQYE_render_front.jpg,1.0,0.2
rand_T8WU2MYBHY_render_front.jpg,1.0,0.2
rand_IKEGUFJC9L_render_front.jpg,1.0,0.8030998187507946
rand_WU8H44RUC5_render_front.jpg,1.7129433389409514,0.5073609025927882
rand_OIRBP53Y0D_render_front.jpg,1.0,0.7311874422744187
rand_T4COIVDP5S_render_front.jpg,1.0,0.721903661953935
rand_EK1K4EHS11_render_front.jpg,1.0,0.2
rand_J9FTXC1V8L_render_front.jpg,1.0,0.7884326560707416
rand_X3P2V1MYBX_render_front.jpg,1.2629283387785324,0.2
rand_7LAM2TBP0S_render_front.jpg,1.0,0.7615159474593868
rand_PTKWTXLBUQ_render_front.jpg,1.0,0.2
rand_0DJ4LQD99C_render_front.jpg,1.0,0.6662839105412223
rand_H18UBG0939_render_front.jpg,1.387102052663049,0.2
rand_RUVV2T25Q3_render_front.jpg,1.0,0.2
rand_HNWXDQKFKQ_render_front.jpg,1.0,0.2
rand_VSNNHFQEVH_render_front.jpg,1.0,0.21655875756294748
rand_TBMDS15V0O_render_front.jpg,1.4443690386928623,0.9914651721370552
rand_MBAB27XA6J_render_front.jpg,1.4780993237392508,0.2
rand_GE63W52BFO_render_front.jpg,1.0,0.4791087283869755
rand_WJICNQGBAR_render_front.jpg,1.0,0.2
rand_ZKT2UNZGBH_render_front.jpg,1.614170323995035,0.2
rand_PNF5X73OUV_render_front.jpg,1.0,0.8208834162955096
rand_EQ9RMROM4J_render_front.jpg,1.0,0.5940830953833821
rand_E5381IXR19_render_front.jpg,1.0,0.4377357871205134
rand_NTBMB0NV0R_render_front.jpg,1.0,0.8555617478002553
rand_5EFJW8FQRB_render_front.jpg,1.0,0.2
rand_F1MWXEXL0Y_render_front.jpg,1.0,0.2
rand_UF7KNICR8Q_render_front.jpg,1.049385569235615,0.33363497679169196
rand_TO1O7LLUJX_render_front.jpg,1.0,0.2
rand_SM87ZO7LRL_render_front.jpg,1.0,0.8621304414980157
rand_Y2R8V5HPFC_render_front.jpg,1.212945053132299,0.6729675541997125
rand_EIKFFZHNJJ_render_front.jpg,1.0,0.2
rand_7XOQ44SE3B_render_front.jpg,1.760777006098577,0.46768580047098496
rand_6VU489FTTW_render_front.jpg,1.8702515925224408,0.7040569216575201
rand_IZRA61ZKCB_render_front.jpg,1.0,0.2
rand_0C4I1ENEGQ_render_front.jpg,1.9502433473647247,0.2
rand_V6CV0231IC_render_front.jpg,1.0345962249588592,0.2
rand_8JLPNESSKU_render_front.jpg,1.0,0.49506954486311017
rand_E456A909WU_render_front.jpg,1.0,0.1940884783886037
rand_L6R6TBLCCJ_render_front.jpg,1.0,0.2
rand_L4TXO8D2IS_render_front.jpg,1.641306179786501,0.6375342603056932
rand_Q0SM8CMXC8_render_front.jpg,1.0,0.3754785953807097
rand_UR5RKN7VHU_render_front.jpg,1.0,0.2
rand_S3YI0IC14X_render_front.jpg,1.0,0.2
rand_ZTVKFE9PFQ_render_front.jpg,1.0,0.16305952867107956
rand_7XFIH1SO2C_render_front.jpg,1.0,0.4134378589233336
rand_7E15O3SB5F_render_front.jpg,1.0,0.16064258453325192
rand_LRGGQECJ5Q_render_front.jpg,1.3911913335765318,0.17724162758968315
rand_ZX53FLK6UQ_render_front.jpg,1.0,0.5953931025167877
rand_GCE1NF3HHM_render_front.jpg,1.4500138061029046,0.2
rand_N4K1EYAB8V_render_front.jpg,1.0,0.2
rand_8N8DR889KO_render_front.jpg,1.0,0.2
rand_C15TVKCR71_render_front.jpg,1.0,0.2
rand_4130OEI5J4_render_front.jpg,1.0,0.17953830507663884
rand_UTF11DTUOK_render_front.jpg,1.0,0.7591457400798157
rand_K3TALRNYNX_render_front.jpg,1.0,0.3240586837150563
rand_3L3E87Z5PT_render_front.jpg,1.0,0.43893584684168363
rand_EAZKPYTULP_render_front.jpg,1.0,0.2
rand_YONPWN0SZ8_render_front.jpg,1.0,0.9920373803446532
rand_O94M4HJ817_render_front.jpg,1.0,0.8843511577937717
rand_WPKYUODVFP_render_front.jpg,1.0,0.2
rand_IMF0KIZV2H_render_front.jpg,1.0,0.2
rand_QCGA98KNBR_render_front.jpg,1.6500617691533133,0.2
rand_ZH5WV43Q34_render_front.jpg,1.04969622346204,0.8509509970347071
rand_1AZFMG4LTR_render_front.jpg,1.0,0.2
rand_VQ3RAIAOJD_render_front.jpg,1.0,0.2
rand_4AI73OUMZP_render_front.jpg,1.0218662584208893,0.2
rand_CEJW381XBH_render_front.jpg,1.0,0.2
rand_96MW02R7UU_render_front.jpg,1.0,0.2
rand_IESNQOWHUQ_render_front.jpg,1.0,0.1682884439067482
rand_3R8JB1W3P1_render_front.jpg,1.0,0.7591885616179667
rand_4D67COCM29_render_front.jpg,1.0,0.9132290477361247
rand_HIJW1V0Q8G_render_front.jpg,1.0,0.2
rand_C2A2VGWH6P_render_front.jpg,1.0,0.2
rand_GP9TM4Z8W7_render_front.jpg,1.0,0.2
rand_NRPWN8ZMTM_render_front.jpg,1.0,0.6047033416952189
rand_TW1UPMZ08X_render_front.jpg,1.0,0.4823019201877087
rand_HW663QK0YL_render_front.jpg,1.0,0.2531761133638455
rand_C86KPT4JI8_render_front.jpg,1.0,0.5620884342772187
rand_4RQQB8NYDX_render_front.jpg,1.0,0.3191073290609183
rand_LACQ6B3FHS_render_front.jpg,1.0,0.2
rand_2SOPYKSZ5F_render_front.jpg,1.0,0.40073029914099656
rand_H40VUJ2T1I_render_front.jpg,1.6131037458047208,0.6994089944362236
rand_T2JAZYT7YB_render_front.jpg,1.834194707413897,0.2542825958344466
rand_H6DS4H6STM_render_front.jpg,1.0,0.2
rand_2LRJ97FORR_render_front.jpg,1.0,0.22581237773928264
rand_OY6OKWYXXW_render_front.jpg,1.0,0.2
rand_2H9N9MO6I7_render_front.jpg,1.0638017007316165,0.8798769540284155
rand_4E3U1JFXZ9_render_front.jpg,1.0,0.39130356496354923
rand_16UW0YHRXD_render_front.jpg,1.8169660045628127,0.2
rand_YE3C15V1SJ_render_front.jpg,1.0,0.2
rand_440ICOGKUD_render_front.jpg,1.0,0.6126040116002552
rand_KVJNWPJ7Z4_render_front.jpg,1.0,0.2966568294182098
rand_ZAZF3SNHNC_render_front.jpg,1.0,0.9555674237873554
rand_68UKUQ6KVZ_render_front.jpg,1.0,0.2
rand_LMDKJM2PIA_render_front.jpg,1.0,0.2
rand_X2UW3NGST5_render_front.jpg,1.0,0.9198294328011979
rand_KES3VVILBL_render_front.jpg,1.0,0.2
rand_BUTRSOM662_render_front.jpg,1.0,0.868479729224487
rand_TW54V8RPGO_render_front.jpg,1.0,0.2
rand_01D103W0ZJ_render_front.jpg,1.5595420028305509,0.5176431227510399
rand_LYODEAC7GD_render_front.jpg,1.0,0.2
rand_X3240JAMXQ_render_front.jpg,1.0,0.4451722861946884
rand_F1NFV251GL_render_front.jpg,1.0,0.2
rand_4MMRWQ38KW_render_front.jpg,1.0,0.868691439019214
rand_X8266IL14L_render_front.jpg,1.2123207268649596,0.2
rand_WTSZIGH4EP_render_front.jpg,1.0,0.4363496125330317
rand_5AD33MAMF0_render_front.jpg,1.0,0.2
rand_2MZI0IV5H6_render_front.jpg,1.0,0.2
rand_FK56FEC7JX_render_front.jpg,1.0,0.4117170601849499
rand_COLT87AV88_render_front.jpg,1.6368897951685297,0.2
rand_ZAKBZVU5XQ_render_front.jpg,1.5515773730250113,0.2
rand_CQUKOZPFRX_render_front.jpg,1.0,0.2
rand_TPUD9B79G6_render_front.jpg,1.0,0.2
rand_L8PVSQLTH7_render_front.jpg,1.0,0.4619011411002829
rand_QY8PK0J8OK_render_front.jpg,1.0,0.5581863091807209
rand_X83IUV1BP7_render_front.jpg,1.0,0.2
rand_PHSCZ0QVPE_render_front.jpg,1.0,0.2
rand_CX5AXIQHNI_render_front.jpg,1.0,0.2
rand_O28U0DNKF1_render_front.jpg,1.0,0.8598127534520772
rand_NRN470K5NI_render_front.jpg,1.0,0.2
rand_0GB8PUBD0H_render_front.jpg,1.0,0.2
rand_W0ME0UI5H5_render_front.jpg,1.3958066455517142,0.325162224538011
rand_RYYOALW9XZ_render_front.jpg,1.6334518266842695,0.2
rand_FUKRI4718I_render_front.jpg,1.0,0.8014560164663038
rand_E0J2O0L7WU_render_front.jpg,1.0,0.9173398636943919
rand_RAFC7O548X_render_front.jpg,1.8694555149011305,0.7435031371116911
rand_1CDFJY6EB8_render_front.jpg,1.0106021758983006,0.2
rand_T1ZTIEL86X_render_front.jpg,1.0,0.9770923535502192
rand_WD4I7D61XN_render_front.jpg,1.0,0.6064092782515434
rand_4XU66IWUGP_render_front.jpg,1.0,0.33741957210681645
rand_JB1XK5QH4V_render_front.jpg,1.0,0.30627319341886994
rand_KPGXVU7S5N_render_front.jpg,1.0,0.2
rand_CG6O99CTPW_render_front.jpg,1.0,0.2
rand_7ZUMM30J5I_render_front.jpg,1.0,0.623738685270584
rand_C2XSY1SKHV_render_front.jpg,1.3617049838673494,0.23528120510041603
rand_P7OM2A3C63_render_front.jpg,1.0,0.7426931577098977
rand_9IOH5E43L5_render_front.jpg,1.0,0.9038948820269338
rand_0LQ33XZVP8_render_front.jpg,1.3018176153938403,0.22191498121880873
rand_RB9T1590OB_render_front.jpg,1.8058319630924178,0.2
rand_MCUOUPX0JJ_render_front.jpg,1.0035730643091105,0.7769703207471813
rand_NYVLPUH0D1_render_front.jpg,1.0,0.5891128614828356
rand_NE83H4D14C_render_front.jpg,1.0,0.3482143095403635
rand_MAQSROI5CF_render_front.jpg,1.0,0.6151258946926448
rand_1CC1X5R0NR_render_front.jpg,1.7933871722323658,0.2
rand_1CFUGK0B0G_render_front.jpg,1.6982217552520957,0.1586494797794838
rand_8CI97EL96J_render_front.jpg,1.6249131321470816,0.2
rand_B267BEPQJP_render_front.jpg,1.9894248260503382,0.3918839298929975
rand_40G09BOT9Y_render_front.jpg,1.0,0.13997039896594665
rand_U4I2UN04NT_render_front.jpg,1.0,0.2
rand_ELF9117WP0_render_front.jpg,1.0,0.2
rand_P6FHPIU3AH_render_front.jpg,1.0,0.6952004235613641
rand_3IE1WBKAOY_render_front.jpg,1.0,0.2
rand_N3LAC4FPW7_render_front.jpg,1.0,0.2
rand_0BWTXEFOYX_render_front.jpg,1.0,0.5802146217703388
rand_PR93FDE4KK_render_front.jpg,1.2375864352946409,0.13882275528811688
rand_AS1FCDIF3H_render_front.jpg,1.136192393453441,0.2
rand_04GAM9B4PR_render_front.jpg,1.0,0.7942774031037986
rand_A3HS0QTF8D_render_front.jpg,1.0,0.6663111500053659
rand_BS1HCR4KB1_render_front.jpg,1.0,0.6239989645864498
rand_AFPMY5YX1G_render_front.jpg,1.585571601350668,0.2
rand_YTHPMJHGLI_render_front.jpg,1.0,0.2
rand_OAGY32FCAK_render_front.jpg,1.2833793114330851,0.2
rand_LSBETFWO4P_render_front.jpg,1.0782695784756235,0.2
rand_EBXBQR2CQG_render_front.jpg,1.0,0.2
rand_W8ATX34VN2_render_front.jpg,1.0,0.8723090688866285
rand_GMRJ0CSE2Z_render_front.jpg,1.0,0.10366022792233531
rand_QBFYP1CL80_render_front.jpg,1.0,0.2
rand_UQJIP3N2SA_render_front.jpg,1.0,0.2
rand_YFHWU1OV4R_render_front.jpg,1.0,0.8094031730369049
rand_F23BFMRLIX_render_front.jpg,1.0,0.2
rand_JLSOS5WWDD_render_front.jpg,1.0,0.2
rand_UW1UYR6WNR_render_front.jpg,1.0,0.2
rand_G04CE5TMM9_render_front.jpg,1.1100030153299443,0.2
rand_ZW07869PTO_render_front.jpg,1.0114247266296967,0.5699871074716097
rand_2QIKRVMKKG_render_front.jpg,1.20439750984172,0.5596616898148903
rand_S27MFM9S2F_render_front.jpg,1.8148527251793685,0.2
rand_NG0OH0R7S6_render_front.jpg,1.0010614494065098,0.5865050903428856
rand_J2IH6ZJ983_render_front.jpg,1.9529093018656576,0.2
rand_JZPUDXFORZ_render_front.jpg,1.1293952083801804,0.2
rand_6DCUK1D2AA_render_front.jpg,1.0,0.2
rand_4RLUABNFCL_render_front.jpg,1.9484438359225258,0.4881773408379384
rand_B37RWC0B5J_render_front.jpg,1.0,0.6129385939477897
rand_0UL9C4KTT3_render_front.jpg,1.740055328405533,0.43854025751094594
rand_U2CNXC6HJ9_render_front.jpg,1.0,0.2
rand_LKFIEH8LBI_render_front.jpg,1.0,0.2
rand_NZUBB08H4Q_render_front.jpg,1.0,0.9230115853287901
rand_R67SE27RB0_render_front.jpg,1.0,0.2802108850990383
rand_1NPFUEAMU2_render_front.jpg,1.0,0.5220121106786259
rand_U5OY4S6DZV_render_front.jpg,1.0,0.6088434882488165
rand_FCSP3RU1SR_render_front.jpg,1.0,0.893294008472906
rand_8SW5ONTTX8_render_front.jpg,1.0,0.5689123541565616
rand_UJT1JF0VE6_render_front.jpg,1.0,0.18564769867368824
rand_30C6IS8VRS_render_front.jpg,1.3111194254899046,0.3680818631285111
rand_HIG3IQ2MS3_render_front.jpg,1.0,0.2
rand_PKRGOCBU7C_render_front.jpg,1.0,0.32720394287181187
rand_QIF41MCIM6_render_front.jpg,1.0,0.6920305089464664
rand_KYC3K4D2VC_render_front.jpg,1.0,0.2
rand_UTGDS4RD8A_render_front.jpg,1.0,0.2
rand_ROWD4ZRVQA_render_front.jpg,1.0,0.15640121815363645
rand_0BD28UCVO8_render_front.jpg,1.0,0.7069380598235817
rand_VPGUTEN6IH_render_front.jpg,1.3783011309333868,0.9014516966207604
rand_BREPR6MSDC_render_front.jpg,1.0,0.6868763480130616
rand_XRQ3P3H65C_render_front.jpg,1.0,0.639902313196669
rand_Q5URB8OOG1_render_front.jpg,1.1452834489366353,0.2
rand_SMTPOHZ70Z_render_front.jpg,1.0,0.2
rand_HVXRS34MT6_render_front.jpg,1.9638991778178396,0.2
rand_M68WVTGHSA_render_front.jpg,1.0,0.759531367335423
rand_LKHWRA8ISS_render_front.jpg,1.0,0.7495137047100114
rand_HAQ9W2QRTJ_render_front.jpg,1.0,0.2
rand_2V86DYDNBI_render_front.jpg,1.0,0.2
rand_JLAJEHZC1L_render_front.jpg,1.0,0.2
rand_W7N42A95LF_render_front.jpg,1.4594453432375318,0.2
rand_YDPY0KBNOL_render_front.jpg,1.0,0.7428831985941753
rand_AEY6R1454N_render_front.jpg,1.0,0.9017496620899152
rand_GMR8CRPOEC_render_front.jpg,1.0,0.2
rand_DGF0JIBANG_render_front.jpg,1.6087955614091043,0.2
rand_IYIDCEMDEN_render_front.jpg,1.0,0.6555135541861046
rand_7WHSCBSJJI_render_front.jpg,1.0,0.8822851633190087
rand_JOGMETM9OK_render_front.jpg,1.0,0.4248687658789775
rand_AORA6OUO55_render_front.jpg,1.0,0.5151481846368202
rand_66SX1GDMT7_render_front.jpg,1.0,0.6102428420663785
rand_TKABJ9SUFZ_render_front.jpg,1.0,0.33263898523400887
rand_TIQFZSM9CC_render_front.jpg,1.0,0.2
rand_HOZWUYDFB6_render_front.jpg,1.5008749621809925,0.7499375970708042
rand_PWJVNI4156_render_front.jpg,1.0,0.2
rand_IAJCDXOUOH_render_front.jpg,1.2867379435224406,0.2
rand_HQPM8NKKQT_render_front.jpg,1.0,0.2
rand_GE9NBC1HFY_render_front.jpg,1.0,0.2
rand_RNMDBYUO2S_render_front.jpg,1.0,0.9948618739727784
rand_K5T9DIKR7E_render_front.jpg,1.878969369925535,0.2
rand_TPP81NNIWA_render_front.jpg,1.0,0.2392907451992172
rand_UKRKO1G7C6_render_front.jpg,1.0,0.2
rand_55MMIYSKNI_render_front.jpg,1.0,0.2
rand_IWR6D7ECQT_render_front.jpg,1.0,0.2
rand_VRRYDYTLKH_render_front.jpg,1.004366258501673,0.2
rand_Z05CKHC8MA_render_front.jpg,1.0,0.2
rand_2MUXJXTYMA_render_front.jpg,1.3802400519440763,0.2
rand_T1AYMHJNNM_render_front.jpg,1.0,0.2
rand_RE9P7AIBCO_render_front.jpg,1.973350842654287,0.2995956169349115
rand_AH6RFCXBRK_render_front.jpg,1.7711867241553252,0.5505218578318211
rand_28RERQLUJX_render_front.jpg,1.0,0.2
rand_J6PF7XVHON_render_front.jpg,1.0,0.8815927420726751
rand_L7M42I0NE9_render_front.jpg,1.4301416779369118,0.2
rand_MKNH5OLU7Z_render_front.jpg,1.0,0.47764197592087365
rand_L7I93QDK5P_render_front.jpg,1.0,0.9209927874717827
rand_IPXQ7TOJ16_render_front.jpg,1.0,0.3385602847774714
rand_S094BDOCE7_render_front.jpg,1.0,0.2
rand_C9UX1TVDVP_render_front.jpg,1.0,0.2
rand_YXLC48LVXG_render_front.jpg,1.0,0.43230737766841587
rand_QBXSWG9SBJ_render_front.jpg,1.5365388403305986,0.9063191585141867
rand_2U7IUZUO4D_render_front.jpg,1.0,0.6237483635608679
rand_KD04MFRUYR_render_front.jpg,1.0456624093629572,0.911634907547865
rand_RNH0PRUZNE_render_front.jpg,1.0,0.5243720447460578
rand_AP9FD8NQ1G_render_front.jpg,1.7884851238865012,0.2
rand_401VZK3IHN_render_front.jpg,1.85879430329932,0.2
rand_B3UQPAASVY_render_front.jpg,1.2534201977675834,0.9786866847532718
rand_F33V1YFCUM_render_front.jpg,1.0,0.2
rand_VJKAK09ALN_render_front.jpg,1.0,0.2
rand_ZGZY8OJ1M3_render_front.jpg,1.0,0.2
rand_FGMU9RVNZU_render_front.jpg,1.0,0.1311688227289574
rand_JZ5CWNEL68_render_front.jpg,1.0,0.2
rand_TX3MVHHBPJ_render_front.jpg,1.0,0.24991267095793462
rand_NELKV5QA0F_render_front.jpg,1.0,0.7571011917573358
rand_STSJSGLY8N_render_front.jpg,1.1932208690722337,0.2
rand_KYMHYF7WG1_render_front.jpg,1.0,0.8715444800569817
rand_4TZER6QIQE_render_front.jpg,1.0,0.2
rand_T6T19FLGCV_render_front.jpg,1.0,0.2
rand_FOKQ2ZLOS6_render_front.jpg,1.0,0.2
rand_OQ916L9LUG_render_front.jpg,1.0,0.2
rand_C3FL82N4WI_render_front.jpg,1.0,0.2
rand_RS9PZRIQ32_render_front.jpg,1.0,0.5567443173136614
rand_9IUW5N7H42_render_front.jpg,1.5418051292626476,0.2
rand_QG2ARIBYVB_render_front.jpg,1.5989535754810071,0.2846980911431431
rand_8Z5DRMXEQL_render_front.jpg,1.0,0.2
rand_Q8ZSC5FSVZ_render_front.jpg,1.0,0.2
rand_4101AXEXW8_render_front.jpg,1.4579507657196165,0.2
rand_0GPR6D7NVS_render_front.jpg,1.0,0.6500803211211021
rand_BDVMG11VI0_render_front.jpg,1.2159870649754252,0.7946247336315946
rand_MO5L5BOBVQ_render_front.jpg,1.0,0.2
rand_K3Y24LPRV6_render_front.jpg,1.5301947603246013,0.18493002038595996
rand_GKKWSPWZJV_render_front.jpg,1.0,0.2
rand_2EJ1B8VRYH_render_front.jpg,1.0,0.8648635316587493
rand_PQPS6JJ0SK_render_front.jpg,1.0,0.2
rand_DE6EITIAXU_render_front.jpg,1.0,0.9587520872683768
rand_IBL2Q0HKO5_render_front.jpg,1.5786851211264805,0.5475176742759664
rand_D470Q1IOXX_render_front.jpg,1.7749156587950798,0.2
rand_D5SDW3LC0I_render_front.jpg,1.0,0.606501521837111
rand_GLMHYPKZNS_render_front.jpg,1.0,0.2
rand_O9FI1BXE6E_render_front.jpg,1.0,0.2
rand_P16PQYSPXO_render_front.jpg,1.0,0.5475189410948341
rand_5V3Y5G3SS7_render_front.jpg,1.0,0.2
rand_CKOONBHNF6_render_front.jpg,1.637410624364734,0.2
rand_26JG87ISLU_render_front.jpg,1.0,0.5832915740638058
rand_3UACLYF07O_render_front.jpg,1.0,0.2
rand_EDZVWXMWKL_render_front.jpg,1.0,0.2
rand_Q4QYZ7LLSY_render_front.jpg,1.0,0.2
rand_5X6X8RTZJK_render_front.jpg,1.0,0.8449031197109241
rand_OREK591KOU_render_front.jpg,1.0,0.2
rand_LS6ILHGU43_render_front.jpg,1.0,0.2
rand_OPO3GD1JN3_render_front.jpg,1.0,0.2
rand_DGPO0097ND_render_front.jpg,1.7975073244780875,0.9596841179326442
rand_QUEF8GR034_render_front.jpg,1.0,0.2
rand_5VQB41E4W8_render_front.jpg,1.0,0.2
rand_17N0KQPJOU_render_front.jpg,1.0,0.2
rand_EQOWRK3EAJ_render_front.jpg,1.0,0.2
rand_K8YE9PZJ7Z_render_front.jpg,1.1038647846720964,0.2
rand_9W5HJ571OC_render_front.jpg,1.6730746643864034,0.180875881710231
rand_4RWZ4AAZG9_render_front.jpg,1.0,0.2
rand_6ZN0X3XYRX_render_front.jpg,1.0,0.6720406990617329
rand_XP74E3DMP4_render_front.jpg,1.2570394594856253,0.7765429471346503
rand_S160X7ARJW_render_front.jpg,1.0,0.5668608395221156
rand_AIQ0Z2UC8J_render_front.jpg,1.0,0.2
rand_KCSQW5SP74_render_front.jpg,1.8451613968968164,0.2
rand_J2L9ODN0FX_render_front.jpg,1.0,0.5185171645608748
rand_D898X80QMU_render_front.jpg,1.0,0.2
rand_4G2UWCCB69_render_front.jpg,1.0,0.2
rand_NNCJGQQBKZ_render_front.jpg,1.0,0.8425449159004538
rand_BIO27OUFK4_render_front.jpg,1.0,0.2
rand_PHGENJFDRG_render_front.jpg,1.0,0.8749342934245269
rand_R34RCLIXE8_render_front.jpg,1.0,0.5075460368353604
rand_W0XNMSGTFZ_render_front.jpg,1.0,0.2313694677628294
rand_8M0NZD80DF_render_front.jpg,1.0,0.2
rand_0HW1XDQZ81_render_front.jpg,1.0,0.2
rand_PJ5BHM3HP9_render_front.jpg,1.0,0.43775370223604904
rand_73V21YG4FJ_render_front.jpg,1.3254013982581807,0.2
rand_CIOCVV6PEL_render_front.jpg,1.0,0.2
rand_GHH06CFEKD_render_front.jpg,1.0,0.8483960170193183
rand_9XKL8ERE0L_render_front.jpg,1.0,0.514235285768177
rand_C9WM8Y1FBS_render_front.jpg,1.9671369084715404,0.3857629059602239
rand_28IHIJPZTV_render_front.jpg,1.0,0.5916719967611104
rand_SPA3H70Z28_render_front.jpg,1.0,0.2
rand_3DHAKJ9NGT_render_front.jpg,1.6494125712718057,0.2
rand_WCMJ686C8T_render_front.jpg,1.0,0.2
rand_NRFU803UGF_render_front.jpg,1.0,0.2
rand_9UTCYVPGGQ_render_front.jpg,1.3178575614108856,0.19841203878116803
rand_TN1PDCXQO3_render_front.jpg,1.0,0.2
rand_UV0MIAQL4B_render_front.jpg,1.0,0.1714988952209867
rand_RX60YCYA5I_render_front.jpg,1.0,0.5762325367232751
rand_4XDE3STSPT_render_front.jpg,1.0,0.9949019419559006
rand_IDY53OL0FM_render_front.jpg,1.0,0.8921455895961802
rand_M3G2WQCVW2_render_front.jpg,1.0,0.2
rand_50U8VNEVXT_render_front.jpg,1.0,0.29008676244700726
rand_ZAORTJAVNX_render_front.jpg,1.0,0.2
rand_JMO9UPA2FO_render_front.jpg,1.9228320062835182,0.1643389279667236
rand_JEV1XGUA9Z_render_front.jpg,1.7806124765585865,0.2
rand_FGB83HHBUM_render_front.jpg,1.0,0.4483633499038655
rand_O1JGU8RLCC_render_front.jpg,1.0,0.6508360254218872
rand_1H14LRH09J_render_front.jpg,1.0,0.9290720167949557
rand_5MB2ROQKOR_render_front.jpg,1.756096344267979,0.2
rand_D08KXHB3NJ_render_front.jpg,1.0,0.481595268164299
rand_C6OUYJXOR1_render_front.jpg,1.111596417759642,0.2
rand_S2C40F8X0M_render_front.jpg,1.0,0.575045852608978
rand_J9N7CAB5DM_render_front.jpg,1.0,0.8527566532845894
rand_IS4G3JUIWW_render_front.jpg,1.252208301160934,0.5757350141202324
rand_O0TCYJ7QB6_render_front.jpg,1.0,0.2
rand_ZBFDITMDQ3_render_front.jpg,1.0,0.2
rand_QFOBXD5CZ9_render_front.jpg,1.0715296040770976,0.2
rand_2DPKE1374X_render_front.jpg,1.0,0.3741536531599815
rand_OXJ2OSNC2Y_render_front.jpg,1.0,0.2
rand_QS85QZCPRC_render_front.jpg,1.0,0.2
rand_1GX01N1DUS_render_front.jpg,1.0,0.2
rand_BE82AWC5Y8_render_front.jpg,1.0,0.2
rand_160S53YNAF_render_front.jpg,1.0,0.2
rand_9XCWGZ0NM6_render_front.jpg,1.0,0.23425720594307806
rand_TJBKBIISVS_render_front.jpg,1.0,0.9093279804097161
rand_L6N1QZ7TH2_render_front.jpg,1.7739723351499583,0.3404788602458181
rand_5R0L8JFJ9I_render_front.jpg,1.0,0.48063015559462907
rand_VAFBIFHFGD_render_front.jpg,1.060363700155039,0.2
rand_07XRPZ49VR_render_front.jpg,1.0,0.6960277838310875
rand_AF0IA8S719_render_front.jpg,1.0,0.2
rand_VLER290WFE_render_front.jpg,1.2732683621775143,0.2
rand_FU16JEPX79_render_front.jpg,1.5523680265798827,0.2
rand_ALC0OGLDU1_render_front.jpg,1.0,0.6823478234908636
rand_B0IGABJ88Z_render_front.jpg,1.0,0.2
rand_HL0LIXYI7R_render_front.jpg,1.2502713229562374,0.2
rand_DEQD6ZDEDO_render_front.jpg,1.0,0.2
rand_QBJNTX7OJR_render_front.jpg,1.459260130761475,0.2
rand_TCUCLT9E5N_render_front.jpg,1.0,0.2
rand_BHHWV50TMF_render_front.jpg,1.0,0.2
rand_MWIKFCZMFL_render_front.jpg,1.0,0.7771191533595054
rand_HAZB4B4C9Y_render_front.jpg,1.0,0.7888282682197745
rand_5ZZDWHRYUI_render_front.jpg,1.9204596175734419,0.2
rand_PTOOB55S8S_render_front.jpg,1.0,0.6004301731011763
rand_ET0S1OHWIR_render_front.jpg,1.0,0.10320671005416189
rand_902U5GMH91_render_front.jpg,1.0,0.2
rand_ATS350QFAP_render_front.jpg,1.0,0.9413811072417511
rand_QTNANHZK5V_render_front.jpg,1.0,0.2
rand_IZKX430EZ8_render_front.jpg,1.0,0.6702680009396786
rand_IQISL0OCXZ_render_front.jpg,1.0,0.5996498737815765
rand_E8LH4S8Z50_render_front.jpg,1.47584799339111,0.1410475631979929
rand_3O3ES1EI08_render_front.jpg,1.7150314619273188,0.2
rand_JWSYXVA3L4_render_front.jpg,1.0,0.803440835079771
rand_WK5M4L4QKE_render_front.jpg,1.0,0.2
rand_7EBM9SOK62_render_front.jpg,1.0,0.2
rand_1L7E9AZXM7_render_front.jpg,1.9855118957949338,0.2
rand_FQL3OHZLO0_render_front.jpg,1.351140475391795,0.2
rand_T7089TWMOB_render_front.jpg,1.0,0.534663972095736
rand_28R03CJD5U_render_front.jpg,1.0,0.2
rand_E2Q3XT7NM9_render_front.jpg,1.0,0.5504782273158525
rand_YKZL2SE0IQ_render_front.jpg,1.0,0.2732471626045214
rand_936N45KRLR_render_front.jpg,1.0,0.7272834201446239
rand_U19OSGMPS0_render_front.jpg,1.3713519804684324,0.2
rand_5UH4081937_render_front.jpg,1.0,0.2
rand_VFW8EHOLZC_render_front.jpg,1.0,0.9824458774853091
rand_399TIJMYW1_render_front.jpg,1.0,0.2
rand_W9TX80OSIF_render_front.jpg,1.0,0.3691380177330902
rand_QTDHLTWKQA_render_front.jpg,1.0,0.5351757764443027
rand_KPM7L2QB7L_render_front.jpg,1.9688177060169694,0.5889214377628048
rand_O0FBWM1OK8_render_front.jpg,1.0,0.3550277183102486
rand_H8PZ02OC8W_render_front.jpg,1.0,0.2
rand_AR3OQQ8Q86_render_front.jpg,1.0,0.2
rand_RAZ3074LBG_render_front.jpg,1.0,0.2
rand_4V4JEZCR4J_render_front.jpg,1.0,0.13281138122294894
rand_9ZECE4F58Y_render_front.jpg,1.0,0.2
rand_TEZVM7L0EC_render_front.jpg,1.0,0.14044521654059505
rand_8FHNOLLBHL_render_front.jpg,1.0,0.2
rand_1WVP9UJZ3K_render_front.jpg,1.9034834346390452,0.7072025314253366
rand_1RNARIKK4P_render_front.jpg,1.3522016241015027,0.692627047862206
rand_V15SA5I4UK_render_front.jpg,1.0,0.2
rand_PMBO8N0LC5_render_front.jpg,1.0,0.4308006272963516
rand_19T46DRSJK_render_front.jpg,1.0,0.2
rand_2DEM33C9HR_render_front.jpg,1.0,0.2
rand_FLG6INC1OW_render_front.jpg,1.0,0.2
rand_Y8SBJ8TNSF_render_front.jpg,1.2055290044937215,0.4554862797943211
rand_JTT4AB364V_render_front.jpg,1.8747938292243371,0.8090142726976912
rand_632J39T40I_render_front.jpg,1.0,0.3154713454209101
rand_CHQNV4DSZH_render_front.jpg,1.0,0.8478382029757745
rand_FEVH9576TP_render_front.jpg,1.0,0.2
rand_QVCYLR0OIL_render_front.jpg,1.572362369869511,0.2
rand_HWCP8F8GPB_render_front.jpg,1.0,0.2
rand_HX784IGYDB_render_front.jpg,1.0,0.2
rand_06XBJRD1Q9_render_front.jpg,1.0,0.2513963214540315
rand_8U31QEQ0O8_render_front.jpg,1.0,0.6564899360545934
rand_DPPA6FNNS5_render_front.jpg,1.7417381682924349,0.2
rand_VR2Y8T0UNF_render_front.jpg,1.0,0.5410071090504238
rand_1E0XGKIUQK_render_front.jpg,1.0,0.2
rand_0MX7J42E4B_render_front.jpg,1.0,0.5263035316659096
rand_IFTIA4T7CU_render_front.jpg,1.0,0.3656538384333441
rand_Z68Q5EVKIA_render_front.jpg,1.0,0.2
rand_RVB1RYJT9B_render_front.jpg,1.0,0.2
rand_TWX7ASV6FJ_render_front.jpg,1.0,0.3622578162271981
rand_QF7KSMFED0_render_front.jpg,1.0,0.8381565479468974
rand_6EUDZGDSWX_render_front.jpg,1.0,0.2
rand_UC4TPX03NN_render_front.jpg,1.0,0.2
rand_NH971WYQT6_render_front.jpg,1.6007774519981433,0.2
rand_U7U7FSZ982_render_front.jpg,1.0,0.518020286492867
rand_2BHXDBIHB2_render_front.jpg,1.0,0.2
rand_FICMA8RWK5_render_front.jpg,1.0,0.20098955886658315
rand_PZRI6B3EU4_render_front.jpg,1.0,0.2
rand_ZPLG9UAWEY_render_front.jpg,1.0,0.35597541258822063
rand_6A3P0TIRME_render_front.jpg,1.3499946624988537,0.2
rand_91O8VDFI3P_render_front.jpg,1.0,0.4484254698111063
rand_6PM8VFY4JE_render_front.jpg,1.0,0.2
rand_MFQC4ZPD6D_render_front.jpg,1.0,0.2
rand_Z7HMB363IC_render_front.jpg,1.2158409030124286,0.2
rand_T5AM6EISYG_render_front.jpg,1.0,0.6591621017449418
rand_J8XGLUC63M_render_front.jpg,1.0,0.29484693852834415
rand_CDOVAX6O39_render_front.jpg,1.2585848336293912,0.5318856096660771
rand_JYCK1MHO51_render_front.jpg,1.0,0.2
rand_ROWNN61J1C_render_front.jpg,1.0,0.2
rand_TV95FERTAT_render_front.jpg,1.4089368903351507,0.2
rand_FGU6G1LIGV_render_front.jpg,1.7641659251295858,0.2
rand_GLJF4FAPF7_render_front.jpg,1.0,0.2
rand_894APZALBM_render_front.jpg,1.6178578660692358,0.9272987399405604
rand_EFZRPXATOZ_render_front.jpg,1.0,0.2
rand_I48WTLKBI4_render_front.jpg,1.0,0.2
rand_N8RCPJOVZ2_render_front.jpg,1.9445502136171622,0.2
rand_CH3922TL6Z_render_front.jpg,1.0,0.3856838343051744
rand_WKBJH588BI_render_front.jpg,1.8233926793012327,0.2
rand_VE77SX98EG_render_front.jpg,1.0,0.8595095524413371
rand_H3IX6CI72M_render_front.jpg,1.0,0.4425799736174687
rand_V7IP2DBUWJ_render_front.jpg,1.4863741949953737,0.9351081783403342
rand_JKKBQ98MZA_render_front.jpg,1.0,0.2
rand_AD80FVPHJA_render_front.jpg,1.0,0.464127897281717
rand_06CZQRRGJD_render_front.jpg,1.4979006219578652,0.2
rand_UJEN8MTRZ6_render_front.jpg,1.0,0.2
rand_3AKUJSCM6T_render_front.jpg,1.024900485632124,0.2
rand_M28QOR1KA7_render_front.jpg,1.6737554330629978,0.7527969346089229
rand_PXWDW17OSN_render_front.jpg,1.0,0.9972468204646983
rand_SPSUW04WKX_render_front.jpg,1.0,0.9734801437098892
rand_L0YNWCCMMM_render_front.jpg,1.0,0.6964428956457981
rand_C2DVPR190W_render_front.jpg,1.0,0.3845587330994207
rand_2KNDV77NUR_render_front.jpg,1.9959933430800523,0.2
rand_CQXI13P8GJ_render_front.jpg,1.0,0.2
rand_IDTJ8CGGOM_render_front.jpg,1.0,0.15955085342343966
rand_RALH6MJSQ9_render_front.jpg,1.0,0.9983548583243784
rand_M9EMDLZ579_render_front.jpg,1.5407144934144732,0.2
rand_V9S3CYQBSJ_render_front.jpg,1.0,0.2
rand_YGUOX9DK9Z_render_front.jpg,1.0,0.8491975721350555
rand_UBUBVFHZU6_render_front.jpg,1.0,0.2
rand_WJTRTXHHNX_render_front.jpg,1.1380713850892767,0.2
rand_K1UNJRCS7Y_render_front.jpg,1.0,0.2
rand_PCPNYLAM8A_render_front.jpg,1.0,0.7140240941216621
rand_T0JTILYLYH_render_front.jpg,1.932374008795072,0.2
rand_3KT4Q4TMFH_render_front.jpg,1.0,0.2
rand_ARLJF6F5A6_render_front.jpg,1.0,0.2
rand_Y0H1XONZOD_render_front.jpg,1.0,0.43648709011875464
rand_3KSJEODMAJ_render_front.jpg,1.0,0.2
rand_A79KZJ118G_render_front.jpg,1.0,0.2
rand_JV5CPO77Q0_render_front.jpg,1.0,0.47107734537329826
rand_7UUVXRG2KP_render_front.jpg,1.0,0.2
rand_OZ7Z51HPYG_render_front.jpg,1.0,0.2
rand_0XC05H210D_render_front.jpg,1.0,0.2
rand_PESRLUDNMQ_render_front.jpg,1.1604730077322392,0.19084634794921296
rand_HAL02DBE2L_render_front.jpg,1.0,0.4606523646416999
rand_RSDFWDCHHQ_render_front.jpg,1.0,0.2
rand_N5DFXHKBDL_render_front.jpg,1.4952374507090123,0.4140839678266084
rand_LSVDGG5JSM_render_front.jpg,1.0609494927281469,0.2
rand_86FVEW6IHM_render_front.jpg,1.0,0.2
rand_QSIASW1NYS_render_front.jpg,1.0,0.2937648664065682
rand_VIDRWY9VCB_render_front.jpg,1.0,0.2
rand_09WQLJ3QED_render_front.jpg,1.0,0.2
rand_ALOL5DH4IW_render_front.jpg,1.1616252507391498,0.40499797086958
rand_JLOMI9UOEF_render_front.jpg,1.0,0.2
rand_2N12212IZW_render_front.jpg,1.0,0.2720305607506615
rand_J1VCZTKDYF_render_front.jpg,1.483453126706412,0.5473932977500955
rand_0OMOWY4QRR_render_front.jpg,1.0,0.2
rand_ZJOVG8U0HJ_render_front.jpg,1.0,0.9609092747855635
rand_6EW5OBUEAU_render_front.jpg,1.0935091492289737,0.2
rand_87DZXC0RPK_render_front.jpg,1.013447202044453,0.8938918052209107
rand_6OT9LU0JZO_render_front.jpg,1.0,0.5765084314694197
rand_NDJ7C2FAOX_render_front.jpg,1.2043384279970342,0.2
rand_0EIH8BJLUR_render_front.jpg,1.1272263339537045,0.2
rand_PDZ0UZHBWT_render_front.jpg,1.0,0.22641558883340518
rand_9QTLQOF119_render_front.jpg,1.0,0.8879091124208363
rand_JZ8KZN8NN3_render_front.jpg,1.0,0.7746252239144734
rand_PO5I517ZM0_render_front.jpg,1.0,0.2
rand_W2RXXFVSRD_render_front.jpg,1.0,0.8909187029873772
rand_ZRYWCSEM3V_render_front.jpg,1.0,0.2
rand_T8J0G40LAY_render_front.jpg,1.0,0.9777008107812593
rand_YRQ7V1QAJA_render_front.jpg,1.0,0.47596833317548404
rand_GK6WDBS1WQ_render_front.jpg,1.0,0.587873511183162
rand_2GPE6KEZUG_render_front.jpg,1.0,0.4117531192524896
rand_G6TT1WHR4H_render_front.jpg,1.0,0.2
rand_18Y7TZFAE8_render_front.jpg,1.0,0.8773455948882705
rand_01ILUF1M9N_render_front.jpg,1.0,0.2
rand_YD1NV4D5RY_render_front.jpg,1.7371867388539515,0.2
rand_3RW557JIDN_render_front.jpg,1.0,0.2
rand_3AO22IE6YF_render_front.jpg,1.6174575593644205,0.7864111925170026
rand_VN5Y60H5UV_render_front.jpg,1.0,0.5016527341756715
rand_ENPURW75BD_render_front.jpg,1.0,0.2
rand_AKHD7U1TG1_render_front.jpg,1.0,0.7825598727685045
rand_42Y6B7DAS3_render_front.jpg,1.0,0.2
rand_846JM2H1HP_render_front.jpg,1.0,0.2
rand_JC410D0GB5_render_front.jpg,1.0,0.2648079510884728
rand_2YQFY8ANDT_render_front.jpg,1.0,0.29315393723598443
rand_SPX1V1O84Q_render_front.jpg,1.7158676741326473,0.2
rand_U7VQHUZAMN_render_front.jpg,1.0,0.35980416389003
rand_M23NOO9V2X_render_front.jpg,1.0,0.2
rand_GXHR3JFQ23_render_front.jpg,1.7769448019068412,0.10266453777532535
rand_QZHPIOS8CV_render_front.jpg,1.0,0.2
rand_AV9GTFJKB1_render_front.jpg,1.0,0.5025492068166613
rand_8CM6BN2FQK_render_front.jpg,1.853788324734559,0.2
rand_ONP448WGHB_render_front.jpg,1.0,0.2
rand_RAN4FNN8VL_render_front.jpg,1.0,0.116828762269313
rand_OP4DRKQTO4_render_front.jpg,1.0,0.9594690294488912
rand_Z48AVLMA23_render_front.jpg,1.0,0.6158389350676589
rand_PAT2JQT9TG_render_front.jpg,1.0,0.9047665793500228
rand_1HX9UGCJ83_render_front.jpg,1.0,0.2
rand_LRB5Y7L2ER_render_front.jpg,1.8696986140203475,0.2
rand_WADKI2GH9V_render_front.jpg,1.030401169416248,0.2
rand_BT8P2Y8WCO_render_front.jpg,1.0,0.2
rand_HLF7UW5FPM_render_front.jpg,1.0,0.2
rand_U9VRWX4ZAW_render_front.jpg,1.89909595290964,0.2
rand_D4P9602E8K_render_front.jpg,1.0,0.2
rand_OQR0CZ2SF8_render_front.jpg,1.0,0.2
rand_GHE65HSSX2_render_front.jpg,1.0,0.6868605131081023
rand_EA187JVKBX_render_front.jpg,1.0,0.8050220909756924
rand_NBMFEK4UJD_render_front.jpg,1.0,0.2
rand_IMCIL33SJE_render_front.jpg,1.4250675454821429,0.2
rand_NQ54U09G50_render_front.jpg,1.947240207084059,0.2
rand_7SQ3YSGP05_render_front.jpg,1.0,0.2
rand_R614D0TTSS_render_front.jpg,1.0,0.2
rand_PTVYYRKTH2_render_front.jpg,1.0,0.2
rand_J5CI6C09Z0_render_front.jpg,1.0,0.1343475883920365
rand_YIMBVYO7UW_render_front.jpg,1.565769230745079,0.2
rand_2CN94918I1_render_front.jpg,1.8607327468653603,0.11620474385560046
rand_4YZ2K4A2WL_render_front.jpg,1.0,0.5776547578632009
rand_5X4CLJ0RSD_render_front.jpg,1.0,0.41274049812152336
rand_56EC0IZTTR_render_front.jpg,1.5438850675845985,0.6845701980644312
rand_HL30VVOUJZ_render_front.jpg,1.0108489655300443,0.5392879406100213
rand_RMCK825N4E_render_front.jpg,1.0,0.29902803938230443
rand_QQ0A0UUPSD_render_front.jpg,1.0,0.2
rand_PH9ZNR9K0O_render_front.jpg,1.2941547368672706,0.23079213032081328
rand_S1P9VTB95J_render_front.jpg,1.0,0.5239844558276593
rand_NADADJ9MCM_render_front.jpg,1.1346107886174277,0.28578983450496653
rand_4CISXXKXN5_render_front.jpg,1.0,0.4343764485520517
rand_NUCX4GVRNP_render_front.jpg,1.3808711718592925,0.5495621763831336
rand_4Y8W6APBRC_render_front.jpg,1.0114016991659422,0.2
rand_FY6JHEEVE9_render_front.jpg,1.0,0.7351055105223033
rand_QX3584QBZ9_render_front.jpg,1.0,0.2
rand_VLPOP3U80W_render_front.jpg,1.0,0.78068886484954
rand_GRFMTI53U7_render_front.jpg,1.0,0.2
rand_9151I13RYF_render_front.jpg,1.0,0.2
rand_GAAV6KY7LF_render_front.jpg,1.0,0.11428637329977226
rand_I94A2PN3VJ_render_front.jpg,1.0,0.8333695101561589
rand_O2RWGJJ05M_render_front.jpg,1.0,0.2
rand_DSU1C8ZIZJ_render_front.jpg,1.5793404505012703,0.5624155572035293
rand_O8U288ZDLZ_render_front.jpg,1.0,0.30663151455438464
rand_DLPFZ2AJ9S_render_front.jpg,1.0,0.3945003393148163
rand_BLLIDO1JFE_render_front.jpg,1.987932818909225,0.2
rand_R6BCV26LSM_render_front.jpg,1.0,0.36658786316546743
rand_KGZO12MIGG_render_front.jpg,1.0,0.2
rand_K1U8097PK7_render_front.jpg,1.0,0.2
rand_KGILMXZO62_render_front.jpg,1.0,0.2
rand_88CLELZFCU_render_front.jpg,1.0,0.10107570036051594
rand_4IV046C01B_render_front.jpg,1.7404044988539087,0.2
rand_1V0LO2YAKU_render_front.jpg,1.0,0.2
rand_AFY7VVV2PR_render_front.jpg,1.0,0.17054030135972117
rand_2KFZ0VWDTF_render_front.jpg,1.0,0.2018044759178733
rand_UUC6NDEA84_render_front.jpg,1.0,0.2
rand_R29WUAHNJE_render_front.jpg,1.0,0.5070008920980134
rand_X6VBRQMTLI_render_front.jpg,1.0,0.2950605309665969
rand_VNO1DSCD8M_render_front.jpg,1.0,0.2
rand_1IPAPWY5UN_render_front.jpg,1.0,0.2
rand_8MNXYR87UE_render_front.jpg,1.0,0.2
rand_ZOKZFI5Q69_render_front.jpg,1.0,0.2
rand_70CQK2E8M6_render_front.jpg,1.0,0.7246699076113247
rand_A5WHURJ5F8_render_front.jpg,1.3426069315531994,0.15404636022751966
rand_KZYFWY893P_render_front.jpg,1.0,0.2
rand_0XXOYAKE5J_render_front.jpg,1.0,0.2
rand_15TP8YML92_render_front.jpg,1.0,0.2
rand_LDPDZOYZXG_render_front.jpg,1.0,0.2
rand_Z69ZP7G271_render_front.jpg,1.0,0.2
rand_EDKTGIL1QC_render_front.jpg,1.0,0.5837760605331368
rand_T61AKBP9QZ_render_front.jpg,1.0,0.2
rand_GO12B00OWO_render_front.jpg,1.0,0.9140386918973586
rand_DUW2N2AUBO_render_front.jpg,1.0,0.7836040919090472
rand_6J8OPWEFSL_render_front.jpg,1.1858781975443753,0.9047888629417411
rand_40YOX71KXD_render_front.jpg,1.017194579146926,0.2
rand_IUODWJQ55F_render_front.jpg,1.0,0.3030253420875145
rand_ZMTKIFIKID_render_front.jpg,1.0,0.2
rand_QH5HG1DARP_render_front.jpg,1.2300969445942305,0.2
rand_IIEDYFRH80_render_front.jpg,1.0,0.4247150490359748
rand_0RP87ZSKNR_render_front.jpg,1.0,0.2
rand_0X516CR9RN_render_front.jpg,1.7182672861464607,0.2
rand_9ZO8D989XF_render_front.jpg,1.0,0.2
rand_D29VMAGLXV_render_front.jpg,1.0,0.7670259172268684
rand_GH4DCWTXGN_render_front.jpg,1.0,0.9405951273180257
rand_RPLOPMSPXM_render_front.jpg,1.0,0.24221222668505704
rand_9OT73A78C9_render_front.jpg,1.0,0.2
rand_WQE6AYAQ7T_render_front.jpg,1.0,0.2
rand_ZQZV3Y1S0F_render_front.jpg,1.0,0.42577768662838167
rand_TSI3TK9WH9_render_front.jpg,1.0,0.9534499731818431
rand_63ZNGGQ76X_render_front.jpg,1.0,0.7914961728536175
rand_U4GMEHZGR3_render_front.jpg,1.0,0.7493344029938983
rand_QO7OX75D4F_render_front.jpg,1.0,0.2
rand_3QTMRDLDFC_render_front.jpg,1.0,0.2
rand_UO1QPIU82B_render_front.jpg,1.0,0.7785700481339545
rand_DNLPR6VZGC_render_front.jpg,1.908829688859719,0.33132272371844373
rand_UFDPBXE5MJ_render_front.jpg,1.0,0.91011140933755
rand_CW0LKNOCT0_render_front.jpg,1.0,0.2
rand_FY1OFE9W8V_render_front.jpg,1.0,0.2
rand_M2USJ28E3U_render_front.jpg,1.0,0.7930311051279936
rand_RFQBO874LN_render_front.jpg,1.4003456000989911,0.9482199960358423
rand_RN1M22JMSP_render_front.jpg,1.0,0.2
rand_OXNQ9938R5_render_front.jpg,1.0,0.2
rand_TAZN9CG89D_render_front.jpg,1.0,0.24171959851103192
rand_RXJUFWCUDA_render_front.jpg,1.0,0.2
rand_VJ9DBX8HJN_render_front.jpg,1.0,0.8824391510419725
rand_937SU4S8XA_render_front.jpg,1.0,0.6602489490550938
rand_U9K3DM8V2W_render_front.jpg,1.0502136610470982,0.2
rand_S1C81FME7K_render_front.jpg,1.6605353197730817,0.7203711382089175
rand_2EO973YGBD_render_front.jpg,1.0,0.2
rand_INUTTJS5K3_render_front.jpg,1.0,0.2
rand_498E99EU9N_render_front.jpg,1.0,0.2
rand_SEJXYTVF2A_render_front.jpg,1.0,0.42053627579846986
rand_YG3B2YQMEM_render_front.jpg,1.3093593412655697,0.7661615186705862
rand_BGHFJXFW3S_render_front.jpg,1.0,0.4170163502499683
rand_BGWVTKIMAV_render_front.jpg,1.0,0.802899327016258
rand_7TYHTZRDKW_render_front.jpg,1.0633896238675138,0.2
rand_CYYL3DU185_render_front.jpg,1.0,0.9091378077845745
rand_0K42KO4TW9_render_front.jpg,1.0,0.5746661106229087
rand_NXVK5TIQ70_render_front.jpg,1.0,0.2
rand_WAZB041Q63_render_front.jpg,1.0,0.2
rand_1E7A3XJTG2_render_front.jpg,1.0,0.9798339642035927
rand_101FK8H6AZ_render_front.jpg,1.0,0.270494448359174
rand_OUHJ02K6M7_render_front.jpg,1.0,0.7295762529370095
rand_BZBRCQ1TL8_render_front.jpg,1.0,0.2
rand_JF31DI9S28_render_front.jpg,1.0,0.6100038338233804
rand_X4NSY75NC6_render_front.jpg,1.1184179396883585,0.7608406212886473
rand_1FFE74SNPF_render_front.jpg,1.0,0.8710978151775649
rand_GXIN1NIAEN_render_front.jpg,1.0,0.2
rand_3YJGVI0PGU_render_front.jpg,1.0,0.2
rand_21SJ0WNZB1_render_front.jpg,1.6257495719524169,0.2
rand_921EAEVOC8_render_front.jpg,1.013001284984592,0.43119658327331867
rand_VJ4X34EHFB_render_front.jpg,1.0,0.36059828395362126
rand_LODBK4JTLY_render_front.jpg,1.5977427223440377,0.23282730438154395
rand_QUCH4O3EAV_render_front.jpg,1.1381015039436388,0.5232710543870619
rand_X6GP51F55H_render_front.jpg,1.0,0.322863507740344
rand_CUZ46D2ZJX_render_front.jpg,1.8694123619799499,0.2
rand_J84W7FYTG7_render_front.jpg,1.1927997516170343,0.2
rand_MLPTZ56C5G_render_front.jpg,1.7128724327587945,0.2
rand_1Q7SCGVCYH_render_front.jpg,1.7031099618332712,0.2
rand_0WPM58LUD6_render_front.jpg,1.0275845217839352,0.2
rand_G90O0ZLO1K_render_front.jpg,1.0,0.9627014851404603
rand_0UXS3J0GYN_render_front.jpg,1.0835079355719595,0.2
rand_M4Z0YOEJ6V_render_front.jpg,1.4816005794644707,0.2
rand_7QSJQYA3KZ_render_front.jpg,1.0,0.2
rand_29CIY84FH8_render_front.jpg,1.1466505072732112,0.8599351292583463
rand_6N09RTWGE6_render_front.jpg,1.4197592275053612,0.2
rand_F05M1CL7BJ_render_front.jpg,1.0,0.2
rand_I1I0FLOLLG_render_front.jpg,1.6483572973874336,0.6368246197846248
rand_549X1L21AQ_render_front.jpg,1.4704464520156857,0.33107328196886665
rand_1QBX81UFGA_render_front.jpg,1.0,0.2
rand_TQKR1C74JM_render_front.jpg,1.0,0.6031207206163204
rand_WO2IXJVC0S_render_front.jpg,1.0,0.9518935965331624
rand_6125D60EDP_render_front.jpg,1.026692675312268,0.7429824101126211
rand_300PM233IZ_render_front.jpg,1.4024031707030875,0.2
rand_KWSW7MYU8W_render_front.jpg,1.3526611662784824,0.2
rand_GRZZEA8QA4_render_front.jpg,1.0,0.2
rand_L0J65MD67P_render_front.jpg,1.0,0.46072431376249046
rand_N26JBJBJDF_render_front.jpg,1.0,0.11529484132546268
rand_LE5V6ME4R4_render_front.jpg,1.0,0.2861867588460457
rand_QFM5AB6AAM_render_front.jpg,1.0,0.9666789476550418
rand_VEO8RYJN2D_render_front.jpg,1.0,0.19371528070745603
rand_JNC1VWFFOL_render_front.jpg,1.0,0.2
rand_52EP4QJLGQ_render_front.jpg,1.0,0.9951606196120082
rand_ZL8FG2QHE8_render_front.jpg,1.0,0.9100319474212888
rand_GZ2LR4R67S_render_front.jpg,1.7310009119986254,0.9316703738457818
rand_IX7B629DW4_render_front.jpg,1.0,0.2
rand_4V18PYF6XI_render_front.jpg,1.0,0.2
rand_5WV2L1QKFW_render_front.jpg,1.0,0.2
rand_C2G6Q85Y51_render_front.jpg,1.1483171860675454,0.6722937633670525
rand_FQPQL0PR8N_render_front.jpg,1.0,0.8729749988823857
rand_QAUPM9BWWR_render_front.jpg,1.0,0.572238596800775
rand_0FU48H5R3N_render_front.jpg,1.0,0.9352660784431952
rand_I0D6Z1OLKC_render_front.jpg,1.0,0.8465829559562645
rand_R5PFB42R1H_render_front.jpg,1.0,0.2
rand_354SATQSWX_render_front.jpg,1.0,0.2
rand_NCSXPSTCZP_render_front.jpg,1.0,0.2
rand_DMWVOMO14R_render_front.jpg,1.0,0.2
rand_9IDHR2KL53_render_front.jpg,1.0,0.4329378995906251
rand_CSA6EAXFPU_render_front.jpg,1.0,0.12758227164396008
rand_ATSP8XI1DO_render_front.jpg,1.0,0.6167008298696935
rand_SL0QRM1QQE_render_front.jpg,1.0,0.16687111467109567
rand_EL0R0RPLEN_render_front.jpg,1.0,0.2
rand_TNCTZV7X46_render_front.jpg,1.2582307075915116,0.2
rand_G4BVSVEQ78_render_front.jpg,1.81601039831691,0.8365156236301065
rand_CWWF6LCLCU_render_front.jpg,1.0,0.2
rand_CIXTBMFTF9_render_front.jpg,1.0,0.2
rand_6130G2A3QF_render_front.jpg,1.0,0.2
rand_Y680EEJU7M_render_front.jpg,1.0,0.11970617094199866
rand_FL16CQMN7G_render_front.jpg,1.0,0.20458087355762183
rand_VELHOGGBOU_render_front.jpg,1.0,0.20036125593381188
rand_1FZV40D0UQ_render_front.jpg,1.0,0.2
rand_LQ47DIIPIH_render_front.jpg,1.0,0.2518650009947905
rand_ZBEC2OCCVI_render_front.jpg,1.5641627516840233,0.6002492781603177
rand_UFU4TYK6XP_render_front.jpg,1.0,0.2
rand_6A6NZ7VDV5_render_front.jpg,1.3304212719972472,0.8080535637847865
rand_CRH2YKQWG4_render_front.jpg,1.0,0.2
rand_F234OK9CDN_render_front.jpg,1.4467624530314263,0.2
rand_WUIO0GRBFI_render_front.jpg,1.0120921931833504,0.2
rand_FIWC72VCOP_render_front.jpg,1.0,0.2
rand_8ZFLECHC7N_render_front.jpg,1.0,0.6990341100079546
rand_YD2H9RTL5N_render_front.jpg,1.0,0.2
rand_E8QHANCM1Y_render_front.jpg,1.0,0.41964507921969874
rand_3BZARB9MX5_render_front.jpg,1.399631267787044,0.2
rand_IDWC22OIX7_render_front.jpg,1.673296329157599,0.2
rand_QEZWLQLDOU_render_front.jpg,1.0,0.6124782050494425
rand_72NUHHXO3T_render_front.jpg,1.0,0.9994800315579387
rand_XG9DK763MO_render_front.jpg,1.0,0.5281040903528498
rand_40QHYBGIVB_render_front.jpg,1.0,0.2
rand_WYDS2N5BOS_render_front.jpg,1.0,0.5651157700677849
rand_MTBEP28RKI_render_front.jpg,1.0,0.7983182880710825
rand_PBQOUI5U4U_render_front.jpg,1.0,0.687003553181573
rand_MFPEKWP5I5_render_front.jpg,1.0,0.2
rand_WLCVZO5HF2_render_front.jpg,1.3479833120353093,0.2
rand_F4Y219IQZR_render_front.jpg,1.3530055728172528,0.2
rand_E07LPCBPG5_render_front.jpg,1.0,0.5173827681896666
rand_HDZKVIRQL5_render_front.jpg,1.4301123560488151,0.2
rand_62K92YWQU3_render_front.jpg,1.0,0.2
rand_7JWHMPVNJE_render_front.jpg,1.0,0.40502960865032567
rand_SQ1QRJV73U_render_front.jpg,1.0,0.2
rand_CVCGGHWBWL_render_front.jpg,1.0,0.2
rand_45H2XRPP5S_render_front.jpg,1.0,0.2
rand_AMDWGPC9IR_render_front.jpg,1.3746228159608702,0.4243881780420178
rand_K1QFZ3WFRY_render_front.jpg,1.0,0.7693126699702816
rand_Q1781DDWXI_render_front.jpg,1.3075169084683704,0.8898287019889507
rand_B1G47ISAJN_render_front.jpg,1.0,0.27150905297078687
rand_0QD4D0GZ76_render_front.jpg,1.6798989947850012,0.2
rand_3NPXSXA9NG_render_front.jpg,1.0,0.2
rand_QKV0WQETSG_render_front.jpg,1.0,0.40834183964646975
rand_RDUKXJG5DC_render_front.jpg,1.0367735091940198,0.2
rand_2Q97QUE8QG_render_front.jpg,1.0,0.1663276147913786
rand_ZDIUIXLREL_render_front.jpg,1.8123774769568353,0.2
rand_EXW372UN4L_render_front.jpg,1.4955841437199031,0.2
rand_VY1S7A2QLL_render_front.jpg,1.0,0.2
rand_13CWFOM17S_render_front.jpg,1.0,0.7881582514608461
rand_2Y7GEPKX1H_render_front.jpg,1.6813233627022433,0.2
rand_03ED5XAYMM_render_front.jpg,1.0,0.2
rand_U740QZAH4X_render_front.jpg,1.0,0.2
rand_MN0FOOOXB4_render_front.jpg,1.3249169866617665,0.2
rand_VJ74SA8MGQ_render_front.jpg,1.0,0.2
rand_S56A9AH46O_render_front.jpg,1.0,0.2
rand_N0EPAO0PZI_render_front.jpg,1.0,0.63685063825921
rand_WU5OXGZQY7_render_front.jpg,1.0,0.13567539577281262
rand_OADP9G0I5K_render_front.jpg,1.0,0.2
rand_IL5N0KSI28_render_front.jpg,1.0,0.2
rand_4B8HNSVBK1_render_front.jpg,1.0,0.2
rand_EA636AFD6Q_render_front.jpg,1.0,0.2
rand_7OAW9FDNHR_render_front.jpg,1.0,0.2
rand_NLZK1YNTRP_render_front.jpg,1.5206802639090236,0.2
rand_QCVJ5AKB9R_render_front.jpg,1.0,0.51848577783054
rand_X7PLZKSLWL_render_front.jpg,1.0,0.5500693772197892
rand_WDFA393W85_render_front.jpg,1.3129782026404984,0.2
rand_TBAJVLO7Y3_render_front.jpg,1.3325765847184876,0.2
rand_FKOVYV09NK_render_front.jpg,1.0,0.351279927528241
rand_H1YZMAF3GW_render_front.jpg,1.0,0.2
rand_1NYTRRWAKM_render_front.jpg,1.0,0.2
rand_961OTVJBO6_render_front.jpg,1.1220205903625355,0.2
rand_F0EYCOSCEF_render_front.jpg,1.8702467992656249,0.2
rand_4BI9SXEZ3K_render_front.jpg,1.0,0.2
rand_ZLUFNMINFN_render_front.jpg,1.0,0.852194039448358
rand_WBA0T686MQ_render_front.jpg,1.0,0.2
rand_N7GRUD8H1J_render_front.jpg,1.0,0.2
rand_Z907S5LP7Z_render_front.jpg,1.0,0.7163605251241664
rand_AED3LBC15A_render_front.jpg,1.8678510044456507,0.2
rand_R6PRH09S1K_render_front.jpg,1.0,0.8650016957792426
rand_U6SUZWT519_render_front.jpg,1.0,0.2
rand_OCYJ9TEWHX_render_front.jpg,1.0,0.2
rand_UM9RNX9YNT_render_front.jpg,1.2383210126414217,0.2
rand_4JWGB0GOEW_render_front.jpg,1.0,0.2
rand_KMDJU9P3I4_render_front.jpg,1.0,0.10480243267184285
rand_P3OLRMG1GD_render_front.jpg,1.3292994052528626,0.2
rand_SA6F4FLN7H_render_front.jpg,1.0,0.2
rand_MI6G3F9VLE_render_front.jpg,1.6985943007061692,0.4895822995348541
rand_1GJ4Y6GWZU_render_front.jpg,1.0,0.2
rand_GAOGKSLQQD_render_front.jpg,1.0,0.2
rand_RHY0J1J59Y_render_front.jpg,1.0,0.2
rand_N0G98OEUET_render_front.jpg,1.3124774554686174,0.3112358875239194
rand_IU3NAACI2H_render_front.jpg,1.0,0.2
rand_CZDXKZNRG3_render_front.jpg,1.0,0.2
rand_7TK4IWAY74_render_front.jpg,1.0,0.46632356748833903
rand_FORONJN67Z_render_front.jpg,1.0,0.31662429779334267
rand_XHVY3HH5YK_render_front.jpg,1.0,0.6395282430395978
rand_0YUFS79FZF_render_front.jpg,1.0,0.8322361993116434
rand_NTQ42FJH97_render_front.jpg,1.7621726629614807,0.1970971945397903
rand_UL54A725FT_render_front.jpg,1.8144213049046083,0.27601963834928733
rand_BGRZ9DRMXX_render_front.jpg,1.4968586335848713,0.2
rand_6Q3JSTYU2T_render_front.jpg,1.0,0.5029215085612174
rand_6GB8CX1QWC_render_front.jpg,1.0,0.2
rand_HW93XZY9D4_render_front.jpg,1.0,0.6193823599015247
rand_2R2QKYD0JH_render_front.jpg,1.0,0.2
rand_PHXHG4UPPY_render_front.jpg,1.0,0.22116399173225204
rand_9J7IU2WRR2_render_front.jpg,1.0,0.5229783417182002
rand_7TN4B9F2PR_render_front.jpg,1.0,0.2
rand_NV8YX8P0XQ_render_front.jpg,1.0,0.2
rand_FQN1V2ZHL6_render_front.jpg,1.0,0.6474310624596556
rand_65THU9GZHR_render_front.jpg,1.773588715093021,0.2
rand_PIFGVDZ8B5_render_front.jpg,1.0151371079016127,0.2
rand_VXCJMUSYCN_render_front.jpg,1.462242455857018,0.2
rand_F1QCRYL0KQ_render_front.jpg,1.6091660684680038,0.730156466999713
rand_PIOTSFT7L1_render_front.jpg,1.106222634540984,0.2
rand_GHGLK9DVI5_render_front.jpg,1.0,0.2
rand_S90N9UKAF8_render_front.jpg,1.0,0.5258852986310147
rand_FY6IH78FR1_render_front.jpg,1.0,0.11382042279354748
rand_ROP8FNV1FA_render_front.jpg,1.7147677635777279,0.5333204692348162
rand_D9O1P91N2U_render_front.jpg,1.0,0.2
rand_8ND4QE9JNA_render_front.jpg,1.0,0.5837302112085462
rand_1K2PVCSEVA_render_front.jpg,1.0,0.2
rand_7K61T0LYFJ_render_front.jpg,1.929933456336963,0.4844601602976817
rand_ZVR1Z7V0LH_render_front.jpg,1.0,0.2
rand_SQZ6FCTGE0_render_front.jpg,1.1160990898422187,0.24654376386156363
rand_ZLA0IE4UDH_render_front.jpg,1.0,0.2
rand_K2FJVB3L3I_render_front.jpg,1.0,0.1350775643187916
rand_L87W8BXGSY_render_front.jpg,1.0,0.2
rand_KJB2RXL4JL_render_front.jpg,1.0,0.6521411406083185
rand_M6QMM456GO_render_front.jpg,1.0,0.43635032425071807
rand_44RAPGI4UY_render_front.jpg,1.0,0.15002193298391758
rand_U6KNOVG9KM_render_front.jpg,1.620089186657225,0.9614330390591372
rand_E58XKW33RS_render_front.jpg,1.0,0.3835556696344852
rand_B9XTOTWIKL_render_front.jpg,1.0,0.7931836798183434
rand_YZUNY115H3_render_front.jpg,1.0,0.47105998494105283
rand_5N9TKTAKET_render_front.jpg,1.1317678108484333,0.7975842595667714
rand_WDZVG2VI1X_render_front.jpg,1.3756441556873502,0.2
rand_JKCLTZ9I94_render_front.jpg,1.0,0.2025635911058926
rand_TRHYZMFOPG_render_front.jpg,1.0,0.863960693167436
rand_CSY2WLUOS1_render_front.jpg,1.0,0.2
rand_9T8699GGWW_render_front.jpg,1.0,0.2
rand_HPTXVNPQIL_render_front.jpg,1.0,0.2
rand_IIV936YNMQ_render_front.jpg,1.2076252850799527,0.2
rand_JWLXYSB6EG_render_front.jpg,1.4252884893062705,0.2
rand_IV1BOT5N7F_render_front.jpg,1.0,0.33836383083821936
rand_RQ9QQ89XP5_render_front.jpg,1.967035130654635,0.2
rand_LN1VVMMCK3_render_front.jpg,1.8196225103903148,0.2
rand_BZ3L9N5EDA_render_front.jpg,1.0,0.2
rand_FJLPGPSVAK_render_front.jpg,1.0,0.2
rand_WUCGU5J01Y_render_front.jpg,1.0,0.7100727896162717
rand_51B0FPGZIU_render_front.jpg,1.0,0.3301889152502958
rand_S6E84MY4DW_render_front.jpg,1.0,0.2
rand_VGTV59ISV2_render_front.jpg,1.0,0.2
rand_7D4NM7T8LP_render_front.jpg,1.0,0.2
rand_DMWEOFINBW_render_front.jpg,1.0,0.5123838492238713
rand_4J7HKDTEJN_render_front.jpg,1.0,0.15285624841983467
rand_V3VU74LWCP_render_front.jpg,1.3874993948909529,0.4684790649372158
rand_SRTKB8BBEN_render_front.jpg,1.0,0.8981715928257721
rand_LC07QJRMMR_render_front.jpg,1.0,0.2
rand_EZCSCXZ0SH_render_front.jpg,1.7809728052171003,0.2
rand_XIALG7FNMT_render_front.jpg,1.0,0.48344695502910506
rand_LMKA2ZFQAU_render_front.jpg,1.346631050350531,0.6672145287080662
rand_O3YS0OODHR_render_front.jpg,1.0140873098931353,0.2558355348194741
rand_EOXBWV0IM7_render_front.jpg,1.0,0.8309373685580774
rand_0WZDTSY8BE_render_front.jpg,1.554324987054465,0.47456541178440537
rand_V854K5GMH8_render_front.jpg,1.8993208036268474,0.4447873493844613
rand_8SWG3RNIQZ_render_front.jpg,1.0,0.7742663178604887
rand_TA4RRUSE8V_render_front.jpg,1.0,0.905404687128584
rand_8TL4C2FDT9_render_front.jpg,1.0,0.7570351579174012
rand_RIU4GGNHS1_render_front.jpg,1.0,0.2
rand_1Q0BXPCP7B_render_front.jpg,1.0,0.2
rand_37I2VB79C3_render_front.jpg,1.0,0.2
rand_ES12HNHVKD_render_front.jpg,1.4103613585718422,0.2
rand_TXGZ4CAXAN_render_front.jpg,1.3357334029233794,0.2
rand_Z202IKS4A6_render_front.jpg,1.0,0.11124689138354961
rand_Y4Z82I8OHH_render_front.jpg,1.0,0.5716853060245752
rand_G1OTF44A1U_render_front.jpg,1.0,0.2
rand_IYXACC94AE_render_front.jpg,1.9329709589840522,0.3892550642124585
rand_EYXG2R8KVJ_render_front.jpg,1.0818986831776927,0.4776357573459762
rand_GGHP8NGCI0_render_front.jpg,1.0,0.2
rand_1EXE7X1JYE_render_front.jpg,1.0,0.7192947484701318
rand_CYWNGMEEIC_render_front.jpg,1.180597467490783,0.2
rand_SKREYVAG4D_render_front.jpg,1.0,0.6592637725217614
rand_NYU147FNW8_render_front.jpg,1.0,0.6211410883885617
rand_7DVHZ4Z2QI_render_front.jpg,1.0,0.8945674405731483
rand_FX0KZJUDDL_render_front.jpg,1.0,0.2
rand_19JCDVRTTX_render_front.jpg,1.0,0.2
rand_41BCWSO3VC_render_front.jpg,1.0,0.31495434659531296
rand_4GGNGJ3E4N_render_front.jpg,1.0,0.650797617005958
rand_XWJND2JF8D_render_front.jpg,1.0,0.687726095515928
rand_SIFH5D3WLC_render_front.jpg,1.0886570387847274,0.2
rand_IERDUEN8LS_render_front.jpg,1.0,0.2
rand_SXPMH02A87_render_front.jpg,1.0,0.9334139877705926
rand_G1F4MUBHRE_render_front.jpg,1.0,0.9673574140769702
rand_D7OAC0HKEB_render_front.jpg,1.0,0.4282206479149092
rand_MXFYP6XAVP_render_front.jpg,1.0,0.2
rand_LF1QJANUJU_render_front.jpg,1.0,0.8847811560610843
rand_RT7066MO3D_render_front.jpg,1.2274514171778297,0.7346895023336221
rand_HROIYKHCPD_render_front.jpg,1.7269091627918605,0.2
rand_HRWN6DXYK1_render_front.jpg,1.8916862073989869,0.2
rand_LTQ4AZIPX0_render_front.jpg,1.6850612730240058,0.2
rand_FDBA3X0F5U_render_front.jpg,1.0,0.2
rand_SEX26H2XRU_render_front.jpg,1.0,0.4913407022127456
rand_62H0R2XG4R_render_front.jpg,1.3874264218465406,0.2
rand_G6EKRQ1D73_render_front.jpg,1.0575183772860788,0.2
rand_7DBOJ9YSKY_render_front.jpg,1.0,0.33786572599888226
rand_ML93N5FZBG_render_front.jpg,1.0,0.2
rand_3DAWRL77EB_render_front.jpg,1.6394504361901494,0.2
rand_IVCZUKPLZB_render_front.jpg,1.0,0.39727428643639884
rand_AVI70X505O_render_front.jpg,1.2662821724521307,0.2
rand_WID9I3NL9P_render_front.jpg,1.0,0.8145316810728991
rand_IILGXDSHP9_render_front.jpg,1.0,0.2
rand_ZYP4C88ZNV_render_front.jpg,1.0,0.7280782933730359
rand_CATT0NMT59_render_front.jpg,1.0,0.4767160250489739
rand_SQ8TAJOH5M_render_front.jpg,1.4110774539237436,0.2
rand_5IC5XIEBFC_render_front.jpg,1.0,0.2
rand_UKGAHXBFRG_render_front.jpg,1.0,0.8205706116299931
rand_MQFTWF2ISB_render_front.jpg,1.0,0.3999583412149271
rand_JBO9M1L2UK_render_front.jpg,1.0,0.2
rand_5DLT5NCBEO_render_front.jpg,1.884176692172288,0.2
rand_8Q38FAGDQV_render_front.jpg,1.0,0.661441952833127
rand_3B9ETLAKKR_render_front.jpg,1.0,0.8234901350803306
rand_XUQZABOU2G_render_front.jpg,1.0,0.2853299544331548
rand_FQDUOA1H3R_render_front.jpg,1.020600895970788,0.6016020228185627
rand_NFLRMON165_render_front.jpg,1.0,0.2588408592158706
rand_BL43LQ8DN0_render_front.jpg,1.0,0.840565555644165
rand_GDSL0T2GOB_render_front.jpg,1.0,0.6650276525863318
rand_VOYT0OHK30_render_front.jpg,1.0,0.3446521405261202
rand_HS9ORBKKT7_render_front.jpg,1.0,0.2
rand_KHS33MKVCM_render_front.jpg,1.3311728824282305,0.2
rand_R7JIK9KWND_render_front.jpg,1.0,0.2
rand_QR3OQUDU4P_render_front.jpg,1.0,0.8069654992129904
rand_HH9UX35WU5_render_front.jpg,1.0,0.6923106049975202
rand_X9SNDZXUHB_render_front.jpg,1.0,0.2
rand_KTPXWVMD7V_render_front.jpg,1.0,0.2
rand_B77GWY37MF_render_front.jpg,1.0,0.5413539758337638
rand_TEJV7U0QVD_render_front.jpg,1.0,0.2
rand_5NW2K4I7FI_render_front.jpg,1.0,0.2
rand_8IYVAS4MDA_render_front.jpg,1.359094176535398,0.9814611390208247
rand_1GRE4I49KE_render_front.jpg,1.0,0.2
rand_O7CEEXFFE5_render_front.jpg,1.544056509216278,0.2
rand_1FW5IXBE6J_render_front.jpg,1.0,0.2
rand_DNYMK8CGBP_render_front.jpg,1.6780344521095136,0.8782343119366706
rand_HY0JOLNZCP_render_front.jpg,1.0,0.20815655823498147
rand_TMTMIEPAVE_render_front.jpg,1.0,0.3496092198504779
rand_MORV7KZ0OV_render_front.jpg,1.0,0.2
rand_MEJHJL75DM_render_front.jpg,1.6787337485674692,0.8189020005739558
rand_2DTO226KCB_render_front.jpg,1.0,0.18273731607483046
rand_73QYHJJHM2_render_front.jpg,1.0,0.2
rand_TYRZQ3CE8U_render_front.jpg,1.0,0.2971155796519687
rand_HC49MKSTJ7_render_front.jpg,1.0,0.7025646498895557
rand_NG13KJQOGY_render_front.jpg,1.0,0.2
rand_9T0BBXD1NO_render_front.jpg,1.0,0.2
rand_TNHE68UYRU_render_front.jpg,1.477925419858852,0.2
rand_5DY3AIHCOT_render_front.jpg,1.0,0.2
rand_4RCQXGOIF9_render_front.jpg,1.6832012385548185,0.5956931460577843
rand_9L93Z32R6X_render_front.jpg,1.0,0.983634852015604
rand_J1D3GKU7SV_render_front.jpg,1.0,0.2
rand_BLSDIYA6RY_render_front.jpg,1.0,0.8872741538944912
rand_YDJWEFBQRU_render_front.jpg,1.0,0.3984708324028744
rand_WB2A2EKVB4_render_front.jpg,1.8712923770374408,0.2
rand_4AM6TQUXDP_render_front.jpg,1.12558418393206,0.5304149900454307
rand_63ULCZ9SP8_render_front.jpg,1.0,0.6676009533349454
rand_PYC12VT3YA_render_front.jpg,1.0,0.2
rand_BWS7OU8EU2_render_front.jpg,1.0,0.2
rand_7EH5EMJZPM_render_front.jpg,1.0,0.2
rand_RCAQ4QMD4X_render_front.jpg,1.263832326414581,0.2628566814992834
rand_GEX2ZTL3T9_render_front.jpg,1.3358091291958951,0.538443206703801
rand_20UC4LE2AX_render_front.jpg,1.8143826154914642,0.8737742036334541
rand_RIOIRM0NTM_render_front.jpg,1.7836319536937215,0.631018964429783
rand_FMTZXLWBTE_render_front.jpg,1.0,0.7220943473209317
rand_R0VM0ZOVG9_render_front.jpg,1.0,0.2
rand_4U9589HXZZ_render_front.jpg,1.7343786305655273,0.8045887343841452
rand_W1L1PM9FCW_render_front.jpg,1.0,0.27043308814038874
rand_W71M2D15JO_render_front.jpg,1.0,0.2
rand_USFQWKDZ17_render_front.jpg,1.9766994666343527,0.9938922807779366
rand_0M2VKD7HPN_render_front.jpg,1.0,0.9294579498617226
rand_0B2ZXW0U60_render_front.jpg,1.0,0.2
rand_U0OQOD0CUK_render_front.jpg,1.7354560575388867,0.2
rand_SJGJP2EGEH_render_front.jpg,1.0,0.2
rand_9KD97VOWAM_render_front.jpg,1.0,0.2
rand_2HXLUWKM2G_render_front.jpg,1.9588775438521049,0.91149269525919
rand_PFBMCUDKM7_render_front.jpg,1.0,0.2
rand_VPXBJFL8Q7_render_front.jpg,1.0,0.9699043004957958
rand_6LT852E6UA_render_front.jpg,1.0,0.2
rand_T0GD5RFT86_render_front.jpg,1.0,0.2
rand_L47K4IX1XQ_render_front.jpg,1.0,0.2
rand_OEM8F2IJRC_render_front.jpg,1.5628979533644713,0.7043324206294268
rand_3UVF2GI9GN_render_front.jpg,1.0,0.4754641257865526
rand_2FHCXQ5TU4_render_front.jpg,1.2916640109273205,0.19976131777601497
rand_SOPUTK0YNQ_render_front.jpg,1.0,0.2
rand_Z3XK3DGA0I_render_front.jpg,1.0,0.4260472262042517
rand_6K4VFSGAFS_render_front.jpg,1.0,0.729176568502521
rand_TLRJAVS56O_render_front.jpg,1.0,0.8904458756231861
rand_W3LYFDFJ89_render_front.jpg,1.0,0.5191480974271659
rand_Z7HBHOWRPI_render_front.jpg,1.3619586230196963,0.16527980409879506
rand_5ML8UTDJPN_render_front.jpg,1.0,0.6238207100965504
rand_22I0Y5JF41_render_front.jpg,1.0,0.2
rand_9BSWTO4AQE_render_front.jpg,1.0,0.26936327969028084
rand_HUGQIA2QTY_render_front.jpg,1.0,0.6515087303840432
rand_2CHIZUAX8O_render_front.jpg,1.0,0.2
rand_TLSLI0YE7P_render_front.jpg,1.0,0.2
rand_58BUC8A2J6_render_front.jpg,1.0,0.6655568665673417
rand_3LBFUDUO14_render_front.jpg,1.0,0.2697510989716226
rand_1SG75OZCBS_render_front.jpg,1.0,0.40385087194397806
rand_E9FMKL3TYX_render_front.jpg,1.0,0.6907912280398085
rand_B9YWI4GIWR_render_front.jpg,1.0,0.536532749615983
rand_6JYNJXWNIU_render_front.jpg,1.0,0.2
rand_2DN6RRJLGF_render_front.jpg,1.0,0.5470420764103782
rand_CHJCPD4KLC_render_front.jpg,1.2623258744150119,0.9860126683366213
rand_KGMS52RC9A_render_front.jpg,1.0,0.2387568520323677
rand_5YA189KGQ4_render_front.jpg,1.208160372036355,0.2
rand_SFQCZNRHGE_render_front.jpg,1.0,0.2
rand_2EC2BSFPMT_render_front.jpg,1.0,0.2
rand_7LBP1RKBIM_render_front.jpg,1.0,0.2
rand_A9ENE65UKC_render_front.jpg,1.5187135019056717,0.5845891420130105
rand_W7UXE1PDML_render_front.jpg,1.0,0.3614036777650005
rand_KXRH2Z0FTI_render_front.jpg,1.6037269535190315,0.2
rand_NVN4SC184R_render_front.jpg,1.7129116871733003,0.9286265889699109
rand_T76SHY0Z82_render_front.jpg,1.864459811702682,0.2776684733722966
rand_Y6IQOCVGHE_render_front.jpg,1.0,0.2830652269626707
rand_Z94ITT884N_render_front.jpg,1.4751691019097422,0.2
rand_MKQB6KH3EB_render_front.jpg,1.0,0.6026432366029884
rand_F92GMBOUZ6_render_front.jpg,1.6831181732502585,0.2
rand_SC8TZ660KT_render_front.jpg,1.0,0.15273234463844154
rand_IORZ26YGGQ_render_front.jpg,1.0,0.32495590436129196
rand_VS899YA1FJ_render_front.jpg,1.0,0.1970882734452738
rand_U2WOP5D4VK_render_front.jpg,1.1387464341792657,0.39458135819534224
rand_NZ8TJFNPYH_render_front.jpg,1.0,0.8173231419139187
rand_6TPMXT1D7X_render_front.jpg,1.0,0.2
rand_Y506ACWPJH_render_front.jpg,1.3143603314735421,0.2
rand_PC93Z6OWG2_render_front.jpg,1.0,0.5166828998653135
rand_54YOMNTM4Q_render_front.jpg,1.4541427497440185,0.2
rand_CZ8SQQ81SS_render_front.jpg,1.0,0.2
rand_SDVBM5HV6U_render_front.jpg,1.0,0.8012101400582766
rand_ZC8CB6PQ86_render_front.jpg,1.0,0.9607420089138574
rand_LFVVMVGBXY_render_front.jpg,1.0,0.2
rand_HUJQUH9AX4_render_front.jpg,1.8194397847706867,0.2
rand_PUOGD2AHWZ_render_front.jpg,1.41973090592246,0.9752566769531242
rand_15H9X65NQT_render_front.jpg,1.0,0.2
rand_B2WH5X1MET_render_front.jpg,1.0,0.11597751405849913
rand_AVIRMTR5OY_render_front.jpg,1.0,0.2
rand_M4F9OP9BQG_render_front.jpg,1.0,0.38398566974230064
rand_CEIHYJ2FDX_render_front.jpg,1.0,0.6677511817433106
rand_HL5AQVFX9W_render_front.jpg,1.0,0.2
rand_QTTYSLULF6_render_front.jpg,1.0,0.2
rand_Z4233FVEE4_render_front.jpg,1.8391993079748827,0.2
rand_KIE8XH6NG9_render_front.jpg,1.0,0.2
rand_647A07GX6X_render_front.jpg,1.0,0.2
rand_NR6HGWAKV1_render_front.jpg,1.9170563103309748,0.584836490728944
rand_0JO2I2WROC_render_front.jpg,1.0,0.17592245992411368
rand_5O355EDIE3_render_front.jpg,1.0,0.2
rand_69PKWLO4DY_render_front.jpg,1.0463570932654882,0.8113184077962388
rand_WKSF4QWERB_render_front.jpg,1.57179703884306,0.2
rand_FNESIF9Q5H_render_front.jpg,1.0,0.2
rand_YW0OC1B7R3_render_front.jpg,1.0,0.20543317699025113
rand_Y1MB8JEQHZ_render_front.jpg,1.0,0.4103247587246235
rand_C9P0C9TG7W_render_front.jpg,1.7571701563463433,0.2
rand_362BM0LXCV_render_front.jpg,1.0,0.6574289374140343
rand_QP4Q8F6NNW_render_front.jpg,1.0,0.3339336293405545
rand_OROM0JC6LO_render_front.jpg,1.0,0.922047303230063
rand_ZFGGU6PRTP_render_front.jpg,1.9210140032312673,0.2
rand_JZD0TO3PHI_render_front.jpg,1.0,0.9599339239528346
rand_80BETNKZ96_render_front.jpg,1.0,0.2
rand_H38TFKFX2K_render_front.jpg,1.0,0.9451875584016565
rand_LJSNCJKP22_render_front.jpg,1.0592633333561239,0.2
rand_9PC9WH5ONE_render_front.jpg,1.347406314705663,0.8086193719305048
rand_8UY2MGU0WB_render_front.jpg,1.0,0.11125672577395185
rand_T1Q2C7Y2G4_render_front.jpg,1.0,0.2
rand_NZJOFD6030_render_front.jpg,1.8304914310852833,0.8707955950824215
rand_0RVA0ARGLW_render_front.jpg,1.0,0.7326036134741788
rand_29WUGOU1FQ_render_front.jpg,1.0,0.2
rand_MJ13MRSLIX_render_front.jpg,1.1924324225051066,0.2
rand_PV8B08CRI7_render_front.jpg,1.0,0.8406184542452853
rand_9K6JCFWY1Q_render_front.jpg,1.0,0.2
rand_BWHJC2H9HS_render_front.jpg,1.0276703120246609,0.2
rand_A2ZXFFYG0V_render_front.jpg,1.0,0.36009699033593223
rand_N8TGGQYMRL_render_front.jpg,1.0,0.2
rand_CXEH7VONXQ_render_front.jpg,1.0,0.81457033100949
rand_574W13Y62D_render_front.jpg,1.0,0.8779334810712164
rand_W86GEX4YKZ_render_front.jpg,1.0,0.7012069478006823
rand_PNBJWGINBT_render_front.jpg,1.0,0.3619187229557804
rand_XRRFQCJRUO_render_front.jpg,1.1851829594009808,0.2
rand_XWA6ATT71X_render_front.jpg,1.251111287455942,0.2
rand_6CJUC7484W_render_front.jpg,1.0,0.2
rand_0QKLALTJRD_render_front.jpg,1.0,0.2
rand_2GFY4OSWZ9_render_front.jpg,1.736834523278182,0.5132655600868834
rand_2ZBHMV56EH_render_front.jpg,1.775004477877235,0.718547926311286
rand_7Q44HSJERB_render_front.jpg,1.0,0.2
rand_2M917LY5ZZ_render_front.jpg,1.8934254610026993,0.8274465866799361
rand_M2OAMCAU0M_render_front.jpg,1.0,0.2
rand_ZOWCGZ9ZPK_render_front.jpg,1.0,0.2
rand_Y1QP6H2HKQ_render_front.jpg,1.2440613160108969,0.3272777086121114
rand_IVR58FU3L5_render_front.jpg,1.0,0.6180690829474248
rand_D3WDAZKL27_render_front.jpg,1.0,0.2
rand_8PVHYXQAFL_render_front.jpg,1.0,0.4028886729594333
rand_XUK4AUN2VI_render_front.jpg,1.4046607152142343,0.6248899138124612
rand_JVKL4P51YW_render_front.jpg,1.0,0.19880181551359044
rand_P5WH076O8V_render_front.jpg,1.0,0.2
rand_IC5JONGP3Q_render_front.jpg,1.0,0.2
rand_AQBX6H4D97_render_front.jpg,1.0,0.6494850199288472
rand_PLE3OLNZ9F_render_front.jpg,1.0,0.6246419093924975
rand_F7GY0FEEZ8_render_front.jpg,1.0,0.4688066579430237
rand_FD021VRQRS_render_front.jpg,1.2164680138508859,0.4802188481161599
rand_MY0U3YBN1B_render_front.jpg,1.4576091198843553,0.5163893330998197
rand_JR9IYVZQ5T_render_front.jpg,1.2130801715095072,0.2
rand_GHVPV46MS2_render_front.jpg,1.0,0.4959571309135087
rand_QCXBQOB3Y8_render_front.jpg,1.0,0.8815998061864483
rand_D1UJX0TM2L_render_front.jpg,1.0,0.7573548611355646
rand_K18J4HQYO2_render_front.jpg,1.0,0.2
rand_28TCTHHN3J_render_front.jpg,1.7636785164066642,0.2
rand_AB27PZMGD8_render_front.jpg,1.0,0.48366239988530146
rand_PSRH6ZXDVD_render_front.jpg,1.5598027257793698,0.8370718241608739
rand_NN50E7GNVI_render_front.jpg,1.0,0.1973378885396782
rand_92FZ50ANPC_render_front.jpg,1.0,0.2
rand_R5BWTURZ87_render_front.jpg,1.0,0.5974469675176419
rand_KS51ATTHPY_render_front.jpg,1.0,0.2
rand_O1NHUZ4CUR_render_front.jpg,1.0,0.7968143475318455
rand_8IU4GSQSBF_render_front.jpg,1.0,0.2
rand_90GH84B1UQ_render_front.jpg,1.0,0.2
rand_OXERP0DAZF_render_front.jpg,1.0,0.36188752577175587
rand_I0MRBKY8SC_render_front.jpg,1.0,0.2
rand_RPS91J4F4Q_render_front.jpg,1.0,0.25994609576666106
rand_B7FILM4LF0_render_front.jpg,1.2572213611509446,0.2
rand_V0S25UMQDY_render_front.jpg,1.0,0.34678979952430666
rand_3ECQ93Z0UL_render_front.jpg,1.0,0.2
rand_X0AIAGNUU6_render_front.jpg,1.0,0.4475577618402201
rand_QFHJH7UA3V_render_front.jpg,1.0,0.2875981008929218
rand_AXZG41W93C_render_front.jpg,1.0,0.3977694241761959
rand_16T7YGOPQ1_render_front.jpg,1.4921634067896297,0.2
rand_MXHOREZ7G7_render_front.jpg,1.0,0.6534906719359471
rand_QBNNFPRD4R_render_front.jpg,1.0,0.2954476727996907
rand_BEGSZFPN9W_render_front.jpg,1.0,0.19227762341224863
rand_4GO8JROK89_render_front.jpg,1.8565698298560098,0.2
rand_LSU6QV6RK7_render_front.jpg,1.0,0.2
rand_XCGEJ3S5DD_render_front.jpg,1.0,0.2
rand_FNXUBE2JVV_render_front.jpg,1.0,0.3549239687456228
rand_ZY47XCL9CX_render_front.jpg,1.0,0.2
rand_C13CKSM42T_render_front.jpg,1.0,0.2
rand_PAKN13A6DY_render_front.jpg,1.0,0.23847769974498947
rand_G8B04S4ZPZ_render_front.jpg,1.0,0.4576134786510797
rand_DW6TWR6TTI_render_front.jpg,1.3478479688813318,0.2
rand_BLWA9S33FD_render_front.jpg,1.0,0.39508890876995895
rand_AMNKGDMK91_render_front.jpg,1.0,0.3924303168147236
rand_1FD5WAL3V5_render_front.jpg,1.4300132820348015,0.6637625723175611
rand_AE7KL02HPP_render_front.jpg,1.0,0.2
rand_VZXEI0PMKN_render_front.jpg,1.5696712481724886,0.3103276310268115
rand_DBOJL2KJM6_render_front.jpg,1.360936071701282,0.8357986001785203
rand_9E7F8XWFC4_render_front.jpg,1.0,0.2
rand_5WS3TVE41H_render_front.jpg,1.0,0.5682124009169366
rand_F5Q2BSXZWY_render_front.jpg,1.0,0.7505510445582035
rand_2044LD1B77_render_front.jpg,1.0,0.2
rand_GPOZK4QLH9_render_front.jpg,1.0,0.2
rand_40CI3UJ2GM_render_front.jpg,1.0,0.2684762306453499
rand_PRSZXM6H2G_render_front.jpg,1.9167658152261173,0.2
rand_J384JZDWMF_render_front.jpg,1.0,0.2
rand_0DAMUIVDHG_render_front.jpg,1.0,0.12220987097675573
rand_OOL0VP36OV_render_front.jpg,1.0,0.2
rand_IDD7K0HAWG_render_front.jpg,1.1042467390136887,0.3771557577056901
rand_13Y1LHR2VW_render_front.jpg,1.0365497669896087,0.2
rand_B1YMQ3MAUU_render_front.jpg,1.0,0.2
rand_XJI565WY3Y_render_front.jpg,1.0,0.8281285799886708
rand_KGBZ82DI0G_render_front.jpg,1.0,0.750007828409716
rand_9WVQ4EMMGG_render_front.jpg,1.0,0.13190113640791273
rand_9P1DQQMDW0_render_front.jpg,1.0,0.2
rand_XE68NMTQ0Z_render_front.jpg,1.034076668540799,0.2657368160504936
rand_XS4HVII16T_render_front.jpg,1.0,0.2
rand_AMABQSITYW_render_front.jpg,1.0,0.7139517378578666
rand_O00DVNZE1F_render_front.jpg,1.0,0.4439241830027426
rand_VXIRCPV55U_render_front.jpg,1.0,0.23648964985741966
rand_CFEX9535U4_render_front.jpg,1.0533679593005716,0.2
rand_F5B0K5DP14_render_front.jpg,1.0,0.2
rand_GQV1GNOMIL_render_front.jpg,1.0,0.3216393690639365
rand_WEOPUOQO5T_render_front.jpg,1.0,0.3681011543105921
rand_5BRLNHM62A_render_front.jpg,1.1586205079090148,0.2
rand_5BJA8OGKMN_render_front.jpg,1.0,0.2
rand_6M953BPOLT_render_front.jpg,1.0,0.21787192976776798
rand_7BQE4GBPHV_render_front.jpg,1.772617951882471,0.5979188610489977
rand_Z9WLNV2V8I_render_front.jpg,1.0,0.9671357123498738
rand_HGS7V3VOR3_render_front.jpg,1.1935191029367753,0.15908809044146144
rand_C3Y6KP8CX1_render_front.jpg,1.0,0.5971994173771342
rand_O08XIS9M1D_render_front.jpg,1.0,0.8984363895912603
rand_FBD0Z2KQUE_render_front.jpg,1.0,0.2
rand_VIHL1BT7PS_render_front.jpg,1.0,0.2
rand_1YWZTD3AXR_render_front.jpg,1.0,0.990562869594641
rand_O4FZGMGAQP_render_front.jpg,1.0,0.462233602479417
rand_FGD8X35U0E_render_front.jpg,1.0,0.2
rand_FO4BLT87FS_render_front.jpg,1.0,0.9525958935085618
rand_6MXE7SCOLP_render_front.jpg,1.0083712475983169,0.8661139596612885
rand_IAOOSNJF9Z_render_front.jpg,1.8232948258643564,0.2
rand_3ZZI2BYIXT_render_front.jpg,1.0,0.41258478561169265
rand_3UZXRPIGV3_render_front.jpg,1.4777112573898106,0.7228512596770581
rand_7FN9GKW8QO_render_front.jpg,1.0,0.601849029713261
rand_WTZ3MEKIY7_render_front.jpg,1.0,0.2
rand_YNR99YKHOW_render_front.jpg,1.3019338907735625,0.2
rand_QWFY8WQ25A_render_front.jpg,1.0,0.798524228822898
rand_9MUWO9L0J2_render_front.jpg,1.353101666627747,0.17819924525820424
rand_JYEZHFD29I_render_front.jpg,1.0,0.22422969407084742
rand_8KS7Q8PORE_render_front.jpg,1.0,0.36037204386679456
rand_KPCZ62TKAM_render_front.jpg,1.0,0.2
rand_OQYE7EOLCH_render_front.jpg,1.3409870458148725,0.6388957968885599
rand_T32GQ982X4_render_front.jpg,1.0770053014748882,0.2
rand_36A69R6WUN_render_front.jpg,1.0,0.32192811554220896
rand_S70N0AXSLK_render_front.jpg,1.0,0.2
rand_SJWXWXWTZV_render_front.jpg,1.0,0.2
rand_8V2VQWPVUH_render_front.jpg,1.0,0.9421854422761269
rand_G7UUQRA2LK_render_front.jpg,1.0,0.2
rand_1D6MQ41QNJ_render_front.jpg,1.0,0.2693758791140881
rand_F8Z4J8452H_render_front.jpg,1.0,0.2
rand_JZR7V4HQC5_render_front.jpg,1.0,0.8463552538329004
rand_2TUNZLVQDO_render_front.jpg,1.0,0.2
rand_RUWKC3EIZH_render_front.jpg,1.0,0.2
rand_BRXVZ8KWNC_render_front.jpg,1.0,0.2
rand_7K04YHZMP0_render_front.jpg,1.0,0.16944343581382415
rand_TQ2VGNZZVW_render_front.jpg,1.0,0.5819731129042532
rand_U1LHMHGERO_render_front.jpg,1.6082962396122729,0.9805811599216299
rand_DRGAJQHDPU_render_front.jpg,1.080196824479583,0.2
rand_IAVSTXF47Z_render_front.jpg,1.0,0.2
rand_RHS289ZF7U_render_front.jpg,1.2843654253127337,0.2255075521388756
rand_K3QY58G6ZK_render_front.jpg,1.1330981653378622,0.2
rand_F3EXYIC6A2_render_front.jpg,1.0,0.6432779354059913
rand_IW5WYMMP7Y_render_front.jpg,1.0,0.2
rand_TZEHM3YE4Q_render_front.jpg,1.0,0.7743703664041331
rand_OX1SG0G9D7_render_front.jpg,1.0,0.26255816486190264
rand_X9FJJYPUBY_render_front.jpg,1.2978914624640328,0.2
rand_IWODU6DV10_render_front.jpg,1.0,0.36811132057544993
rand_K85JHWIV6Z_render_front.jpg,1.0,0.2
rand_Y8XCO78HNG_render_front.jpg,1.0,0.2
rand_BFQ1YF4NN2_render_front.jpg,1.0,0.2
rand_CQ63OARFJX_render_front.jpg,1.0,0.2
rand_FZ7E2VC65F_render_front.jpg,1.0,0.5778465534531044
rand_T9YFPKEUWZ_render_front.jpg,1.0,0.9257525485040042
rand_956WWWO7PF_render_front.jpg,1.7844825653130514,0.37130414976699744
rand_ISB9WP8J25_render_front.jpg,1.0,0.5805080411784912
rand_KVNE7HNG34_render_front.jpg,1.0,0.2
rand_MK04HGKOJ4_render_front.jpg,1.0,0.2
rand_MZTHIORI0Q_render_front.jpg,1.0,0.2
rand_D96LKRZ5AX_render_front.jpg,1.0,0.7487899064863737
rand_ZBBSE9XD0D_render_front.jpg,1.0,0.2
rand_RZCSQB8P9W_render_front.jpg,1.0,0.2
rand_RXUC5TE2HG_render_front.jpg,1.953418187037573,0.45976000233554026
rand_YLIMB0ILBG_render_front.jpg,1.754625164780835,0.2
rand_TDSC62TYE3_render_front.jpg,1.0,0.2
rand_M6KITVXQC4_render_front.jpg,1.0,0.2
rand_0883WEOFDQ_render_front.jpg,1.3812730258281356,0.2
rand_MDK4CDBITZ_render_front.jpg,1.0,0.2
rand_D5MLZMZ86G_render_front.jpg,1.0,0.17079600888196833
rand_63Y57RO1JI_render_front.jpg,1.3999302436212506,0.2
rand_Z2OHQP1XDJ_render_front.jpg,1.0,0.2
rand_V9QKA9CF90_render_front.jpg,1.0,0.27135715217607825
rand_FP4M8GGH10_render_front.jpg,1.0,0.2
rand_86C7PHS5UR_render_front.jpg,1.3231442018219157,0.47265310001722927
rand_17NZR7CBD5_render_front.jpg,1.0,0.14674992949440066
rand_47QY3CUK2T_render_front.jpg,1.0,0.5952390538741756
rand_Q8DWYCXDWU_render_front.jpg,1.62069142512802,0.2
rand_NR3EZ41R03_render_front.jpg,1.0,0.2
rand_FGYACTY8LZ_render_front.jpg,1.0,0.5299867478015926
rand_D6LFB117NV_render_front.jpg,1.0,0.2
rand_GA4UHIK18H_render_front.jpg,1.0,0.2
rand_7X32Y0X53U_render_front.jpg,1.0,0.2
rand_9ISFZHFOCS_render_front.jpg,1.0,0.7672013121011867
rand_MZX519TX0C_render_front.jpg,1.0,0.2
rand_J13NZS2B2X_render_front.jpg,1.0,0.2506916783369616
rand_LIS7KQLHYS_render_front.jpg,1.5331461862826092,0.2
rand_1CD3YYRON6_render_front.jpg,1.9250797077320023,0.9468115090963639
rand_XKKVXIEYTX_render_front.jpg,1.0,0.6644437580088233
rand_BOYMR9O5MW_render_front.jpg,1.0,0.3814023831173866
rand_UJY1XPH5H1_render_front.jpg,1.0,0.8751570940973874
rand_NUL3XSSHA2_render_front.jpg,1.0,0.4872696945847452
rand_WFHOTMJGET_render_front.jpg,1.192556541135735,0.2
rand_G75JVA1WZO_render_front.jpg,1.0,0.2
rand_W27C6JUZ72_render_front.jpg,1.0231709619561151,0.18994791141681894
rand_3NO2HOEP2T_render_front.jpg,1.0,0.2
rand_GD1NH8M8LP_render_front.jpg,1.4109261692488886,0.2
rand_0UZW3TEBKT_render_front.jpg,1.0,0.2
rand_U8DM09PS80_render_front.jpg,1.0,0.605877543449477
rand_NU6KRCDZ32_render_front.jpg,1.0,0.2
rand_73NKBD3N21_render_front.jpg,1.0,0.2
rand_QXK85T326G_render_front.jpg,1.0,0.2
rand_5UTI4KFRVK_render_front.jpg,1.0,0.2
rand_IQLRCJPV3I_render_front.jpg,1.0,0.2
rand_VIRY4PWEHA_render_front.jpg,1.0,0.18297817974911496
rand_1RZCYWNNZU_render_front.jpg,1.0,0.454723815731088
rand_03EQU44RFB_render_front.jpg,1.2798711331390076,0.1707541674838267
rand_IECJGJPB4D_render_front.jpg,1.0,0.2
rand_D2RQRI1ZWS_render_front.jpg,1.0,0.7311060761512136
rand_PXMKJDO9I4_render_front.jpg,1.0,0.2
rand_I7ACFV4EXX_render_front.jpg,1.0,0.29539141541494873
rand_A8AF2KUIYG_render_front.jpg,1.0,0.4530231961157074
rand_XNKOCVJN2F_render_front.jpg,1.0,0.7355812596783344
rand_E8WOVX5ZFT_render_front.jpg,1.0,0.5719961421948614
rand_P62G0QJ6BA_render_front.jpg,1.3622417152013706,0.2
rand_CGK39J8ZVS_render_front.jpg,1.638890967274226,0.2
rand_LYDXE82XOI_render_front.jpg,1.2684998122686517,0.26926215355268285
rand_Y0RDIN39MW_render_front.jpg,1.0,0.2370651453288992
rand_XAWFU3IYMX_render_front.jpg,1.0,0.2
rand_HEBE83UV3S_render_front.jpg,1.0,0.9754719171779075
rand_F0TQCROK5C_render_front.jpg,1.0,0.2
rand_CVF0N4FTJJ_render_front.jpg,1.0,0.6015660628574592
rand_IRGZECGSAI_render_front.jpg,1.0,0.2
rand_E9BNPUX45C_render_front.jpg,1.2664171037468028,0.36039436756887977
rand_H9KQ3KO2VL_render_front.jpg,1.9127281076531175,0.2
rand_5S2OINF0WA_render_front.jpg,1.0,0.2
rand_6ZKH5D0WA4_render_front.jpg,1.3165101292392856,0.5992820920690684
rand_HQ2C4OOEAG_render_front.jpg,1.5456192850203103,0.4748356064217225
rand_BAL2KO4Q62_render_front.jpg,1.0,0.2
rand_SM4A9O28BV_render_front.jpg,1.0,0.2
rand_GLQQ94WR0I_render_front.jpg,1.0,0.8331082487170292
rand_69LB9LNXAJ_render_front.jpg,1.2918401521635843,0.5855188332982239
rand_X5FW7XH70N_render_front.jpg,1.0,0.13943800062470257
rand_IPWT17E36N_render_front.jpg,1.0,0.6315846693822179
rand_7J2NR8QIY8_render_front.jpg,1.0,0.8733475042135775
rand_9I94R1G06F_render_front.jpg,1.0,0.45957183286902514
rand_4IJPPX3FPH_render_front.jpg,1.0,0.40991816961374006
rand_03MJK9B32S_render_front.jpg,1.379257002039835,0.2
rand_1SE6KLSL01_render_front.jpg,1.0,0.35588034733653806
rand_O9TNL19U84_render_front.jpg,1.0,0.2
rand_AB2N5T08WJ_render_front.jpg,1.0026385920063905,0.2
rand_UZRF91OZOI_render_front.jpg,1.0,0.9364357445569139
rand_S4ZM2UPVDF_render_front.jpg,1.0,0.3014096230849793
rand_KLMRNCWKVN_render_front.jpg,1.8195576504958209,0.2
rand_8RLJHKO7IF_render_front.jpg,1.0,0.2
rand_YNFUBTN2LK_render_front.jpg,1.0,0.7680807100000788
rand_WEP6FSE6HZ_render_front.jpg,1.0,0.9277883439680275
rand_JZWEOCQM84_render_front.jpg,1.0,0.2
rand_R7IK0FIXUI_render_front.jpg,1.0,0.5983037050670368
rand_44DMVVUMZO_render_front.jpg,1.0,0.1523182719878316
rand_HKG4VNO2LI_render_front.jpg,1.0,0.7721493754851941
rand_QMBQ3N8TOB_render_front.jpg,1.0,0.2
rand_UJYYSPSCTW_render_front.jpg,1.0,0.6709880302847483
rand_ZQ2FLIYVQL_render_front.jpg,1.0,0.2
rand_SSSNMX6NRV_render_front.jpg,1.0,0.42430129143014506
rand_MY8CRW0V0A_render_front.jpg,1.0,0.2
rand_5M024N6GM5_render_front.jpg,1.0,0.2
rand_L4IF5SRSXX_render_front.jpg,1.561524560241348,0.3207128195893175
rand_TQ2DG6JNXK_render_front.jpg,1.0,0.2
rand_2PL6FNIXMP_render_front.jpg,1.0,0.2
rand_RS2547M3CU_render_front.jpg,1.880072984189363,0.2
rand_HZA6NDNT4A_render_front.jpg,1.0,0.2
rand_XHHJYSLVFE_render_front.jpg,1.225793408783427,0.2
rand_1TF1L7S7X0_render_front.jpg,1.5446428104162715,0.2
rand_EWI2J78ITN_render_front.jpg,1.0,0.6837214519295499
rand_PNH087ZI4Z_render_front.jpg,1.0,0.2
rand_B3LVICPNW3_render_front.jpg,1.0,0.2
rand_C3E0U17IP1_render_front.jpg,1.4373504808702364,0.3987596988114255
rand_P0ZP2T732H_render_front.jpg,1.0,0.7260496872715534
rand_W984CHSZPQ_render_front.jpg,1.0,0.2
rand_M3MIV5MHSV_render_front.jpg,1.0,0.2
rand_GAH6EPYIOH_render_front.jpg,1.0,0.2
rand_CAFATIJOUG_render_front.jpg,1.0,0.2
rand_3FH7S1RBYY_render_front.jpg,1.0,0.8672585746574831
rand_QBQES3XB65_render_front.jpg,1.0,0.2
rand_7GDKBHU7W4_render_front.jpg,1.0,0.2
rand_H95ZD85N1A_render_front.jpg,1.2602034895531795,0.7347072596121711
rand_ZO92JOA3BS_render_front.jpg,1.0,0.9925629900395542
rand_6YP9WLWKLZ_render_front.jpg,1.860068059441053,0.2
rand_MPSYCZMT3X_render_front.jpg,1.0,0.6106898325778086
rand_0M3GD3FN0V_render_front.jpg,1.0,0.2994253556753024
rand_M6TE0I5IY8_render_front.jpg,1.9881241304549802,0.2
rand_RGD49RFE3L_render_front.jpg,1.0,0.2
rand_IA7700C3TF_render_front.jpg,1.870499813211207,0.2
rand_NGO97QFT6J_render_front.jpg,1.0,0.7309178832185563
rand_V0NOGU139M_render_front.jpg,1.2098169553488916,0.2
rand_CY1J8VFWBF_render_front.jpg,1.0,0.2
rand_IZRAYRMTD6_render_front.jpg,1.0,0.4665845004331054
rand_DQKR9GBAMV_render_front.jpg,1.0,0.2
rand_YIW5QRSQWA_render_front.jpg,1.0,0.2
rand_9E6B3VHMPZ_render_front.jpg,1.0,0.792353987173003
rand_S6ZR56FFDV_render_front.jpg,1.0,0.43476174313790117
rand_9RIWXOBQ2J_render_front.jpg,1.0,0.5505284391464326
rand_9ADRUXEBRV_render_front.jpg,1.0,0.2
rand_X0F8A9482H_render_front.jpg,1.0,0.8098623061362442
rand_8BBNO33DIW_render_front.jpg,1.0,0.2127379168544934
rand_JELO8QKQ62_render_front.jpg,1.0,0.2
rand_239A8DOF5K_render_front.jpg,1.6325913803540235,0.2
rand_RQ9YA258JD_render_front.jpg,1.0,0.6693470836877599
rand_QYPXSG3HE4_render_front.jpg,1.0,0.2
rand_WTTK42WCV4_render_front.jpg,1.0,0.27810879759270923
rand_NBRB6RY2JI_render_front.jpg,1.0,0.2
rand_DY4P3LJ7ZW_render_front.jpg,1.0,0.799466898262851
rand_442JHWNKNM_render_front.jpg,1.0,0.2
rand_1BVQJ3VIOQ_render_front.jpg,1.0,0.550390501388154
rand_NBFGBPYVQV_render_front.jpg,1.0,0.16484353205279856
rand_V53FDTJ6MM_render_front.jpg,1.0,0.2
rand_I224ROMXLR_render_front.jpg,1.0,0.2
rand_4GENR2E0FI_render_front.jpg,1.0,0.5265320144749674
rand_0NQZUVZTQO_render_front.jpg,1.0,0.3673364893444895
rand_APZYALOXXL_render_front.jpg,1.0777093285676664,0.14794692553240898
rand_D5KX7TPSIU_render_front.jpg,1.0,0.5779953305831752
rand_3AT91EDX94_render_front.jpg,1.0,0.2
rand_V0RL6SFNB5_render_front.jpg,1.0,0.2
rand_WU7OS2LQOO_render_front.jpg,1.0,0.2
rand_QLQB0MDJ1G_render_front.jpg,1.0,0.5668526331964484
rand_V4LNHI3Q7E_render_front.jpg,1.0,0.7893550933938528
rand_O0W43RRIP7_render_front.jpg,1.0,0.8578602180135672
rand_GB9C1LF3U6_render_front.jpg,1.0,0.2
rand_K84JDX3STO_render_front.jpg,1.0,0.6402303515018563
rand_SZ55RX5ECF_render_front.jpg,1.5492221557852028,0.2
rand_82T39MU9T8_render_front.jpg,1.0,0.764181019428384
rand_UPZRJR9IAP_render_front.jpg,1.185760116870541,0.2
rand_ZTAHQ496MM_render_front.jpg,1.0,0.68965172524375
rand_0HMFEO5BJJ_render_front.jpg,1.0,0.44886338476625476
rand_KVZN7YY3GG_render_front.jpg,1.0,0.49944279400335323
rand_30AXIXV08B_render_front.jpg,1.0,0.34259153299011647
rand_EYEP92LTXQ_render_front.jpg,1.0,0.63314602031683
rand_TQJ04JGOL5_render_front.jpg,1.0,0.15955492790909093
rand_X7PU44Z1IA_render_front.jpg,1.648215432464828,0.6460025172043338
rand_SIFL17FIS1_render_front.jpg,1.0,0.2098709906885124
rand_WM5B9T931D_render_front.jpg,1.0,0.7000704740837611
rand_BGQ38LEILA_render_front.jpg,1.0,0.2
rand_MK1DO2KMDE_render_front.jpg,1.9475777280030968,0.2
rand_6FQXW3RQM4_render_front.jpg,1.3092225901765557,0.2
rand_WYW3304UEH_render_front.jpg,1.0,0.9168704048590985
rand_86NGXRB0FW_render_front.jpg,1.0,0.2
rand_9X3TS4TWLG_render_front.jpg,1.0,0.8511937481672524
rand_K0S3JWZ6P7_render_front.jpg,1.2704488054318235,0.2
rand_AHIIOID70L_render_front.jpg,1.9218524454932733,0.5707767762093452
rand_O8BTQLTKR8_render_front.jpg,1.3310563519309198,0.2
rand_BLJ02VHIDF_render_front.jpg,1.2310873636079784,0.2
rand_PNTREKPCMH_render_front.jpg,1.0,0.2
rand_3VVEOIHDZD_render_front.jpg,1.0,0.23028462973579142
rand_7KKHMXDW7Y_render_front.jpg,1.942428829239582,0.36595640806791374
rand_P8HWUAWEYI_render_front.jpg,1.0,0.2
rand_O80WI4SN0R_render_front.jpg,1.0,0.7068631623562707
rand_WZK68C58PO_render_front.jpg,1.0,0.2
rand_OFG173G9OT_render_front.jpg,1.0,0.3382411583376996
rand_XOXINB2IZ4_render_front.jpg,1.0,0.2
rand_08JNMI8ORP_render_front.jpg,1.0,0.9752270565027095
rand_ZGDR2UX3F2_render_front.jpg,1.0,0.9334939438449822
rand_MTHKTLCG0I_render_front.jpg,1.0,0.8560913029860432
rand_WSGWBZSCPL_render_front.jpg,1.0,0.2
rand_DABIR56ELC_render_front.jpg,1.0,0.28014825432603074
rand_2M8H83CQJP_render_front.jpg,1.0,0.2
rand_S44WU8QQYJ_render_front.jpg,1.0540587423324552,0.5500918737624523
rand_KZZK3LHY12_render_front.jpg,1.0,0.5374492861784155
rand_ENIIRJ13JO_render_front.jpg,1.0,0.8356372985818984
rand_RN9FOSEWI1_render_front.jpg,1.7326565099168456,0.8311748886870957
rand_CYT57O5HFV_render_front.jpg,1.0,0.2
rand_Q7OLN6GU42_render_front.jpg,1.0,0.2
rand_346MXDYLCF_render_front.jpg,1.2379389220680481,0.5435914295491834
rand_2QJIVLK6XG_render_front.jpg,1.0,0.9598876898527433
rand_IRIDVDNJMM_render_front.jpg,1.128228746927948,0.2
rand_YQV0N3PWI6_render_front.jpg,1.0,0.12648925987940368
rand_L2L8M4UJAJ_render_front.jpg,1.0,0.4758767074634469
rand_FKYMC7JY0P_render_front.jpg,1.0,0.2
rand_YKFATOHB67_render_front.jpg,1.0,0.35833466420908455
rand_B17N1USC56_render_front.jpg,1.2023350896510427,0.3975534329632142
rand_W9MIKQJU2P_render_front.jpg,1.716652248412479,0.2
rand_OWKI3EQAV6_render_front.jpg,1.710347959208316,0.6322402942009185
rand_QF4BW3XQSC_render_front.jpg,1.3075672430300371,0.2
rand_FYYE8S51W3_render_front.jpg,1.0,0.2
rand_OU2LIGS6QP_render_front.jpg,1.0,0.2
rand_ISC4I0W5VP_render_front.jpg,1.0,0.3995218032929817
rand_MLZ7KYIY91_render_front.jpg,1.0,0.2
rand_5T0WWIX7Z1_render_front.jpg,1.9658678024587846,0.2
rand_7ST06O54OC_render_front.jpg,1.0,0.7701009224599041
rand_MPKFRBSPUM_render_front.jpg,1.0,0.49334510866127257
rand_SDOFA95L7J_render_front.jpg,1.5193798107893497,0.1795994784880502
rand_X4P1S4N7KY_render_front.jpg,1.0,0.820066490712705
rand_38F6I965FR_render_front.jpg,1.0,0.2
rand_076MTWGQ6I_render_front.jpg,1.0,0.2
rand_1F8TOK675T_render_front.jpg,1.0,0.2
rand_L3J74SCBA3_render_front.jpg,1.0,0.2
rand_WJFIAUZKU2_render_front.jpg,1.0,0.5543245230477293
rand_H6A804C8FZ_render_front.jpg,1.0,0.29400961865977626
rand_W8986LTDGU_render_front.jpg,1.799379244712184,0.2
rand_8J2FANKZH5_render_front.jpg,1.0,0.2
rand_YB4L4PBW0V_render_front.jpg,1.6827764769984617,0.2555859853253272
rand_QIN6T48D32_render_front.jpg,1.9606075724057748,0.2
rand_SA4DXVUH57_render_front.jpg,1.1614822886905594,0.7289855094076314
rand_NSHZ8AGWHC_render_front.jpg,1.2723013338882843,0.5494848300739315
rand_0BY70RI0OZ_render_front.jpg,1.0,0.2
rand_3W3DXKRE0V_render_front.jpg,1.0,0.6122085219474117
rand_QKAFXXW7RL_render_front.jpg,1.0209167408069244,0.22509282145289827
rand_CFVN8A92IO_render_front.jpg,1.0,0.34414600566532455
rand_V6OQ0JZAMU_render_front.jpg,1.0,0.2
rand_U5T2SCPQ52_render_front.jpg,1.0,0.6527789336607294
rand_7DIJPRMP68_render_front.jpg,1.0,0.2
rand_FHDHB14O7C_render_front.jpg,1.0,0.2
rand_WH7CXRXA35_render_front.jpg,1.0,0.36667752175696655
rand_XHTU9R9GSY_render_front.jpg,1.0,0.2671452088107259
rand_PHC6QWDX16_render_front.jpg,1.0,0.2
rand_MQVQR32H34_render_front.jpg,1.0,0.2
rand_JHXSXVPRZK_render_front.jpg,1.0,0.2
rand_6H98ULCTJM_render_front.jpg,1.0,0.2577406805518128
rand_ZLS7ZXA332_render_front.jpg,1.0,0.9572194232741308
rand_Y9VX7R36MB_render_front.jpg,1.0,0.6762485302993436
rand_1G2CVO5IAS_render_front.jpg,1.494454819438904,0.2
rand_L384OLTM9H_render_front.jpg,1.0,0.5819212186931562
rand_D5POSEMP1V_render_front.jpg,1.0,0.4067176821146268
rand_Y9FN40QYY3_render_front.jpg,1.1597206042066113,0.8525517693087212
rand_QDVUODYO0T_render_front.jpg,1.0,0.7576349600196806
rand_OUXANM0RGX_render_front.jpg,1.0229486878783005,0.2
rand_40B81PVUQ2_render_front.jpg,1.0,0.2
rand_F0Z5QUBEQ3_render_front.jpg,1.0,0.2
rand_FOCCPNL54B_render_front.jpg,1.0,0.2
rand_JDJHHL14PJ_render_front.jpg,1.0,0.17057004640513523
rand_MA0N52C3G9_render_front.jpg,1.0,0.2
rand_TSRX0JYPFD_render_front.jpg,1.0,0.6134149688983714
rand_9NTG375JGI_render_front.jpg,1.0,0.2
rand_UV4GCAVM5H_render_front.jpg,1.6317580488029042,0.2
rand_JNYTHELH0S_render_front.jpg,1.0,0.4176923307935607
rand_7USD8IOR7Z_render_front.jpg,1.0,0.2406236749071229
rand_JDFXAMW981_render_front.jpg,1.1803178473566898,0.5470496896952409
rand_T4OO18VVVL_render_front.jpg,1.0,0.2
rand_RX1JUSGVSM_render_front.jpg,1.0,0.29613373441370183
rand_XICCG92VO6_render_front.jpg,1.9768507056967657,0.2
rand_LWMXFTIQCS_render_front.jpg,1.0,0.42908246275175943
rand_6WO1N1ORUD_render_front.jpg,1.0,0.40381994622981365
rand_MG2MRYIMND_render_front.jpg,1.116790684741581,0.2
rand_P6R6ZXVUT9_render_front.jpg,1.0,0.11332714959317153
rand_8YZSFAW4NT_render_front.jpg,1.0,0.2
rand_TD1NMQCD1K_render_front.jpg,1.0,0.2
rand_X98DT5ESV6_render_front.jpg,1.0,0.6896707044850293
rand_V2BW1ZH2WF_render_front.jpg,1.0,0.17788198122040094
rand_H90UH1BYG3_render_front.jpg,1.456564914186405,0.2
rand_KWDNV3WE12_render_front.jpg,1.4340602322060323,0.2
rand_CEYG2YGGVN_render_front.jpg,1.0,0.7703365807187851
rand_8ZR004JUK5_render_front.jpg,1.0,0.2
rand_HR5V8KTLEO_render_front.jpg,1.0,0.22416324429054818
rand_LPK6NBKADO_render_front.jpg,1.0,0.49180069147391015
rand_YP8Q05IIZ3_render_front.jpg,1.0,0.8050944320764255
rand_TIQGHX20MH_render_front.jpg,1.0,0.5178810513235813
rand_9B8JW469P8_render_front.jpg,1.0,0.4137002564718074
rand_4G15ALQC58_render_front.jpg,1.0,0.9702276825712456
rand_34POU279LH_render_front.jpg,1.0,0.2
rand_6FA0WDJOAB_render_front.jpg,1.0,0.7005312332132714
rand_PZA9Z8EMJB_render_front.jpg,1.0,0.2
rand_SH5KRXRBFA_render_front.jpg,1.4371813892443988,0.4891948109990747
rand_SWBG6SUL8M_render_front.jpg,1.0,0.4543904284003597
rand_HRI7V08XSU_render_front.jpg,1.0,0.1658459008557612
rand_KOXR1XW5SK_render_front.jpg,1.0,0.2
rand_MD62G8AZZE_render_front.jpg,1.0017980197592364,0.37988339689079575
rand_DGFBVE53HA_render_front.jpg,1.3547043634971399,0.2
rand_SEBW7WZV0F_render_front.jpg,1.0,0.2
rand_BS8K1NS7EF_render_front.jpg,1.0,0.2
rand_C6VAAA4V3X_render_front.jpg,1.0,0.9804260922699709
rand_F3HSBC5MGM_render_front.jpg,1.0412015329019497,0.48798637576457515
rand_G047SWM8NZ_render_front.jpg,1.0,0.3020456767239901
rand_I6QB1N5WLI_render_front.jpg,1.0,0.7869628701135439
rand_42YY8R4WMG_render_front.jpg,1.0,0.2
rand_403GMNPYUR_render_front.jpg,1.0,0.1615988787985566
rand_5ON6A0F107_render_front.jpg,1.1455173103762215,0.2
rand_8XNSZGK39J_render_front.jpg,1.2426689016863115,0.2
rand_KQO4JFHTRJ_render_front.jpg,1.0,0.2
rand_97NFQ1F5IU_render_front.jpg,1.0,0.2
rand_VYU8GXTXFA_render_front.jpg,1.0,0.2
rand_Y8QMU565S8_render_front.jpg,1.0,0.6769410664977272
rand_NG5N3VHELO_render_front.jpg,1.0,0.2
rand_ZRZEVH82QN_render_front.jpg,1.0,0.5079741925132857
rand_57MRBEVC1Z_render_front.jpg,1.0,0.646766103273051
rand_SCUDF6YY0X_render_front.jpg,1.3850170377398312,0.2
rand_ZLZNLUAO52_render_front.jpg,1.0,0.2
rand_BS8VEX2YHH_render_front.jpg,1.0,0.2
rand_H56MJC2IHC_render_front.jpg,1.0,0.6921345748866259
rand_P1QEY62VGQ_render_front.jpg,1.0,0.2
rand_WMOOA219GD_render_front.jpg,1.0,0.2
rand_7N2S0Z0JUE_render_front.jpg,1.0,0.9042574678978808
rand_BQRE60QUCE_render_front.jpg,1.0,0.2
rand_KEJUMAMSBX_render_front.jpg,1.0,0.2
rand_JTXLAIOW77_render_front.jpg,1.0,0.2
rand_YYFRSF75M9_render_front.jpg,1.0,0.982638384118242
rand_32P2DPOITL_render_front.jpg,1.0,0.2
rand_TZ6OTTSQ3K_render_front.jpg,1.0,0.2
rand_9SUPHU1E72_render_front.jpg,1.0,0.4513940692148969
rand_S14WEMSOBY_render_front.jpg,1.0,0.2
rand_XB4YN2VXXJ_render_front.jpg,1.0,0.987353869397412
rand_SHBJ14C5GE_render_front.jpg,1.0,0.8766104348879408
rand_PMC1DC5RA8_render_front.jpg,1.0,0.2
rand_L3K62Y2UI6_render_front.jpg,1.0,0.7503271564468377
rand_70BRJQFIKG_render_front.jpg,1.0,0.11240139932107632
rand_HRZFZVLQCB_render_front.jpg,1.0,0.5718874401019733
rand_9MUCYAK9M3_render_front.jpg,1.0,0.4144207175041521
rand_YFRFYL5K1X_render_front.jpg,1.0,0.2
rand_YKRE4BWRM8_render_front.jpg,1.0,0.33358497839982876
rand_R8XO21UNWF_render_front.jpg,1.0,0.9396360592587024
rand_MAPV9B0VJN_render_front.jpg,1.0,0.2
rand_PGLNA51RYZ_render_front.jpg,1.0,0.2
rand_7YM80UV5M0_render_front.jpg,1.1936185454052963,0.2
rand_FLVEU944RU_render_front.jpg,1.0,0.2
rand_WSNWVPBS7J_render_front.jpg,1.0,0.45084991556638776
rand_6XU2S26IE2_render_front.jpg,1.9597022085141191,0.2
rand_GB1YAZJLQN_render_front.jpg,1.0,0.2
rand_RO1GWA1O8B_render_front.jpg,1.0,0.2
rand_DNFLHRWNXL_render_front.jpg,1.079172248182767,0.13816542703706614
rand_90N7WHKXJH_render_front.jpg,1.0,0.7667059533870754
rand_NO2S870PUY_render_front.jpg,1.9637053907934887,0.2
rand_JTJCCZYOWE_render_front.jpg,1.0,0.2
rand_5UVLXM048D_render_front.jpg,1.3448587672087347,0.2
rand_UJX9N1P11B_render_front.jpg,1.0,0.2
rand_VWTE4MZ3I8_render_front.jpg,1.0,0.30727704277809265
rand_XIQT5TJKBY_render_front.jpg,1.6592699146860133,0.5510088489217444
rand_D3ZXPYA6WA_render_front.jpg,1.0,0.2
rand_MRW9Z4EVDB_render_front.jpg,1.0,0.2
rand_YJNUCJ0FSI_render_front.jpg,1.0,0.2
rand_5O4ZTTOFJB_render_front.jpg,1.0,0.9339143097982477
rand_KGS21CX59N_render_front.jpg,1.0,0.2
rand_NE9ZK8JFLD_render_front.jpg,1.149123801123895,0.5815715944179665
rand_DGN7OHQEOB_render_front.jpg,1.0,0.6677965278286612
rand_F8D35WHOAT_render_front.jpg,1.0,0.2
rand_RA9A5S1WGU_render_front.jpg,1.0,0.2
rand_X9M4I49YR2_render_front.jpg,1.0,0.2
rand_PTQBCZZURX_render_front.jpg,1.0,0.737573583142756
rand_AB7C5J1PI6_render_front.jpg,1.0,0.2
rand_H2T31DERVL_render_front.jpg,1.0,0.2
rand_KX293XU7R5_render_front.jpg,1.5967523066356402,0.42575477372843207
rand_6TBMWQ6LZP_render_front.jpg,1.0,0.2
rand_6IUSSAXKTS_render_front.jpg,1.0,0.7861397969613741
rand_1BCTZ5M2R7_render_front.jpg,1.9984847141865707,0.3290171199822472
rand_6VC5BGX4V6_render_front.jpg,1.0,0.2
rand_GI06XT4O0T_render_front.jpg,1.7486788325171188,0.2
rand_CYMV7QX2LY_render_front.jpg,1.0,0.2
rand_NP4VOHI18C_render_front.jpg,1.0,0.2
rand_TS9D4MMWNE_render_front.jpg,1.1557145610283683,0.19836707512967122
rand_P0V5H2I54R_render_front.jpg,1.752170725716485,0.8766095724968709
rand_ZQZ05Q9GN3_render_front.jpg,1.2417186228260526,0.8153361579960711
rand_GRYE3244SW_render_front.jpg,1.0,0.2
rand_K5CHHPWUSA_render_front.jpg,1.9711619072086033,0.27770228162200733
rand_VVW93TZJDY_render_front.jpg,1.0,0.3181980509043948
rand_JDQ1WH4VAF_render_front.jpg,1.0,0.4240968235576872
rand_G8AF7LEVND_render_front.jpg,1.0,0.2
rand_CY67E40N5L_render_front.jpg,1.0,0.8877962826053238
rand_L5WTA8WF04_render_front.jpg,1.6999760289630819,0.20272750488421448
rand_R7AFXOAB0E_render_front.jpg,1.0,0.2
rand_3XZRYX5914_render_front.jpg,1.0,0.10642620377405716
rand_LZOX82JWAY_render_front.jpg,1.0,0.39444105798492457
rand_OGC92Z9YQO_render_front.jpg,1.511105264886956,0.8325300833386851
rand_ES6U0O43A0_render_front.jpg,1.0,0.2
rand_2SKQXSTILZ_render_front.jpg,1.0,0.9993711041690605
rand_V1RG2J808B_render_front.jpg,1.0,0.3233094842669076
rand_QSCYDAGU3Z_render_front.jpg,1.0,0.29635231924347244
rand_SW0K32A7KJ_render_front.jpg,1.0,0.2
rand_XKWOLUKU3C_render_front.jpg,1.0,0.2
rand_XPNYP27SO3_render_front.jpg,1.5813839224519965,0.2
rand_W7OC13S2S5_render_front.jpg,1.762052344404174,0.9697429996383932
rand_HKLR4HWH7W_render_front.jpg,1.0,0.2
rand_8DIKLGVY4S_render_front.jpg,1.0,0.2
rand_VSVNPDZU48_render_front.jpg,1.5521963237381207,0.2
rand_UVJCGRUIBA_render_front.jpg,1.0,0.6855646358423338
rand_SOY8YOFULC_render_front.jpg,1.0,0.2
rand_TC331523MU_render_front.jpg,1.612441452775482,0.2
rand_E1XNWQCI7T_render_front.jpg,1.7195884880305377,0.2
rand_W14HFRWMHH_render_front.jpg,1.0,0.5339057215328601
rand_AHRT3669JS_render_front.jpg,1.0,0.42325081714125856
rand_BHGLSSZR9M_render_front.jpg,1.0,0.7955416722626244
rand_G2C851T10C_render_front.jpg,1.0,0.2
rand_4GAT9MN762_render_front.jpg,1.0,0.2517208941614737
rand_VLS22GFL4E_render_front.jpg,1.0,0.21255743111118813
rand_PCLIIBCZBY_render_front.jpg,1.9212786386591942,0.2
rand_BNSA3NN40K_render_front.jpg,1.0,0.5501293109805513
rand_T5VM4IBI2M_render_front.jpg,1.0,0.6348677070474134
rand_09V9CIFX5E_render_front.jpg,1.0,0.19049974733827613
rand_YTMNEP0CDC_render_front.jpg,1.0,0.2
rand_WU5VEOUUZS_render_front.jpg,1.0,0.5820002197853538
rand_1D1BTZPQ0O_render_front.jpg,1.0,0.5826858610670548
rand_W29TA9V048_render_front.jpg,1.0,0.2
rand_DCM98RAKPS_render_front.jpg,1.0,0.3926830593024172
rand_R7HGXY489X_render_front.jpg,1.0,0.4395094433216269
rand_PG2MRJCOKV_render_front.jpg,1.0,0.2
rand_XDKRLUC95Z_render_front.jpg,1.0,0.3311721465727889
rand_CQKDCTALPG_render_front.jpg,1.0,0.2
rand_0SUKOBPQ3O_render_front.jpg,1.0,0.2
rand_0AD0D5Y7W3_render_front.jpg,1.9196030823216488,0.2
rand_RWZDY6BXLA_render_front.jpg,1.0,0.32943274388616045
rand_JSXI1TUD7U_render_front.jpg,1.307722874827662,0.1945793022887739
rand_FMFKNT6N2U_render_front.jpg,1.0926571313555962,0.2
rand_YK80QE7TOG_render_front.jpg,1.1244711191672878,0.2
rand_R6OX3KNOAY_render_front.jpg,1.3907872739000129,0.2
rand_RV8VXLZSPZ_render_front.jpg,1.0,0.8112888653173391
rand_U48NKAOBBV_render_front.jpg,1.0,0.2
rand_BP0FMHPISQ_render_front.jpg,1.0,0.2
rand_DEKSDDAGRH_render_front.jpg,1.0,0.2
rand_84WNCPBQKW_render_front.jpg,1.0,0.2
rand_3CWAI3O3ZZ_render_front.jpg,1.0,0.20730920525375934
rand_D5E7IN6VAN_render_front.jpg,1.0,0.2
rand_SZIVWZ6GYM_render_front.jpg,1.4555515473093676,0.5967974682545196
rand_4FXF7QRLDX_render_front.jpg,1.0,0.2
rand_2POUQV2KIZ_render_front.jpg,1.0,0.6728009454202601
rand_9CRUC9U7IO_render_front.jpg,1.0,0.8243670824707781
rand_Z5Z38LJ1IX_render_front.jpg,1.0,0.6935996124348134
rand_9V4K738672_render_front.jpg,1.0,0.7922538906565099
rand_0T0TI3VUMT_render_front.jpg,1.8393952149084343,0.9841546946410688
rand_XFQMOS6ROF_render_front.jpg,1.0,0.2
rand_T8VYI3NU3Y_render_front.jpg,1.0,0.2
rand_Y18AMKDYPF_render_front.jpg,1.0,0.2
rand_NPD80IMWVH_render_front.jpg,1.0,0.17291183544749944
rand_TP509NDQAM_render_front.jpg,1.0,0.6277851093971014
rand_DS1ALPYCIO_render_front.jpg,1.0,0.10553359714936844
rand_9AMGIX80X1_render_front.jpg,1.0,0.21375470998172064
rand_3RC2JS7A1W_render_front.jpg,1.0,0.7735266725122726
rand_7IONKCU1M6_render_front.jpg,1.0,0.2
rand_FP6IAUGHX3_render_front.jpg,1.0,0.5926636503734356
rand_D5HG48C9NN_render_front.jpg,1.8062730082684775,0.606472496316666
rand_D5E8OMQ9XA_render_front.jpg,1.0,0.34802873061050776
rand_PKWIYHCKB9_render_front.jpg,1.0,0.2
rand_C4VQ6JIUFS_render_front.jpg,1.0,0.2
rand_JTHPXEYOLV_render_front.jpg,1.8116501009110424,0.2
rand_1A98PWZDY3_render_front.jpg,1.49985696429752,0.2
rand_KXGSZND2UT_render_front.jpg,1.223765213160303,0.2
rand_R19OHQZ77W_render_front.jpg,1.0,0.2
rand_YZHXDY9WNI_render_front.jpg,1.0,0.8397191118319454
rand_07IG4IYLOM_render_front.jpg,1.0,0.2
rand_B6RXXIW8B0_render_front.jpg,1.917592351074491,0.2
rand_YDY45XSZI0_render_front.jpg,1.3574049748336172,0.2
rand_V2LWP9TBHJ_render_front.jpg,1.0,0.2
rand_L8SOBBGF5G_render_front.jpg,1.0,0.2
rand_HD15BLII8V_render_front.jpg,1.0,0.2
rand_BN6HC232FI_render_front.jpg,1.5898836480637917,0.2
rand_TCFZHDRKNH_render_front.jpg,1.0,0.2
rand_X72W4J21MP_render_front.jpg,1.0,0.14064565132261803
rand_IXASXE3XCX_render_front.jpg,1.0,0.776629031753893
rand_TRCKGCRVZU_render_front.jpg,1.0,0.7128602023385922
rand_EXZ643SOW9_render_front.jpg,1.0,0.2
rand_N36IX1D20W_render_front.jpg,1.0,0.4645750456750266
rand_1MDU61713G_render_front.jpg,1.0,0.2
rand_RS95QBNS71_render_front.jpg,1.0,0.2
rand_0IXZ477TVG_render_front.jpg,1.6401593252588782,0.7819897834362625
rand_P4BUHMBPRO_render_front.jpg,1.0,0.2
rand_IKFSDGH087_render_front.jpg,1.0,0.2
rand_V656PMGDGS_render_front.jpg,1.8616304581815595,0.6958826925120023
rand_K5GX4H0CEH_render_front.jpg,1.0,0.3406013287283755
rand_JNQM3QSI7R_render_front.jpg,1.0,0.2044606123799898
rand_AA4A593E9S_render_front.jpg,1.0,0.2
rand_B6ZO8UTRXX_render_front.jpg,1.0,0.3569284798957385
rand_NE99HYVJCS_render_front.jpg,1.0,0.34542258806866943
rand_8GBIRYQYRW_render_front.jpg,1.0,0.2
rand_6FC6LBJ811_render_front.jpg,1.0,0.2
rand_78R7RUWMTZ_render_front.jpg,1.0,0.8871853429838571
rand_2UJ6LTLN6V_render_front.jpg,1.0,0.2
rand_TR0T9TKMJQ_render_front.jpg,1.0,0.9808878434464606
rand_RZN2PW02QP_render_front.jpg,1.0,0.4299063020933811
rand_56DHQSF4PV_render_front.jpg,1.0,0.2
rand_CBTWHWV05E_render_front.jpg,1.0,0.36497249416295685
rand_9HL4U0YTDB_render_front.jpg,1.404975772579446,0.8933044919155125
rand_258W5BARKH_render_front.jpg,1.0,0.20015378372641313
rand_E4D7ICFG98_render_front.jpg,1.0,0.8051334603013292
rand_1H4FZDX1GV_render_front.jpg,1.0,0.2
rand_9V48TEAK13_render_front.jpg,1.0,0.2
rand_TLI1DSTSJC_render_front.jpg,1.4325507030900066,0.1103439604982001
rand_VKUKU4SPXN_render_front.jpg,1.0,0.8270845215119416
rand_RWQ6WB8H7Z_render_front.jpg,1.9792867271874695,0.2
rand_8S5CAR4YF9_render_front.jpg,1.0,0.2
rand_61Z1HG8CZ9_render_front.jpg,1.810348893313054,0.2
rand_5GMBZLTYUC_render_front.jpg,1.0,0.2
rand_6EOES887F3_render_front.jpg,1.0,0.15839091804355881
rand_7LV57C87GP_render_front.jpg,1.0,0.2
rand_WV18BVDXKN_render_front.jpg,1.0,0.2
rand_8NB4XMZM0E_render_front.jpg,1.0,0.2
rand_8SQBBOGB69_render_front.jpg,1.0,0.2
rand_QP64VZ1AT2_render_front.jpg,1.0810985724561686,0.2839270615676448
rand_7YYNTF2WZ6_render_front.jpg,1.0,0.6768400484204523
rand_ZJ2JPD63QU_render_front.jpg,1.0,0.2
rand_03OAHYAZVA_render_front.jpg,1.1698128697702104,0.2
rand_GZT6N6IJRL_render_front.jpg,1.0,0.6762209792380166
rand_7W3LZED1C2_render_front.jpg,1.0,0.2
rand_ED395J71AM_render_front.jpg,1.0,0.2
rand_PEBH8PY9IJ_render_front.jpg,1.0,0.2
rand_JFQJZ89G5Y_render_front.jpg,1.4864331126928318,0.2
rand_JOEF81LLZ7_render_front.jpg,1.0656539366512294,0.8073606329336518
rand_WMFYTGS1RI_render_front.jpg,1.8386237229699325,0.5006354982558294
rand_SX97RPS8AD_render_front.jpg,1.0,0.2
rand_2ZBZWEJL7B_render_front.jpg,1.0,0.2
rand_0PKJZ47Y56_render_front.jpg,1.0,0.2
rand_K1BYW1NCGL_render_front.jpg,1.4009843455434474,0.9009951834321485
rand_7VB4OATYK8_render_front.jpg,1.0,0.2
rand_IOASGXNQ5L_render_front.jpg,1.0,0.2
